<?xml version="1.0" encoding="UTF-8"?><aux:CadastrosAuxiliaresSagresFolha xmlns:aux="http://www.tce.pi.gov.br/sagres2019/xml/cadastrosAuxiliaresSagresFolha" xmlns:gen="http://www.tce.pi.gov.br/sagres2019/xml/genericos" xmlns:tab="http://www.tce.pi.gov.br/sagres2019/xml/tabelasInternas">
    <aux:PrestacaoContas>
        <aux:codigoUnidGestora>201017</aux:codigoUnidGestora>
        <aux:nomeUnidGestora>PREFEITURA MUNICIPAL DE AVELINO LOPES</aux:nomeUnidGestora>
        <aux:cpfContador>72674350334</aux:cpfContador>
        <aux:cpfGestor>64378985853</aux:cpfGestor>
        <aux:anoReferencia>2019</aux:anoReferencia>
        <aux:mesReferencia>10</aux:mesReferencia>
        <aux:versaoXml>19</aux:versaoXml>
        <aux:diaInicPresContas>1</aux:diaInicPresContas>
        <aux:diaFinaPresContas>31</aux:diaFinaPresContas>
    </aux:PrestacaoContas>
   <aux:Servidor>
        <aux:matricula>000000000001512</aux:matricula>
        <aux:cpfServidor>04464666892</aux:cpfServidor>
        <aux:rgServidor>16795897</aux:rgServidor>
        <aux:orgaoExpedidor>SSP</aux:orgaoExpedidor>
                <aux:dataExpeCartDeIdentidade>1982-02-15</aux:dataExpeCartDeIdentidade>
        <aux:nomeServidor>ODENIR ALVES DA GAMA</aux:nomeServidor>
        <aux:dataNascimento>1960-12-29</aux:dataNascimento>
        <aux:sexo>1</aux:sexo>
        <aux:tituloEleitor>000000000000000</aux:tituloEleitor>
        <aux:tipoEstaCivil>2</aux:tipoEstaCivil>
        <aux:pisPAsep>000017060078116</aux:pisPAsep>
        <aux:numeroOrgaoClasse>00000000</aux:numeroOrgaoClasse>
        <aux:cpfPai>99999999999</aux:cpfPai>
        <aux:nomePai>OSCARINO JOSE DA GAMA                             </aux:nomePai>
        <aux:cpfMae>99999999999</aux:cpfMae>
        <aux:nomeMae>GENOLINA MARIA ALVES                              </aux:nomeMae>
        <aux:tipoCadastro>1</aux:tipoCadastro>
   </aux:Servidor>
   <aux:Servidor>
        <aux:matricula>000000000001513</aux:matricula>
        <aux:cpfServidor>55466680320</aux:cpfServidor>
        <aux:rgServidor>1392455</aux:rgServidor>
        <aux:orgaoExpedidor>SSP</aux:orgaoExpedidor>
                <aux:dataExpeCartDeIdentidade>1993-01-15</aux:dataExpeCartDeIdentidade>
        <aux:nomeServidor>MARISTELA ALCANTARA DA SILVA</aux:nomeServidor>
        <aux:dataNascimento>1978-09-25</aux:dataNascimento>
        <aux:sexo>2</aux:sexo>
        <aux:tituloEleitor>000000000000000</aux:tituloEleitor>
        <aux:tipoEstaCivil>1</aux:tipoEstaCivil>
        <aux:pisPAsep>000016480487894</aux:pisPAsep>
        <aux:numeroOrgaoClasse>00000000</aux:numeroOrgaoClasse>
        <aux:cpfPai>99999999999</aux:cpfPai>
        <aux:nomePai>JOSIVALTER ALCANTARA DA GAMA                      </aux:nomePai>
        <aux:cpfMae>99999999999</aux:cpfMae>
        <aux:nomeMae>MARIA MOREIRA DA GAMA                             </aux:nomeMae>
        <aux:tipoCadastro>1</aux:tipoCadastro>
   </aux:Servidor>
</aux:CadastrosAuxiliaresSagresFolha>