<?xml version="1.0" encoding="UTF-8"?><his:historicos xmlns:his="http://www.tce.pi.gov.br/sagres2019/xml/historicos" xmlns:gen="http://www.tce.pi.gov.br/sagres2019/xml/genericos" xmlns:tab="http://www.tce.pi.gov.br/sagres2019/xml/tabelasInternas" xmlns:aux="http://www.tce.pi.gov.br/sagres2019/xml/cadastrosAuxiliaresSagresFolha">
  <his:PrestacaoContas>
    <aux:codigoUnidGestora>201017</aux:codigoUnidGestora>
    <aux:nomeUnidGestora>PREFEITURA MUNICIPAL DE AVELINO LOPES</aux:nomeUnidGestora>
    <aux:cpfContador>72674350334</aux:cpfContador>
    <aux:cpfGestor>64378985853</aux:cpfGestor>
    <aux:anoReferencia>2019</aux:anoReferencia>
    <aux:mesReferencia>10</aux:mesReferencia>
    <aux:versaoXml>19</aux:versaoXml>
    <aux:diaInicPresContas>01</aux:diaInicPresContas>
    <aux:diaFinaPresContas>31</aux:diaFinaPresContas>
  </his:PrestacaoContas>
    <his:HistoricoPessoal>
       <his:matricula>000000000001512</his:matricula>
       <his:cpfServidor>04464666892</his:cpfServidor>
       <his:tipoEscolaridade>3</his:tipoEscolaridade>
       <his:dataAlteracao>2019-10-31</his:dataAlteracao>
       <his:endereco>
           <gen:logradouro>AVENIDA BOM JESUS</gen:logradouro>
           <gen:numero>0</gen:numero>
           <gen:complemento>SN        </gen:complemento>
           <gen:bairro>CENTRO                                  </gen:bairro>
           <gen:numeroCep>64965000</gen:numeroCep>
           <gen:municipio>AVELINO LOPES</gen:municipio>
           <gen:estado>PI</gen:estado>
           <gen:telefoneFixo>          </gen:telefoneFixo>
           <gen:telefoneCelular>          </gen:telefoneCelular>
       </his:endereco>
       <his:dadosBancarios>
           <gen:codigoBanco>104</gen:codigoBanco>
           <gen:codigoAgencia>027800</gen:codigoAgencia>
           <gen:numeroContBancaria>000000000418039</gen:numeroContBancaria>
       </his:dadosBancarios>
    </his:HistoricoPessoal>
    <his:HistoricoPessoal>
       <his:matricula>000000000001513</his:matricula>
       <his:cpfServidor>55466680320</his:cpfServidor>
       <his:tipoEscolaridade>3</his:tipoEscolaridade>
       <his:dataAlteracao>2019-10-30</his:dataAlteracao>
       <his:endereco>
           <gen:logradouro>AVN BOM JESUS</gen:logradouro>
           <gen:numero>0</gen:numero>
           <gen:complemento>SN        </gen:complemento>
           <gen:bairro>CENTRO                                  </gen:bairro>
           <gen:numeroCep>64965000</gen:numeroCep>
           <gen:municipio>AVELINO LOPES</gen:municipio>
           <gen:estado>PI</gen:estado>
           <gen:telefoneFixo>          </gen:telefoneFixo>
           <gen:telefoneCelular>          </gen:telefoneCelular>
       </his:endereco>
       <his:dadosBancarios>
           <gen:codigoBanco>001</gen:codigoBanco>
           <gen:codigoAgencia>012092</gen:codigoAgencia>
           <gen:numeroContBancaria>000000000201081</gen:numeroContBancaria>
       </his:dadosBancarios>
    </his:HistoricoPessoal>
  <his:HistoricoFuncional>
       <his:matricula>000000000001512</his:matricula>
    <his:cpfServidor>04464666892</his:cpfServidor>
    <his:tipoAtoPessoal>1001</his:tipoAtoPessoal>
    <his:dataMoviFuncional>2019-10-01</his:dataMoviFuncional>
    <his:informacoesAlteradas>
      <gen:atoTipo01>
        <gen:codigoCargo>10000070</gen:codigoCargo>
        <gen:codigoLotacao>000000000010001</gen:codigoLotacao>
        <gen:tipoRegiPrevidencia>1</gen:tipoRegiPrevidencia>
        <gen:tipoRegiTrabalho>0</gen:tipoRegiTrabalho>
        <gen:tipoVinculo>2</gen:tipoVinculo>
        <gen:dataNomeacao>2019-10-01</gen:dataNomeacao>
        <gen:dataExercicio>2019-10-01</gen:dataExercicio>
        <gen:dataPosse>2019-10-01</gen:dataPosse>
        <gen:numeroEdital>
          <gen:numero>000000</gen:numero>
          <gen:ano>2019</gen:ano>
        </gen:numeroEdital>
      </gen:atoTipo01>
    </his:informacoesAlteradas>
  </his:HistoricoFuncional>
  <his:HistoricoFuncional>
       <his:matricula>000000000001513</his:matricula>
    <his:cpfServidor>55466680320</his:cpfServidor>
    <his:tipoAtoPessoal>1001</his:tipoAtoPessoal>
    <his:dataMoviFuncional>2019-10-01</his:dataMoviFuncional>
    <his:informacoesAlteradas>
      <gen:atoTipo01>
        <gen:codigoCargo>00000061</gen:codigoCargo>
        <gen:codigoLotacao>000000000010001</gen:codigoLotacao>
        <gen:tipoRegiPrevidencia>1</gen:tipoRegiPrevidencia>
        <gen:tipoRegiTrabalho>0</gen:tipoRegiTrabalho>
        <gen:tipoVinculo>2</gen:tipoVinculo>
        <gen:dataNomeacao>2019-10-01</gen:dataNomeacao>
        <gen:dataExercicio>2019-10-01</gen:dataExercicio>
        <gen:dataPosse>2019-10-01</gen:dataPosse>
        <gen:numeroEdital>
          <gen:numero>000000</gen:numero>
          <gen:ano>2019</gen:ano>
        </gen:numeroEdital>
      </gen:atoTipo01>
    </his:informacoesAlteradas>
  </his:HistoricoFuncional>
  <his:HistoricoFuncional>
    <his:matricula>000000000002014</his:matricula>
    <his:cpfServidor>34757759304</his:cpfServidor>
    <his:tipoAtoPessoal>1021</his:tipoAtoPessoal>
    <his:dataMoviFuncional>2019-10-01</his:dataMoviFuncional>
    <his:informacoesAlteradas>
    </his:informacoesAlteradas>
  </his:HistoricoFuncional>
  <his:HistoricoFuncional>
    <his:matricula>000000000002096</his:matricula>
    <his:cpfServidor>02693576377</his:cpfServidor>
    <his:tipoAtoPessoal>1021</his:tipoAtoPessoal>
    <his:dataMoviFuncional>2019-10-01</his:dataMoviFuncional>
    <his:informacoesAlteradas>
    </his:informacoesAlteradas>
  </his:HistoricoFuncional>
  <his:HistoricoFuncional>
    <his:matricula>000000000006124</his:matricula>
    <his:cpfServidor>92120210349</his:cpfServidor>
    <his:tipoAtoPessoal>1021</his:tipoAtoPessoal>
    <his:dataMoviFuncional>2019-10-01</his:dataMoviFuncional>
    <his:informacoesAlteradas>
    </his:informacoesAlteradas>
  </his:HistoricoFuncional>
  <his:HistoricoFuncional>
    <his:matricula>000000000006295</his:matricula>
    <his:cpfServidor>00545524512</his:cpfServidor>
    <his:tipoAtoPessoal>1010</his:tipoAtoPessoal>
    <his:dataMoviFuncional>2019-10-01</his:dataMoviFuncional>
    <his:informacoesAlteradas>
      <gen:atoTipo01>
        <gen:codigoCargo>60000001</gen:codigoCargo>
        <gen:codigoLotacao>000000000060002</gen:codigoLotacao>
        <gen:tipoRegiPrevidencia>1</gen:tipoRegiPrevidencia>
        <gen:tipoRegiTrabalho>0</gen:tipoRegiTrabalho>
        <gen:tipoVinculo>9</gen:tipoVinculo>
        <gen:dataNomeacao>2010-03-08</gen:dataNomeacao>
        <gen:dataExercicio>2010-03-08</gen:dataExercicio>
        <gen:dataPosse>2010-03-08</gen:dataPosse>
        <gen:numeroEdital>
          <gen:numero>000000</gen:numero>
          <gen:ano>2010</gen:ano>
        </gen:numeroEdital>
      </gen:atoTipo01>
    </his:informacoesAlteradas>
  </his:HistoricoFuncional>
</his:historicos>