<?xml version="1.0" encoding="utf-8"?>
<!--FIORILLI SOC. CIVIL LTDA - SOFTWARE-->
<!--ENVIADO POR: diego-->
<!--VERSAO TCE-PI: 8.21.25.42-->
<!--VERSAO DIARIO RAZAO: 8.21.25.1812-->
<!--VERSAO EVENTOS: 2018-->
<emp:EmpenhoseRP xmlns:emp="http://www.tce.pi.gov.br/sagres2019/xml/empenhoseRP" xmlns:gen="http://www.tce.pi.gov.br/sagres2019/xml/genericos" xmlns:tab="http://www.tce.pi.gov.br/sagres2019/xml/tabelasInternas" xmlns:aux="http://www.tce.pi.gov.br/sagres2019/xml/cadastrosAuxiliares">
  <emp:PrestacaoContas>
    <aux:codigoUnidGestora>201017</aux:codigoUnidGestora>
    <aux:nomeUnidGestora>PREFEITURA MUNICIPAL DE AVELINO LOPES</aux:nomeUnidGestora>
    <aux:cpfContador>72674350334</aux:cpfContador>
    <aux:cpfGestor>64378985853</aux:cpfGestor>
    <aux:anoReferencia>2019</aux:anoReferencia>
    <aux:mesReferencia>13</aux:mesReferencia>
    <aux:versaoXml>0</aux:versaoXml>
    <aux:diaInicPresContas>31</aux:diaInicPresContas>
    <aux:diaFinaPresContas>31</aux:diaFinaPresContas>
  </emp:PrestacaoContas>
  <emp:RestosApagar>
    <emp:codigoUnidOrcamentaria>020100</emp:codigoUnidOrcamentaria>
    <emp:codigoFuncao>4</emp:codigoFuncao>
    <emp:codigoSubFuncao>122</emp:codigoSubFuncao>
    <emp:codigoPrograma>0005</emp:codigoPrograma>
    <emp:codigoAcao>2041</emp:codigoAcao>
    <emp:codigoCateEconomica>3</emp:codigoCateEconomica>
    <emp:codigoNatuDespesa>1</emp:codigoNatuDespesa>
    <emp:codigoModaAplicacao>90</emp:codigoModaAplicacao>
    <emp:codigoElemDespesa>11</emp:codigoElemDespesa>
    <emp:codigoSubeDespesa>1101</emp:codigoSubeDespesa>
    <emp:fonteRecurso>
      <gen:ioc>1</gen:ioc>
      <gen:tipoFontRecurso>001</gen:tipoFontRecurso>
      <gen:anoIngrFontRecurso>0000</gen:anoIngrFontRecurso>
    </emp:fonteRecurso>
    <emp:anoEmisEmpenho>2019</emp:anoEmisEmpenho>
    <emp:numeroEmpenho>0228005</emp:numeroEmpenho>
    <emp:dataEmisEmpenho>2019-02-28</emp:dataEmisEmpenho>
    <emp:tipoModaLicitacao>9</emp:tipoModaLicitacao>
    <emp:naProcLicitatorio>
      <gen:numero>000000</gen:numero>
      <gen:ano>0000</gen:ano>
    </emp:naProcLicitatorio>
    <emp:historicoEmpenho>VALOR QUE SE EMPENHA PARA PAGAMENTO DE VENCIMENTO DE SALARIO DE SERVIDORES LOTADOS NO GABINETE DO PREFEITO. REF. 02 2019</emp:historicoEmpenho>
    <emp:cpfOrdeDespesa>64378985853</emp:cpfOrdeDespesa>
    <emp:cpfCnpjCredor>00000000000000</emp:cpfCnpjCredor>
    <emp:codigoAplicacao>100</emp:codigoAplicacao>
    <emp:tipoEmpenho>1</emp:tipoEmpenho>
    <emp:valorEmpenho>0000000000500.00</emp:valorEmpenho>
    <emp:tipoRestPagar>1</emp:tipoRestPagar>
  </emp:RestosApagar>
  <emp:RestosApagar>
    <emp:codigoUnidOrcamentaria>020100</emp:codigoUnidOrcamentaria>
    <emp:codigoFuncao>4</emp:codigoFuncao>
    <emp:codigoSubFuncao>122</emp:codigoSubFuncao>
    <emp:codigoPrograma>0005</emp:codigoPrograma>
    <emp:codigoAcao>2041</emp:codigoAcao>
    <emp:codigoCateEconomica>3</emp:codigoCateEconomica>
    <emp:codigoNatuDespesa>1</emp:codigoNatuDespesa>
    <emp:codigoModaAplicacao>90</emp:codigoModaAplicacao>
    <emp:codigoElemDespesa>11</emp:codigoElemDespesa>
    <emp:codigoSubeDespesa>1101</emp:codigoSubeDespesa>
    <emp:fonteRecurso>
      <gen:ioc>1</gen:ioc>
      <gen:tipoFontRecurso>001</gen:tipoFontRecurso>
      <gen:anoIngrFontRecurso>0000</gen:anoIngrFontRecurso>
    </emp:fonteRecurso>
    <emp:anoEmisEmpenho>2019</emp:anoEmisEmpenho>
    <emp:numeroEmpenho>1230053</emp:numeroEmpenho>
    <emp:dataEmisEmpenho>2019-12-30</emp:dataEmisEmpenho>
    <emp:tipoModaLicitacao>9</emp:tipoModaLicitacao>
    <emp:naProcLicitatorio>
      <gen:numero>000000</gen:numero>
      <gen:ano>0000</gen:ano>
    </emp:naProcLicitatorio>
    <emp:historicoEmpenho>VALOR QUE SE EMPENHA PARA PAGAMENTO DE VENCIMENTO DE SALARIO DE SERVIDORES LOTADOS NO GABINETE DO PREFEITO. REF. 12 2019</emp:historicoEmpenho>
    <emp:cpfOrdeDespesa>64378985853</emp:cpfOrdeDespesa>
    <emp:cpfCnpjCredor>00000000000000</emp:cpfCnpjCredor>
    <emp:codigoAplicacao>100</emp:codigoAplicacao>
    <emp:tipoEmpenho>1</emp:tipoEmpenho>
    <emp:valorEmpenho>0000000031884.00</emp:valorEmpenho>
    <emp:tipoRestPagar>1</emp:tipoRestPagar>
  </emp:RestosApagar>
  <emp:RestosApagar>
    <emp:codigoUnidOrcamentaria>020200</emp:codigoUnidOrcamentaria>
    <emp:codigoFuncao>4</emp:codigoFuncao>
    <emp:codigoSubFuncao>122</emp:codigoSubFuncao>
    <emp:codigoPrograma>0005</emp:codigoPrograma>
    <emp:codigoAcao>2040</emp:codigoAcao>
    <emp:codigoCateEconomica>3</emp:codigoCateEconomica>
    <emp:codigoNatuDespesa>1</emp:codigoNatuDespesa>
    <emp:codigoModaAplicacao>90</emp:codigoModaAplicacao>
    <emp:codigoElemDespesa>11</emp:codigoElemDespesa>
    <emp:codigoSubeDespesa>1101</emp:codigoSubeDespesa>
    <emp:fonteRecurso>
      <gen:ioc>1</gen:ioc>
      <gen:tipoFontRecurso>001</gen:tipoFontRecurso>
      <gen:anoIngrFontRecurso>0000</gen:anoIngrFontRecurso>
    </emp:fonteRecurso>
    <emp:anoEmisEmpenho>2019</emp:anoEmisEmpenho>
    <emp:numeroEmpenho>0430024</emp:numeroEmpenho>
    <emp:dataEmisEmpenho>2019-04-30</emp:dataEmisEmpenho>
    <emp:tipoModaLicitacao>9</emp:tipoModaLicitacao>
    <emp:naProcLicitatorio>
      <gen:numero>000000</gen:numero>
      <gen:ano>0000</gen:ano>
    </emp:naProcLicitatorio>
    <emp:historicoEmpenho>VALOR QUE SE EMPENHA REFERENTE PAGAMENTO DE REMUNERACAO DE SALARIOS DE SERVIDORES EFETIVOS LOTADOS NO SETOR ADMINISTRATIVO DA SEC. MUNICIPAL DE ADMINISTRACAO. 04 2019.</emp:historicoEmpenho>
    <emp:cpfOrdeDespesa>64378985853</emp:cpfOrdeDespesa>
    <emp:cpfCnpjCredor>00000000000000</emp:cpfCnpjCredor>
    <emp:codigoAplicacao>100</emp:codigoAplicacao>
    <emp:tipoEmpenho>1</emp:tipoEmpenho>
    <emp:valorEmpenho>0000000021183.64</emp:valorEmpenho>
    <emp:tipoRestPagar>1</emp:tipoRestPagar>
  </emp:RestosApagar>
  <emp:RestosApagar>
    <emp:codigoUnidOrcamentaria>020200</emp:codigoUnidOrcamentaria>
    <emp:codigoFuncao>4</emp:codigoFuncao>
    <emp:codigoSubFuncao>122</emp:codigoSubFuncao>
    <emp:codigoPrograma>0005</emp:codigoPrograma>
    <emp:codigoAcao>2040</emp:codigoAcao>
    <emp:codigoCateEconomica>3</emp:codigoCateEconomica>
    <emp:codigoNatuDespesa>1</emp:codigoNatuDespesa>
    <emp:codigoModaAplicacao>90</emp:codigoModaAplicacao>
    <emp:codigoElemDespesa>11</emp:codigoElemDespesa>
    <emp:codigoSubeDespesa>1101</emp:codigoSubeDespesa>
    <emp:fonteRecurso>
      <gen:ioc>1</gen:ioc>
      <gen:tipoFontRecurso>001</gen:tipoFontRecurso>
      <gen:anoIngrFontRecurso>0000</gen:anoIngrFontRecurso>
    </emp:fonteRecurso>
    <emp:anoEmisEmpenho>2019</emp:anoEmisEmpenho>
    <emp:numeroEmpenho>1230049</emp:numeroEmpenho>
    <emp:dataEmisEmpenho>2019-12-30</emp:dataEmisEmpenho>
    <emp:tipoModaLicitacao>9</emp:tipoModaLicitacao>
    <emp:naProcLicitatorio>
      <gen:numero>000000</gen:numero>
      <gen:ano>0000</gen:ano>
    </emp:naProcLicitatorio>
    <emp:historicoEmpenho>VALOR QUE SE EMPENHA REFERENTE PAGAMENTO DE REMUNERACAO DE SERVIDOR LOTADO NO DEPARTAMENTO MUNICIPAL DE TRANSPORTES. 12 2019</emp:historicoEmpenho>
    <emp:cpfOrdeDespesa>64378985853</emp:cpfOrdeDespesa>
    <emp:cpfCnpjCredor>00000000000000</emp:cpfCnpjCredor>
    <emp:codigoAplicacao>100</emp:codigoAplicacao>
    <emp:tipoEmpenho>1</emp:tipoEmpenho>
    <emp:valorEmpenho>0000000002700.00</emp:valorEmpenho>
    <emp:tipoRestPagar>1</emp:tipoRestPagar>
  </emp:RestosApagar>
  <emp:RestosApagar>
    <emp:codigoUnidOrcamentaria>020200</emp:codigoUnidOrcamentaria>
    <emp:codigoFuncao>4</emp:codigoFuncao>
    <emp:codigoSubFuncao>122</emp:codigoSubFuncao>
    <emp:codigoPrograma>0005</emp:codigoPrograma>
    <emp:codigoAcao>2040</emp:codigoAcao>
    <emp:codigoCateEconomica>3</emp:codigoCateEconomica>
    <emp:codigoNatuDespesa>1</emp:codigoNatuDespesa>
    <emp:codigoModaAplicacao>90</emp:codigoModaAplicacao>
    <emp:codigoElemDespesa>11</emp:codigoElemDespesa>
    <emp:codigoSubeDespesa>1101</emp:codigoSubeDespesa>
    <emp:fonteRecurso>
      <gen:ioc>1</gen:ioc>
      <gen:tipoFontRecurso>001</gen:tipoFontRecurso>
      <gen:anoIngrFontRecurso>0000</gen:anoIngrFontRecurso>
    </emp:fonteRecurso>
    <emp:anoEmisEmpenho>2019</emp:anoEmisEmpenho>
    <emp:numeroEmpenho>1230050</emp:numeroEmpenho>
    <emp:dataEmisEmpenho>2019-12-30</emp:dataEmisEmpenho>
    <emp:tipoModaLicitacao>9</emp:tipoModaLicitacao>
    <emp:naProcLicitatorio>
      <gen:numero>000000</gen:numero>
      <gen:ano>0000</gen:ano>
    </emp:naProcLicitatorio>
    <emp:historicoEmpenho>VALOR QUE SE EMPENHA REFERENTE PRESTACAO DE SERVICO DE ASSISTENTE JURIDICA DA PREFEITURA MUNICIPAL DE AVELINO LOPESPI. 12 2019</emp:historicoEmpenho>
    <emp:cpfOrdeDespesa>64378985853</emp:cpfOrdeDespesa>
    <emp:cpfCnpjCredor>00000000000000</emp:cpfCnpjCredor>
    <emp:codigoAplicacao>100</emp:codigoAplicacao>
    <emp:tipoEmpenho>1</emp:tipoEmpenho>
    <emp:valorEmpenho>0000000020942.00</emp:valorEmpenho>
    <emp:tipoRestPagar>1</emp:tipoRestPagar>
  </emp:RestosApagar>
  <emp:RestosApagar>
    <emp:codigoUnidOrcamentaria>020200</emp:codigoUnidOrcamentaria>
    <emp:codigoFuncao>4</emp:codigoFuncao>
    <emp:codigoSubFuncao>122</emp:codigoSubFuncao>
    <emp:codigoPrograma>0005</emp:codigoPrograma>
    <emp:codigoAcao>2040</emp:codigoAcao>
    <emp:codigoCateEconomica>3</emp:codigoCateEconomica>
    <emp:codigoNatuDespesa>1</emp:codigoNatuDespesa>
    <emp:codigoModaAplicacao>90</emp:codigoModaAplicacao>
    <emp:codigoElemDespesa>11</emp:codigoElemDespesa>
    <emp:codigoSubeDespesa>1101</emp:codigoSubeDespesa>
    <emp:fonteRecurso>
      <gen:ioc>1</gen:ioc>
      <gen:tipoFontRecurso>001</gen:tipoFontRecurso>
      <gen:anoIngrFontRecurso>0000</gen:anoIngrFontRecurso>
    </emp:fonteRecurso>
    <emp:anoEmisEmpenho>2019</emp:anoEmisEmpenho>
    <emp:numeroEmpenho>1230055</emp:numeroEmpenho>
    <emp:dataEmisEmpenho>2019-12-30</emp:dataEmisEmpenho>
    <emp:tipoModaLicitacao>9</emp:tipoModaLicitacao>
    <emp:naProcLicitatorio>
      <gen:numero>000000</gen:numero>
      <gen:ano>0000</gen:ano>
    </emp:naProcLicitatorio>
    <emp:historicoEmpenho>VALOR QUE SE EMPENHA REFERENTE PAGAMENTO DE REMUNERACAO DE SALARIOS DE SERVIDORES EFETIVOS LOTADOS NO SETOR ADMINISTRATIVO DA SEC. MUNICIPAL DE ADMINISTRACAO. 12 2019.</emp:historicoEmpenho>
    <emp:cpfOrdeDespesa>64378985853</emp:cpfOrdeDespesa>
    <emp:cpfCnpjCredor>00000000000000</emp:cpfCnpjCredor>
    <emp:codigoAplicacao>100</emp:codigoAplicacao>
    <emp:tipoEmpenho>1</emp:tipoEmpenho>
    <emp:valorEmpenho>0000000016548.43</emp:valorEmpenho>
    <emp:tipoRestPagar>1</emp:tipoRestPagar>
  </emp:RestosApagar>
  <emp:RestosApagar>
    <emp:codigoUnidOrcamentaria>020200</emp:codigoUnidOrcamentaria>
    <emp:codigoFuncao>4</emp:codigoFuncao>
    <emp:codigoSubFuncao>122</emp:codigoSubFuncao>
    <emp:codigoPrograma>0005</emp:codigoPrograma>
    <emp:codigoAcao>2040</emp:codigoAcao>
    <emp:codigoCateEconomica>3</emp:codigoCateEconomica>
    <emp:codigoNatuDespesa>1</emp:codigoNatuDespesa>
    <emp:codigoModaAplicacao>90</emp:codigoModaAplicacao>
    <emp:codigoElemDespesa>92</emp:codigoElemDespesa>
    <emp:codigoSubeDespesa>9239</emp:codigoSubeDespesa>
    <emp:fonteRecurso>
      <gen:ioc>1</gen:ioc>
      <gen:tipoFontRecurso>001</gen:tipoFontRecurso>
      <gen:anoIngrFontRecurso>0000</gen:anoIngrFontRecurso>
    </emp:fonteRecurso>
    <emp:anoEmisEmpenho>2019</emp:anoEmisEmpenho>
    <emp:numeroEmpenho>0211035</emp:numeroEmpenho>
    <emp:dataEmisEmpenho>2019-02-11</emp:dataEmisEmpenho>
    <emp:tipoModaLicitacao>9</emp:tipoModaLicitacao>
    <emp:naProcLicitatorio>
      <gen:numero>000000</gen:numero>
      <gen:ano>0000</gen:ano>
    </emp:naProcLicitatorio>
    <emp:historicoEmpenho>VALOR QUE SE EMPENHA REFERENTE PAGAMENTO DE PRESTACAO SERVICO DE 551 HORAS DE TRATOR ESTEIRA CONFORME PREGAO PRESENCIAL 15 2018. PA 071 2018.</emp:historicoEmpenho>
    <emp:cpfOrdeDespesa>64378985853</emp:cpfOrdeDespesa>
    <emp:cpfCnpjCredor>00000000000000</emp:cpfCnpjCredor>
    <emp:codigoAplicacao>100</emp:codigoAplicacao>
    <emp:tipoEmpenho>1</emp:tipoEmpenho>
    <emp:valorEmpenho>0000000003801.89</emp:valorEmpenho>
    <emp:tipoRestPagar>1</emp:tipoRestPagar>
  </emp:RestosApagar>
  <emp:RestosApagar>
    <emp:codigoUnidOrcamentaria>020301</emp:codigoUnidOrcamentaria>
    <emp:codigoFuncao>12</emp:codigoFuncao>
    <emp:codigoSubFuncao>361</emp:codigoSubFuncao>
    <emp:codigoPrograma>0030</emp:codigoPrograma>
    <emp:codigoAcao>2201</emp:codigoAcao>
    <emp:codigoCateEconomica>3</emp:codigoCateEconomica>
    <emp:codigoNatuDespesa>1</emp:codigoNatuDespesa>
    <emp:codigoModaAplicacao>90</emp:codigoModaAplicacao>
    <emp:codigoElemDespesa>11</emp:codigoElemDespesa>
    <emp:codigoSubeDespesa>1101</emp:codigoSubeDespesa>
    <emp:fonteRecurso>
      <gen:ioc>1</gen:ioc>
      <gen:tipoFontRecurso>110</gen:tipoFontRecurso>
      <gen:anoIngrFontRecurso>0000</gen:anoIngrFontRecurso>
    </emp:fonteRecurso>
    <emp:anoEmisEmpenho>2019</emp:anoEmisEmpenho>
    <emp:numeroEmpenho>0930044</emp:numeroEmpenho>
    <emp:dataEmisEmpenho>2019-09-30</emp:dataEmisEmpenho>
    <emp:tipoModaLicitacao>9</emp:tipoModaLicitacao>
    <emp:naProcLicitatorio>
      <gen:numero>000000</gen:numero>
      <gen:ano>0000</gen:ano>
    </emp:naProcLicitatorio>
    <emp:historicoEmpenho>VALOR QUE SE EMPENHA PARA PAGAMENTO REFERENTE AOS VENCIMENTOS E VANTAGENS FIXAS DE PROFESSORES, FUNDEB 60% CLASSE B, LOTADOS NA SECRETARIA DE EDUCACAO DESTE MUNICIPIO. 09 2019</emp:historicoEmpenho>
    <emp:cpfOrdeDespesa>01122803311</emp:cpfOrdeDespesa>
    <emp:cpfCnpjCredor>00000000000000</emp:cpfCnpjCredor>
    <emp:codigoAplicacao>230</emp:codigoAplicacao>
    <emp:tipoEmpenho>1</emp:tipoEmpenho>
    <emp:valorEmpenho>0000000001444.17</emp:valorEmpenho>
    <emp:tipoRestPagar>1</emp:tipoRestPagar>
  </emp:RestosApagar>
  <emp:RestosApagar>
    <emp:codigoUnidOrcamentaria>020301</emp:codigoUnidOrcamentaria>
    <emp:codigoFuncao>12</emp:codigoFuncao>
    <emp:codigoSubFuncao>361</emp:codigoSubFuncao>
    <emp:codigoPrograma>0030</emp:codigoPrograma>
    <emp:codigoAcao>2201</emp:codigoAcao>
    <emp:codigoCateEconomica>3</emp:codigoCateEconomica>
    <emp:codigoNatuDespesa>1</emp:codigoNatuDespesa>
    <emp:codigoModaAplicacao>90</emp:codigoModaAplicacao>
    <emp:codigoElemDespesa>11</emp:codigoElemDespesa>
    <emp:codigoSubeDespesa>1101</emp:codigoSubeDespesa>
    <emp:fonteRecurso>
      <gen:ioc>1</gen:ioc>
      <gen:tipoFontRecurso>110</gen:tipoFontRecurso>
      <gen:anoIngrFontRecurso>0000</gen:anoIngrFontRecurso>
    </emp:fonteRecurso>
    <emp:anoEmisEmpenho>2019</emp:anoEmisEmpenho>
    <emp:numeroEmpenho>0930045</emp:numeroEmpenho>
    <emp:dataEmisEmpenho>2019-09-30</emp:dataEmisEmpenho>
    <emp:tipoModaLicitacao>9</emp:tipoModaLicitacao>
    <emp:naProcLicitatorio>
      <gen:numero>000000</gen:numero>
      <gen:ano>0000</gen:ano>
    </emp:naProcLicitatorio>
    <emp:historicoEmpenho>VALOR QUE SE EMPENHA PARA PAGAMENTO REFERENTE AOS VENCIMENTOS E VANTAGENS FIXAS DE PROFESSORES, FUNDEB 60% CLASSE C, LOTADOS NA SECRETARIA DE EDUCACAO DESTE MUNICIPIO. 09 2019</emp:historicoEmpenho>
    <emp:cpfOrdeDespesa>01122803311</emp:cpfOrdeDespesa>
    <emp:cpfCnpjCredor>00000000000000</emp:cpfCnpjCredor>
    <emp:codigoAplicacao>230</emp:codigoAplicacao>
    <emp:tipoEmpenho>1</emp:tipoEmpenho>
    <emp:valorEmpenho>0000000000107.64</emp:valorEmpenho>
    <emp:tipoRestPagar>1</emp:tipoRestPagar>
  </emp:RestosApagar>
  <emp:RestosApagar>
    <emp:codigoUnidOrcamentaria>020301</emp:codigoUnidOrcamentaria>
    <emp:codigoFuncao>12</emp:codigoFuncao>
    <emp:codigoSubFuncao>361</emp:codigoSubFuncao>
    <emp:codigoPrograma>0030</emp:codigoPrograma>
    <emp:codigoAcao>2201</emp:codigoAcao>
    <emp:codigoCateEconomica>3</emp:codigoCateEconomica>
    <emp:codigoNatuDespesa>1</emp:codigoNatuDespesa>
    <emp:codigoModaAplicacao>90</emp:codigoModaAplicacao>
    <emp:codigoElemDespesa>11</emp:codigoElemDespesa>
    <emp:codigoSubeDespesa>1143</emp:codigoSubeDespesa>
    <emp:fonteRecurso>
      <gen:ioc>1</gen:ioc>
      <gen:tipoFontRecurso>110</gen:tipoFontRecurso>
      <gen:anoIngrFontRecurso>0000</gen:anoIngrFontRecurso>
    </emp:fonteRecurso>
    <emp:anoEmisEmpenho>2019</emp:anoEmisEmpenho>
    <emp:numeroEmpenho>0430059</emp:numeroEmpenho>
    <emp:dataEmisEmpenho>2019-04-30</emp:dataEmisEmpenho>
    <emp:tipoModaLicitacao>9</emp:tipoModaLicitacao>
    <emp:naProcLicitatorio>
      <gen:numero>000000</gen:numero>
      <gen:ano>0000</gen:ano>
    </emp:naProcLicitatorio>
    <emp:historicoEmpenho>VALOR QUE SE EMPENHA PARA PAGAMENTO REFERENTE AO DECIMO TERCEIRO DE PROFESSORES, FUNDEB 60%, LOTADOS NA SECRETARIA DE EDUCACAO DESTE MUNICIPIO. 04 2019</emp:historicoEmpenho>
    <emp:cpfOrdeDespesa>01122803311</emp:cpfOrdeDespesa>
    <emp:cpfCnpjCredor>00000000000000</emp:cpfCnpjCredor>
    <emp:codigoAplicacao>230</emp:codigoAplicacao>
    <emp:tipoEmpenho>1</emp:tipoEmpenho>
    <emp:valorEmpenho>0000000001689.68</emp:valorEmpenho>
    <emp:tipoRestPagar>1</emp:tipoRestPagar>
  </emp:RestosApagar>
  <emp:RestosApagar>
    <emp:codigoUnidOrcamentaria>020301</emp:codigoUnidOrcamentaria>
    <emp:codigoFuncao>12</emp:codigoFuncao>
    <emp:codigoSubFuncao>361</emp:codigoSubFuncao>
    <emp:codigoPrograma>0030</emp:codigoPrograma>
    <emp:codigoAcao>2203</emp:codigoAcao>
    <emp:codigoCateEconomica>3</emp:codigoCateEconomica>
    <emp:codigoNatuDespesa>1</emp:codigoNatuDespesa>
    <emp:codigoModaAplicacao>90</emp:codigoModaAplicacao>
    <emp:codigoElemDespesa>11</emp:codigoElemDespesa>
    <emp:codigoSubeDespesa>1101</emp:codigoSubeDespesa>
    <emp:fonteRecurso>
      <gen:ioc>1</gen:ioc>
      <gen:tipoFontRecurso>110</gen:tipoFontRecurso>
      <gen:anoIngrFontRecurso>0000</gen:anoIngrFontRecurso>
    </emp:fonteRecurso>
    <emp:anoEmisEmpenho>2019</emp:anoEmisEmpenho>
    <emp:numeroEmpenho>0430049</emp:numeroEmpenho>
    <emp:dataEmisEmpenho>2019-04-30</emp:dataEmisEmpenho>
    <emp:tipoModaLicitacao>9</emp:tipoModaLicitacao>
    <emp:naProcLicitatorio>
      <gen:numero>000000</gen:numero>
      <gen:ano>0000</gen:ano>
    </emp:naProcLicitatorio>
    <emp:historicoEmpenho>VALOR QUE SE EMPENHA PARA PAGAMENTO REFERENTE AOS VENCIMENTOS E VANTAGENS FIXAS DOS DIGITADORES, LOTADOS NA SECRETARIA DE EDUCACAO DESTE MUNICIPIO.04 2019</emp:historicoEmpenho>
    <emp:cpfOrdeDespesa>01122803311</emp:cpfOrdeDespesa>
    <emp:cpfCnpjCredor>00000000000000</emp:cpfCnpjCredor>
    <emp:codigoAplicacao>240</emp:codigoAplicacao>
    <emp:tipoEmpenho>1</emp:tipoEmpenho>
    <emp:valorEmpenho>0000000000065.60</emp:valorEmpenho>
    <emp:tipoRestPagar>1</emp:tipoRestPagar>
  </emp:RestosApagar>
  <emp:RestosApagar>
    <emp:codigoUnidOrcamentaria>020301</emp:codigoUnidOrcamentaria>
    <emp:codigoFuncao>12</emp:codigoFuncao>
    <emp:codigoSubFuncao>361</emp:codigoSubFuncao>
    <emp:codigoPrograma>0030</emp:codigoPrograma>
    <emp:codigoAcao>2203</emp:codigoAcao>
    <emp:codigoCateEconomica>3</emp:codigoCateEconomica>
    <emp:codigoNatuDespesa>1</emp:codigoNatuDespesa>
    <emp:codigoModaAplicacao>90</emp:codigoModaAplicacao>
    <emp:codigoElemDespesa>11</emp:codigoElemDespesa>
    <emp:codigoSubeDespesa>1101</emp:codigoSubeDespesa>
    <emp:fonteRecurso>
      <gen:ioc>1</gen:ioc>
      <gen:tipoFontRecurso>110</gen:tipoFontRecurso>
      <gen:anoIngrFontRecurso>0000</gen:anoIngrFontRecurso>
    </emp:fonteRecurso>
    <emp:anoEmisEmpenho>2019</emp:anoEmisEmpenho>
    <emp:numeroEmpenho>0930048</emp:numeroEmpenho>
    <emp:dataEmisEmpenho>2019-09-30</emp:dataEmisEmpenho>
    <emp:tipoModaLicitacao>9</emp:tipoModaLicitacao>
    <emp:naProcLicitatorio>
      <gen:numero>000000</gen:numero>
      <gen:ano>0000</gen:ano>
    </emp:naProcLicitatorio>
    <emp:historicoEmpenho>VALOR QUE SE EMPENHA PARA PAGAMENTO REFERENTE AOS VENCIMENTOS E VANTAGENS FIXAS DOS DIGITADORES, LOTADOS NA SECRETARIA DE EDUCACAO DESTE MUNICIPIO.09 2019</emp:historicoEmpenho>
    <emp:cpfOrdeDespesa>01122803311</emp:cpfOrdeDespesa>
    <emp:cpfCnpjCredor>00000000000000</emp:cpfCnpjCredor>
    <emp:codigoAplicacao>240</emp:codigoAplicacao>
    <emp:tipoEmpenho>1</emp:tipoEmpenho>
    <emp:valorEmpenho>0000000000038.26</emp:valorEmpenho>
    <emp:tipoRestPagar>1</emp:tipoRestPagar>
  </emp:RestosApagar>
  <emp:RestosApagar>
    <emp:codigoUnidOrcamentaria>020401</emp:codigoUnidOrcamentaria>
    <emp:codigoFuncao>10</emp:codigoFuncao>
    <emp:codigoSubFuncao>301</emp:codigoSubFuncao>
    <emp:codigoPrograma>0020</emp:codigoPrograma>
    <emp:codigoAcao>2160</emp:codigoAcao>
    <emp:codigoCateEconomica>3</emp:codigoCateEconomica>
    <emp:codigoNatuDespesa>1</emp:codigoNatuDespesa>
    <emp:codigoModaAplicacao>90</emp:codigoModaAplicacao>
    <emp:codigoElemDespesa>11</emp:codigoElemDespesa>
    <emp:codigoSubeDespesa>1101</emp:codigoSubeDespesa>
    <emp:fonteRecurso>
      <gen:ioc>1</gen:ioc>
      <gen:tipoFontRecurso>214</gen:tipoFontRecurso>
      <gen:anoIngrFontRecurso>0000</gen:anoIngrFontRecurso>
    </emp:fonteRecurso>
    <emp:anoEmisEmpenho>2019</emp:anoEmisEmpenho>
    <emp:numeroEmpenho>0228068</emp:numeroEmpenho>
    <emp:dataEmisEmpenho>2019-02-28</emp:dataEmisEmpenho>
    <emp:tipoModaLicitacao>9</emp:tipoModaLicitacao>
    <emp:naProcLicitatorio>
      <gen:numero>000000</gen:numero>
      <gen:ano>0000</gen:ano>
    </emp:naProcLicitatorio>
    <emp:historicoEmpenho>VALOR QUE SE EMPENHA PARA PAGAMENTO DE FERIAS DE AUXILIAR DE SERVICOS GERAIS DA SECRETARIA MUNICIPAL DE SAUDE.02 2019.</emp:historicoEmpenho>
    <emp:cpfOrdeDespesa>00048024899</emp:cpfOrdeDespesa>
    <emp:cpfCnpjCredor>00000000000000</emp:cpfCnpjCredor>
    <emp:codigoAplicacao>115</emp:codigoAplicacao>
    <emp:tipoEmpenho>1</emp:tipoEmpenho>
    <emp:valorEmpenho>0000000002063.87</emp:valorEmpenho>
    <emp:tipoRestPagar>1</emp:tipoRestPagar>
  </emp:RestosApagar>
  <emp:RestosApagar>
    <emp:codigoUnidOrcamentaria>020401</emp:codigoUnidOrcamentaria>
    <emp:codigoFuncao>10</emp:codigoFuncao>
    <emp:codigoSubFuncao>301</emp:codigoSubFuncao>
    <emp:codigoPrograma>0020</emp:codigoPrograma>
    <emp:codigoAcao>2160</emp:codigoAcao>
    <emp:codigoCateEconomica>3</emp:codigoCateEconomica>
    <emp:codigoNatuDespesa>1</emp:codigoNatuDespesa>
    <emp:codigoModaAplicacao>90</emp:codigoModaAplicacao>
    <emp:codigoElemDespesa>11</emp:codigoElemDespesa>
    <emp:codigoSubeDespesa>1101</emp:codigoSubeDespesa>
    <emp:fonteRecurso>
      <gen:ioc>1</gen:ioc>
      <gen:tipoFontRecurso>001</gen:tipoFontRecurso>
      <gen:anoIngrFontRecurso>0000</gen:anoIngrFontRecurso>
    </emp:fonteRecurso>
    <emp:anoEmisEmpenho>2019</emp:anoEmisEmpenho>
    <emp:numeroEmpenho>0430062</emp:numeroEmpenho>
    <emp:dataEmisEmpenho>2019-04-30</emp:dataEmisEmpenho>
    <emp:tipoModaLicitacao>9</emp:tipoModaLicitacao>
    <emp:naProcLicitatorio>
      <gen:numero>000000</gen:numero>
      <gen:ano>0000</gen:ano>
    </emp:naProcLicitatorio>
    <emp:historicoEmpenho>VALOR QUE SE EMPENHA PARA PAGAMENTO REFERENTE DOS SERVIDORES LOTADOS NA SEC. DE SAUDE DESTE MUNICIPIO. 04 2019</emp:historicoEmpenho>
    <emp:cpfOrdeDespesa>00048024899</emp:cpfOrdeDespesa>
    <emp:cpfCnpjCredor>00000000000000</emp:cpfCnpjCredor>
    <emp:codigoAplicacao>300</emp:codigoAplicacao>
    <emp:tipoEmpenho>1</emp:tipoEmpenho>
    <emp:valorEmpenho>0000000008544.00</emp:valorEmpenho>
    <emp:tipoRestPagar>1</emp:tipoRestPagar>
  </emp:RestosApagar>
  <emp:RestosApagar>
    <emp:codigoUnidOrcamentaria>020401</emp:codigoUnidOrcamentaria>
    <emp:codigoFuncao>10</emp:codigoFuncao>
    <emp:codigoSubFuncao>301</emp:codigoSubFuncao>
    <emp:codigoPrograma>0020</emp:codigoPrograma>
    <emp:codigoAcao>2160</emp:codigoAcao>
    <emp:codigoCateEconomica>3</emp:codigoCateEconomica>
    <emp:codigoNatuDespesa>1</emp:codigoNatuDespesa>
    <emp:codigoModaAplicacao>90</emp:codigoModaAplicacao>
    <emp:codigoElemDespesa>11</emp:codigoElemDespesa>
    <emp:codigoSubeDespesa>1101</emp:codigoSubeDespesa>
    <emp:fonteRecurso>
      <gen:ioc>1</gen:ioc>
      <gen:tipoFontRecurso>001</gen:tipoFontRecurso>
      <gen:anoIngrFontRecurso>0000</gen:anoIngrFontRecurso>
    </emp:fonteRecurso>
    <emp:anoEmisEmpenho>2019</emp:anoEmisEmpenho>
    <emp:numeroEmpenho>0502028</emp:numeroEmpenho>
    <emp:dataEmisEmpenho>2019-05-02</emp:dataEmisEmpenho>
    <emp:tipoModaLicitacao>9</emp:tipoModaLicitacao>
    <emp:naProcLicitatorio>
      <gen:numero>000000</gen:numero>
      <gen:ano>0000</gen:ano>
    </emp:naProcLicitatorio>
    <emp:historicoEmpenho>VALOR QUE SE EMPENHA PARA PAGAMENTO DE DESPESAS MENSAIS DOS PROFISSIONAIS DO PROGRAMA MAIS MEDICOS.04 2019</emp:historicoEmpenho>
    <emp:cpfOrdeDespesa>00048024899</emp:cpfOrdeDespesa>
    <emp:cpfCnpjCredor>00000000000000</emp:cpfCnpjCredor>
    <emp:codigoAplicacao>300</emp:codigoAplicacao>
    <emp:tipoEmpenho>1</emp:tipoEmpenho>
    <emp:valorEmpenho>0000000002000.00</emp:valorEmpenho>
    <emp:tipoRestPagar>1</emp:tipoRestPagar>
  </emp:RestosApagar>
  <emp:RestosApagar>
    <emp:codigoUnidOrcamentaria>020401</emp:codigoUnidOrcamentaria>
    <emp:codigoFuncao>10</emp:codigoFuncao>
    <emp:codigoSubFuncao>301</emp:codigoSubFuncao>
    <emp:codigoPrograma>0020</emp:codigoPrograma>
    <emp:codigoAcao>2160</emp:codigoAcao>
    <emp:codigoCateEconomica>3</emp:codigoCateEconomica>
    <emp:codigoNatuDespesa>1</emp:codigoNatuDespesa>
    <emp:codigoModaAplicacao>90</emp:codigoModaAplicacao>
    <emp:codigoElemDespesa>11</emp:codigoElemDespesa>
    <emp:codigoSubeDespesa>1101</emp:codigoSubeDespesa>
    <emp:fonteRecurso>
      <gen:ioc>1</gen:ioc>
      <gen:tipoFontRecurso>001</gen:tipoFontRecurso>
      <gen:anoIngrFontRecurso>0000</gen:anoIngrFontRecurso>
    </emp:fonteRecurso>
    <emp:anoEmisEmpenho>2019</emp:anoEmisEmpenho>
    <emp:numeroEmpenho>0502044</emp:numeroEmpenho>
    <emp:dataEmisEmpenho>2019-05-02</emp:dataEmisEmpenho>
    <emp:tipoModaLicitacao>9</emp:tipoModaLicitacao>
    <emp:naProcLicitatorio>
      <gen:numero>000000</gen:numero>
      <gen:ano>0000</gen:ano>
    </emp:naProcLicitatorio>
    <emp:historicoEmpenho>VALOR QUE SE EMPENHA REFERESE AO PAGAMENTO DE VENCIMENTOS DE SALARIOS DE SERVIDORES LOTADOS NA SECRETARIA DA SAUDE. REF. 05 2019</emp:historicoEmpenho>
    <emp:cpfOrdeDespesa>00048024899</emp:cpfOrdeDespesa>
    <emp:cpfCnpjCredor>00000000000000</emp:cpfCnpjCredor>
    <emp:codigoAplicacao>300</emp:codigoAplicacao>
    <emp:tipoEmpenho>1</emp:tipoEmpenho>
    <emp:valorEmpenho>0000000003414.09</emp:valorEmpenho>
    <emp:tipoRestPagar>1</emp:tipoRestPagar>
  </emp:RestosApagar>
  <emp:RestosApagar>
    <emp:codigoUnidOrcamentaria>020401</emp:codigoUnidOrcamentaria>
    <emp:codigoFuncao>10</emp:codigoFuncao>
    <emp:codigoSubFuncao>301</emp:codigoSubFuncao>
    <emp:codigoPrograma>0020</emp:codigoPrograma>
    <emp:codigoAcao>2160</emp:codigoAcao>
    <emp:codigoCateEconomica>3</emp:codigoCateEconomica>
    <emp:codigoNatuDespesa>1</emp:codigoNatuDespesa>
    <emp:codigoModaAplicacao>90</emp:codigoModaAplicacao>
    <emp:codigoElemDespesa>11</emp:codigoElemDespesa>
    <emp:codigoSubeDespesa>1101</emp:codigoSubeDespesa>
    <emp:fonteRecurso>
      <gen:ioc>1</gen:ioc>
      <gen:tipoFontRecurso>001</gen:tipoFontRecurso>
      <gen:anoIngrFontRecurso>0000</gen:anoIngrFontRecurso>
    </emp:fonteRecurso>
    <emp:anoEmisEmpenho>2019</emp:anoEmisEmpenho>
    <emp:numeroEmpenho>1202061</emp:numeroEmpenho>
    <emp:dataEmisEmpenho>2019-12-02</emp:dataEmisEmpenho>
    <emp:tipoModaLicitacao>9</emp:tipoModaLicitacao>
    <emp:naProcLicitatorio>
      <gen:numero>000000</gen:numero>
      <gen:ano>0000</gen:ano>
    </emp:naProcLicitatorio>
    <emp:historicoEmpenho>VALOR QUE SE EMPENHA PARA PAGAMENTO REFERENTE DOS SERVIDORES LOTADOS NA SEC. DE SAUDE DESTE MUNICIPIO. 12 2019</emp:historicoEmpenho>
    <emp:cpfOrdeDespesa>00048024899</emp:cpfOrdeDespesa>
    <emp:cpfCnpjCredor>00000000000000</emp:cpfCnpjCredor>
    <emp:codigoAplicacao>300</emp:codigoAplicacao>
    <emp:tipoEmpenho>1</emp:tipoEmpenho>
    <emp:valorEmpenho>0000000003414.09</emp:valorEmpenho>
    <emp:tipoRestPagar>1</emp:tipoRestPagar>
  </emp:RestosApagar>
  <emp:RestosApagar>
    <emp:codigoUnidOrcamentaria>020401</emp:codigoUnidOrcamentaria>
    <emp:codigoFuncao>10</emp:codigoFuncao>
    <emp:codigoSubFuncao>301</emp:codigoSubFuncao>
    <emp:codigoPrograma>0020</emp:codigoPrograma>
    <emp:codigoAcao>2160</emp:codigoAcao>
    <emp:codigoCateEconomica>3</emp:codigoCateEconomica>
    <emp:codigoNatuDespesa>1</emp:codigoNatuDespesa>
    <emp:codigoModaAplicacao>90</emp:codigoModaAplicacao>
    <emp:codigoElemDespesa>11</emp:codigoElemDespesa>
    <emp:codigoSubeDespesa>1101</emp:codigoSubeDespesa>
    <emp:fonteRecurso>
      <gen:ioc>1</gen:ioc>
      <gen:tipoFontRecurso>214</gen:tipoFontRecurso>
      <gen:anoIngrFontRecurso>0000</gen:anoIngrFontRecurso>
    </emp:fonteRecurso>
    <emp:anoEmisEmpenho>2019</emp:anoEmisEmpenho>
    <emp:numeroEmpenho>1230056</emp:numeroEmpenho>
    <emp:dataEmisEmpenho>2019-12-30</emp:dataEmisEmpenho>
    <emp:tipoModaLicitacao>9</emp:tipoModaLicitacao>
    <emp:naProcLicitatorio>
      <gen:numero>000000</gen:numero>
      <gen:ano>0000</gen:ano>
    </emp:naProcLicitatorio>
    <emp:historicoEmpenho>VALOR QUE SE EMPENHA PARA PAGAMENTO DE REMUNERACAO DE ENFERMEIRA LOTADA NA SECRETARIA MUNICIPAL DE SAUDE DESTE MUNICIPIO. REF. 012 2019.</emp:historicoEmpenho>
    <emp:cpfOrdeDespesa>00048024899</emp:cpfOrdeDespesa>
    <emp:cpfCnpjCredor>00000000000000</emp:cpfCnpjCredor>
    <emp:codigoAplicacao>115</emp:codigoAplicacao>
    <emp:tipoEmpenho>1</emp:tipoEmpenho>
    <emp:valorEmpenho>0000000002197.80</emp:valorEmpenho>
    <emp:tipoRestPagar>1</emp:tipoRestPagar>
  </emp:RestosApagar>
  <emp:RestosApagar>
    <emp:codigoUnidOrcamentaria>020401</emp:codigoUnidOrcamentaria>
    <emp:codigoFuncao>10</emp:codigoFuncao>
    <emp:codigoSubFuncao>301</emp:codigoSubFuncao>
    <emp:codigoPrograma>0020</emp:codigoPrograma>
    <emp:codigoAcao>2160</emp:codigoAcao>
    <emp:codigoCateEconomica>3</emp:codigoCateEconomica>
    <emp:codigoNatuDespesa>1</emp:codigoNatuDespesa>
    <emp:codigoModaAplicacao>90</emp:codigoModaAplicacao>
    <emp:codigoElemDespesa>11</emp:codigoElemDespesa>
    <emp:codigoSubeDespesa>1101</emp:codigoSubeDespesa>
    <emp:fonteRecurso>
      <gen:ioc>1</gen:ioc>
      <gen:tipoFontRecurso>214</gen:tipoFontRecurso>
      <gen:anoIngrFontRecurso>0000</gen:anoIngrFontRecurso>
    </emp:fonteRecurso>
    <emp:anoEmisEmpenho>2019</emp:anoEmisEmpenho>
    <emp:numeroEmpenho>1230057</emp:numeroEmpenho>
    <emp:dataEmisEmpenho>2019-12-30</emp:dataEmisEmpenho>
    <emp:tipoModaLicitacao>9</emp:tipoModaLicitacao>
    <emp:naProcLicitatorio>
      <gen:numero>000000</gen:numero>
      <gen:ano>0000</gen:ano>
    </emp:naProcLicitatorio>
    <emp:historicoEmpenho>VALOR EMPENHADO REFERSE AO PAGAMENTO DE VENCIMENTO PARA SERVIDORES DE AGENTES DE ENDEMIAS. REF. 12 2019</emp:historicoEmpenho>
    <emp:cpfOrdeDespesa>00048024899</emp:cpfOrdeDespesa>
    <emp:cpfCnpjCredor>00000000000000</emp:cpfCnpjCredor>
    <emp:codigoAplicacao>115</emp:codigoAplicacao>
    <emp:tipoEmpenho>1</emp:tipoEmpenho>
    <emp:valorEmpenho>0000000008000.00</emp:valorEmpenho>
    <emp:tipoRestPagar>1</emp:tipoRestPagar>
  </emp:RestosApagar>
  <emp:RestosApagar>
    <emp:codigoUnidOrcamentaria>020401</emp:codigoUnidOrcamentaria>
    <emp:codigoFuncao>10</emp:codigoFuncao>
    <emp:codigoSubFuncao>301</emp:codigoSubFuncao>
    <emp:codigoPrograma>0020</emp:codigoPrograma>
    <emp:codigoAcao>2160</emp:codigoAcao>
    <emp:codigoCateEconomica>3</emp:codigoCateEconomica>
    <emp:codigoNatuDespesa>1</emp:codigoNatuDespesa>
    <emp:codigoModaAplicacao>90</emp:codigoModaAplicacao>
    <emp:codigoElemDespesa>11</emp:codigoElemDespesa>
    <emp:codigoSubeDespesa>1101</emp:codigoSubeDespesa>
    <emp:fonteRecurso>
      <gen:ioc>1</gen:ioc>
      <gen:tipoFontRecurso>214</gen:tipoFontRecurso>
      <gen:anoIngrFontRecurso>0000</gen:anoIngrFontRecurso>
    </emp:fonteRecurso>
    <emp:anoEmisEmpenho>2019</emp:anoEmisEmpenho>
    <emp:numeroEmpenho>1230058</emp:numeroEmpenho>
    <emp:dataEmisEmpenho>2019-12-30</emp:dataEmisEmpenho>
    <emp:tipoModaLicitacao>9</emp:tipoModaLicitacao>
    <emp:naProcLicitatorio>
      <gen:numero>000000</gen:numero>
      <gen:ano>0000</gen:ano>
    </emp:naProcLicitatorio>
    <emp:historicoEmpenho>VALOR QUE SE EMPENHA PARA PAGAMENTO DE REMUNERACAO DOS AGENTES COMUNITARIOS DE SAUDE LOTADOS NA SECRETARIA MUNICIPAL DE SAUDE DESTE MUNICIPIO. REF. 12 2019.</emp:historicoEmpenho>
    <emp:cpfOrdeDespesa>00048024899</emp:cpfOrdeDespesa>
    <emp:cpfCnpjCredor>00000000000000</emp:cpfCnpjCredor>
    <emp:codigoAplicacao>115</emp:codigoAplicacao>
    <emp:tipoEmpenho>1</emp:tipoEmpenho>
    <emp:valorEmpenho>0000000039183.61</emp:valorEmpenho>
    <emp:tipoRestPagar>1</emp:tipoRestPagar>
  </emp:RestosApagar>
  <emp:RestosApagar>
    <emp:codigoUnidOrcamentaria>020401</emp:codigoUnidOrcamentaria>
    <emp:codigoFuncao>10</emp:codigoFuncao>
    <emp:codigoSubFuncao>301</emp:codigoSubFuncao>
    <emp:codigoPrograma>0020</emp:codigoPrograma>
    <emp:codigoAcao>2160</emp:codigoAcao>
    <emp:codigoCateEconomica>3</emp:codigoCateEconomica>
    <emp:codigoNatuDespesa>1</emp:codigoNatuDespesa>
    <emp:codigoModaAplicacao>90</emp:codigoModaAplicacao>
    <emp:codigoElemDespesa>11</emp:codigoElemDespesa>
    <emp:codigoSubeDespesa>1101</emp:codigoSubeDespesa>
    <emp:fonteRecurso>
      <gen:ioc>1</gen:ioc>
      <gen:tipoFontRecurso>214</gen:tipoFontRecurso>
      <gen:anoIngrFontRecurso>0000</gen:anoIngrFontRecurso>
    </emp:fonteRecurso>
    <emp:anoEmisEmpenho>2019</emp:anoEmisEmpenho>
    <emp:numeroEmpenho>1230059</emp:numeroEmpenho>
    <emp:dataEmisEmpenho>2019-12-30</emp:dataEmisEmpenho>
    <emp:tipoModaLicitacao>9</emp:tipoModaLicitacao>
    <emp:naProcLicitatorio>
      <gen:numero>000000</gen:numero>
      <gen:ano>0000</gen:ano>
    </emp:naProcLicitatorio>
    <emp:historicoEmpenho>VALOR QUE SE EMPENHA PARA PAGAMENTO REFERENTE AOS VENCIMENTOS E VANTAGENS FIXAS DOS AGENTES DE VIGILANCIA SANITARIA LOTADOS NA SECRETARIA DE SAUDE DESTE MUNICIPIO, 12 2019</emp:historicoEmpenho>
    <emp:cpfOrdeDespesa>00048024899</emp:cpfOrdeDespesa>
    <emp:cpfCnpjCredor>00000000000000</emp:cpfCnpjCredor>
    <emp:codigoAplicacao>115</emp:codigoAplicacao>
    <emp:tipoEmpenho>1</emp:tipoEmpenho>
    <emp:valorEmpenho>0000000002994.80</emp:valorEmpenho>
    <emp:tipoRestPagar>1</emp:tipoRestPagar>
  </emp:RestosApagar>
  <emp:RestosApagar>
    <emp:codigoUnidOrcamentaria>020401</emp:codigoUnidOrcamentaria>
    <emp:codigoFuncao>10</emp:codigoFuncao>
    <emp:codigoSubFuncao>301</emp:codigoSubFuncao>
    <emp:codigoPrograma>0020</emp:codigoPrograma>
    <emp:codigoAcao>2160</emp:codigoAcao>
    <emp:codigoCateEconomica>3</emp:codigoCateEconomica>
    <emp:codigoNatuDespesa>1</emp:codigoNatuDespesa>
    <emp:codigoModaAplicacao>90</emp:codigoModaAplicacao>
    <emp:codigoElemDespesa>11</emp:codigoElemDespesa>
    <emp:codigoSubeDespesa>1101</emp:codigoSubeDespesa>
    <emp:fonteRecurso>
      <gen:ioc>1</gen:ioc>
      <gen:tipoFontRecurso>214</gen:tipoFontRecurso>
      <gen:anoIngrFontRecurso>0000</gen:anoIngrFontRecurso>
    </emp:fonteRecurso>
    <emp:anoEmisEmpenho>2019</emp:anoEmisEmpenho>
    <emp:numeroEmpenho>1230060</emp:numeroEmpenho>
    <emp:dataEmisEmpenho>2019-12-30</emp:dataEmisEmpenho>
    <emp:tipoModaLicitacao>9</emp:tipoModaLicitacao>
    <emp:naProcLicitatorio>
      <gen:numero>000000</gen:numero>
      <gen:ano>0000</gen:ano>
    </emp:naProcLicitatorio>
    <emp:historicoEmpenho>VALOR QUE SE EMPENHA PARA PAGAMENTO DE VENCIMENTOS DO FISIOTERAPEUTA DA SECRETARIA DA SAUDE. REF 12 2019</emp:historicoEmpenho>
    <emp:cpfOrdeDespesa>00048024899</emp:cpfOrdeDespesa>
    <emp:cpfCnpjCredor>00000000000000</emp:cpfCnpjCredor>
    <emp:codigoAplicacao>115</emp:codigoAplicacao>
    <emp:tipoEmpenho>1</emp:tipoEmpenho>
    <emp:valorEmpenho>0000000002000.00</emp:valorEmpenho>
    <emp:tipoRestPagar>1</emp:tipoRestPagar>
  </emp:RestosApagar>
  <emp:RestosApagar>
    <emp:codigoUnidOrcamentaria>020401</emp:codigoUnidOrcamentaria>
    <emp:codigoFuncao>10</emp:codigoFuncao>
    <emp:codigoSubFuncao>301</emp:codigoSubFuncao>
    <emp:codigoPrograma>0020</emp:codigoPrograma>
    <emp:codigoAcao>2160</emp:codigoAcao>
    <emp:codigoCateEconomica>3</emp:codigoCateEconomica>
    <emp:codigoNatuDespesa>1</emp:codigoNatuDespesa>
    <emp:codigoModaAplicacao>90</emp:codigoModaAplicacao>
    <emp:codigoElemDespesa>11</emp:codigoElemDespesa>
    <emp:codigoSubeDespesa>1101</emp:codigoSubeDespesa>
    <emp:fonteRecurso>
      <gen:ioc>1</gen:ioc>
      <gen:tipoFontRecurso>214</gen:tipoFontRecurso>
      <gen:anoIngrFontRecurso>0000</gen:anoIngrFontRecurso>
    </emp:fonteRecurso>
    <emp:anoEmisEmpenho>2019</emp:anoEmisEmpenho>
    <emp:numeroEmpenho>1230061</emp:numeroEmpenho>
    <emp:dataEmisEmpenho>2019-12-30</emp:dataEmisEmpenho>
    <emp:tipoModaLicitacao>9</emp:tipoModaLicitacao>
    <emp:naProcLicitatorio>
      <gen:numero>000000</gen:numero>
      <gen:ano>0000</gen:ano>
    </emp:naProcLicitatorio>
    <emp:historicoEmpenho>VALOR QUE EMPENHA REFERESE AO PAGAMENTO DE REMUNERACAO DE SALARIOS DE AUXILIARES DE SERVICOS GERAIS, LOTADO NA SECRETARIA MUNICIPAL DE SAUDE. REF 12 2019</emp:historicoEmpenho>
    <emp:cpfOrdeDespesa>00048024899</emp:cpfOrdeDespesa>
    <emp:cpfCnpjCredor>00000000000000</emp:cpfCnpjCredor>
    <emp:codigoAplicacao>115</emp:codigoAplicacao>
    <emp:tipoEmpenho>1</emp:tipoEmpenho>
    <emp:valorEmpenho>0000000007890.49</emp:valorEmpenho>
    <emp:tipoRestPagar>1</emp:tipoRestPagar>
  </emp:RestosApagar>
  <emp:RestosApagar>
    <emp:codigoUnidOrcamentaria>020401</emp:codigoUnidOrcamentaria>
    <emp:codigoFuncao>10</emp:codigoFuncao>
    <emp:codigoSubFuncao>301</emp:codigoSubFuncao>
    <emp:codigoPrograma>0020</emp:codigoPrograma>
    <emp:codigoAcao>2160</emp:codigoAcao>
    <emp:codigoCateEconomica>3</emp:codigoCateEconomica>
    <emp:codigoNatuDespesa>1</emp:codigoNatuDespesa>
    <emp:codigoModaAplicacao>90</emp:codigoModaAplicacao>
    <emp:codigoElemDespesa>11</emp:codigoElemDespesa>
    <emp:codigoSubeDespesa>1101</emp:codigoSubeDespesa>
    <emp:fonteRecurso>
      <gen:ioc>1</gen:ioc>
      <gen:tipoFontRecurso>214</gen:tipoFontRecurso>
      <gen:anoIngrFontRecurso>0000</gen:anoIngrFontRecurso>
    </emp:fonteRecurso>
    <emp:anoEmisEmpenho>2019</emp:anoEmisEmpenho>
    <emp:numeroEmpenho>1230062</emp:numeroEmpenho>
    <emp:dataEmisEmpenho>2019-12-30</emp:dataEmisEmpenho>
    <emp:tipoModaLicitacao>9</emp:tipoModaLicitacao>
    <emp:naProcLicitatorio>
      <gen:numero>000000</gen:numero>
      <gen:ano>0000</gen:ano>
    </emp:naProcLicitatorio>
    <emp:historicoEmpenho>VALOR QUE SE EMPENHA REFERESE AO PAGAMENTO DE VENCIMENTOS DE SALARIOS DOS DIGITADORES LOTADOS NA SECRETARIA DE SAUDE. REFE 012 2019</emp:historicoEmpenho>
    <emp:cpfOrdeDespesa>00048024899</emp:cpfOrdeDespesa>
    <emp:cpfCnpjCredor>00000000000000</emp:cpfCnpjCredor>
    <emp:codigoAplicacao>115</emp:codigoAplicacao>
    <emp:tipoEmpenho>1</emp:tipoEmpenho>
    <emp:valorEmpenho>0000000002845.70</emp:valorEmpenho>
    <emp:tipoRestPagar>1</emp:tipoRestPagar>
  </emp:RestosApagar>
  <emp:RestosApagar>
    <emp:codigoUnidOrcamentaria>020401</emp:codigoUnidOrcamentaria>
    <emp:codigoFuncao>10</emp:codigoFuncao>
    <emp:codigoSubFuncao>301</emp:codigoSubFuncao>
    <emp:codigoPrograma>0020</emp:codigoPrograma>
    <emp:codigoAcao>2160</emp:codigoAcao>
    <emp:codigoCateEconomica>3</emp:codigoCateEconomica>
    <emp:codigoNatuDespesa>1</emp:codigoNatuDespesa>
    <emp:codigoModaAplicacao>90</emp:codigoModaAplicacao>
    <emp:codigoElemDespesa>11</emp:codigoElemDespesa>
    <emp:codigoSubeDespesa>1101</emp:codigoSubeDespesa>
    <emp:fonteRecurso>
      <gen:ioc>1</gen:ioc>
      <gen:tipoFontRecurso>214</gen:tipoFontRecurso>
      <gen:anoIngrFontRecurso>0000</gen:anoIngrFontRecurso>
    </emp:fonteRecurso>
    <emp:anoEmisEmpenho>2019</emp:anoEmisEmpenho>
    <emp:numeroEmpenho>1230063</emp:numeroEmpenho>
    <emp:dataEmisEmpenho>2019-12-30</emp:dataEmisEmpenho>
    <emp:tipoModaLicitacao>9</emp:tipoModaLicitacao>
    <emp:naProcLicitatorio>
      <gen:numero>000000</gen:numero>
      <gen:ano>0000</gen:ano>
    </emp:naProcLicitatorio>
    <emp:historicoEmpenho>VALOR EMPENHADO REFERESE AO PAGAMENTO DOS VENCIMENTOS DE SERVIDORES VIGIAS LOTADOS NA SECRETARIA DE SAUDE. REF. 012 2019</emp:historicoEmpenho>
    <emp:cpfOrdeDespesa>00048024899</emp:cpfOrdeDespesa>
    <emp:cpfCnpjCredor>00000000000000</emp:cpfCnpjCredor>
    <emp:codigoAplicacao>115</emp:codigoAplicacao>
    <emp:tipoEmpenho>1</emp:tipoEmpenho>
    <emp:valorEmpenho>0000000006978.18</emp:valorEmpenho>
    <emp:tipoRestPagar>1</emp:tipoRestPagar>
  </emp:RestosApagar>
  <emp:RestosApagar>
    <emp:codigoUnidOrcamentaria>020401</emp:codigoUnidOrcamentaria>
    <emp:codigoFuncao>10</emp:codigoFuncao>
    <emp:codigoSubFuncao>301</emp:codigoSubFuncao>
    <emp:codigoPrograma>0020</emp:codigoPrograma>
    <emp:codigoAcao>2160</emp:codigoAcao>
    <emp:codigoCateEconomica>3</emp:codigoCateEconomica>
    <emp:codigoNatuDespesa>1</emp:codigoNatuDespesa>
    <emp:codigoModaAplicacao>90</emp:codigoModaAplicacao>
    <emp:codigoElemDespesa>11</emp:codigoElemDespesa>
    <emp:codigoSubeDespesa>1101</emp:codigoSubeDespesa>
    <emp:fonteRecurso>
      <gen:ioc>1</gen:ioc>
      <gen:tipoFontRecurso>214</gen:tipoFontRecurso>
      <gen:anoIngrFontRecurso>0000</gen:anoIngrFontRecurso>
    </emp:fonteRecurso>
    <emp:anoEmisEmpenho>2019</emp:anoEmisEmpenho>
    <emp:numeroEmpenho>1230064</emp:numeroEmpenho>
    <emp:dataEmisEmpenho>2019-12-30</emp:dataEmisEmpenho>
    <emp:tipoModaLicitacao>9</emp:tipoModaLicitacao>
    <emp:naProcLicitatorio>
      <gen:numero>000000</gen:numero>
      <gen:ano>0000</gen:ano>
    </emp:naProcLicitatorio>
    <emp:historicoEmpenho>VALOR QUE SE EMPENHA REFERESE AO PAGAMENTO DE VENCIMENTOS DE SALARIOS DE MOTORISTAS LOTADOS NA SECRETARIA DE SAUDE. REF 012 2019</emp:historicoEmpenho>
    <emp:cpfOrdeDespesa>00048024899</emp:cpfOrdeDespesa>
    <emp:cpfCnpjCredor>00000000000000</emp:cpfCnpjCredor>
    <emp:codigoAplicacao>115</emp:codigoAplicacao>
    <emp:tipoEmpenho>1</emp:tipoEmpenho>
    <emp:valorEmpenho>0000000004080.92</emp:valorEmpenho>
    <emp:tipoRestPagar>1</emp:tipoRestPagar>
  </emp:RestosApagar>
  <emp:RestosApagar>
    <emp:codigoUnidOrcamentaria>020401</emp:codigoUnidOrcamentaria>
    <emp:codigoFuncao>10</emp:codigoFuncao>
    <emp:codigoSubFuncao>301</emp:codigoSubFuncao>
    <emp:codigoPrograma>0020</emp:codigoPrograma>
    <emp:codigoAcao>2160</emp:codigoAcao>
    <emp:codigoCateEconomica>3</emp:codigoCateEconomica>
    <emp:codigoNatuDespesa>1</emp:codigoNatuDespesa>
    <emp:codigoModaAplicacao>90</emp:codigoModaAplicacao>
    <emp:codigoElemDespesa>11</emp:codigoElemDespesa>
    <emp:codigoSubeDespesa>1101</emp:codigoSubeDespesa>
    <emp:fonteRecurso>
      <gen:ioc>1</gen:ioc>
      <gen:tipoFontRecurso>214</gen:tipoFontRecurso>
      <gen:anoIngrFontRecurso>0000</gen:anoIngrFontRecurso>
    </emp:fonteRecurso>
    <emp:anoEmisEmpenho>2019</emp:anoEmisEmpenho>
    <emp:numeroEmpenho>1230065</emp:numeroEmpenho>
    <emp:dataEmisEmpenho>2019-12-30</emp:dataEmisEmpenho>
    <emp:tipoModaLicitacao>9</emp:tipoModaLicitacao>
    <emp:naProcLicitatorio>
      <gen:numero>000000</gen:numero>
      <gen:ano>0000</gen:ano>
    </emp:naProcLicitatorio>
    <emp:historicoEmpenho>VALOR QUE SE EMPENHA REFERESE AO PAGAMENTO DE VENCIMENTOS DE SERVIDORES LOTADOS COMO AUXILIAR ADMINISTRATIVO NA SECRETARIA DE SAUDE. REF.12 2019</emp:historicoEmpenho>
    <emp:cpfOrdeDespesa>00048024899</emp:cpfOrdeDespesa>
    <emp:cpfCnpjCredor>00000000000000</emp:cpfCnpjCredor>
    <emp:codigoAplicacao>115</emp:codigoAplicacao>
    <emp:tipoEmpenho>1</emp:tipoEmpenho>
    <emp:valorEmpenho>0000000003143.70</emp:valorEmpenho>
    <emp:tipoRestPagar>1</emp:tipoRestPagar>
  </emp:RestosApagar>
  <emp:RestosApagar>
    <emp:codigoUnidOrcamentaria>020401</emp:codigoUnidOrcamentaria>
    <emp:codigoFuncao>10</emp:codigoFuncao>
    <emp:codigoSubFuncao>301</emp:codigoSubFuncao>
    <emp:codigoPrograma>0020</emp:codigoPrograma>
    <emp:codigoAcao>2160</emp:codigoAcao>
    <emp:codigoCateEconomica>3</emp:codigoCateEconomica>
    <emp:codigoNatuDespesa>1</emp:codigoNatuDespesa>
    <emp:codigoModaAplicacao>90</emp:codigoModaAplicacao>
    <emp:codigoElemDespesa>11</emp:codigoElemDespesa>
    <emp:codigoSubeDespesa>1101</emp:codigoSubeDespesa>
    <emp:fonteRecurso>
      <gen:ioc>1</gen:ioc>
      <gen:tipoFontRecurso>214</gen:tipoFontRecurso>
      <gen:anoIngrFontRecurso>0000</gen:anoIngrFontRecurso>
    </emp:fonteRecurso>
    <emp:anoEmisEmpenho>2019</emp:anoEmisEmpenho>
    <emp:numeroEmpenho>1230066</emp:numeroEmpenho>
    <emp:dataEmisEmpenho>2019-12-30</emp:dataEmisEmpenho>
    <emp:tipoModaLicitacao>9</emp:tipoModaLicitacao>
    <emp:naProcLicitatorio>
      <gen:numero>000000</gen:numero>
      <gen:ano>0000</gen:ano>
    </emp:naProcLicitatorio>
    <emp:historicoEmpenho>VALOR QUE SE EMPENHA PARA PAGAMENTO DE REMUNERACAO DOS TECNICOS DE ENFERMAGEM LOTADOS NA SECRETARIA MUNICIPAL DE SAUDE DESTE MUNICIPIO. REF. 012 2019.</emp:historicoEmpenho>
    <emp:cpfOrdeDespesa>00048024899</emp:cpfOrdeDespesa>
    <emp:cpfCnpjCredor>00000000000000</emp:cpfCnpjCredor>
    <emp:codigoAplicacao>115</emp:codigoAplicacao>
    <emp:tipoEmpenho>1</emp:tipoEmpenho>
    <emp:valorEmpenho>0000000033920.19</emp:valorEmpenho>
    <emp:tipoRestPagar>1</emp:tipoRestPagar>
  </emp:RestosApagar>
  <emp:RestosApagar>
    <emp:codigoUnidOrcamentaria>020401</emp:codigoUnidOrcamentaria>
    <emp:codigoFuncao>10</emp:codigoFuncao>
    <emp:codigoSubFuncao>301</emp:codigoSubFuncao>
    <emp:codigoPrograma>0020</emp:codigoPrograma>
    <emp:codigoAcao>2160</emp:codigoAcao>
    <emp:codigoCateEconomica>3</emp:codigoCateEconomica>
    <emp:codigoNatuDespesa>1</emp:codigoNatuDespesa>
    <emp:codigoModaAplicacao>90</emp:codigoModaAplicacao>
    <emp:codigoElemDespesa>11</emp:codigoElemDespesa>
    <emp:codigoSubeDespesa>1101</emp:codigoSubeDespesa>
    <emp:fonteRecurso>
      <gen:ioc>1</gen:ioc>
      <gen:tipoFontRecurso>214</gen:tipoFontRecurso>
      <gen:anoIngrFontRecurso>0000</gen:anoIngrFontRecurso>
    </emp:fonteRecurso>
    <emp:anoEmisEmpenho>2019</emp:anoEmisEmpenho>
    <emp:numeroEmpenho>1230067</emp:numeroEmpenho>
    <emp:dataEmisEmpenho>2019-12-30</emp:dataEmisEmpenho>
    <emp:tipoModaLicitacao>9</emp:tipoModaLicitacao>
    <emp:naProcLicitatorio>
      <gen:numero>000000</gen:numero>
      <gen:ano>0000</gen:ano>
    </emp:naProcLicitatorio>
    <emp:historicoEmpenho>VALOR QUE SE EMPENHA PARA PAGAMENTO REFERENTE AOS VENCIMENTOS E VANTAGENS FIXAS DO PESSOAL LOTADO NO CAPS DESTE MUNICIPIO.12 2019</emp:historicoEmpenho>
    <emp:cpfOrdeDespesa>00048024899</emp:cpfOrdeDespesa>
    <emp:cpfCnpjCredor>00000000000000</emp:cpfCnpjCredor>
    <emp:codigoAplicacao>115</emp:codigoAplicacao>
    <emp:tipoEmpenho>1</emp:tipoEmpenho>
    <emp:valorEmpenho>0000000042691.57</emp:valorEmpenho>
    <emp:tipoRestPagar>1</emp:tipoRestPagar>
  </emp:RestosApagar>
  <emp:RestosApagar>
    <emp:codigoUnidOrcamentaria>020401</emp:codigoUnidOrcamentaria>
    <emp:codigoFuncao>10</emp:codigoFuncao>
    <emp:codigoSubFuncao>301</emp:codigoSubFuncao>
    <emp:codigoPrograma>0020</emp:codigoPrograma>
    <emp:codigoAcao>2160</emp:codigoAcao>
    <emp:codigoCateEconomica>3</emp:codigoCateEconomica>
    <emp:codigoNatuDespesa>1</emp:codigoNatuDespesa>
    <emp:codigoModaAplicacao>90</emp:codigoModaAplicacao>
    <emp:codigoElemDespesa>11</emp:codigoElemDespesa>
    <emp:codigoSubeDespesa>1101</emp:codigoSubeDespesa>
    <emp:fonteRecurso>
      <gen:ioc>1</gen:ioc>
      <gen:tipoFontRecurso>001</gen:tipoFontRecurso>
      <gen:anoIngrFontRecurso>0000</gen:anoIngrFontRecurso>
    </emp:fonteRecurso>
    <emp:anoEmisEmpenho>2019</emp:anoEmisEmpenho>
    <emp:numeroEmpenho>1230068</emp:numeroEmpenho>
    <emp:dataEmisEmpenho>2019-12-30</emp:dataEmisEmpenho>
    <emp:tipoModaLicitacao>9</emp:tipoModaLicitacao>
    <emp:naProcLicitatorio>
      <gen:numero>000000</gen:numero>
      <gen:ano>0000</gen:ano>
    </emp:naProcLicitatorio>
    <emp:historicoEmpenho>VALOR QUE SE EMPENHA PARA PAGAMENTO DE REMUNERACAO DO BIOQUIMICO LOTADO NA SECRETARIA MUNICIPAL DE SAUDE DESTE MUNICIPIO. REF. 012 2019.</emp:historicoEmpenho>
    <emp:cpfOrdeDespesa>00048024899</emp:cpfOrdeDespesa>
    <emp:cpfCnpjCredor>00000000000000</emp:cpfCnpjCredor>
    <emp:codigoAplicacao>300</emp:codigoAplicacao>
    <emp:tipoEmpenho>1</emp:tipoEmpenho>
    <emp:valorEmpenho>0000000002898.00</emp:valorEmpenho>
    <emp:tipoRestPagar>1</emp:tipoRestPagar>
  </emp:RestosApagar>
  <emp:RestosApagar>
    <emp:codigoUnidOrcamentaria>020401</emp:codigoUnidOrcamentaria>
    <emp:codigoFuncao>10</emp:codigoFuncao>
    <emp:codigoSubFuncao>301</emp:codigoSubFuncao>
    <emp:codigoPrograma>0020</emp:codigoPrograma>
    <emp:codigoAcao>2160</emp:codigoAcao>
    <emp:codigoCateEconomica>3</emp:codigoCateEconomica>
    <emp:codigoNatuDespesa>1</emp:codigoNatuDespesa>
    <emp:codigoModaAplicacao>90</emp:codigoModaAplicacao>
    <emp:codigoElemDespesa>11</emp:codigoElemDespesa>
    <emp:codigoSubeDespesa>1101</emp:codigoSubeDespesa>
    <emp:fonteRecurso>
      <gen:ioc>1</gen:ioc>
      <gen:tipoFontRecurso>001</gen:tipoFontRecurso>
      <gen:anoIngrFontRecurso>0000</gen:anoIngrFontRecurso>
    </emp:fonteRecurso>
    <emp:anoEmisEmpenho>2019</emp:anoEmisEmpenho>
    <emp:numeroEmpenho>1230069</emp:numeroEmpenho>
    <emp:dataEmisEmpenho>2019-12-30</emp:dataEmisEmpenho>
    <emp:tipoModaLicitacao>9</emp:tipoModaLicitacao>
    <emp:naProcLicitatorio>
      <gen:numero>000000</gen:numero>
      <gen:ano>0000</gen:ano>
    </emp:naProcLicitatorio>
    <emp:historicoEmpenho>VALOR QUE SE EMPENHA REFERESE AO PAGAMENTO DE VENCIMENTOS DE SALARIO DE CIRURGIAO DENTISTA LOTADO NA SECRETARIA DA SAUDE. REF. 012 2019</emp:historicoEmpenho>
    <emp:cpfOrdeDespesa>00048024899</emp:cpfOrdeDespesa>
    <emp:cpfCnpjCredor>00000000000000</emp:cpfCnpjCredor>
    <emp:codigoAplicacao>300</emp:codigoAplicacao>
    <emp:tipoEmpenho>1</emp:tipoEmpenho>
    <emp:valorEmpenho>0000000002098.00</emp:valorEmpenho>
    <emp:tipoRestPagar>1</emp:tipoRestPagar>
  </emp:RestosApagar>
  <emp:RestosApagar>
    <emp:codigoUnidOrcamentaria>020401</emp:codigoUnidOrcamentaria>
    <emp:codigoFuncao>10</emp:codigoFuncao>
    <emp:codigoSubFuncao>301</emp:codigoSubFuncao>
    <emp:codigoPrograma>0020</emp:codigoPrograma>
    <emp:codigoAcao>2160</emp:codigoAcao>
    <emp:codigoCateEconomica>3</emp:codigoCateEconomica>
    <emp:codigoNatuDespesa>1</emp:codigoNatuDespesa>
    <emp:codigoModaAplicacao>90</emp:codigoModaAplicacao>
    <emp:codigoElemDespesa>11</emp:codigoElemDespesa>
    <emp:codigoSubeDespesa>1101</emp:codigoSubeDespesa>
    <emp:fonteRecurso>
      <gen:ioc>1</gen:ioc>
      <gen:tipoFontRecurso>001</gen:tipoFontRecurso>
      <gen:anoIngrFontRecurso>0000</gen:anoIngrFontRecurso>
    </emp:fonteRecurso>
    <emp:anoEmisEmpenho>2019</emp:anoEmisEmpenho>
    <emp:numeroEmpenho>1231014</emp:numeroEmpenho>
    <emp:dataEmisEmpenho>2019-12-31</emp:dataEmisEmpenho>
    <emp:tipoModaLicitacao>9</emp:tipoModaLicitacao>
    <emp:naProcLicitatorio>
      <gen:numero>000000</gen:numero>
      <gen:ano>0000</gen:ano>
    </emp:naProcLicitatorio>
    <emp:historicoEmpenho>VALOR EMPENHADO REFERESE AO PAGAMENTO DE VENCIMENTO DE SERVIDOR NA COORDENACAO DE ZOONOSES E ENDEMIAS. REF 12 2019</emp:historicoEmpenho>
    <emp:cpfOrdeDespesa>00048024899</emp:cpfOrdeDespesa>
    <emp:cpfCnpjCredor>00000000000000</emp:cpfCnpjCredor>
    <emp:codigoAplicacao>300</emp:codigoAplicacao>
    <emp:tipoEmpenho>1</emp:tipoEmpenho>
    <emp:valorEmpenho>0000000000998.00</emp:valorEmpenho>
    <emp:tipoRestPagar>1</emp:tipoRestPagar>
  </emp:RestosApagar>
  <emp:RestosApagar>
    <emp:codigoUnidOrcamentaria>020401</emp:codigoUnidOrcamentaria>
    <emp:codigoFuncao>10</emp:codigoFuncao>
    <emp:codigoSubFuncao>301</emp:codigoSubFuncao>
    <emp:codigoPrograma>0020</emp:codigoPrograma>
    <emp:codigoAcao>2160</emp:codigoAcao>
    <emp:codigoCateEconomica>3</emp:codigoCateEconomica>
    <emp:codigoNatuDespesa>1</emp:codigoNatuDespesa>
    <emp:codigoModaAplicacao>90</emp:codigoModaAplicacao>
    <emp:codigoElemDespesa>11</emp:codigoElemDespesa>
    <emp:codigoSubeDespesa>1143</emp:codigoSubeDespesa>
    <emp:fonteRecurso>
      <gen:ioc>1</gen:ioc>
      <gen:tipoFontRecurso>001</gen:tipoFontRecurso>
      <gen:anoIngrFontRecurso>0000</gen:anoIngrFontRecurso>
    </emp:fonteRecurso>
    <emp:anoEmisEmpenho>2019</emp:anoEmisEmpenho>
    <emp:numeroEmpenho>0730020</emp:numeroEmpenho>
    <emp:dataEmisEmpenho>2019-07-30</emp:dataEmisEmpenho>
    <emp:tipoModaLicitacao>9</emp:tipoModaLicitacao>
    <emp:naProcLicitatorio>
      <gen:numero>000000</gen:numero>
      <gen:ano>0000</gen:ano>
    </emp:naProcLicitatorio>
    <emp:historicoEmpenho>VALOR QUE SE EMPENHA PARA PAGAMENTO DE 13ºSALARIO DO VIGIA DA SECRETARIA DE SAUDE.</emp:historicoEmpenho>
    <emp:cpfOrdeDespesa>00048024899</emp:cpfOrdeDespesa>
    <emp:cpfCnpjCredor>00000000000000</emp:cpfCnpjCredor>
    <emp:codigoAplicacao>300</emp:codigoAplicacao>
    <emp:tipoEmpenho>1</emp:tipoEmpenho>
    <emp:valorEmpenho>0000000000598.80</emp:valorEmpenho>
    <emp:tipoRestPagar>1</emp:tipoRestPagar>
  </emp:RestosApagar>
  <emp:RestosApagar>
    <emp:codigoUnidOrcamentaria>020401</emp:codigoUnidOrcamentaria>
    <emp:codigoFuncao>10</emp:codigoFuncao>
    <emp:codigoSubFuncao>301</emp:codigoSubFuncao>
    <emp:codigoPrograma>0020</emp:codigoPrograma>
    <emp:codigoAcao>2160</emp:codigoAcao>
    <emp:codigoCateEconomica>3</emp:codigoCateEconomica>
    <emp:codigoNatuDespesa>1</emp:codigoNatuDespesa>
    <emp:codigoModaAplicacao>90</emp:codigoModaAplicacao>
    <emp:codigoElemDespesa>11</emp:codigoElemDespesa>
    <emp:codigoSubeDespesa>1143</emp:codigoSubeDespesa>
    <emp:fonteRecurso>
      <gen:ioc>1</gen:ioc>
      <gen:tipoFontRecurso>214</gen:tipoFontRecurso>
      <gen:anoIngrFontRecurso>0000</gen:anoIngrFontRecurso>
    </emp:fonteRecurso>
    <emp:anoEmisEmpenho>2019</emp:anoEmisEmpenho>
    <emp:numeroEmpenho>1030052</emp:numeroEmpenho>
    <emp:dataEmisEmpenho>2019-10-30</emp:dataEmisEmpenho>
    <emp:tipoModaLicitacao>9</emp:tipoModaLicitacao>
    <emp:naProcLicitatorio>
      <gen:numero>000000</gen:numero>
      <gen:ano>0000</gen:ano>
    </emp:naProcLicitatorio>
    <emp:historicoEmpenho>VALOR QUE SE EMPENHA PARA PAGAMENTO DE 13º SALARIO DE AGENTE COMUNITARIO DE SAUDE. 10 2019</emp:historicoEmpenho>
    <emp:cpfOrdeDespesa>00048024899</emp:cpfOrdeDespesa>
    <emp:cpfCnpjCredor>00000000000000</emp:cpfCnpjCredor>
    <emp:codigoAplicacao>115</emp:codigoAplicacao>
    <emp:tipoEmpenho>1</emp:tipoEmpenho>
    <emp:valorEmpenho>0000000000812.50</emp:valorEmpenho>
    <emp:tipoRestPagar>1</emp:tipoRestPagar>
  </emp:RestosApagar>
  <emp:RestosApagar>
    <emp:codigoUnidOrcamentaria>020401</emp:codigoUnidOrcamentaria>
    <emp:codigoFuncao>10</emp:codigoFuncao>
    <emp:codigoSubFuncao>301</emp:codigoSubFuncao>
    <emp:codigoPrograma>0020</emp:codigoPrograma>
    <emp:codigoAcao>2160</emp:codigoAcao>
    <emp:codigoCateEconomica>3</emp:codigoCateEconomica>
    <emp:codigoNatuDespesa>1</emp:codigoNatuDespesa>
    <emp:codigoModaAplicacao>90</emp:codigoModaAplicacao>
    <emp:codigoElemDespesa>11</emp:codigoElemDespesa>
    <emp:codigoSubeDespesa>1144</emp:codigoSubeDespesa>
    <emp:fonteRecurso>
      <gen:ioc>1</gen:ioc>
      <gen:tipoFontRecurso>214</gen:tipoFontRecurso>
      <gen:anoIngrFontRecurso>0000</gen:anoIngrFontRecurso>
    </emp:fonteRecurso>
    <emp:anoEmisEmpenho>2019</emp:anoEmisEmpenho>
    <emp:numeroEmpenho>0130060</emp:numeroEmpenho>
    <emp:dataEmisEmpenho>2019-01-30</emp:dataEmisEmpenho>
    <emp:tipoModaLicitacao>9</emp:tipoModaLicitacao>
    <emp:naProcLicitatorio>
      <gen:numero>000000</gen:numero>
      <gen:ano>0000</gen:ano>
    </emp:naProcLicitatorio>
    <emp:historicoEmpenho>VALOR QUE SE EMPENHA REFERSE AO PAGAMENTO DE FERIAS DOS SERVIDORES AGENTES DE ENDEMIAS DA SECRETARIA DE SAUDE. REFE. 01 2019</emp:historicoEmpenho>
    <emp:cpfOrdeDespesa>00048024899</emp:cpfOrdeDespesa>
    <emp:cpfCnpjCredor>00000000000000</emp:cpfCnpjCredor>
    <emp:codigoAplicacao>115</emp:codigoAplicacao>
    <emp:tipoEmpenho>1</emp:tipoEmpenho>
    <emp:valorEmpenho>0000000001757.60</emp:valorEmpenho>
    <emp:tipoRestPagar>1</emp:tipoRestPagar>
  </emp:RestosApagar>
  <emp:RestosApagar>
    <emp:codigoUnidOrcamentaria>020401</emp:codigoUnidOrcamentaria>
    <emp:codigoFuncao>10</emp:codigoFuncao>
    <emp:codigoSubFuncao>301</emp:codigoSubFuncao>
    <emp:codigoPrograma>0020</emp:codigoPrograma>
    <emp:codigoAcao>2160</emp:codigoAcao>
    <emp:codigoCateEconomica>3</emp:codigoCateEconomica>
    <emp:codigoNatuDespesa>1</emp:codigoNatuDespesa>
    <emp:codigoModaAplicacao>90</emp:codigoModaAplicacao>
    <emp:codigoElemDespesa>11</emp:codigoElemDespesa>
    <emp:codigoSubeDespesa>1144</emp:codigoSubeDespesa>
    <emp:fonteRecurso>
      <gen:ioc>1</gen:ioc>
      <gen:tipoFontRecurso>214</gen:tipoFontRecurso>
      <gen:anoIngrFontRecurso>0000</gen:anoIngrFontRecurso>
    </emp:fonteRecurso>
    <emp:anoEmisEmpenho>2019</emp:anoEmisEmpenho>
    <emp:numeroEmpenho>0130061</emp:numeroEmpenho>
    <emp:dataEmisEmpenho>2019-01-30</emp:dataEmisEmpenho>
    <emp:tipoModaLicitacao>9</emp:tipoModaLicitacao>
    <emp:naProcLicitatorio>
      <gen:numero>000000</gen:numero>
      <gen:ano>0000</gen:ano>
    </emp:naProcLicitatorio>
    <emp:historicoEmpenho>VALOR QUE SE EMPENHA REFERENTE PAGAMENTO DE ABONO PECUNIARIO DE FERIAS DOS AUX. DE SERVICOS GERAIS LOTADOS NA SEC. MUNICIPAL DE SAUDE. 02 2019</emp:historicoEmpenho>
    <emp:cpfOrdeDespesa>00048024899</emp:cpfOrdeDespesa>
    <emp:cpfCnpjCredor>00000000000000</emp:cpfCnpjCredor>
    <emp:codigoAplicacao>115</emp:codigoAplicacao>
    <emp:tipoEmpenho>1</emp:tipoEmpenho>
    <emp:valorEmpenho>0000000003407.60</emp:valorEmpenho>
    <emp:tipoRestPagar>1</emp:tipoRestPagar>
  </emp:RestosApagar>
  <emp:RestosApagar>
    <emp:codigoUnidOrcamentaria>020401</emp:codigoUnidOrcamentaria>
    <emp:codigoFuncao>10</emp:codigoFuncao>
    <emp:codigoSubFuncao>301</emp:codigoSubFuncao>
    <emp:codigoPrograma>0020</emp:codigoPrograma>
    <emp:codigoAcao>2160</emp:codigoAcao>
    <emp:codigoCateEconomica>3</emp:codigoCateEconomica>
    <emp:codigoNatuDespesa>1</emp:codigoNatuDespesa>
    <emp:codigoModaAplicacao>90</emp:codigoModaAplicacao>
    <emp:codigoElemDespesa>11</emp:codigoElemDespesa>
    <emp:codigoSubeDespesa>1144</emp:codigoSubeDespesa>
    <emp:fonteRecurso>
      <gen:ioc>1</gen:ioc>
      <gen:tipoFontRecurso>214</gen:tipoFontRecurso>
      <gen:anoIngrFontRecurso>0000</gen:anoIngrFontRecurso>
    </emp:fonteRecurso>
    <emp:anoEmisEmpenho>2019</emp:anoEmisEmpenho>
    <emp:numeroEmpenho>0130062</emp:numeroEmpenho>
    <emp:dataEmisEmpenho>2019-01-30</emp:dataEmisEmpenho>
    <emp:tipoModaLicitacao>9</emp:tipoModaLicitacao>
    <emp:naProcLicitatorio>
      <gen:numero>000000</gen:numero>
      <gen:ano>0000</gen:ano>
    </emp:naProcLicitatorio>
    <emp:historicoEmpenho>VALOR QUE SE EMPENHA REFERENTE PAGAMENTO DE ABONO PECUNIARIO DE FERIAS DOS AUX. ADMIISTRATIVOS LOTADOS NA SEC. MUNICIPAL DE SAUDE. 01 2019</emp:historicoEmpenho>
    <emp:cpfOrdeDespesa>00048024899</emp:cpfOrdeDespesa>
    <emp:cpfCnpjCredor>00000000000000</emp:cpfCnpjCredor>
    <emp:codigoAplicacao>115</emp:codigoAplicacao>
    <emp:tipoEmpenho>1</emp:tipoEmpenho>
    <emp:valorEmpenho>0000000002671.20</emp:valorEmpenho>
    <emp:tipoRestPagar>1</emp:tipoRestPagar>
  </emp:RestosApagar>
  <emp:RestosApagar>
    <emp:codigoUnidOrcamentaria>020401</emp:codigoUnidOrcamentaria>
    <emp:codigoFuncao>10</emp:codigoFuncao>
    <emp:codigoSubFuncao>301</emp:codigoSubFuncao>
    <emp:codigoPrograma>0020</emp:codigoPrograma>
    <emp:codigoAcao>2160</emp:codigoAcao>
    <emp:codigoCateEconomica>3</emp:codigoCateEconomica>
    <emp:codigoNatuDespesa>1</emp:codigoNatuDespesa>
    <emp:codigoModaAplicacao>90</emp:codigoModaAplicacao>
    <emp:codigoElemDespesa>11</emp:codigoElemDespesa>
    <emp:codigoSubeDespesa>1144</emp:codigoSubeDespesa>
    <emp:fonteRecurso>
      <gen:ioc>1</gen:ioc>
      <gen:tipoFontRecurso>214</gen:tipoFontRecurso>
      <gen:anoIngrFontRecurso>0000</gen:anoIngrFontRecurso>
    </emp:fonteRecurso>
    <emp:anoEmisEmpenho>2019</emp:anoEmisEmpenho>
    <emp:numeroEmpenho>0130063</emp:numeroEmpenho>
    <emp:dataEmisEmpenho>2019-01-30</emp:dataEmisEmpenho>
    <emp:tipoModaLicitacao>9</emp:tipoModaLicitacao>
    <emp:naProcLicitatorio>
      <gen:numero>000000</gen:numero>
      <gen:ano>0000</gen:ano>
    </emp:naProcLicitatorio>
    <emp:historicoEmpenho>VALOR QUE SE EMPENHA REFERSE AO PAGAMENTO DAS FERIAS DOS VIGIAS DA SECRETARIA DE SAUDE. REF 01 2019</emp:historicoEmpenho>
    <emp:cpfOrdeDespesa>00048024899</emp:cpfOrdeDespesa>
    <emp:cpfCnpjCredor>00000000000000</emp:cpfCnpjCredor>
    <emp:codigoAplicacao>115</emp:codigoAplicacao>
    <emp:tipoEmpenho>1</emp:tipoEmpenho>
    <emp:valorEmpenho>0000000001381.85</emp:valorEmpenho>
    <emp:tipoRestPagar>1</emp:tipoRestPagar>
  </emp:RestosApagar>
  <emp:RestosApagar>
    <emp:codigoUnidOrcamentaria>020401</emp:codigoUnidOrcamentaria>
    <emp:codigoFuncao>10</emp:codigoFuncao>
    <emp:codigoSubFuncao>301</emp:codigoSubFuncao>
    <emp:codigoPrograma>0020</emp:codigoPrograma>
    <emp:codigoAcao>2160</emp:codigoAcao>
    <emp:codigoCateEconomica>3</emp:codigoCateEconomica>
    <emp:codigoNatuDespesa>1</emp:codigoNatuDespesa>
    <emp:codigoModaAplicacao>90</emp:codigoModaAplicacao>
    <emp:codigoElemDespesa>11</emp:codigoElemDespesa>
    <emp:codigoSubeDespesa>1144</emp:codigoSubeDespesa>
    <emp:fonteRecurso>
      <gen:ioc>1</gen:ioc>
      <gen:tipoFontRecurso>214</gen:tipoFontRecurso>
      <gen:anoIngrFontRecurso>0000</gen:anoIngrFontRecurso>
    </emp:fonteRecurso>
    <emp:anoEmisEmpenho>2019</emp:anoEmisEmpenho>
    <emp:numeroEmpenho>0130064</emp:numeroEmpenho>
    <emp:dataEmisEmpenho>2019-01-30</emp:dataEmisEmpenho>
    <emp:tipoModaLicitacao>9</emp:tipoModaLicitacao>
    <emp:naProcLicitatorio>
      <gen:numero>000000</gen:numero>
      <gen:ano>0000</gen:ano>
    </emp:naProcLicitatorio>
    <emp:historicoEmpenho>VALOR QUE SE EMPENHA REFERSE AO PAGAMENTO DE FERIAS DE EMFERMEIROS. REF 01 2019</emp:historicoEmpenho>
    <emp:cpfOrdeDespesa>00048024899</emp:cpfOrdeDespesa>
    <emp:cpfCnpjCredor>00000000000000</emp:cpfCnpjCredor>
    <emp:codigoAplicacao>115</emp:codigoAplicacao>
    <emp:tipoEmpenho>1</emp:tipoEmpenho>
    <emp:valorEmpenho>0000000002496.85</emp:valorEmpenho>
    <emp:tipoRestPagar>1</emp:tipoRestPagar>
  </emp:RestosApagar>
  <emp:RestosApagar>
    <emp:codigoUnidOrcamentaria>020401</emp:codigoUnidOrcamentaria>
    <emp:codigoFuncao>10</emp:codigoFuncao>
    <emp:codigoSubFuncao>301</emp:codigoSubFuncao>
    <emp:codigoPrograma>0020</emp:codigoPrograma>
    <emp:codigoAcao>2160</emp:codigoAcao>
    <emp:codigoCateEconomica>3</emp:codigoCateEconomica>
    <emp:codigoNatuDespesa>1</emp:codigoNatuDespesa>
    <emp:codigoModaAplicacao>90</emp:codigoModaAplicacao>
    <emp:codigoElemDespesa>11</emp:codigoElemDespesa>
    <emp:codigoSubeDespesa>1144</emp:codigoSubeDespesa>
    <emp:fonteRecurso>
      <gen:ioc>1</gen:ioc>
      <gen:tipoFontRecurso>214</gen:tipoFontRecurso>
      <gen:anoIngrFontRecurso>0000</gen:anoIngrFontRecurso>
    </emp:fonteRecurso>
    <emp:anoEmisEmpenho>2019</emp:anoEmisEmpenho>
    <emp:numeroEmpenho>0201040</emp:numeroEmpenho>
    <emp:dataEmisEmpenho>2019-02-01</emp:dataEmisEmpenho>
    <emp:tipoModaLicitacao>9</emp:tipoModaLicitacao>
    <emp:naProcLicitatorio>
      <gen:numero>000000</gen:numero>
      <gen:ano>0000</gen:ano>
    </emp:naProcLicitatorio>
    <emp:historicoEmpenho>VALOR EMPENHADO REFERESE AO PAGAMENTO DE FERIAS DE AUXILIARES DE SERVICOS GERAIS DA SECRETARIA DE SAUDE DESTE MUNICIPIO. REF. 02 2019</emp:historicoEmpenho>
    <emp:cpfOrdeDespesa>00048024899</emp:cpfOrdeDespesa>
    <emp:cpfCnpjCredor>00000000000000</emp:cpfCnpjCredor>
    <emp:codigoAplicacao>115</emp:codigoAplicacao>
    <emp:tipoEmpenho>1</emp:tipoEmpenho>
    <emp:valorEmpenho>0000000004327.07</emp:valorEmpenho>
    <emp:tipoRestPagar>1</emp:tipoRestPagar>
  </emp:RestosApagar>
  <emp:RestosApagar>
    <emp:codigoUnidOrcamentaria>020401</emp:codigoUnidOrcamentaria>
    <emp:codigoFuncao>10</emp:codigoFuncao>
    <emp:codigoSubFuncao>301</emp:codigoSubFuncao>
    <emp:codigoPrograma>0020</emp:codigoPrograma>
    <emp:codigoAcao>2160</emp:codigoAcao>
    <emp:codigoCateEconomica>3</emp:codigoCateEconomica>
    <emp:codigoNatuDespesa>1</emp:codigoNatuDespesa>
    <emp:codigoModaAplicacao>90</emp:codigoModaAplicacao>
    <emp:codigoElemDespesa>11</emp:codigoElemDespesa>
    <emp:codigoSubeDespesa>1144</emp:codigoSubeDespesa>
    <emp:fonteRecurso>
      <gen:ioc>1</gen:ioc>
      <gen:tipoFontRecurso>001</gen:tipoFontRecurso>
      <gen:anoIngrFontRecurso>0000</gen:anoIngrFontRecurso>
    </emp:fonteRecurso>
    <emp:anoEmisEmpenho>2019</emp:anoEmisEmpenho>
    <emp:numeroEmpenho>0830062</emp:numeroEmpenho>
    <emp:dataEmisEmpenho>2019-08-30</emp:dataEmisEmpenho>
    <emp:tipoModaLicitacao>9</emp:tipoModaLicitacao>
    <emp:naProcLicitatorio>
      <gen:numero>000000</gen:numero>
      <gen:ano>0000</gen:ano>
    </emp:naProcLicitatorio>
    <emp:historicoEmpenho>VALOR QUE SE EMPENHA PARA PAGAMENTO DE FERIAS DO MOTORISTA LOTADO NA SECRETARIA DE SAUDE 08 2019</emp:historicoEmpenho>
    <emp:cpfOrdeDespesa>00048024899</emp:cpfOrdeDespesa>
    <emp:cpfCnpjCredor>00000000000000</emp:cpfCnpjCredor>
    <emp:codigoAplicacao>300</emp:codigoAplicacao>
    <emp:tipoEmpenho>1</emp:tipoEmpenho>
    <emp:valorEmpenho>0000000002099.47</emp:valorEmpenho>
    <emp:tipoRestPagar>1</emp:tipoRestPagar>
  </emp:RestosApagar>
  <emp:RestosApagar>
    <emp:codigoUnidOrcamentaria>020401</emp:codigoUnidOrcamentaria>
    <emp:codigoFuncao>10</emp:codigoFuncao>
    <emp:codigoSubFuncao>301</emp:codigoSubFuncao>
    <emp:codigoPrograma>0020</emp:codigoPrograma>
    <emp:codigoAcao>2160</emp:codigoAcao>
    <emp:codigoCateEconomica>3</emp:codigoCateEconomica>
    <emp:codigoNatuDespesa>1</emp:codigoNatuDespesa>
    <emp:codigoModaAplicacao>90</emp:codigoModaAplicacao>
    <emp:codigoElemDespesa>11</emp:codigoElemDespesa>
    <emp:codigoSubeDespesa>1144</emp:codigoSubeDespesa>
    <emp:fonteRecurso>
      <gen:ioc>1</gen:ioc>
      <gen:tipoFontRecurso>001</gen:tipoFontRecurso>
      <gen:anoIngrFontRecurso>0000</gen:anoIngrFontRecurso>
    </emp:fonteRecurso>
    <emp:anoEmisEmpenho>2019</emp:anoEmisEmpenho>
    <emp:numeroEmpenho>1030049</emp:numeroEmpenho>
    <emp:dataEmisEmpenho>2019-10-30</emp:dataEmisEmpenho>
    <emp:tipoModaLicitacao>9</emp:tipoModaLicitacao>
    <emp:naProcLicitatorio>
      <gen:numero>000000</gen:numero>
      <gen:ano>0000</gen:ano>
    </emp:naProcLicitatorio>
    <emp:historicoEmpenho>VALOR QUE SE EMPENHA PARA PAGAMENTO DE FERIAS DOS AGENTES COMUNITARIOS DA SECRETARIA DE SAUDE. 10 2019</emp:historicoEmpenho>
    <emp:cpfOrdeDespesa>00048024899</emp:cpfOrdeDespesa>
    <emp:cpfCnpjCredor>00000000000000</emp:cpfCnpjCredor>
    <emp:codigoAplicacao>300</emp:codigoAplicacao>
    <emp:tipoEmpenho>1</emp:tipoEmpenho>
    <emp:valorEmpenho>0000000004313.06</emp:valorEmpenho>
    <emp:tipoRestPagar>1</emp:tipoRestPagar>
  </emp:RestosApagar>
  <emp:RestosApagar>
    <emp:codigoUnidOrcamentaria>020401</emp:codigoUnidOrcamentaria>
    <emp:codigoFuncao>10</emp:codigoFuncao>
    <emp:codigoSubFuncao>301</emp:codigoSubFuncao>
    <emp:codigoPrograma>0025</emp:codigoPrograma>
    <emp:codigoAcao>2185</emp:codigoAcao>
    <emp:codigoCateEconomica>3</emp:codigoCateEconomica>
    <emp:codigoNatuDespesa>1</emp:codigoNatuDespesa>
    <emp:codigoModaAplicacao>90</emp:codigoModaAplicacao>
    <emp:codigoElemDespesa>11</emp:codigoElemDespesa>
    <emp:codigoSubeDespesa>1144</emp:codigoSubeDespesa>
    <emp:fonteRecurso>
      <gen:ioc>1</gen:ioc>
      <gen:tipoFontRecurso>214</gen:tipoFontRecurso>
      <gen:anoIngrFontRecurso>0000</gen:anoIngrFontRecurso>
    </emp:fonteRecurso>
    <emp:anoEmisEmpenho>2019</emp:anoEmisEmpenho>
    <emp:numeroEmpenho>0130058</emp:numeroEmpenho>
    <emp:dataEmisEmpenho>2019-01-30</emp:dataEmisEmpenho>
    <emp:tipoModaLicitacao>9</emp:tipoModaLicitacao>
    <emp:naProcLicitatorio>
      <gen:numero>000000</gen:numero>
      <gen:ano>0000</gen:ano>
    </emp:naProcLicitatorio>
    <emp:historicoEmpenho>VALOR QUE SE EMPENHA REFERENTE PAGAMENTO DE ABONO PECUNIARIO DE FERIAS DOS AGENTES COMUNITARIOS DE SAUDE. REF. 01 2019</emp:historicoEmpenho>
    <emp:cpfOrdeDespesa>00048024899</emp:cpfOrdeDespesa>
    <emp:cpfCnpjCredor>00000000000000</emp:cpfCnpjCredor>
    <emp:codigoAplicacao>115</emp:codigoAplicacao>
    <emp:tipoEmpenho>1</emp:tipoEmpenho>
    <emp:valorEmpenho>0000000008811.80</emp:valorEmpenho>
    <emp:tipoRestPagar>1</emp:tipoRestPagar>
  </emp:RestosApagar>
  <emp:RestosApagar>
    <emp:codigoUnidOrcamentaria>020401</emp:codigoUnidOrcamentaria>
    <emp:codigoFuncao>10</emp:codigoFuncao>
    <emp:codigoSubFuncao>304</emp:codigoSubFuncao>
    <emp:codigoPrograma>0025</emp:codigoPrograma>
    <emp:codigoAcao>2182</emp:codigoAcao>
    <emp:codigoCateEconomica>3</emp:codigoCateEconomica>
    <emp:codigoNatuDespesa>1</emp:codigoNatuDespesa>
    <emp:codigoModaAplicacao>90</emp:codigoModaAplicacao>
    <emp:codigoElemDespesa>11</emp:codigoElemDespesa>
    <emp:codigoSubeDespesa>1144</emp:codigoSubeDespesa>
    <emp:fonteRecurso>
      <gen:ioc>1</gen:ioc>
      <gen:tipoFontRecurso>214</gen:tipoFontRecurso>
      <gen:anoIngrFontRecurso>0000</gen:anoIngrFontRecurso>
    </emp:fonteRecurso>
    <emp:anoEmisEmpenho>2019</emp:anoEmisEmpenho>
    <emp:numeroEmpenho>0130059</emp:numeroEmpenho>
    <emp:dataEmisEmpenho>2019-01-30</emp:dataEmisEmpenho>
    <emp:tipoModaLicitacao>9</emp:tipoModaLicitacao>
    <emp:naProcLicitatorio>
      <gen:numero>000000</gen:numero>
      <gen:ano>0000</gen:ano>
    </emp:naProcLicitatorio>
    <emp:historicoEmpenho>REFERENTE PAGAMENTE DE ABANO PECUNIARIO DOS AGENTES DE VIGILANCA SANITARIA.</emp:historicoEmpenho>
    <emp:cpfOrdeDespesa>00048024899</emp:cpfOrdeDespesa>
    <emp:cpfCnpjCredor>00000000000000</emp:cpfCnpjCredor>
    <emp:codigoAplicacao>115</emp:codigoAplicacao>
    <emp:tipoEmpenho>1</emp:tipoEmpenho>
    <emp:valorEmpenho>0000000001908.00</emp:valorEmpenho>
    <emp:tipoRestPagar>1</emp:tipoRestPagar>
  </emp:RestosApagar>
  <emp:RestosApagar>
    <emp:codigoUnidOrcamentaria>020401</emp:codigoUnidOrcamentaria>
    <emp:codigoFuncao>10</emp:codigoFuncao>
    <emp:codigoSubFuncao>304</emp:codigoSubFuncao>
    <emp:codigoPrograma>0025</emp:codigoPrograma>
    <emp:codigoAcao>2182</emp:codigoAcao>
    <emp:codigoCateEconomica>3</emp:codigoCateEconomica>
    <emp:codigoNatuDespesa>1</emp:codigoNatuDespesa>
    <emp:codigoModaAplicacao>90</emp:codigoModaAplicacao>
    <emp:codigoElemDespesa>11</emp:codigoElemDespesa>
    <emp:codigoSubeDespesa>1144</emp:codigoSubeDespesa>
    <emp:fonteRecurso>
      <gen:ioc>1</gen:ioc>
      <gen:tipoFontRecurso>214</gen:tipoFontRecurso>
      <gen:anoIngrFontRecurso>0000</gen:anoIngrFontRecurso>
    </emp:fonteRecurso>
    <emp:anoEmisEmpenho>2019</emp:anoEmisEmpenho>
    <emp:numeroEmpenho>0201039</emp:numeroEmpenho>
    <emp:dataEmisEmpenho>2019-02-01</emp:dataEmisEmpenho>
    <emp:tipoModaLicitacao>9</emp:tipoModaLicitacao>
    <emp:naProcLicitatorio>
      <gen:numero>000000</gen:numero>
      <gen:ano>0000</gen:ano>
    </emp:naProcLicitatorio>
    <emp:historicoEmpenho>VALOR EMPENHADO REFERESE AO PAGAMENTO DE FERIAS DE SERVIDORESDA VIGILANCIA SANITARIA E AUXILIARES DE SERVICOS GERAIS DESTE MUNICIPIO. REF. 02 2019</emp:historicoEmpenho>
    <emp:cpfOrdeDespesa>00048024899</emp:cpfOrdeDespesa>
    <emp:cpfCnpjCredor>00000000000000</emp:cpfCnpjCredor>
    <emp:codigoAplicacao>115</emp:codigoAplicacao>
    <emp:tipoEmpenho>1</emp:tipoEmpenho>
    <emp:valorEmpenho>0000000002263.20</emp:valorEmpenho>
    <emp:tipoRestPagar>1</emp:tipoRestPagar>
  </emp:RestosApagar>
  <emp:RestosApagar>
    <emp:codigoUnidOrcamentaria>020501</emp:codigoUnidOrcamentaria>
    <emp:codigoFuncao>8</emp:codigoFuncao>
    <emp:codigoSubFuncao>244</emp:codigoSubFuncao>
    <emp:codigoPrograma>0016</emp:codigoPrograma>
    <emp:codigoAcao>2150</emp:codigoAcao>
    <emp:codigoCateEconomica>3</emp:codigoCateEconomica>
    <emp:codigoNatuDespesa>1</emp:codigoNatuDespesa>
    <emp:codigoModaAplicacao>90</emp:codigoModaAplicacao>
    <emp:codigoElemDespesa>11</emp:codigoElemDespesa>
    <emp:codigoSubeDespesa>1101</emp:codigoSubeDespesa>
    <emp:fonteRecurso>
      <gen:ioc>1</gen:ioc>
      <gen:tipoFontRecurso>311</gen:tipoFontRecurso>
      <gen:anoIngrFontRecurso>0000</gen:anoIngrFontRecurso>
    </emp:fonteRecurso>
    <emp:anoEmisEmpenho>2019</emp:anoEmisEmpenho>
    <emp:numeroEmpenho>0430034</emp:numeroEmpenho>
    <emp:dataEmisEmpenho>2019-04-30</emp:dataEmisEmpenho>
    <emp:tipoModaLicitacao>9</emp:tipoModaLicitacao>
    <emp:naProcLicitatorio>
      <gen:numero>000000</gen:numero>
      <gen:ano>0000</gen:ano>
    </emp:naProcLicitatorio>
    <emp:historicoEmpenho>VALOR QUE SE EMPENHA PARA PAGAMENTO DE REMUNERACAO DOS SERVIDORES EFETIVOS LOTADOS NO SETOR ADMNISTRATIVO DA SEC. MUNICIPAL DE ASS. SOCIAL. 04 2019</emp:historicoEmpenho>
    <emp:cpfOrdeDespesa>02211192300</emp:cpfOrdeDespesa>
    <emp:cpfCnpjCredor>00000000000000</emp:cpfCnpjCredor>
    <emp:codigoAplicacao>400</emp:codigoAplicacao>
    <emp:tipoEmpenho>1</emp:tipoEmpenho>
    <emp:valorEmpenho>0000000003803.18</emp:valorEmpenho>
    <emp:tipoRestPagar>1</emp:tipoRestPagar>
  </emp:RestosApagar>
  <emp:RestosApagar>
    <emp:codigoUnidOrcamentaria>020501</emp:codigoUnidOrcamentaria>
    <emp:codigoFuncao>8</emp:codigoFuncao>
    <emp:codigoSubFuncao>244</emp:codigoSubFuncao>
    <emp:codigoPrograma>0016</emp:codigoPrograma>
    <emp:codigoAcao>2150</emp:codigoAcao>
    <emp:codigoCateEconomica>3</emp:codigoCateEconomica>
    <emp:codigoNatuDespesa>1</emp:codigoNatuDespesa>
    <emp:codigoModaAplicacao>90</emp:codigoModaAplicacao>
    <emp:codigoElemDespesa>11</emp:codigoElemDespesa>
    <emp:codigoSubeDespesa>1101</emp:codigoSubeDespesa>
    <emp:fonteRecurso>
      <gen:ioc>1</gen:ioc>
      <gen:tipoFontRecurso>311</gen:tipoFontRecurso>
      <gen:anoIngrFontRecurso>0000</gen:anoIngrFontRecurso>
    </emp:fonteRecurso>
    <emp:anoEmisEmpenho>2019</emp:anoEmisEmpenho>
    <emp:numeroEmpenho>1230048</emp:numeroEmpenho>
    <emp:dataEmisEmpenho>2019-12-30</emp:dataEmisEmpenho>
    <emp:tipoModaLicitacao>9</emp:tipoModaLicitacao>
    <emp:naProcLicitatorio>
      <gen:numero>000000</gen:numero>
      <gen:ano>0000</gen:ano>
    </emp:naProcLicitatorio>
    <emp:historicoEmpenho>PARA PAGAMENTO DE SALARIO FAMILIA AOS SERVIDORES LOTADOS NA SECRETARIA MUNICIPAL DE ASSISTENCIA SOCIAL, REFERENTE 12 2019.</emp:historicoEmpenho>
    <emp:cpfOrdeDespesa>02211192300</emp:cpfOrdeDespesa>
    <emp:cpfCnpjCredor>00000000000000</emp:cpfCnpjCredor>
    <emp:codigoAplicacao>400</emp:codigoAplicacao>
    <emp:tipoEmpenho>1</emp:tipoEmpenho>
    <emp:valorEmpenho>0000000005755.87</emp:valorEmpenho>
    <emp:tipoRestPagar>1</emp:tipoRestPagar>
  </emp:RestosApagar>
  <emp:RestosApagar>
    <emp:codigoUnidOrcamentaria>020501</emp:codigoUnidOrcamentaria>
    <emp:codigoFuncao>8</emp:codigoFuncao>
    <emp:codigoSubFuncao>244</emp:codigoSubFuncao>
    <emp:codigoPrograma>0016</emp:codigoPrograma>
    <emp:codigoAcao>2150</emp:codigoAcao>
    <emp:codigoCateEconomica>3</emp:codigoCateEconomica>
    <emp:codigoNatuDespesa>1</emp:codigoNatuDespesa>
    <emp:codigoModaAplicacao>90</emp:codigoModaAplicacao>
    <emp:codigoElemDespesa>11</emp:codigoElemDespesa>
    <emp:codigoSubeDespesa>1101</emp:codigoSubeDespesa>
    <emp:fonteRecurso>
      <gen:ioc>1</gen:ioc>
      <gen:tipoFontRecurso>311</gen:tipoFontRecurso>
      <gen:anoIngrFontRecurso>0000</gen:anoIngrFontRecurso>
    </emp:fonteRecurso>
    <emp:anoEmisEmpenho>2019</emp:anoEmisEmpenho>
    <emp:numeroEmpenho>1230051</emp:numeroEmpenho>
    <emp:dataEmisEmpenho>2019-12-30</emp:dataEmisEmpenho>
    <emp:tipoModaLicitacao>9</emp:tipoModaLicitacao>
    <emp:naProcLicitatorio>
      <gen:numero>000000</gen:numero>
      <gen:ano>0000</gen:ano>
    </emp:naProcLicitatorio>
    <emp:historicoEmpenho>VALOR QUE SE EMPENHA REFERENTE PAGAMENTO DE REMUNERACAO DOS SERVIDORES LOTADOS NO CONSELHO TUTELAR. 12 2019</emp:historicoEmpenho>
    <emp:cpfOrdeDespesa>02211192300</emp:cpfOrdeDespesa>
    <emp:cpfCnpjCredor>00000000000000</emp:cpfCnpjCredor>
    <emp:codigoAplicacao>400</emp:codigoAplicacao>
    <emp:tipoEmpenho>1</emp:tipoEmpenho>
    <emp:valorEmpenho>0000000004990.00</emp:valorEmpenho>
    <emp:tipoRestPagar>1</emp:tipoRestPagar>
  </emp:RestosApagar>
  <emp:RestosApagar>
    <emp:codigoUnidOrcamentaria>020501</emp:codigoUnidOrcamentaria>
    <emp:codigoFuncao>8</emp:codigoFuncao>
    <emp:codigoSubFuncao>244</emp:codigoSubFuncao>
    <emp:codigoPrograma>0016</emp:codigoPrograma>
    <emp:codigoAcao>2150</emp:codigoAcao>
    <emp:codigoCateEconomica>3</emp:codigoCateEconomica>
    <emp:codigoNatuDespesa>1</emp:codigoNatuDespesa>
    <emp:codigoModaAplicacao>90</emp:codigoModaAplicacao>
    <emp:codigoElemDespesa>11</emp:codigoElemDespesa>
    <emp:codigoSubeDespesa>1101</emp:codigoSubeDespesa>
    <emp:fonteRecurso>
      <gen:ioc>1</gen:ioc>
      <gen:tipoFontRecurso>311</gen:tipoFontRecurso>
      <gen:anoIngrFontRecurso>0000</gen:anoIngrFontRecurso>
    </emp:fonteRecurso>
    <emp:anoEmisEmpenho>2019</emp:anoEmisEmpenho>
    <emp:numeroEmpenho>1230054</emp:numeroEmpenho>
    <emp:dataEmisEmpenho>2019-12-30</emp:dataEmisEmpenho>
    <emp:tipoModaLicitacao>9</emp:tipoModaLicitacao>
    <emp:naProcLicitatorio>
      <gen:numero>000000</gen:numero>
      <gen:ano>0000</gen:ano>
    </emp:naProcLicitatorio>
    <emp:historicoEmpenho>VALOR QUE SE EMPENHA REFERENTE PAGAMENTO DE REMUNERACAO DE SALARIO DA SECRETARIA MUNICIPAL DE ASSISTENCIA SOCIAL E OUTROS. 12 2019.</emp:historicoEmpenho>
    <emp:cpfOrdeDespesa>02211192300</emp:cpfOrdeDespesa>
    <emp:cpfCnpjCredor>00000000000000</emp:cpfCnpjCredor>
    <emp:codigoAplicacao>400</emp:codigoAplicacao>
    <emp:tipoEmpenho>1</emp:tipoEmpenho>
    <emp:valorEmpenho>0000000007644.00</emp:valorEmpenho>
    <emp:tipoRestPagar>1</emp:tipoRestPagar>
  </emp:RestosApagar>
  <emp:RestosApagar>
    <emp:codigoUnidOrcamentaria>020501</emp:codigoUnidOrcamentaria>
    <emp:codigoFuncao>8</emp:codigoFuncao>
    <emp:codigoSubFuncao>244</emp:codigoSubFuncao>
    <emp:codigoPrograma>0016</emp:codigoPrograma>
    <emp:codigoAcao>2150</emp:codigoAcao>
    <emp:codigoCateEconomica>3</emp:codigoCateEconomica>
    <emp:codigoNatuDespesa>1</emp:codigoNatuDespesa>
    <emp:codigoModaAplicacao>90</emp:codigoModaAplicacao>
    <emp:codigoElemDespesa>11</emp:codigoElemDespesa>
    <emp:codigoSubeDespesa>1143</emp:codigoSubeDespesa>
    <emp:fonteRecurso>
      <gen:ioc>1</gen:ioc>
      <gen:tipoFontRecurso>311</gen:tipoFontRecurso>
      <gen:anoIngrFontRecurso>0000</gen:anoIngrFontRecurso>
    </emp:fonteRecurso>
    <emp:anoEmisEmpenho>2019</emp:anoEmisEmpenho>
    <emp:numeroEmpenho>0228069</emp:numeroEmpenho>
    <emp:dataEmisEmpenho>2019-02-28</emp:dataEmisEmpenho>
    <emp:tipoModaLicitacao>9</emp:tipoModaLicitacao>
    <emp:naProcLicitatorio>
      <gen:numero>000000</gen:numero>
      <gen:ano>0000</gen:ano>
    </emp:naProcLicitatorio>
    <emp:historicoEmpenho>VALOR QUE SE EMPENHA PARA PAGAMENTO DE ADIANTAMENTO DE 13° SALARIO DE SERVIDOR EFETIVO LOTADO NA SEC. MUNICIPAL DE ASS. SOCIAL. 02 2019</emp:historicoEmpenho>
    <emp:cpfOrdeDespesa>02211192300</emp:cpfOrdeDespesa>
    <emp:cpfCnpjCredor>00000000000000</emp:cpfCnpjCredor>
    <emp:codigoAplicacao>400</emp:codigoAplicacao>
    <emp:tipoEmpenho>1</emp:tipoEmpenho>
    <emp:valorEmpenho>0000000000576.35</emp:valorEmpenho>
    <emp:tipoRestPagar>1</emp:tipoRestPagar>
  </emp:RestosApagar>
  <emp:RestosApagar>
    <emp:codigoUnidOrcamentaria>020600</emp:codigoUnidOrcamentaria>
    <emp:codigoFuncao>4</emp:codigoFuncao>
    <emp:codigoSubFuncao>123</emp:codigoSubFuncao>
    <emp:codigoPrograma>0005</emp:codigoPrograma>
    <emp:codigoAcao>2081</emp:codigoAcao>
    <emp:codigoCateEconomica>3</emp:codigoCateEconomica>
    <emp:codigoNatuDespesa>1</emp:codigoNatuDespesa>
    <emp:codigoModaAplicacao>90</emp:codigoModaAplicacao>
    <emp:codigoElemDespesa>11</emp:codigoElemDespesa>
    <emp:codigoSubeDespesa>1101</emp:codigoSubeDespesa>
    <emp:fonteRecurso>
      <gen:ioc>1</gen:ioc>
      <gen:tipoFontRecurso>001</gen:tipoFontRecurso>
      <gen:anoIngrFontRecurso>0000</gen:anoIngrFontRecurso>
    </emp:fonteRecurso>
    <emp:anoEmisEmpenho>2019</emp:anoEmisEmpenho>
    <emp:numeroEmpenho>1230047</emp:numeroEmpenho>
    <emp:dataEmisEmpenho>2019-12-30</emp:dataEmisEmpenho>
    <emp:tipoModaLicitacao>9</emp:tipoModaLicitacao>
    <emp:naProcLicitatorio>
      <gen:numero>000000</gen:numero>
      <gen:ano>0000</gen:ano>
    </emp:naProcLicitatorio>
    <emp:historicoEmpenho>VALOR QUE SE EMPENHA PARA PAGAMENTO DE REMUNERACAO DE SERVIDOR LOTADO NO DEPARTAMENTO MUNICIPAL DE FINANCAS. 12 2019.</emp:historicoEmpenho>
    <emp:cpfOrdeDespesa>64378985853</emp:cpfOrdeDespesa>
    <emp:cpfCnpjCredor>00000000000000</emp:cpfCnpjCredor>
    <emp:codigoAplicacao>100</emp:codigoAplicacao>
    <emp:tipoEmpenho>1</emp:tipoEmpenho>
    <emp:valorEmpenho>0000000002700.00</emp:valorEmpenho>
    <emp:tipoRestPagar>1</emp:tipoRestPagar>
  </emp:RestosApagar>
  <emp:RestosApagar>
    <emp:codigoUnidOrcamentaria>020700</emp:codigoUnidOrcamentaria>
    <emp:codigoFuncao>20</emp:codigoFuncao>
    <emp:codigoSubFuncao>605</emp:codigoSubFuncao>
    <emp:codigoPrograma>0005</emp:codigoPrograma>
    <emp:codigoAcao>2500</emp:codigoAcao>
    <emp:codigoCateEconomica>3</emp:codigoCateEconomica>
    <emp:codigoNatuDespesa>1</emp:codigoNatuDespesa>
    <emp:codigoModaAplicacao>90</emp:codigoModaAplicacao>
    <emp:codigoElemDespesa>11</emp:codigoElemDespesa>
    <emp:codigoSubeDespesa>1101</emp:codigoSubeDespesa>
    <emp:fonteRecurso>
      <gen:ioc>1</gen:ioc>
      <gen:tipoFontRecurso>001</gen:tipoFontRecurso>
      <gen:anoIngrFontRecurso>0000</gen:anoIngrFontRecurso>
    </emp:fonteRecurso>
    <emp:anoEmisEmpenho>2019</emp:anoEmisEmpenho>
    <emp:numeroEmpenho>1230045</emp:numeroEmpenho>
    <emp:dataEmisEmpenho>2019-12-30</emp:dataEmisEmpenho>
    <emp:tipoModaLicitacao>9</emp:tipoModaLicitacao>
    <emp:naProcLicitatorio>
      <gen:numero>000000</gen:numero>
      <gen:ano>0000</gen:ano>
    </emp:naProcLicitatorio>
    <emp:historicoEmpenho>VALOR QUE SE EMPENHA REFERENTE PAGAMENTO DE REMUNERACAO DE SERVIDOR LOTADO NO DEPARTAMENTO MUNICIPAL DE AGRICULTURA. 12 2019</emp:historicoEmpenho>
    <emp:cpfOrdeDespesa>64378985853</emp:cpfOrdeDespesa>
    <emp:cpfCnpjCredor>00000000000000</emp:cpfCnpjCredor>
    <emp:codigoAplicacao>100</emp:codigoAplicacao>
    <emp:tipoEmpenho>1</emp:tipoEmpenho>
    <emp:valorEmpenho>0000000002700.00</emp:valorEmpenho>
    <emp:tipoRestPagar>1</emp:tipoRestPagar>
  </emp:RestosApagar>
  <emp:RestosApagar>
    <emp:codigoUnidOrcamentaria>020800</emp:codigoUnidOrcamentaria>
    <emp:codigoFuncao>15</emp:codigoFuncao>
    <emp:codigoSubFuncao>451</emp:codigoSubFuncao>
    <emp:codigoPrograma>0005</emp:codigoPrograma>
    <emp:codigoAcao>2320</emp:codigoAcao>
    <emp:codigoCateEconomica>3</emp:codigoCateEconomica>
    <emp:codigoNatuDespesa>1</emp:codigoNatuDespesa>
    <emp:codigoModaAplicacao>90</emp:codigoModaAplicacao>
    <emp:codigoElemDespesa>11</emp:codigoElemDespesa>
    <emp:codigoSubeDespesa>1101</emp:codigoSubeDespesa>
    <emp:fonteRecurso>
      <gen:ioc>1</gen:ioc>
      <gen:tipoFontRecurso>001</gen:tipoFontRecurso>
      <gen:anoIngrFontRecurso>0000</gen:anoIngrFontRecurso>
    </emp:fonteRecurso>
    <emp:anoEmisEmpenho>2019</emp:anoEmisEmpenho>
    <emp:numeroEmpenho>0301040</emp:numeroEmpenho>
    <emp:dataEmisEmpenho>2019-03-01</emp:dataEmisEmpenho>
    <emp:tipoModaLicitacao>9</emp:tipoModaLicitacao>
    <emp:naProcLicitatorio>
      <gen:numero>000000</gen:numero>
      <gen:ano>0000</gen:ano>
    </emp:naProcLicitatorio>
    <emp:historicoEmpenho>VALOR QUE SE EMPENHA REFERENTE PAGAMENTO DE REMUNERACAO DE SALARIO DE SERVIDOR LOTADO NO DEPARTAMENTO MUNICIPAL DE OBRAS E INFRAESTRUTURAS, 03 2019.</emp:historicoEmpenho>
    <emp:cpfOrdeDespesa>64378985853</emp:cpfOrdeDespesa>
    <emp:cpfCnpjCredor>00000000000000</emp:cpfCnpjCredor>
    <emp:codigoAplicacao>100</emp:codigoAplicacao>
    <emp:tipoEmpenho>1</emp:tipoEmpenho>
    <emp:valorEmpenho>0000000002700.00</emp:valorEmpenho>
    <emp:tipoRestPagar>1</emp:tipoRestPagar>
  </emp:RestosApagar>
  <emp:RestosApagar>
    <emp:codigoUnidOrcamentaria>020800</emp:codigoUnidOrcamentaria>
    <emp:codigoFuncao>15</emp:codigoFuncao>
    <emp:codigoSubFuncao>451</emp:codigoSubFuncao>
    <emp:codigoPrograma>0005</emp:codigoPrograma>
    <emp:codigoAcao>2320</emp:codigoAcao>
    <emp:codigoCateEconomica>3</emp:codigoCateEconomica>
    <emp:codigoNatuDespesa>1</emp:codigoNatuDespesa>
    <emp:codigoModaAplicacao>90</emp:codigoModaAplicacao>
    <emp:codigoElemDespesa>11</emp:codigoElemDespesa>
    <emp:codigoSubeDespesa>1101</emp:codigoSubeDespesa>
    <emp:fonteRecurso>
      <gen:ioc>1</gen:ioc>
      <gen:tipoFontRecurso>001</gen:tipoFontRecurso>
      <gen:anoIngrFontRecurso>0000</gen:anoIngrFontRecurso>
    </emp:fonteRecurso>
    <emp:anoEmisEmpenho>2019</emp:anoEmisEmpenho>
    <emp:numeroEmpenho>1230046</emp:numeroEmpenho>
    <emp:dataEmisEmpenho>2019-12-30</emp:dataEmisEmpenho>
    <emp:tipoModaLicitacao>9</emp:tipoModaLicitacao>
    <emp:naProcLicitatorio>
      <gen:numero>000000</gen:numero>
      <gen:ano>0000</gen:ano>
    </emp:naProcLicitatorio>
    <emp:historicoEmpenho>VALOR QUE SE EMPENHA REFERENTE PAGAMENTO DE REMUNERACAO DE SERVIDOR LOTADO NO DEPARTAMENTO DE OBRAS E INFRAESTRUTURA. 12 2019</emp:historicoEmpenho>
    <emp:cpfOrdeDespesa>64378985853</emp:cpfOrdeDespesa>
    <emp:cpfCnpjCredor>00000000000000</emp:cpfCnpjCredor>
    <emp:codigoAplicacao>100</emp:codigoAplicacao>
    <emp:tipoEmpenho>1</emp:tipoEmpenho>
    <emp:valorEmpenho>0000000002700.00</emp:valorEmpenho>
    <emp:tipoRestPagar>1</emp:tipoRestPagar>
  </emp:RestosApagar>
  <emp:RestosApagar>
    <emp:codigoUnidOrcamentaria>021000</emp:codigoUnidOrcamentaria>
    <emp:codigoFuncao>4</emp:codigoFuncao>
    <emp:codigoSubFuncao>124</emp:codigoSubFuncao>
    <emp:codigoPrograma>0005</emp:codigoPrograma>
    <emp:codigoAcao>2082</emp:codigoAcao>
    <emp:codigoCateEconomica>3</emp:codigoCateEconomica>
    <emp:codigoNatuDespesa>1</emp:codigoNatuDespesa>
    <emp:codigoModaAplicacao>90</emp:codigoModaAplicacao>
    <emp:codigoElemDespesa>11</emp:codigoElemDespesa>
    <emp:codigoSubeDespesa>1101</emp:codigoSubeDespesa>
    <emp:fonteRecurso>
      <gen:ioc>1</gen:ioc>
      <gen:tipoFontRecurso>001</gen:tipoFontRecurso>
      <gen:anoIngrFontRecurso>0000</gen:anoIngrFontRecurso>
    </emp:fonteRecurso>
    <emp:anoEmisEmpenho>2019</emp:anoEmisEmpenho>
    <emp:numeroEmpenho>1230052</emp:numeroEmpenho>
    <emp:dataEmisEmpenho>2019-12-30</emp:dataEmisEmpenho>
    <emp:tipoModaLicitacao>9</emp:tipoModaLicitacao>
    <emp:naProcLicitatorio>
      <gen:numero>000000</gen:numero>
      <gen:ano>0000</gen:ano>
    </emp:naProcLicitatorio>
    <emp:historicoEmpenho>VALOR QUE SE EMPENHA REFERENTE PAGAMENTO DE REMUNERACAO DE SERVIDOR LOTADO NA CONTROLADORIA GERAL DO MUNICIPIO. REF 12 2019</emp:historicoEmpenho>
    <emp:cpfOrdeDespesa>64378985853</emp:cpfOrdeDespesa>
    <emp:cpfCnpjCredor>00000000000000</emp:cpfCnpjCredor>
    <emp:codigoAplicacao>100</emp:codigoAplicacao>
    <emp:tipoEmpenho>1</emp:tipoEmpenho>
    <emp:valorEmpenho>0000000002700.00</emp:valorEmpenho>
    <emp:tipoRestPagar>1</emp:tipoRestPagar>
  </emp:RestosApagar>
  <emp:RestosApagar>
    <emp:codigoUnidOrcamentaria>010100</emp:codigoUnidOrcamentaria>
    <emp:codigoFuncao>1</emp:codigoFuncao>
    <emp:codigoSubFuncao>31</emp:codigoSubFuncao>
    <emp:codigoPrograma>0001</emp:codigoPrograma>
    <emp:codigoAcao>2001</emp:codigoAcao>
    <emp:codigoCateEconomica>3</emp:codigoCateEconomica>
    <emp:codigoNatuDespesa>1</emp:codigoNatuDespesa>
    <emp:codigoModaAplicacao>90</emp:codigoModaAplicacao>
    <emp:codigoElemDespesa>11</emp:codigoElemDespesa>
    <emp:codigoSubeDespesa>1101</emp:codigoSubeDespesa>
    <emp:fonteRecurso>
      <gen:ioc>1</gen:ioc>
      <gen:tipoFontRecurso>001</gen:tipoFontRecurso>
      <gen:anoIngrFontRecurso>0000</gen:anoIngrFontRecurso>
    </emp:fonteRecurso>
    <emp:anoEmisEmpenho>2019</emp:anoEmisEmpenho>
    <emp:numeroEmpenho>1231027</emp:numeroEmpenho>
    <emp:dataEmisEmpenho>2019-12-31</emp:dataEmisEmpenho>
    <emp:tipoModaLicitacao>9</emp:tipoModaLicitacao>
    <emp:naProcLicitatorio>
      <gen:numero>000000</gen:numero>
      <gen:ano>0000</gen:ano>
    </emp:naProcLicitatorio>
    <emp:historicoEmpenho>VALOR QUE SE EMPENHA PARA PAGAMENTO REFERENTE A INCORPORACAO DA CAMARA MUNICIPAL.</emp:historicoEmpenho>
    <emp:cpfOrdeDespesa>78118425304</emp:cpfOrdeDespesa>
    <emp:cpfCnpjCredor>00000000000000</emp:cpfCnpjCredor>
    <emp:codigoAplicacao>100</emp:codigoAplicacao>
    <emp:tipoEmpenho>1</emp:tipoEmpenho>
    <emp:valorEmpenho>0000000000000.15</emp:valorEmpenho>
    <emp:tipoRestPagar>2</emp:tipoRestPagar>
  </emp:RestosApagar>
  <emp:RestosApagar>
    <emp:codigoUnidOrcamentaria>020301</emp:codigoUnidOrcamentaria>
    <emp:codigoFuncao>12</emp:codigoFuncao>
    <emp:codigoSubFuncao>361</emp:codigoSubFuncao>
    <emp:codigoPrograma>0030</emp:codigoPrograma>
    <emp:codigoAcao>2203</emp:codigoAcao>
    <emp:codigoCateEconomica>3</emp:codigoCateEconomica>
    <emp:codigoNatuDespesa>1</emp:codigoNatuDespesa>
    <emp:codigoModaAplicacao>90</emp:codigoModaAplicacao>
    <emp:codigoElemDespesa>11</emp:codigoElemDespesa>
    <emp:codigoSubeDespesa>1101</emp:codigoSubeDespesa>
    <emp:fonteRecurso>
      <gen:ioc>1</gen:ioc>
      <gen:tipoFontRecurso>110</gen:tipoFontRecurso>
      <gen:anoIngrFontRecurso>0000</gen:anoIngrFontRecurso>
    </emp:fonteRecurso>
    <emp:anoEmisEmpenho>2019</emp:anoEmisEmpenho>
    <emp:numeroEmpenho>0830033</emp:numeroEmpenho>
    <emp:dataEmisEmpenho>2019-08-30</emp:dataEmisEmpenho>
    <emp:tipoModaLicitacao>9</emp:tipoModaLicitacao>
    <emp:naProcLicitatorio>
      <gen:numero>000000</gen:numero>
      <gen:ano>0000</gen:ano>
    </emp:naProcLicitatorio>
    <emp:historicoEmpenho>VALOR QUE SE EMPENHA PARA PAGAMENTO REFERENTE AOS VENCIMENTOS E VANTAGENS FIXAS DOS VIGIAS, LOTADOS NA SECRETARIA DE EDUCACAO DESTE MUNICIPIO. 08 2019</emp:historicoEmpenho>
    <emp:cpfOrdeDespesa>01122803311</emp:cpfOrdeDespesa>
    <emp:cpfCnpjCredor>00000000000000</emp:cpfCnpjCredor>
    <emp:codigoAplicacao>240</emp:codigoAplicacao>
    <emp:tipoEmpenho>1</emp:tipoEmpenho>
    <emp:valorEmpenho>0000000000090.00</emp:valorEmpenho>
    <emp:tipoRestPagar>2</emp:tipoRestPagar>
  </emp:RestosApagar>
  <emp:RestosApagar>
    <emp:codigoUnidOrcamentaria>020401</emp:codigoUnidOrcamentaria>
    <emp:codigoFuncao>10</emp:codigoFuncao>
    <emp:codigoSubFuncao>301</emp:codigoSubFuncao>
    <emp:codigoPrograma>0020</emp:codigoPrograma>
    <emp:codigoAcao>2160</emp:codigoAcao>
    <emp:codigoCateEconomica>3</emp:codigoCateEconomica>
    <emp:codigoNatuDespesa>1</emp:codigoNatuDespesa>
    <emp:codigoModaAplicacao>90</emp:codigoModaAplicacao>
    <emp:codigoElemDespesa>11</emp:codigoElemDespesa>
    <emp:codigoSubeDespesa>1144</emp:codigoSubeDespesa>
    <emp:fonteRecurso>
      <gen:ioc>1</gen:ioc>
      <gen:tipoFontRecurso>001</gen:tipoFontRecurso>
      <gen:anoIngrFontRecurso>0000</gen:anoIngrFontRecurso>
    </emp:fonteRecurso>
    <emp:anoEmisEmpenho>2019</emp:anoEmisEmpenho>
    <emp:numeroEmpenho>0830062</emp:numeroEmpenho>
    <emp:dataEmisEmpenho>2019-08-30</emp:dataEmisEmpenho>
    <emp:tipoModaLicitacao>9</emp:tipoModaLicitacao>
    <emp:naProcLicitatorio>
      <gen:numero>000000</gen:numero>
      <gen:ano>0000</gen:ano>
    </emp:naProcLicitatorio>
    <emp:historicoEmpenho>VALOR QUE SE EMPENHA PARA PAGAMENTO DE FERIAS DO MOTORISTA LOTADO NA SECRETARIA DE SAUDE 08 2019</emp:historicoEmpenho>
    <emp:cpfOrdeDespesa>00048024899</emp:cpfOrdeDespesa>
    <emp:cpfCnpjCredor>00000000000000</emp:cpfCnpjCredor>
    <emp:codigoAplicacao>300</emp:codigoAplicacao>
    <emp:tipoEmpenho>1</emp:tipoEmpenho>
    <emp:valorEmpenho>0000000000122.44</emp:valorEmpenho>
    <emp:tipoRestPagar>2</emp:tipoRestPagar>
  </emp:RestosApagar>
</emp:EmpenhoseRP>
