<?xml version="1.0" encoding="ISO-8859-1"?>
<!--**********************************-->
<!--* FIORILLI SOFTWARE LTDA         *-->
<!--* SISTEMA INTEGRADO DE PESSOAL   *-->
<!--* GERADO 26/10/2021 15:22:13     *-->
<!--* VERSAO 7.5.323.17.15045/R      *-->
<!--* USUARIO CLIENTE                *-->
<!--* DOMINIO DESKTOP-EFAV3O1        *-->
<!--* NOME PC DESKTOP-EFAV3O1        *-->
<!--**********************************-->
<aux:CadastrosAuxiliaresSagresFolha xmlns:fol="http://www.tce.pi.gov.br/sagres2021/xml/folhaPagamento" xmlns:aux="http://www.tce.pi.gov.br/sagres2021/xml/cadastrosAuxiliaresSagresFolha" xmlns:gen="http://www.tce.pi.gov.br/sagres2021/xml/genericos" xmlns:tab="http://www.tce.pi.gov.br/sagres2021/xml/tabelasInternas">
  <aux:PrestacaoContas>
    <aux:codigoUnidGestora>201017</aux:codigoUnidGestora>
    <aux:nomeUnidGestora>P. M. DE AVELINO LOPES</aux:nomeUnidGestora>
    <aux:cpfContador>00000000000</aux:cpfContador>
    <aux:cpfGestor>01726047377</aux:cpfGestor>
    <aux:anoReferencia>2021</aux:anoReferencia>
    <aux:mesReferencia>8</aux:mesReferencia>
    <aux:versaoXml>19</aux:versaoXml>
    <aux:diaInicPresContas>1</aux:diaInicPresContas>
    <aux:diaFinaPresContas>31</aux:diaFinaPresContas>
  </aux:PrestacaoContas>
  <aux:Cargo>
    <aux:codigoCargo>00000408</aux:codigoCargo>
    <aux:nomeDoCargo>SECRETARIO DE ESCOLA - ZONA RURAL</aux:nomeDoCargo>
    <aux:cargaHoraria>40</aux:cargaHoraria>
    <aux:tipoEscolaridade>0</aux:tipoEscolaridade>
    <aux:codigoCargoRhWeb>00000000</aux:codigoCargoRhWeb>
    <aux:codigoCargoRhWeb>00000000</aux:codigoCargoRhWeb>
    <aux:codigoCargoRhWeb>00000000</aux:codigoCargoRhWeb>
    <aux:vecimentoBaseOuSalario>0.00</aux:vecimentoBaseOuSalario>
    <aux:tipoOcupacao>111415</aux:tipoOcupacao>
    <aux:naturezaCargo>3</aux:naturezaCargo>
  </aux:Cargo>
  <aux:Cargo>
    <aux:codigoCargo>00000409</aux:codigoCargo>
    <aux:nomeDoCargo>CHEFE DE CADASTRAMENTO CONTROLE E APOIO LOGISTICO</aux:nomeDoCargo>
    <aux:cargaHoraria>40</aux:cargaHoraria>
    <aux:tipoEscolaridade>0</aux:tipoEscolaridade>
    <aux:codigoCargoRhWeb>00000000</aux:codigoCargoRhWeb>
    <aux:codigoCargoRhWeb>00000000</aux:codigoCargoRhWeb>
    <aux:codigoCargoRhWeb>00000000</aux:codigoCargoRhWeb>
    <aux:vecimentoBaseOuSalario>0.00</aux:vecimentoBaseOuSalario>
    <aux:tipoOcupacao>111415</aux:tipoOcupacao>
    <aux:naturezaCargo>3</aux:naturezaCargo>
  </aux:Cargo>
  <aux:Servidor>
    <aux:matricula>000000000200579</aux:matricula>
    <aux:cpfServidor>00360017320</aux:cpfServidor>
    <aux:rgServidor>2421834</aux:rgServidor>
    <aux:orgaoExpedidor>SSPPI</aux:orgaoExpedidor>
    <aux:dataExpeCartDeIdentidade>2000-08-01</aux:dataExpeCartDeIdentidade>
    <aux:nomeServidor>JECIENE SOUSA ALVES</aux:nomeServidor>
    <aux:dataNascimento>1983-02-01</aux:dataNascimento>
    <aux:sexo>2</aux:sexo>
    <aux:tituloEleitor>000000000000000</aux:tituloEleitor>
    <aux:tipoEstaCivil>1</aux:tipoEstaCivil>
    <aux:pisPAsep>000016226592754</aux:pisPAsep>
    <aux:numeroOrgaoClasse>00000000</aux:numeroOrgaoClasse>
    <aux:cpfPai>99999999999</aux:cpfPai>
    <aux:nomePai>NAO CONSTA</aux:nomePai>
    <aux:cpfMae>99999999999</aux:cpfMae>
    <aux:nomeMae>MARIA JOSE ALVES</aux:nomeMae>
  </aux:Servidor>
  <aux:Servidor>
    <aux:matricula>000000000200580</aux:matricula>
    <aux:cpfServidor>01551203367</aux:cpfServidor>
    <aux:rgServidor>2421874</aux:rgServidor>
    <aux:orgaoExpedidor>SSPPI</aux:orgaoExpedidor>
    <aux:dataExpeCartDeIdentidade>1998-09-01</aux:dataExpeCartDeIdentidade>
    <aux:nomeServidor>CRISTIANO PROSPERO GOMES</aux:nomeServidor>
    <aux:dataNascimento>1986-09-05</aux:dataNascimento>
    <aux:sexo>1</aux:sexo>
    <aux:tituloEleitor>000000000000000</aux:tituloEleitor>
    <aux:tipoEstaCivil>1</aux:tipoEstaCivil>
    <aux:pisPAsep>000019035460440</aux:pisPAsep>
    <aux:numeroOrgaoClasse>00000000</aux:numeroOrgaoClasse>
    <aux:cpfPai>99999999999</aux:cpfPai>
    <aux:nomePai>NAO CONSTA</aux:nomePai>
    <aux:cpfMae>99999999999</aux:cpfMae>
    <aux:nomeMae>MARIA PROPERO GOMES</aux:nomeMae>
  </aux:Servidor>
  <aux:Servidor>
    <aux:matricula>000000000200581</aux:matricula>
    <aux:cpfServidor>04671071304</aux:cpfServidor>
    <aux:rgServidor>3154500</aux:rgServidor>
    <aux:orgaoExpedidor>SSPPI</aux:orgaoExpedidor>
    <aux:dataExpeCartDeIdentidade>2001-08-10</aux:dataExpeCartDeIdentidade>
    <aux:nomeServidor>REGINA PEREIRA DA GAMA</aux:nomeServidor>
    <aux:dataNascimento>2021-08-01</aux:dataNascimento>
    <aux:sexo>2</aux:sexo>
    <aux:tituloEleitor>000000000000000</aux:tituloEleitor>
    <aux:tipoEstaCivil>1</aux:tipoEstaCivil>
    <aux:pisPAsep>000016544379051</aux:pisPAsep>
    <aux:numeroOrgaoClasse>00000000</aux:numeroOrgaoClasse>
    <aux:cpfPai>99999999999</aux:cpfPai>
    <aux:nomePai>JOSE ALVES</aux:nomePai>
    <aux:cpfMae>99999999999</aux:cpfMae>
    <aux:nomeMae>MARIA JOSE GAMA</aux:nomeMae>
  </aux:Servidor>
  <aux:Servidor>
    <aux:matricula>000000000200582</aux:matricula>
    <aux:cpfServidor>02460178301</aux:cpfServidor>
    <aux:rgServidor>3796023</aux:rgServidor>
    <aux:orgaoExpedidor>SSPPI</aux:orgaoExpedidor>
    <aux:dataExpeCartDeIdentidade>2012-09-10</aux:dataExpeCartDeIdentidade>
    <aux:nomeServidor>KENNEDY SOUSA OLIVEIRA</aux:nomeServidor>
    <aux:dataNascimento>1995-02-18</aux:dataNascimento>
    <aux:sexo>1</aux:sexo>
    <aux:tituloEleitor>000000000000000</aux:tituloEleitor>
    <aux:tipoEstaCivil>1</aux:tipoEstaCivil>
    <aux:pisPAsep>000021330432675</aux:pisPAsep>
    <aux:numeroOrgaoClasse>00000000</aux:numeroOrgaoClasse>
    <aux:cpfPai>99999999999</aux:cpfPai>
    <aux:nomePai>AMENAZON PROSPERO DE OLIVEIRA</aux:nomePai>
    <aux:cpfMae>99999999999</aux:cpfMae>
    <aux:nomeMae>SIDILENE DE SOUSA OLIVEIRA</aux:nomeMae>
  </aux:Servidor>
  <aux:Servidor>
    <aux:matricula>000000000200583</aux:matricula>
    <aux:cpfServidor>04860478304</aux:cpfServidor>
    <aux:rgServidor>3224769</aux:rgServidor>
    <aux:orgaoExpedidor>SSPPI</aux:orgaoExpedidor>
    <aux:dataExpeCartDeIdentidade>2008-08-15</aux:dataExpeCartDeIdentidade>
    <aux:nomeServidor>RICARDO MARQUES GAMA</aux:nomeServidor>
    <aux:dataNascimento>2021-07-09</aux:dataNascimento>
    <aux:sexo>1</aux:sexo>
    <aux:tituloEleitor>000000000000000</aux:tituloEleitor>
    <aux:tipoEstaCivil>2</aux:tipoEstaCivil>
    <aux:pisPAsep>000019041664079</aux:pisPAsep>
    <aux:numeroOrgaoClasse>00000000</aux:numeroOrgaoClasse>
    <aux:cpfPai>99999999999</aux:cpfPai>
    <aux:nomePai>ANDERSON DOS SANTOS E GAMA</aux:nomePai>
    <aux:cpfMae>99999999999</aux:cpfMae>
    <aux:nomeMae>GILDECIA MARQUES GAMA</aux:nomeMae>
  </aux:Servidor>
</aux:CadastrosAuxiliaresSagresFolha>
