<?xml version="1.0" encoding="ISO-8859-1"?>
<!--**********************************-->
<!--* FIORILLI SOFTWARE LTDA         *-->
<!--* SISTEMA INTEGRADO DE PESSOAL   *-->
<!--* GERADO 19/01/2022 09:56:14     *-->
<!--* VERSAO 7.5.329.16.15195/R      *-->
<!--* USUARIO CLIENTE                *-->
<!--* DOMINIO DESKTOP-EFAV3O1        *-->
<!--* NOME PC DESKTOP-EFAV3O1        *-->
<!--**********************************-->
<his:historicos xmlns:his="http://www.tce.pi.gov.br/sagres2021/xml/historicos" xmlns:aux="http://www.tce.pi.gov.br/sagres2021/xml/cadastrosAuxiliaresSagresFolha" xmlns:gen="http://www.tce.pi.gov.br/sagres2021/xml/genericos" xmlns:tab="http://www.tce.pi.gov.br/sagres2021/xml/tabelasInternas">
  <his:PrestacaoContas>
    <aux:codigoUnidGestora>201017</aux:codigoUnidGestora>
    <aux:nomeUnidGestora>P. M. DE AVELINO LOPES</aux:nomeUnidGestora>
    <aux:cpfContador>00000000000</aux:cpfContador>
    <aux:cpfGestor>01726047377</aux:cpfGestor>
    <aux:anoReferencia>2021</aux:anoReferencia>
    <aux:mesReferencia>11</aux:mesReferencia>
    <aux:versaoXml>19</aux:versaoXml>
    <aux:diaInicPresContas>1</aux:diaInicPresContas>
    <aux:diaFinaPresContas>30</aux:diaFinaPresContas>
  </his:PrestacaoContas>
  <his:HistoricoFuncional>
    <his:matricula>000000000100224</his:matricula>
    <his:cpfServidor>92936610397</his:cpfServidor>
    <his:tipoAtoPessoal>91061</his:tipoAtoPessoal>
    <his:dataMoviFuncional>2021-11-01</his:dataMoviFuncional>
    <his:informacoesAlteradas/>
  </his:HistoricoFuncional>
  <his:HistoricoFuncional>
    <his:matricula>000000000200577</his:matricula>
    <his:cpfServidor>63360470249</his:cpfServidor>
    <his:tipoAtoPessoal>21021</his:tipoAtoPessoal>
    <his:dataMoviFuncional>2021-11-01</his:dataMoviFuncional>
    <his:informacoesAlteradas/>
  </his:HistoricoFuncional>
  <his:HistoricoFuncional>
    <his:matricula>000000000100026</his:matricula>
    <his:cpfServidor>30912970391</his:cpfServidor>
    <his:tipoAtoPessoal>91011</his:tipoAtoPessoal>
    <his:dataMoviFuncional>2021-11-01</his:dataMoviFuncional>
    <his:informacoesAlteradas/>
  </his:HistoricoFuncional>
  <his:HistoricoFuncional>
    <his:matricula>000000000100352</his:matricula>
    <his:cpfServidor>26947964865</his:cpfServidor>
    <his:tipoAtoPessoal>91011</his:tipoAtoPessoal>
    <his:dataMoviFuncional>2021-11-01</his:dataMoviFuncional>
    <his:informacoesAlteradas/>
  </his:HistoricoFuncional>
  <his:HistoricoFuncional>
    <his:matricula>000000000100410</his:matricula>
    <his:cpfServidor>05446270320</his:cpfServidor>
    <his:tipoAtoPessoal>91011</his:tipoAtoPessoal>
    <his:dataMoviFuncional>2021-11-01</his:dataMoviFuncional>
    <his:informacoesAlteradas/>
  </his:HistoricoFuncional>
  <his:HistoricoFuncional>
    <his:matricula>000000000100026</his:matricula>
    <his:cpfServidor>30912970391</his:cpfServidor>
    <his:tipoAtoPessoal>92011</his:tipoAtoPessoal>
    <his:dataMoviFuncional>2021-11-30</his:dataMoviFuncional>
    <his:informacoesAlteradas/>
  </his:HistoricoFuncional>
  <his:HistoricoFuncional>
    <his:matricula>000000000100352</his:matricula>
    <his:cpfServidor>26947964865</his:cpfServidor>
    <his:tipoAtoPessoal>92011</his:tipoAtoPessoal>
    <his:dataMoviFuncional>2021-11-30</his:dataMoviFuncional>
    <his:informacoesAlteradas/>
  </his:HistoricoFuncional>
  <his:HistoricoFuncional>
    <his:matricula>000000000100410</his:matricula>
    <his:cpfServidor>05446270320</his:cpfServidor>
    <his:tipoAtoPessoal>92011</his:tipoAtoPessoal>
    <his:dataMoviFuncional>2021-11-30</his:dataMoviFuncional>
    <his:informacoesAlteradas/>
  </his:HistoricoFuncional>
  <his:HistoricoFuncional>
    <his:matricula>000000000000086</his:matricula>
    <his:cpfServidor>04861420350</his:cpfServidor>
    <his:tipoAtoPessoal>93011</his:tipoAtoPessoal>
    <his:dataMoviFuncional>2021-11-22</his:dataMoviFuncional>
    <his:informacoesAlteradas>
      <gen:atoTipo05>
        <gen:codigoCargo>00000410</gen:codigoCargo>
      </gen:atoTipo05>
    </his:informacoesAlteradas>
  </his:HistoricoFuncional>
</his:historicos>
