<?xml version="1.0" encoding="UTF-8"?>
<his:historicos xmlns:his="http://www.tce.pi.gov.br/sagres2019/xml/historicos" xmlns:gen="http://www.tce.pi.gov.br/sagres2019/xml/genericos" xmlns:tab="http://www.tce.pi.gov.br/sagres2019/xml/tabelasInternas" xmlns:aux="http://www.tce.pi.gov.br/sagres2019/xml/cadastrosAuxiliaresSagresFolha">
	<his:PrestacaoContas>
		<aux:codigoUnidGestora>201133</aux:codigoUnidGestora>
		<aux:nomeUnidGestora>PREFEITURA MUNCIPAL DE MORRO C</aux:nomeUnidGestora>
		<aux:cpfContador>27675215893</aux:cpfContador>
		<aux:cpfGestor>16939900837</aux:cpfGestor>
		<aux:anoReferencia>2019</aux:anoReferencia>
		<aux:mesReferencia>9</aux:mesReferencia>
		<aux:versaoXml>19</aux:versaoXml>
		<aux:diaInicPresContas>1</aux:diaInicPresContas>
		<aux:diaFinaPresContas>30</aux:diaFinaPresContas>
	</his:PrestacaoContas>
</his:historicos>
