<?xml version="1.0" encoding="utf-8"?>
<!--FIORILLI SOC. CIVIL LTDA - SOFTWARE-->
<!--ENVIADO POR: Fabio Almeida-->
<!--VERSAO TCE-PI: 8.25.25.190-->
<!--VERSAO DIARIO RAZAO: 8.25.25.2282-->
<!--VERSAO EVENTOS: 2510-->
<emp:EmpenhoseRP xmlns:emp="http://www.tce.pi.gov.br/sagres2022/xml/empenhoseRP" xmlns:gen="http://www.tce.pi.gov.br/sagres2022/xml/genericos" xmlns:tab="http://www.tce.pi.gov.br/sagres2022/xml/tabelasInternas" xmlns:aux="http://www.tce.pi.gov.br/sagres2022/xml/cadastrosAuxiliares">
  <emp:PrestacaoContas>
    <aux:codigoUnidGestora>101017</aux:codigoUnidGestora>
    <aux:nomeUnidGestora>CAMARA MUNICIPAL DE AVELINO LOPES</aux:nomeUnidGestora>
    <aux:cpfContador>27675215893</aux:cpfContador>
    <aux:cpfGestor>00545524512</aux:cpfGestor>
    <aux:anoReferencia>2022</aux:anoReferencia>
    <aux:mesReferencia>03</aux:mesReferencia>
    <aux:versaoXml>0</aux:versaoXml>
    <aux:diaInicPresContas>01</aux:diaInicPresContas>
    <aux:diaFinaPresContas>31</aux:diaFinaPresContas>
  </emp:PrestacaoContas>
  <emp:Empenho>
    <emp:codigoUnidOrcamentaria>010100</emp:codigoUnidOrcamentaria>
    <emp:codigoFuncao>1</emp:codigoFuncao>
    <emp:codigoSubFuncao>031</emp:codigoSubFuncao>
    <emp:codigoPrograma>0001</emp:codigoPrograma>
    <emp:codigoAcao>2001</emp:codigoAcao>
    <emp:codigoCateEconomica>3</emp:codigoCateEconomica>
    <emp:codigoNatuDespesa>1</emp:codigoNatuDespesa>
    <emp:codigoModaAplicacao>90</emp:codigoModaAplicacao>
    <emp:codigoElemDespesa>13</emp:codigoElemDespesa>
    <emp:fonteRecurso>
      <gen:ioc>1</gen:ioc>
      <gen:tipoFontRecurso>500</gen:tipoFontRecurso>
      <gen:tipoCompFontRecurso>9999</gen:tipoCompFontRecurso>
    </emp:fonteRecurso>
    <emp:codigoSubeDespesa>1302</emp:codigoSubeDespesa>
    <emp:anoEmisEmpenho>2022</emp:anoEmisEmpenho>
    <emp:numeroEmpenho>0315001</emp:numeroEmpenho>
    <emp:dataEmisEmpenho>2022-03-15</emp:dataEmisEmpenho>
    <emp:historicoEmpenho>VALOR EMPENHADO PARA PAGAMENTO REFERENTE AO PAGAMENTO DE INSS, PARTE PATRONAL CONFORME FOLHA DE PAGAMENTO DESTE ORGAO LEGISLATIVO</emp:historicoEmpenho>
    <emp:cpfOrdeDespesa>00545524512</emp:cpfOrdeDespesa>
    <emp:cpfCnpjCredor>00394460008126</emp:cpfCnpjCredor>
    <emp:codigoAplicacao>999</emp:codigoAplicacao>
    <emp:tipoEmpenho>1</emp:tipoEmpenho>
    <emp:valorEmpenho>0000000000266.64</emp:valorEmpenho>
    <emp:numeroContTce></emp:numeroContTce>
  </emp:Empenho>
  <emp:Empenho>
    <emp:codigoUnidOrcamentaria>010100</emp:codigoUnidOrcamentaria>
    <emp:codigoFuncao>1</emp:codigoFuncao>
    <emp:codigoSubFuncao>031</emp:codigoSubFuncao>
    <emp:codigoPrograma>0001</emp:codigoPrograma>
    <emp:codigoAcao>2001</emp:codigoAcao>
    <emp:codigoCateEconomica>3</emp:codigoCateEconomica>
    <emp:codigoNatuDespesa>1</emp:codigoNatuDespesa>
    <emp:codigoModaAplicacao>90</emp:codigoModaAplicacao>
    <emp:codigoElemDespesa>13</emp:codigoElemDespesa>
    <emp:fonteRecurso>
      <gen:ioc>1</gen:ioc>
      <gen:tipoFontRecurso>500</gen:tipoFontRecurso>
      <gen:tipoCompFontRecurso>9999</gen:tipoCompFontRecurso>
    </emp:fonteRecurso>
    <emp:codigoSubeDespesa>1302</emp:codigoSubeDespesa>
    <emp:anoEmisEmpenho>2022</emp:anoEmisEmpenho>
    <emp:numeroEmpenho>0315002</emp:numeroEmpenho>
    <emp:dataEmisEmpenho>2022-03-15</emp:dataEmisEmpenho>
    <emp:historicoEmpenho>VALOR EMPENHADO PARA PAGAMENTO REFERENTE AO PAGAMENTO DE INSS, PARTE PATRONAL CONFORME FOLHA DE PAGAMENTO DESTE ORGAO LEGISLATIVO</emp:historicoEmpenho>
    <emp:cpfOrdeDespesa>00545524512</emp:cpfOrdeDespesa>
    <emp:cpfCnpjCredor>00394460008126</emp:cpfCnpjCredor>
    <emp:codigoAplicacao>999</emp:codigoAplicacao>
    <emp:tipoEmpenho>1</emp:tipoEmpenho>
    <emp:valorEmpenho>0000000000828.64</emp:valorEmpenho>
    <emp:numeroContTce></emp:numeroContTce>
  </emp:Empenho>
  <emp:Empenho>
    <emp:codigoUnidOrcamentaria>010100</emp:codigoUnidOrcamentaria>
    <emp:codigoFuncao>1</emp:codigoFuncao>
    <emp:codigoSubFuncao>031</emp:codigoSubFuncao>
    <emp:codigoPrograma>0001</emp:codigoPrograma>
    <emp:codigoAcao>2001</emp:codigoAcao>
    <emp:codigoCateEconomica>3</emp:codigoCateEconomica>
    <emp:codigoNatuDespesa>1</emp:codigoNatuDespesa>
    <emp:codigoModaAplicacao>90</emp:codigoModaAplicacao>
    <emp:codigoElemDespesa>13</emp:codigoElemDespesa>
    <emp:fonteRecurso>
      <gen:ioc>1</gen:ioc>
      <gen:tipoFontRecurso>500</gen:tipoFontRecurso>
      <gen:tipoCompFontRecurso>9999</gen:tipoCompFontRecurso>
    </emp:fonteRecurso>
    <emp:codigoSubeDespesa>1302</emp:codigoSubeDespesa>
    <emp:anoEmisEmpenho>2022</emp:anoEmisEmpenho>
    <emp:numeroEmpenho>0315003</emp:numeroEmpenho>
    <emp:dataEmisEmpenho>2022-03-15</emp:dataEmisEmpenho>
    <emp:historicoEmpenho>VALOR EMPENHADO PARA PAGAMENTO REFERENTE AO PAGAMENTO DE INSS, PARTE PATRONAL CONFORME FOLHA DE PAGAMENTO DESTE ORGAO LEGISLATIVO</emp:historicoEmpenho>
    <emp:cpfOrdeDespesa>00545524512</emp:cpfOrdeDespesa>
    <emp:cpfCnpjCredor>00394460008126</emp:cpfCnpjCredor>
    <emp:codigoAplicacao>999</emp:codigoAplicacao>
    <emp:tipoEmpenho>1</emp:tipoEmpenho>
    <emp:valorEmpenho>0000000012474.00</emp:valorEmpenho>
    <emp:numeroContTce></emp:numeroContTce>
  </emp:Empenho>
  <emp:Empenho>
    <emp:codigoUnidOrcamentaria>010100</emp:codigoUnidOrcamentaria>
    <emp:codigoFuncao>1</emp:codigoFuncao>
    <emp:codigoSubFuncao>031</emp:codigoSubFuncao>
    <emp:codigoPrograma>0001</emp:codigoPrograma>
    <emp:codigoAcao>2001</emp:codigoAcao>
    <emp:codigoCateEconomica>3</emp:codigoCateEconomica>
    <emp:codigoNatuDespesa>3</emp:codigoNatuDespesa>
    <emp:codigoModaAplicacao>90</emp:codigoModaAplicacao>
    <emp:codigoElemDespesa>14</emp:codigoElemDespesa>
    <emp:fonteRecurso>
      <gen:ioc>1</gen:ioc>
      <gen:tipoFontRecurso>500</gen:tipoFontRecurso>
      <gen:tipoCompFontRecurso>9999</gen:tipoCompFontRecurso>
    </emp:fonteRecurso>
    <emp:codigoSubeDespesa>1401</emp:codigoSubeDespesa>
    <emp:anoEmisEmpenho>2022</emp:anoEmisEmpenho>
    <emp:numeroEmpenho>0316001</emp:numeroEmpenho>
    <emp:dataEmisEmpenho>2022-03-16</emp:dataEmisEmpenho>
    <emp:historicoEmpenho>VALOR EMPENHADO PARA PAGAMENTO REFERENTE A DIARIAS A VEREADORES, PARA RESOLVER ASSUNTOS DESTE ORGAO.</emp:historicoEmpenho>
    <emp:cpfOrdeDespesa>00545524512</emp:cpfOrdeDespesa>
    <emp:cpfCnpjCredor>73229504372</emp:cpfCnpjCredor>
    <emp:codigoAplicacao>999</emp:codigoAplicacao>
    <emp:tipoEmpenho>1</emp:tipoEmpenho>
    <emp:valorEmpenho>0000000001696.80</emp:valorEmpenho>
    <emp:numeroContTce></emp:numeroContTce>
  </emp:Empenho>
  <emp:Empenho>
    <emp:codigoUnidOrcamentaria>010100</emp:codigoUnidOrcamentaria>
    <emp:codigoFuncao>1</emp:codigoFuncao>
    <emp:codigoSubFuncao>031</emp:codigoSubFuncao>
    <emp:codigoPrograma>0001</emp:codigoPrograma>
    <emp:codigoAcao>2001</emp:codigoAcao>
    <emp:codigoCateEconomica>3</emp:codigoCateEconomica>
    <emp:codigoNatuDespesa>3</emp:codigoNatuDespesa>
    <emp:codigoModaAplicacao>90</emp:codigoModaAplicacao>
    <emp:codigoElemDespesa>14</emp:codigoElemDespesa>
    <emp:fonteRecurso>
      <gen:ioc>1</gen:ioc>
      <gen:tipoFontRecurso>500</gen:tipoFontRecurso>
      <gen:tipoCompFontRecurso>9999</gen:tipoCompFontRecurso>
    </emp:fonteRecurso>
    <emp:codigoSubeDespesa>1401</emp:codigoSubeDespesa>
    <emp:anoEmisEmpenho>2022</emp:anoEmisEmpenho>
    <emp:numeroEmpenho>0317001</emp:numeroEmpenho>
    <emp:dataEmisEmpenho>2022-03-17</emp:dataEmisEmpenho>
    <emp:historicoEmpenho>VALOR EMPENHADO PARA PAGAMENTO REFERENTE A DIARIAS PARA RESOLVER ASSUNTOS DESTE ORGAO.</emp:historicoEmpenho>
    <emp:cpfOrdeDespesa>00545524512</emp:cpfOrdeDespesa>
    <emp:cpfCnpjCredor>13986622837</emp:cpfCnpjCredor>
    <emp:codigoAplicacao>999</emp:codigoAplicacao>
    <emp:tipoEmpenho>1</emp:tipoEmpenho>
    <emp:valorEmpenho>0000000002545.20</emp:valorEmpenho>
    <emp:numeroContTce></emp:numeroContTce>
  </emp:Empenho>
  <emp:Empenho>
    <emp:codigoUnidOrcamentaria>010100</emp:codigoUnidOrcamentaria>
    <emp:codigoFuncao>1</emp:codigoFuncao>
    <emp:codigoSubFuncao>031</emp:codigoSubFuncao>
    <emp:codigoPrograma>0001</emp:codigoPrograma>
    <emp:codigoAcao>2001</emp:codigoAcao>
    <emp:codigoCateEconomica>3</emp:codigoCateEconomica>
    <emp:codigoNatuDespesa>3</emp:codigoNatuDespesa>
    <emp:codigoModaAplicacao>90</emp:codigoModaAplicacao>
    <emp:codigoElemDespesa>39</emp:codigoElemDespesa>
    <emp:fonteRecurso>
      <gen:ioc>1</gen:ioc>
      <gen:tipoFontRecurso>500</gen:tipoFontRecurso>
      <gen:tipoCompFontRecurso>9999</gen:tipoCompFontRecurso>
    </emp:fonteRecurso>
    <emp:codigoSubeDespesa>3929</emp:codigoSubeDespesa>
    <emp:anoEmisEmpenho>2022</emp:anoEmisEmpenho>
    <emp:numeroEmpenho>0321001</emp:numeroEmpenho>
    <emp:dataEmisEmpenho>2022-03-21</emp:dataEmisEmpenho>
    <emp:historicoEmpenho>VALOR EMPENHADO PARA PAGAMENTO REFERENTE A FORNECIMENTO DE ENERGIA ELETRICA PARA ESTE ORGAO.</emp:historicoEmpenho>
    <emp:cpfOrdeDespesa>00545524512</emp:cpfOrdeDespesa>
    <emp:cpfCnpjCredor>06840748000189</emp:cpfCnpjCredor>
    <emp:codigoAplicacao>999</emp:codigoAplicacao>
    <emp:tipoEmpenho>1</emp:tipoEmpenho>
    <emp:valorEmpenho>0000000000130.59</emp:valorEmpenho>
    <emp:numeroContTce></emp:numeroContTce>
  </emp:Empenho>
  <emp:Empenho>
    <emp:codigoUnidOrcamentaria>010100</emp:codigoUnidOrcamentaria>
    <emp:codigoFuncao>1</emp:codigoFuncao>
    <emp:codigoSubFuncao>031</emp:codigoSubFuncao>
    <emp:codigoPrograma>0001</emp:codigoPrograma>
    <emp:codigoAcao>2001</emp:codigoAcao>
    <emp:codigoCateEconomica>3</emp:codigoCateEconomica>
    <emp:codigoNatuDespesa>3</emp:codigoNatuDespesa>
    <emp:codigoModaAplicacao>90</emp:codigoModaAplicacao>
    <emp:codigoElemDespesa>14</emp:codigoElemDespesa>
    <emp:fonteRecurso>
      <gen:ioc>1</gen:ioc>
      <gen:tipoFontRecurso>500</gen:tipoFontRecurso>
      <gen:tipoCompFontRecurso>9999</gen:tipoCompFontRecurso>
    </emp:fonteRecurso>
    <emp:codigoSubeDespesa>1401</emp:codigoSubeDespesa>
    <emp:anoEmisEmpenho>2022</emp:anoEmisEmpenho>
    <emp:numeroEmpenho>0321002</emp:numeroEmpenho>
    <emp:dataEmisEmpenho>2022-03-21</emp:dataEmisEmpenho>
    <emp:historicoEmpenho>VALOR EMPENHADO PARA PAGAMENTO REFERENTE A DIARIAS PARA RESOLVER ASSUNTOS DESTE ORGAO.</emp:historicoEmpenho>
    <emp:cpfOrdeDespesa>00545524512</emp:cpfOrdeDespesa>
    <emp:cpfCnpjCredor>88160432372</emp:cpfCnpjCredor>
    <emp:codigoAplicacao>999</emp:codigoAplicacao>
    <emp:tipoEmpenho>1</emp:tipoEmpenho>
    <emp:valorEmpenho>0000000000848.40</emp:valorEmpenho>
    <emp:numeroContTce></emp:numeroContTce>
  </emp:Empenho>
  <emp:Empenho>
    <emp:codigoUnidOrcamentaria>010100</emp:codigoUnidOrcamentaria>
    <emp:codigoFuncao>1</emp:codigoFuncao>
    <emp:codigoSubFuncao>031</emp:codigoSubFuncao>
    <emp:codigoPrograma>0001</emp:codigoPrograma>
    <emp:codigoAcao>2001</emp:codigoAcao>
    <emp:codigoCateEconomica>3</emp:codigoCateEconomica>
    <emp:codigoNatuDespesa>3</emp:codigoNatuDespesa>
    <emp:codigoModaAplicacao>90</emp:codigoModaAplicacao>
    <emp:codigoElemDespesa>30</emp:codigoElemDespesa>
    <emp:fonteRecurso>
      <gen:ioc>1</gen:ioc>
      <gen:tipoFontRecurso>500</gen:tipoFontRecurso>
      <gen:tipoCompFontRecurso>9999</gen:tipoCompFontRecurso>
    </emp:fonteRecurso>
    <emp:codigoSubeDespesa>3022</emp:codigoSubeDespesa>
    <emp:anoEmisEmpenho>2022</emp:anoEmisEmpenho>
    <emp:numeroEmpenho>0322001</emp:numeroEmpenho>
    <emp:dataEmisEmpenho>2022-03-22</emp:dataEmisEmpenho>
    <emp:historicoEmpenho>VALOR EMPENHADO PARA PAGAMENTO REFERENTE A AQUISICAO DE MATERIAL LIMPEZA PARA ESTE ORGAO.</emp:historicoEmpenho>
    <emp:cpfOrdeDespesa>00545524512</emp:cpfOrdeDespesa>
    <emp:cpfCnpjCredor>07700399000162</emp:cpfCnpjCredor>
    <emp:codigoAplicacao>999</emp:codigoAplicacao>
    <emp:tipoEmpenho>1</emp:tipoEmpenho>
    <emp:valorEmpenho>0000000000431.50</emp:valorEmpenho>
    <emp:numeroContTce></emp:numeroContTce>
  </emp:Empenho>
  <emp:Empenho>
    <emp:codigoUnidOrcamentaria>010100</emp:codigoUnidOrcamentaria>
    <emp:codigoFuncao>1</emp:codigoFuncao>
    <emp:codigoSubFuncao>031</emp:codigoSubFuncao>
    <emp:codigoPrograma>0001</emp:codigoPrograma>
    <emp:codigoAcao>2001</emp:codigoAcao>
    <emp:codigoCateEconomica>3</emp:codigoCateEconomica>
    <emp:codigoNatuDespesa>3</emp:codigoNatuDespesa>
    <emp:codigoModaAplicacao>90</emp:codigoModaAplicacao>
    <emp:codigoElemDespesa>36</emp:codigoElemDespesa>
    <emp:fonteRecurso>
      <gen:ioc>1</gen:ioc>
      <gen:tipoFontRecurso>500</gen:tipoFontRecurso>
      <gen:tipoCompFontRecurso>9999</gen:tipoCompFontRecurso>
    </emp:fonteRecurso>
    <emp:codigoSubeDespesa>3620</emp:codigoSubeDespesa>
    <emp:anoEmisEmpenho>2022</emp:anoEmisEmpenho>
    <emp:numeroEmpenho>0322002</emp:numeroEmpenho>
    <emp:dataEmisEmpenho>2022-03-22</emp:dataEmisEmpenho>
    <emp:historicoEmpenho>VALOR EMPENHADO PARA PAGAMENTO REFERENTE A SERVICO DE CONFECCAO DE SALGADOS, BOLOS E DOCES PARA A CAMARA MUNICIPAL DE AVELINO LOPES.</emp:historicoEmpenho>
    <emp:cpfOrdeDespesa>00545524512</emp:cpfOrdeDespesa>
    <emp:cpfCnpjCredor>00983651345</emp:cpfCnpjCredor>
    <emp:codigoAplicacao>999</emp:codigoAplicacao>
    <emp:tipoEmpenho>1</emp:tipoEmpenho>
    <emp:valorEmpenho>0000000001700.00</emp:valorEmpenho>
    <emp:numeroContTce></emp:numeroContTce>
  </emp:Empenho>
  <emp:Empenho>
    <emp:codigoUnidOrcamentaria>010100</emp:codigoUnidOrcamentaria>
    <emp:codigoFuncao>1</emp:codigoFuncao>
    <emp:codigoSubFuncao>031</emp:codigoSubFuncao>
    <emp:codigoPrograma>0001</emp:codigoPrograma>
    <emp:codigoAcao>2001</emp:codigoAcao>
    <emp:codigoCateEconomica>3</emp:codigoCateEconomica>
    <emp:codigoNatuDespesa>3</emp:codigoNatuDespesa>
    <emp:codigoModaAplicacao>90</emp:codigoModaAplicacao>
    <emp:codigoElemDespesa>39</emp:codigoElemDespesa>
    <emp:fonteRecurso>
      <gen:ioc>1</gen:ioc>
      <gen:tipoFontRecurso>500</gen:tipoFontRecurso>
      <gen:tipoCompFontRecurso>9999</gen:tipoCompFontRecurso>
    </emp:fonteRecurso>
    <emp:codigoSubeDespesa>3959</emp:codigoSubeDespesa>
    <emp:anoEmisEmpenho>2022</emp:anoEmisEmpenho>
    <emp:numeroEmpenho>0322003</emp:numeroEmpenho>
    <emp:dataEmisEmpenho>2022-03-22</emp:dataEmisEmpenho>
    <emp:historicoEmpenho>VALOR EMPENHADO PARA PAGAMENTO REFERENTE A TARIFA BANCARIA, CONFORME EXTRATO EM ANEXO.</emp:historicoEmpenho>
    <emp:cpfOrdeDespesa>00545524512</emp:cpfOrdeDespesa>
    <emp:cpfCnpjCredor>00000000144940</emp:cpfCnpjCredor>
    <emp:codigoAplicacao>999</emp:codigoAplicacao>
    <emp:tipoEmpenho>1</emp:tipoEmpenho>
    <emp:valorEmpenho>0000000000055.00</emp:valorEmpenho>
    <emp:numeroContTce></emp:numeroContTce>
  </emp:Empenho>
  <emp:Empenho>
    <emp:codigoUnidOrcamentaria>010100</emp:codigoUnidOrcamentaria>
    <emp:codigoFuncao>1</emp:codigoFuncao>
    <emp:codigoSubFuncao>031</emp:codigoSubFuncao>
    <emp:codigoPrograma>0001</emp:codigoPrograma>
    <emp:codigoAcao>2001</emp:codigoAcao>
    <emp:codigoCateEconomica>3</emp:codigoCateEconomica>
    <emp:codigoNatuDespesa>3</emp:codigoNatuDespesa>
    <emp:codigoModaAplicacao>90</emp:codigoModaAplicacao>
    <emp:codigoElemDespesa>36</emp:codigoElemDespesa>
    <emp:fonteRecurso>
      <gen:ioc>1</gen:ioc>
      <gen:tipoFontRecurso>500</gen:tipoFontRecurso>
      <gen:tipoCompFontRecurso>9999</gen:tipoCompFontRecurso>
    </emp:fonteRecurso>
    <emp:codigoSubeDespesa>3606</emp:codigoSubeDespesa>
    <emp:anoEmisEmpenho>2022</emp:anoEmisEmpenho>
    <emp:numeroEmpenho>0323001</emp:numeroEmpenho>
    <emp:dataEmisEmpenho>2022-03-23</emp:dataEmisEmpenho>
    <emp:historicoEmpenho>VALOR EMPENHADO PARA PAGAMENTO REFERENTE A MANUTENCAO DE COMPUTADORES,MANUTENCAO DE IMPRESSORA E FORNECIMENTO DE INTERNET.</emp:historicoEmpenho>
    <emp:cpfOrdeDespesa>00545524512</emp:cpfOrdeDespesa>
    <emp:cpfCnpjCredor>01453379363</emp:cpfCnpjCredor>
    <emp:codigoAplicacao>999</emp:codigoAplicacao>
    <emp:tipoEmpenho>1</emp:tipoEmpenho>
    <emp:valorEmpenho>0000000000400.00</emp:valorEmpenho>
    <emp:numeroContTce></emp:numeroContTce>
  </emp:Empenho>
  <emp:Empenho>
    <emp:codigoUnidOrcamentaria>010100</emp:codigoUnidOrcamentaria>
    <emp:codigoFuncao>1</emp:codigoFuncao>
    <emp:codigoSubFuncao>031</emp:codigoSubFuncao>
    <emp:codigoPrograma>0001</emp:codigoPrograma>
    <emp:codigoAcao>2001</emp:codigoAcao>
    <emp:codigoCateEconomica>3</emp:codigoCateEconomica>
    <emp:codigoNatuDespesa>3</emp:codigoNatuDespesa>
    <emp:codigoModaAplicacao>90</emp:codigoModaAplicacao>
    <emp:codigoElemDespesa>39</emp:codigoElemDespesa>
    <emp:fonteRecurso>
      <gen:ioc>1</gen:ioc>
      <gen:tipoFontRecurso>500</gen:tipoFontRecurso>
      <gen:tipoCompFontRecurso>9999</gen:tipoCompFontRecurso>
    </emp:fonteRecurso>
    <emp:codigoSubeDespesa>3959</emp:codigoSubeDespesa>
    <emp:anoEmisEmpenho>2022</emp:anoEmisEmpenho>
    <emp:numeroEmpenho>0323002</emp:numeroEmpenho>
    <emp:dataEmisEmpenho>2022-03-23</emp:dataEmisEmpenho>
    <emp:historicoEmpenho>VALOR EMPENHADO PARA PAGAMENTO REFERENTE A TARIFA BANCARIA, CONFORME EXTRATO EM ANEXO.</emp:historicoEmpenho>
    <emp:cpfOrdeDespesa>00545524512</emp:cpfOrdeDespesa>
    <emp:cpfCnpjCredor>00000000144940</emp:cpfCnpjCredor>
    <emp:codigoAplicacao>999</emp:codigoAplicacao>
    <emp:tipoEmpenho>1</emp:tipoEmpenho>
    <emp:valorEmpenho>0000000000022.00</emp:valorEmpenho>
    <emp:numeroContTce></emp:numeroContTce>
  </emp:Empenho>
  <emp:Retencao>
    <emp:codigoUnidOrcamentaria>010100</emp:codigoUnidOrcamentaria>
    <emp:anoEmisEmpenho>2022</emp:anoEmisEmpenho>
    <emp:numeroEmpenho>0118001</emp:numeroEmpenho>
    <emp:numeroDocuLiquidacao>0000003</emp:numeroDocuLiquidacao>
    <emp:tipoRetencao>5</emp:tipoRetencao>
    <emp:tipoOrigRetencao>2</emp:tipoOrigRetencao>
    <emp:cpfCnpjCredor>06554281000100</emp:cpfCnpjCredor>
    <emp:valorRetencao>0000000025047.33</emp:valorRetencao>
  </emp:Retencao>
  <emp:Retencao>
    <emp:codigoUnidOrcamentaria>010100</emp:codigoUnidOrcamentaria>
    <emp:anoEmisEmpenho>2022</emp:anoEmisEmpenho>
    <emp:numeroEmpenho>0118003</emp:numeroEmpenho>
    <emp:numeroDocuLiquidacao>0000003</emp:numeroDocuLiquidacao>
    <emp:tipoRetencao>5</emp:tipoRetencao>
    <emp:tipoOrigRetencao>2</emp:tipoOrigRetencao>
    <emp:cpfCnpjCredor>06554281000100</emp:cpfCnpjCredor>
    <emp:valorRetencao>0000000000717.68</emp:valorRetencao>
  </emp:Retencao>
  <emp:Retencao>
    <emp:codigoUnidOrcamentaria>010100</emp:codigoUnidOrcamentaria>
    <emp:anoEmisEmpenho>2022</emp:anoEmisEmpenho>
    <emp:numeroEmpenho>0118004</emp:numeroEmpenho>
    <emp:numeroDocuLiquidacao>0000003</emp:numeroDocuLiquidacao>
    <emp:tipoRetencao>5</emp:tipoRetencao>
    <emp:tipoOrigRetencao>2</emp:tipoOrigRetencao>
    <emp:cpfCnpjCredor>06554281000100</emp:cpfCnpjCredor>
    <emp:valorRetencao>0000000000090.90</emp:valorRetencao>
  </emp:Retencao>
</emp:EmpenhoseRP>
