<?xml version="1.0" encoding="ISO-8859-1"?>
<!--**********************************-->
<!--* FIORILLI SOFTWARE LTDA         *-->
<!--* SISTEMA INTEGRADO DE PESSOAL   *-->
<!--* GERADO 26/08/2021 09:42:54     *-->
<!--* VERSAO 7.5.319.47.14962/R      *-->
<!--* USUARIO CLIENTE                *-->
<!--* DOMINIO DESKTOP-EFAV3O1        *-->
<!--* NOME PC DESKTOP-EFAV3O1        *-->
<!--**********************************-->
<aux:CadastrosAuxiliaresSagresFolha xmlns:fol="http://www.tce.pi.gov.br/sagres2021/xml/folhaPagamento" xmlns:aux="http://www.tce.pi.gov.br/sagres2021/xml/cadastrosAuxiliaresSagresFolha" xmlns:gen="http://www.tce.pi.gov.br/sagres2021/xml/genericos" xmlns:tab="http://www.tce.pi.gov.br/sagres2021/xml/tabelasInternas">
  <aux:PrestacaoContas>
    <aux:codigoUnidGestora>201017</aux:codigoUnidGestora>
    <aux:nomeUnidGestora>P. M. DE AVELINO LOPES</aux:nomeUnidGestora>
    <aux:cpfContador>00000000000</aux:cpfContador>
    <aux:cpfGestor>01726047377</aux:cpfGestor>
    <aux:anoReferencia>2021</aux:anoReferencia>
    <aux:mesReferencia>6</aux:mesReferencia>
    <aux:versaoXml>19</aux:versaoXml>
    <aux:diaInicPresContas>1</aux:diaInicPresContas>
    <aux:diaFinaPresContas>30</aux:diaFinaPresContas>
  </aux:PrestacaoContas>
  <aux:Cargo>
    <aux:codigoCargo>00000405</aux:codigoCargo>
    <aux:nomeDoCargo>ASSESSORA ESPECIALISTA EM EDUCA��O</aux:nomeDoCargo>
    <aux:cargaHoraria>40</aux:cargaHoraria>
    <aux:tipoEscolaridade>0</aux:tipoEscolaridade>
    <aux:codigoCargoRhWeb>00000000</aux:codigoCargoRhWeb>
    <aux:codigoCargoRhWeb>00000000</aux:codigoCargoRhWeb>
    <aux:codigoCargoRhWeb>00000000</aux:codigoCargoRhWeb>
    <aux:vecimentoBaseOuSalario>0.00</aux:vecimentoBaseOuSalario>
    <aux:tipoOcupacao>111415</aux:tipoOcupacao>
    <aux:naturezaCargo>3</aux:naturezaCargo>
  </aux:Cargo>
  <aux:Servidor>
    <aux:matricula>000000000200576</aux:matricula>
    <aux:cpfServidor>08170774721</aux:cpfServidor>
    <aux:rgServidor>021454300</aux:rgServidor>
    <aux:orgaoExpedidor>SSPPI</aux:orgaoExpedidor>
    <aux:dataExpeCartDeIdentidade>2018-10-08</aux:dataExpeCartDeIdentidade>
    <aux:nomeServidor>HEITOR PENNA PIRES</aux:nomeServidor>
    <aux:dataNascimento>1980-08-17</aux:dataNascimento>
    <aux:sexo>1</aux:sexo>
    <aux:tituloEleitor>000111032630361</aux:tituloEleitor>
    <aux:tipoEstaCivil>1</aux:tipoEstaCivil>
    <aux:pisPAsep>000000000000000</aux:pisPAsep>
    <aux:numeroOrgaoClasse>00000000</aux:numeroOrgaoClasse>
    <aux:cpfPai>99999999999</aux:cpfPai>
    <aux:nomePai>JANUARIO MONTALVERNE PIRES</aux:nomePai>
    <aux:cpfMae>99999999999</aux:cpfMae>
    <aux:nomeMae>DEISE LUCI PENNA PIRES</aux:nomeMae>
  </aux:Servidor>
  <aux:Servidor>
    <aux:matricula>000000000200577</aux:matricula>
    <aux:cpfServidor>63360470249</aux:cpfServidor>
    <aux:rgServidor>1011115</aux:rgServidor>
    <aux:orgaoExpedidor>SSPPI</aux:orgaoExpedidor>
    <aux:dataExpeCartDeIdentidade>2012-07-10</aux:dataExpeCartDeIdentidade>
    <aux:nomeServidor>ELEN JOANNE DA SILVA CURVINA</aux:nomeServidor>
    <aux:dataNascimento>1980-09-16</aux:dataNascimento>
    <aux:sexo>2</aux:sexo>
    <aux:tituloEleitor>000000000000000</aux:tituloEleitor>
    <aux:tipoEstaCivil>1</aux:tipoEstaCivil>
    <aux:pisPAsep>000019009748106</aux:pisPAsep>
    <aux:numeroOrgaoClasse>00000000</aux:numeroOrgaoClasse>
    <aux:cpfPai>99999999999</aux:cpfPai>
    <aux:nomePai>JOSE RODRIGUES</aux:nomePai>
    <aux:cpfMae>99999999999</aux:cpfMae>
    <aux:nomeMae>IRENE PEREIRA DA SILVA</aux:nomeMae>
  </aux:Servidor>
  <aux:Servidor>
    <aux:matricula>000000000200578</aux:matricula>
    <aux:cpfServidor>56561024320</aux:cpfServidor>
    <aux:rgServidor>1197795</aux:rgServidor>
    <aux:orgaoExpedidor>SSPPI</aux:orgaoExpedidor>
    <aux:dataExpeCartDeIdentidade>2019-10-14</aux:dataExpeCartDeIdentidade>
    <aux:nomeServidor>ZELINA PEREIRA DE SOUSA</aux:nomeServidor>
    <aux:dataNascimento>1971-04-27</aux:dataNascimento>
    <aux:sexo>2</aux:sexo>
    <aux:tituloEleitor>000000000000000</aux:tituloEleitor>
    <aux:tipoEstaCivil>2</aux:tipoEstaCivil>
    <aux:pisPAsep>000000000000000</aux:pisPAsep>
    <aux:numeroOrgaoClasse>00000000</aux:numeroOrgaoClasse>
    <aux:cpfPai>99999999999</aux:cpfPai>
    <aux:nomePai>AMINADAB PEREIRA DE SOUSA</aux:nomePai>
    <aux:cpfMae>99999999999</aux:cpfMae>
    <aux:nomeMae>DOMITILA RIBEIRO DE SOUSA</aux:nomeMae>
  </aux:Servidor>
</aux:CadastrosAuxiliaresSagresFolha>
