<?xml version="1.0" encoding="ISO-8859-1"?>
<!--********************************************-->
<!--* FIORILLI SOFTWARE LTDA                   *-->
<!--* SISTEMA INTEGRADO DE PESSOAL             *-->
<!--* GERADO 01/07/2024 15:34:27               *-->
<!--* VERSAO 7.5.392.29.17920/R                *-->
<!--* USUARIO PC EMANOEL                       *-->
<!--* DOMINIO DESKTOP-M7BKEIV                  *-->
<!--* NOME PC DESKTOP-M7BKEIV                  *-->
<!--* USUARIO SISTEMA EMANOEL                  *-->
<!--********************************************-->
<aux:CadastrosAuxiliaresSagresFolha xmlns:fol="http://www.tce.pi.gov.br/sagres2024/xml/folhaPagamento" xmlns:aux="http://www.tce.pi.gov.br/sagres2024/xml/cadastrosAuxiliaresSagresFolha" xmlns:gen="http://www.tce.pi.gov.br/sagres2024/xml/genericos" xmlns:tab="http://www.tce.pi.gov.br/sagres2024/xml/tabelasInternas">
  <aux:PrestacaoContas>
    <aux:codigoUnidGestora>201017</aux:codigoUnidGestora>
    <aux:nomeUnidGestora>P. M. DE AVELINO LOPES</aux:nomeUnidGestora>
    <aux:cpfContador>00000000000</aux:cpfContador>
    <aux:cpfGestor>01726047377</aux:cpfGestor>
    <aux:anoReferencia>2024</aux:anoReferencia>
    <aux:mesReferencia>5</aux:mesReferencia>
    <aux:versaoXml>19</aux:versaoXml>
    <aux:diaInicPresContas>1</aux:diaInicPresContas>
    <aux:diaFinaPresContas>31</aux:diaFinaPresContas>
  </aux:PrestacaoContas>
  <aux:Servidor>
    <aux:matricula>000000000200663</aux:matricula>
    <aux:cpfServidor>02454634376</aux:cpfServidor>
    <aux:rgServidor>635643819</aux:rgServidor>
    <aux:orgaoExpedidor>SSPPI</aux:orgaoExpedidor>
    <aux:dataExpeCartDeIdentidade>2017-07-15</aux:dataExpeCartDeIdentidade>
    <aux:nomeServidor>JOELMA MOREIRA NERES DE SANTANA</aux:nomeServidor>
    <aux:dataNascimento>1987-04-19</aux:dataNascimento>
    <aux:sexo>1</aux:sexo>
    <aux:tituloEleitor>000000000000000</aux:tituloEleitor>
    <aux:tipoEstaCivil>1</aux:tipoEstaCivil>
    <aux:pisPAsep>000016201006150</aux:pisPAsep>
    <aux:numeroOrgaoClasse>00000000</aux:numeroOrgaoClasse>
    <aux:cpfPai>99999999999</aux:cpfPai>
    <aux:nomePai>VALMIR DE SOUSA NERES</aux:nomePai>
    <aux:cpfMae>99999999999</aux:cpfMae>
    <aux:nomeMae>EVA MOREIRA NERES</aux:nomeMae>
  </aux:Servidor>
  <aux:Servidor>
    <aux:matricula>000000000200664</aux:matricula>
    <aux:cpfServidor>96740949387</aux:cpfServidor>
    <aux:rgServidor>597741207</aux:rgServidor>
    <aux:orgaoExpedidor>SSPPI</aux:orgaoExpedidor>
    <aux:dataExpeCartDeIdentidade>2017-09-08</aux:dataExpeCartDeIdentidade>
    <aux:nomeServidor>ILDEANO JUREMA DOS SANTOS</aux:nomeServidor>
    <aux:dataNascimento>1983-11-16</aux:dataNascimento>
    <aux:sexo>1</aux:sexo>
    <aux:tituloEleitor>000000000000000</aux:tituloEleitor>
    <aux:tipoEstaCivil>1</aux:tipoEstaCivil>
    <aux:pisPAsep>000016292730604</aux:pisPAsep>
    <aux:numeroOrgaoClasse>00000000</aux:numeroOrgaoClasse>
    <aux:cpfPai>99999999999</aux:cpfPai>
    <aux:nomePai>ELVIMAR MARQUES DOS SANTOS</aux:nomePai>
    <aux:cpfMae>99999999999</aux:cpfMae>
    <aux:nomeMae>ELZA JUREMA DOS SANTOS</aux:nomeMae>
  </aux:Servidor>
  <aux:Servidor>
    <aux:matricula>000000000200666</aux:matricula>
    <aux:cpfServidor>04861420350</aux:cpfServidor>
    <aux:rgServidor>3125660</aux:rgServidor>
    <aux:orgaoExpedidor>SSPPI</aux:orgaoExpedidor>
    <aux:dataExpeCartDeIdentidade>2008-01-14</aux:dataExpeCartDeIdentidade>
    <aux:nomeServidor>KELLEN BASTOS DA SILVA</aux:nomeServidor>
    <aux:dataNascimento>1992-12-02</aux:dataNascimento>
    <aux:sexo>2</aux:sexo>
    <aux:tituloEleitor>000040047521503</aux:tituloEleitor>
    <aux:tipoEstaCivil>1</aux:tipoEstaCivil>
    <aux:pisPAsep>000019043549927</aux:pisPAsep>
    <aux:numeroOrgaoClasse>00000000</aux:numeroOrgaoClasse>
    <aux:cpfPai>99999999999</aux:cpfPai>
    <aux:nomePai>DIONISIO DE SOUSA E SILVA</aux:nomePai>
    <aux:cpfMae>99999999999</aux:cpfMae>
    <aux:nomeMae>MARLENE SANTANA BASTOS</aux:nomeMae>
  </aux:Servidor>
  <aux:Servidor>
    <aux:matricula>000000000200667</aux:matricula>
    <aux:cpfServidor>05327955397</aux:cpfServidor>
    <aux:rgServidor>3352170</aux:rgServidor>
    <aux:orgaoExpedidor>SSPPI</aux:orgaoExpedidor>
    <aux:dataExpeCartDeIdentidade>2002-08-01</aux:dataExpeCartDeIdentidade>
    <aux:nomeServidor>DAMYLLA NUNES AZEVEDO</aux:nomeServidor>
    <aux:dataNascimento>1995-03-19</aux:dataNascimento>
    <aux:sexo>2</aux:sexo>
    <aux:tituloEleitor>000000000000000</aux:tituloEleitor>
    <aux:tipoEstaCivil>1</aux:tipoEstaCivil>
    <aux:pisPAsep>000016061347570</aux:pisPAsep>
    <aux:numeroOrgaoClasse>00000000</aux:numeroOrgaoClasse>
    <aux:cpfPai>99999999999</aux:cpfPai>
    <aux:nomePai>Sem Nome</aux:nomePai>
    <aux:cpfMae>99999999999</aux:cpfMae>
    <aux:nomeMae>Sem Nome</aux:nomeMae>
  </aux:Servidor>
  <aux:Servidor>
    <aux:matricula>000000000200668</aux:matricula>
    <aux:cpfServidor>21926891368</aux:cpfServidor>
    <aux:rgServidor>21115946</aux:rgServidor>
    <aux:orgaoExpedidor>SSPSP</aux:orgaoExpedidor>
    <aux:dataExpeCartDeIdentidade>1986-05-12</aux:dataExpeCartDeIdentidade>
    <aux:nomeServidor>DEMERVAL BARBOSA DOS SANTOS</aux:nomeServidor>
    <aux:dataNascimento>1959-11-28</aux:dataNascimento>
    <aux:sexo>1</aux:sexo>
    <aux:tituloEleitor>000016153501520</aux:tituloEleitor>
    <aux:tipoEstaCivil>3</aux:tipoEstaCivil>
    <aux:pisPAsep>000017003125054</aux:pisPAsep>
    <aux:numeroOrgaoClasse>00000000</aux:numeroOrgaoClasse>
    <aux:cpfPai>99999999999</aux:cpfPai>
    <aux:nomePai>FRANCISCO PEREIRA DOS SANTOS</aux:nomePai>
    <aux:cpfMae>99999999999</aux:cpfMae>
    <aux:nomeMae>MARIA BARBOSA RIBEIRO</aux:nomeMae>
  </aux:Servidor>
  <aux:Servidor>
    <aux:matricula>000000000200670</aux:matricula>
    <aux:cpfServidor>14771855854</aux:cpfServidor>
    <aux:rgServidor>4931408</aux:rgServidor>
    <aux:orgaoExpedidor>SSPPI</aux:orgaoExpedidor>
    <aux:dataExpeCartDeIdentidade>2018-11-19</aux:dataExpeCartDeIdentidade>
    <aux:nomeServidor>LUIS CARLOS GAMA</aux:nomeServidor>
    <aux:dataNascimento>1974-10-24</aux:dataNascimento>
    <aux:sexo>1</aux:sexo>
    <aux:tituloEleitor>000000000000000</aux:tituloEleitor>
    <aux:tipoEstaCivil>1</aux:tipoEstaCivil>
    <aux:pisPAsep>000021457942986</aux:pisPAsep>
    <aux:numeroOrgaoClasse>00000000</aux:numeroOrgaoClasse>
    <aux:cpfPai>99999999999</aux:cpfPai>
    <aux:nomePai>DEMERVAL ASSIS GAMA</aux:nomePai>
    <aux:cpfMae>99999999999</aux:cpfMae>
    <aux:nomeMae>ANECY DE SOUSA GAMA</aux:nomeMae>
  </aux:Servidor>
</aux:CadastrosAuxiliaresSagresFolha>
