<?xml version="1.0" encoding="ISO-8859-1"?>
<!--********************************************-->
<!--* FIORILLI SOFTWARE LTDA                   *-->
<!--* SISTEMA INTEGRADO DE PESSOAL             *-->
<!--* GERADO 01/07/2024 15:34:29               *-->
<!--* VERSAO 7.5.392.29.17920/R                *-->
<!--* USUARIO PC EMANOEL                       *-->
<!--* DOMINIO DESKTOP-M7BKEIV                  *-->
<!--* NOME PC DESKTOP-M7BKEIV                  *-->
<!--* USUARIO SISTEMA EMANOEL                  *-->
<!--********************************************-->
<his:historicos xmlns:his="http://www.tce.pi.gov.br/sagres2024/xml/historicos" xmlns:aux="http://www.tce.pi.gov.br/sagres2024/xml/cadastrosAuxiliaresSagresFolha" xmlns:gen="http://www.tce.pi.gov.br/sagres2024/xml/genericos" xmlns:tab="http://www.tce.pi.gov.br/sagres2024/xml/tabelasInternas">
  <his:PrestacaoContas>
    <aux:codigoUnidGestora>201017</aux:codigoUnidGestora>
    <aux:nomeUnidGestora>P. M. DE AVELINO LOPES</aux:nomeUnidGestora>
    <aux:cpfContador>00000000000</aux:cpfContador>
    <aux:cpfGestor>01726047377</aux:cpfGestor>
    <aux:anoReferencia>2024</aux:anoReferencia>
    <aux:mesReferencia>5</aux:mesReferencia>
    <aux:versaoXml>19</aux:versaoXml>
    <aux:diaInicPresContas>1</aux:diaInicPresContas>
    <aux:diaFinaPresContas>31</aux:diaFinaPresContas>
  </his:PrestacaoContas>
  <his:HistoricoPessoal>
    <his:matricula>000000000200663</his:matricula>
    <his:cpfServidor>02454634376</his:cpfServidor>
    <his:tipoEscolaridade>3</his:tipoEscolaridade>
    <his:dataAlteracao>2024-05-01</his:dataAlteracao>
    <his:endereco>
      <gen:logradouro>ANFILOFIO MARQUES</gen:logradouro>
      <gen:numero>1</gen:numero>
      <gen:complemento>Sem Complemento</gen:complemento>
      <gen:bairro>CENTRO</gen:bairro>
      <gen:numeroCep>64965000</gen:numeroCep>
      <gen:municipio>Avelino Lopes</gen:municipio>
      <gen:estado>PI</gen:estado>
      <gen:telefoneFixo></gen:telefoneFixo>
      <gen:telefoneCelular></gen:telefoneCelular>
    </his:endereco>
    <his:dadosBancarios>
      <gen:codigoBanco>001</gen:codigoBanco>
      <gen:codigoAgencia>1209</gen:codigoAgencia>
      <gen:numeroContBancaria>889006</gen:numeroContBancaria>
    </his:dadosBancarios>
  </his:HistoricoPessoal>
  <his:HistoricoPessoal>
    <his:matricula>000000000200664</his:matricula>
    <his:cpfServidor>96740949387</his:cpfServidor>
    <his:tipoEscolaridade>3</his:tipoEscolaridade>
    <his:dataAlteracao>2024-05-01</his:dataAlteracao>
    <his:endereco>
      <gen:logradouro>BOM JESUS</gen:logradouro>
      <gen:numero>1</gen:numero>
      <gen:complemento>Sem Complemento</gen:complemento>
      <gen:bairro>CENTRO</gen:bairro>
      <gen:numeroCep>64965000</gen:numeroCep>
      <gen:municipio>Avelino Lopes</gen:municipio>
      <gen:estado>PI</gen:estado>
      <gen:telefoneFixo></gen:telefoneFixo>
      <gen:telefoneCelular></gen:telefoneCelular>
    </his:endereco>
    <his:dadosBancarios>
      <gen:codigoBanco>001</gen:codigoBanco>
      <gen:codigoAgencia>1209</gen:codigoAgencia>
      <gen:numeroContBancaria>567891</gen:numeroContBancaria>
    </his:dadosBancarios>
  </his:HistoricoPessoal>
  <his:HistoricoPessoal>
    <his:matricula>000000000200666</his:matricula>
    <his:cpfServidor>04861420350</his:cpfServidor>
    <his:tipoEscolaridade>3</his:tipoEscolaridade>
    <his:dataAlteracao>2024-05-01</his:dataAlteracao>
    <his:endereco>
      <gen:logradouro>RUA 15 DE NOVEMBRO</gen:logradouro>
      <gen:numero>0</gen:numero>
      <gen:complemento>Sem Complemento</gen:complemento>
      <gen:bairro>CENTRO</gen:bairro>
      <gen:numeroCep>64965000</gen:numeroCep>
      <gen:municipio>Avelino Lopes</gen:municipio>
      <gen:estado>PI</gen:estado>
      <gen:telefoneFixo></gen:telefoneFixo>
      <gen:telefoneCelular></gen:telefoneCelular>
    </his:endereco>
    <his:dadosBancarios>
      <gen:codigoBanco>001</gen:codigoBanco>
      <gen:codigoAgencia>1209</gen:codigoAgencia>
      <gen:numeroContBancaria>567731</gen:numeroContBancaria>
    </his:dadosBancarios>
  </his:HistoricoPessoal>
  <his:HistoricoPessoal>
    <his:matricula>000000000200667</his:matricula>
    <his:cpfServidor>05327955397</his:cpfServidor>
    <his:tipoEscolaridade>3</his:tipoEscolaridade>
    <his:dataAlteracao>2024-05-01</his:dataAlteracao>
    <his:endereco>
      <gen:logradouro>BOM JESUS</gen:logradouro>
      <gen:numero>1</gen:numero>
      <gen:complemento>Sem Complemento</gen:complemento>
      <gen:bairro>CENTRO</gen:bairro>
      <gen:numeroCep>64965000</gen:numeroCep>
      <gen:municipio>Avelino Lopes</gen:municipio>
      <gen:estado>PI</gen:estado>
      <gen:telefoneFixo></gen:telefoneFixo>
      <gen:telefoneCelular></gen:telefoneCelular>
    </his:endereco>
    <his:dadosBancarios>
      <gen:codigoBanco>001</gen:codigoBanco>
      <gen:codigoAgencia>1209</gen:codigoAgencia>
      <gen:numeroContBancaria>445665</gen:numeroContBancaria>
    </his:dadosBancarios>
  </his:HistoricoPessoal>
  <his:HistoricoPessoal>
    <his:matricula>000000000200668</his:matricula>
    <his:cpfServidor>21926891368</his:cpfServidor>
    <his:tipoEscolaridade>3</his:tipoEscolaridade>
    <his:dataAlteracao>2024-05-01</his:dataAlteracao>
    <his:endereco>
      <gen:logradouro>RUA FL�VIO GAMA</gen:logradouro>
      <gen:numero>15</gen:numero>
      <gen:complemento>Sem Complemento</gen:complemento>
      <gen:bairro>CENTRO</gen:bairro>
      <gen:numeroCep>64965000</gen:numeroCep>
      <gen:municipio>Avelino Lopes</gen:municipio>
      <gen:estado>PI</gen:estado>
      <gen:telefoneFixo></gen:telefoneFixo>
      <gen:telefoneCelular></gen:telefoneCelular>
    </his:endereco>
    <his:dadosBancarios>
      <gen:codigoBanco>001</gen:codigoBanco>
      <gen:codigoAgencia>1209</gen:codigoAgencia>
      <gen:numeroContBancaria>45679</gen:numeroContBancaria>
    </his:dadosBancarios>
  </his:HistoricoPessoal>
  <his:HistoricoPessoal>
    <his:matricula>000000000200670</his:matricula>
    <his:cpfServidor>14771855854</his:cpfServidor>
    <his:tipoEscolaridade>3</his:tipoEscolaridade>
    <his:dataAlteracao>2024-05-01</his:dataAlteracao>
    <his:endereco>
      <gen:logradouro>ALCANTARA</gen:logradouro>
      <gen:numero>1</gen:numero>
      <gen:complemento>Sem Complemento</gen:complemento>
      <gen:bairro>CENTRO</gen:bairro>
      <gen:numeroCep>64965000</gen:numeroCep>
      <gen:municipio>Avelino Lopes</gen:municipio>
      <gen:estado>PI</gen:estado>
      <gen:telefoneFixo></gen:telefoneFixo>
      <gen:telefoneCelular></gen:telefoneCelular>
    </his:endereco>
    <his:dadosBancarios>
      <gen:codigoBanco>001</gen:codigoBanco>
      <gen:codigoAgencia>1209</gen:codigoAgencia>
      <gen:numeroContBancaria>436789</gen:numeroContBancaria>
    </his:dadosBancarios>
  </his:HistoricoPessoal>
  <his:HistoricoFuncional>
    <his:matricula>000000000200663</his:matricula>
    <his:cpfServidor>02454634376</his:cpfServidor>
    <his:tipoAtoPessoal>11021</his:tipoAtoPessoal>
    <his:dataMoviFuncional>2024-05-01</his:dataMoviFuncional>
    <his:informacoesAlteradas>
      <gen:atoTipo01>
        <gen:codigoCargo>00000348</gen:codigoCargo>
        <gen:codigoLotacao>000000000000380</gen:codigoLotacao>
        <gen:tipoRegiPrevidencia>1</gen:tipoRegiPrevidencia>
        <gen:tipoRegiTrabalho>0</gen:tipoRegiTrabalho>
        <gen:tipoVinculo>2</gen:tipoVinculo>
        <gen:dataNomeacao>2024-05-01</gen:dataNomeacao>
        <gen:dataExercicio>2024-05-01</gen:dataExercicio>
        <gen:dataPosse>2024-05-01</gen:dataPosse>
        <gen:numeroEdital>
          <gen:numero>000000</gen:numero>
          <gen:ano>2024</gen:ano>
        </gen:numeroEdital>
      </gen:atoTipo01>
    </his:informacoesAlteradas>
  </his:HistoricoFuncional>
  <his:HistoricoFuncional>
    <his:matricula>000000000200664</his:matricula>
    <his:cpfServidor>96740949387</his:cpfServidor>
    <his:tipoAtoPessoal>11021</his:tipoAtoPessoal>
    <his:dataMoviFuncional>2024-05-01</his:dataMoviFuncional>
    <his:informacoesAlteradas>
      <gen:atoTipo01>
        <gen:codigoCargo>00000245</gen:codigoCargo>
        <gen:codigoLotacao>000000000000380</gen:codigoLotacao>
        <gen:tipoRegiPrevidencia>1</gen:tipoRegiPrevidencia>
        <gen:tipoRegiTrabalho>0</gen:tipoRegiTrabalho>
        <gen:tipoVinculo>2</gen:tipoVinculo>
        <gen:dataNomeacao>2024-05-01</gen:dataNomeacao>
        <gen:dataExercicio>2024-05-01</gen:dataExercicio>
        <gen:dataPosse>2024-05-01</gen:dataPosse>
        <gen:numeroEdital>
          <gen:numero>000000</gen:numero>
          <gen:ano>2024</gen:ano>
        </gen:numeroEdital>
      </gen:atoTipo01>
    </his:informacoesAlteradas>
  </his:HistoricoFuncional>
  <his:HistoricoFuncional>
    <his:matricula>000000000200666</his:matricula>
    <his:cpfServidor>04861420350</his:cpfServidor>
    <his:tipoAtoPessoal>11021</his:tipoAtoPessoal>
    <his:dataMoviFuncional>2024-05-24</his:dataMoviFuncional>
    <his:informacoesAlteradas>
      <gen:atoTipo01>
        <gen:codigoCargo>00000042</gen:codigoCargo>
        <gen:codigoLotacao>000000000200011</gen:codigoLotacao>
        <gen:tipoRegiPrevidencia>1</gen:tipoRegiPrevidencia>
        <gen:tipoRegiTrabalho>0</gen:tipoRegiTrabalho>
        <gen:tipoVinculo>2</gen:tipoVinculo>
        <gen:dataNomeacao>2024-05-25</gen:dataNomeacao>
        <gen:dataExercicio>2024-05-25</gen:dataExercicio>
        <gen:dataPosse>2024-05-25</gen:dataPosse>
        <gen:numeroEdital>
          <gen:numero>000000</gen:numero>
          <gen:ano>2024</gen:ano>
        </gen:numeroEdital>
      </gen:atoTipo01>
    </his:informacoesAlteradas>
  </his:HistoricoFuncional>
  <his:HistoricoFuncional>
    <his:matricula>000000000200667</his:matricula>
    <his:cpfServidor>05327955397</his:cpfServidor>
    <his:tipoAtoPessoal>11021</his:tipoAtoPessoal>
    <his:dataMoviFuncional>2024-05-01</his:dataMoviFuncional>
    <his:informacoesAlteradas>
      <gen:atoTipo01>
        <gen:codigoCargo>00000417</gen:codigoCargo>
        <gen:codigoLotacao>000000000200011</gen:codigoLotacao>
        <gen:tipoRegiPrevidencia>1</gen:tipoRegiPrevidencia>
        <gen:tipoRegiTrabalho>0</gen:tipoRegiTrabalho>
        <gen:tipoVinculo>2</gen:tipoVinculo>
        <gen:dataNomeacao>2024-05-01</gen:dataNomeacao>
        <gen:dataExercicio>2024-05-01</gen:dataExercicio>
        <gen:dataPosse>2024-05-01</gen:dataPosse>
        <gen:numeroEdital>
          <gen:numero>000000</gen:numero>
          <gen:ano>2024</gen:ano>
        </gen:numeroEdital>
      </gen:atoTipo01>
    </his:informacoesAlteradas>
  </his:HistoricoFuncional>
  <his:HistoricoFuncional>
    <his:matricula>000000000200668</his:matricula>
    <his:cpfServidor>21926891368</his:cpfServidor>
    <his:tipoAtoPessoal>11021</his:tipoAtoPessoal>
    <his:dataMoviFuncional>2024-05-01</his:dataMoviFuncional>
    <his:informacoesAlteradas>
      <gen:atoTipo01>
        <gen:codigoCargo>00000321</gen:codigoCargo>
        <gen:codigoLotacao>000000000200032</gen:codigoLotacao>
        <gen:tipoRegiPrevidencia>1</gen:tipoRegiPrevidencia>
        <gen:tipoRegiTrabalho>0</gen:tipoRegiTrabalho>
        <gen:tipoVinculo>2</gen:tipoVinculo>
        <gen:dataNomeacao>2024-05-01</gen:dataNomeacao>
        <gen:dataExercicio>2024-05-01</gen:dataExercicio>
        <gen:dataPosse>2024-05-01</gen:dataPosse>
        <gen:numeroEdital>
          <gen:numero>000000</gen:numero>
          <gen:ano>2024</gen:ano>
        </gen:numeroEdital>
      </gen:atoTipo01>
    </his:informacoesAlteradas>
  </his:HistoricoFuncional>
  <his:HistoricoFuncional>
    <his:matricula>000000000200670</his:matricula>
    <his:cpfServidor>14771855854</his:cpfServidor>
    <his:tipoAtoPessoal>11021</his:tipoAtoPessoal>
    <his:dataMoviFuncional>2024-05-01</his:dataMoviFuncional>
    <his:informacoesAlteradas>
      <gen:atoTipo01>
        <gen:codigoCargo>00000331</gen:codigoCargo>
        <gen:codigoLotacao>000000000200005</gen:codigoLotacao>
        <gen:tipoRegiPrevidencia>1</gen:tipoRegiPrevidencia>
        <gen:tipoRegiTrabalho>0</gen:tipoRegiTrabalho>
        <gen:tipoVinculo>2</gen:tipoVinculo>
        <gen:dataNomeacao>2024-05-01</gen:dataNomeacao>
        <gen:dataExercicio>2024-05-01</gen:dataExercicio>
        <gen:dataPosse>2024-05-01</gen:dataPosse>
        <gen:numeroEdital>
          <gen:numero>000000</gen:numero>
          <gen:ano>2024</gen:ano>
        </gen:numeroEdital>
      </gen:atoTipo01>
    </his:informacoesAlteradas>
  </his:HistoricoFuncional>
  <his:HistoricoFuncional>
    <his:matricula>000000000200653</his:matricula>
    <his:cpfServidor>02457574307</his:cpfServidor>
    <his:tipoAtoPessoal>21021</his:tipoAtoPessoal>
    <his:dataMoviFuncional>2024-05-24</his:dataMoviFuncional>
    <his:informacoesAlteradas/>
  </his:HistoricoFuncional>
  <his:HistoricoFuncional>
    <his:matricula>000000000000086</his:matricula>
    <his:cpfServidor>04861420350</his:cpfServidor>
    <his:tipoAtoPessoal>93041</his:tipoAtoPessoal>
    <his:dataMoviFuncional>2024-05-28</his:dataMoviFuncional>
    <his:informacoesAlteradas>
      <gen:atoTipo02>
        <gen:codigoLotacao>000000000000400</gen:codigoLotacao>
      </gen:atoTipo02>
    </his:informacoesAlteradas>
  </his:HistoricoFuncional>
  <his:HistoricoFuncional>
    <his:matricula>000000000100218</his:matricula>
    <his:cpfServidor>88729850304</his:cpfServidor>
    <his:tipoAtoPessoal>93041</his:tipoAtoPessoal>
    <his:dataMoviFuncional>2024-05-28</his:dataMoviFuncional>
    <his:informacoesAlteradas>
      <gen:atoTipo02>
        <gen:codigoLotacao>000000000100001</gen:codigoLotacao>
      </gen:atoTipo02>
    </his:informacoesAlteradas>
  </his:HistoricoFuncional>
  <his:HistoricoFuncional>
    <his:matricula>000000000000015</his:matricula>
    <his:cpfServidor>35979607315</his:cpfServidor>
    <his:tipoAtoPessoal>91011</his:tipoAtoPessoal>
    <his:dataMoviFuncional>2024-05-02</his:dataMoviFuncional>
    <his:informacoesAlteradas/>
  </his:HistoricoFuncional>
  <his:HistoricoFuncional>
    <his:matricula>000000000200161</his:matricula>
    <his:cpfServidor>60174919115</his:cpfServidor>
    <his:tipoAtoPessoal>91011</his:tipoAtoPessoal>
    <his:dataMoviFuncional>2024-05-01</his:dataMoviFuncional>
    <his:informacoesAlteradas/>
  </his:HistoricoFuncional>
  <his:HistoricoFuncional>
    <his:matricula>000000000000015</his:matricula>
    <his:cpfServidor>35979607315</his:cpfServidor>
    <his:tipoAtoPessoal>92011</his:tipoAtoPessoal>
    <his:dataMoviFuncional>2024-05-31</his:dataMoviFuncional>
    <his:informacoesAlteradas/>
  </his:HistoricoFuncional>
  <his:HistoricoFuncional>
    <his:matricula>000000000200161</his:matricula>
    <his:cpfServidor>60174919115</his:cpfServidor>
    <his:tipoAtoPessoal>92011</his:tipoAtoPessoal>
    <his:dataMoviFuncional>2024-05-30</his:dataMoviFuncional>
    <his:informacoesAlteradas/>
  </his:HistoricoFuncional>
  <his:HistoricoFuncional>
    <his:matricula>000000000100030</his:matricula>
    <his:cpfServidor>47363410330</his:cpfServidor>
    <his:tipoAtoPessoal>93012</his:tipoAtoPessoal>
    <his:dataMoviFuncional>2024-05-29</his:dataMoviFuncional>
    <his:informacoesAlteradas>
      <gen:atoTipo05>
        <gen:codigoCargo>00000364</gen:codigoCargo>
      </gen:atoTipo05>
    </his:informacoesAlteradas>
  </his:HistoricoFuncional>
  <his:HistoricoFuncional>
    <his:matricula>000000000100218</his:matricula>
    <his:cpfServidor>88729850304</his:cpfServidor>
    <his:tipoAtoPessoal>93012</his:tipoAtoPessoal>
    <his:dataMoviFuncional>2024-05-28</his:dataMoviFuncional>
    <his:informacoesAlteradas>
      <gen:atoTipo05>
        <gen:codigoCargo>00000364</gen:codigoCargo>
      </gen:atoTipo05>
    </his:informacoesAlteradas>
  </his:HistoricoFuncional>
</his:historicos>
