﻿<?xml version="1.0" encoding="UTF-8"?>
<aux:CadastrosAuxiliaresSagresFolha xmlns:aux="http://www.tce.pi.gov.br/sagres2019/xml/cadastrosAuxiliaresSagresFolha" xmlns:gen="http://www.tce.pi.gov.br/sagres2019/xml/genericos" xmlns:tab="http://www.tce.pi.gov.br/sagres2019/xml/tabelasInternas">
  <aux:PrestacaoContas>
    <aux:codigoUnidGestora>201133</aux:codigoUnidGestora>
    <aux:nomeUnidGestora>PREFEITURA MUNCIPAL DE MORRO C</aux:nomeUnidGestora>
    <aux:cpfContador>27675215893</aux:cpfContador>
    <aux:cpfGestor>16939900837</aux:cpfGestor>
    <aux:anoReferencia>2019</aux:anoReferencia>
    <aux:mesReferencia>3</aux:mesReferencia>
    <aux:versaoXml>19</aux:versaoXml>
    <aux:diaInicPresContas>1</aux:diaInicPresContas>
    <aux:diaFinaPresContas>31</aux:diaFinaPresContas>
  </aux:PrestacaoContas>
  <aux:Servidor>
    <aux:matricula>000000000000777</aux:matricula>
    <aux:cpfServidor>79675050187</aux:cpfServidor>
    <aux:rgServidor>10916164</aux:rgServidor>
    <aux:orgaoExpedidor>10916164</aux:orgaoExpedidor>
    <aux:dataExpeCartDeIdentidade>1999-12-30</aux:dataExpeCartDeIdentidade>
    <aux:nomeServidor>GILVAN RIBEIRO DE SOUSA</aux:nomeServidor>
    <aux:dataNascimento>1976-04-21</aux:dataNascimento>
    <aux:sexo>1</aux:sexo>
    <aux:tituloEleitor>000025360401503</aux:tituloEleitor>
    <aux:tipoEstaCivil>1</aux:tipoEstaCivil>
    <aux:pisPAsep>000012516929651</aux:pisPAsep>
    <aux:numeroOrgaoClasse>00000000</aux:numeroOrgaoClasse>
    <aux:cpfPai>99999999999</aux:cpfPai>
    <aux:nomePai>CRISTIANO SIMOES DE SOUSA</aux:nomePai>
    <aux:cpfMae>99999999999</aux:cpfMae>
    <aux:nomeMae>ANAIDES RIBEIRO DA ROCHA</aux:nomeMae>
    <aux:tipoCadastro>1</aux:tipoCadastro>
  </aux:Servidor>
  <aux:Servidor>
    <aux:matricula>000000000000841</aux:matricula>
    <aux:cpfServidor>24514179353</aux:cpfServidor>
    <aux:rgServidor>537617243</aux:rgServidor>
    <aux:orgaoExpedidor>537617243</aux:orgaoExpedidor>
    <aux:dataExpeCartDeIdentidade>2009-09-19</aux:dataExpeCartDeIdentidade>
    <aux:nomeServidor>VERISSIMO ALFRE APONUCENO</aux:nomeServidor>
    <aux:dataNascimento>1947-10-25</aux:dataNascimento>
    <aux:sexo>1</aux:sexo>
    <aux:tituloEleitor>000005130211520</aux:tituloEleitor>
    <aux:tipoEstaCivil>2</aux:tipoEstaCivil>
    <aux:pisPAsep>000011698449393</aux:pisPAsep>
    <aux:numeroOrgaoClasse>00000000</aux:numeroOrgaoClasse>
    <aux:cpfPai>99999999999</aux:cpfPai>
    <aux:nomePai>JOSE ALFRE DE APONUCENO</aux:nomePai>
    <aux:cpfMae>99999999999</aux:cpfMae>
    <aux:nomeMae>ALEXANDRINA IZABEL DA SILVA</aux:nomeMae>
    <aux:tipoCadastro>1</aux:tipoCadastro>
  </aux:Servidor>
  <aux:Servidor>
    <aux:matricula>000000000000815</aux:matricula>
    <aux:cpfServidor>57012210591</aux:cpfServidor>
    <aux:rgServidor>3118473</aux:rgServidor>
    <aux:orgaoExpedidor>3118473</aux:orgaoExpedidor>
    <aux:dataExpeCartDeIdentidade>1981-08-05</aux:dataExpeCartDeIdentidade>
    <aux:nomeServidor>ELIAS RIBEIRO DE ARAUJO</aux:nomeServidor>
    <aux:dataNascimento>1953-03-25</aux:dataNascimento>
    <aux:sexo>1</aux:sexo>
    <aux:tituloEleitor>000025774111554</aux:tituloEleitor>
    <aux:tipoEstaCivil>1</aux:tipoEstaCivil>
    <aux:pisPAsep>000015642812851</aux:pisPAsep>
    <aux:numeroOrgaoClasse>00000000</aux:numeroOrgaoClasse>
    <aux:cpfPai>99999999999</aux:cpfPai>
    <aux:nomePai>DEOMARINO FRANCISCO ARAUJO</aux:nomePai>
    <aux:cpfMae>99999999999</aux:cpfMae>
    <aux:nomeMae>TERTULIANA MARIA DA CONCEICAO</aux:nomeMae>
    <aux:tipoCadastro>1</aux:tipoCadastro>
  </aux:Servidor>
  <aux:Servidor>
    <aux:matricula>000000000000812</aux:matricula>
    <aux:cpfServidor>06057486323</aux:cpfServidor>
    <aux:rgServidor>621365117</aux:rgServidor>
    <aux:orgaoExpedidor>621365117</aux:orgaoExpedidor>
    <aux:dataExpeCartDeIdentidade>2016-04-18</aux:dataExpeCartDeIdentidade>
    <aux:nomeServidor>JOAO PAULO MATIAS FOLHA</aux:nomeServidor>
    <aux:dataNascimento>1992-08-30</aux:dataNascimento>
    <aux:sexo>1</aux:sexo>
    <aux:tituloEleitor>000025062341597</aux:tituloEleitor>
    <aux:tipoEstaCivil>1</aux:tipoEstaCivil>
    <aux:pisPAsep>000019058259075</aux:pisPAsep>
    <aux:numeroOrgaoClasse>00000000</aux:numeroOrgaoClasse>
    <aux:cpfPai>99999999999</aux:cpfPai>
    <aux:nomePai>JOÃO MATIAS FOLHA</aux:nomePai>
    <aux:cpfMae>99999999999</aux:cpfMae>
    <aux:nomeMae>MARIA APARECIDA FOLHA </aux:nomeMae>
    <aux:tipoCadastro>1</aux:tipoCadastro>
  </aux:Servidor>
  <aux:Servidor>
    <aux:matricula>000000000000840</aux:matricula>
    <aux:cpfServidor>37947795843</aux:cpfServidor>
    <aux:rgServidor>399011791</aux:rgServidor>
    <aux:orgaoExpedidor>399011791</aux:orgaoExpedidor>
    <aux:dataExpeCartDeIdentidade>1999-12-30</aux:dataExpeCartDeIdentidade>
    <aux:nomeServidor>KELLY CRISTINA ALVES DE SOUSA</aux:nomeServidor>
    <aux:dataNascimento>1988-01-12</aux:dataNascimento>
    <aux:sexo>2</aux:sexo>
    <aux:tituloEleitor>000003629763151</aux:tituloEleitor>
    <aux:tipoEstaCivil>1</aux:tipoEstaCivil>
    <aux:pisPAsep>000019048895599</aux:pisPAsep>
    <aux:numeroOrgaoClasse>00000000</aux:numeroOrgaoClasse>
    <aux:cpfPai>99999999999</aux:cpfPai>
    <aux:nomePai>GERALDO LOURENÇO DE SOUSA</aux:nomePai>
    <aux:cpfMae>99999999999</aux:cpfMae>
    <aux:nomeMae>OOOOOOOOOOOOOOOOOOOOOOOOOOOOOOO</aux:nomeMae>
    <aux:tipoCadastro>1</aux:tipoCadastro>
  </aux:Servidor>
  <aux:Servidor>
    <aux:matricula>000000000000843</aux:matricula>
    <aux:cpfServidor>00453989500</aux:cpfServidor>
    <aux:rgServidor>629827485</aux:rgServidor>
    <aux:orgaoExpedidor>629827485</aux:orgaoExpedidor>
    <aux:dataExpeCartDeIdentidade>2017-01-11</aux:dataExpeCartDeIdentidade>
    <aux:nomeServidor>NUBIA ALVES DA COSTA DE SOUSA</aux:nomeServidor>
    <aux:dataNascimento>1979-05-10</aux:dataNascimento>
    <aux:sexo>2</aux:sexo>
    <aux:tituloEleitor>000002579054154</aux:tituloEleitor>
    <aux:tipoEstaCivil>1</aux:tipoEstaCivil>
    <aux:pisPAsep>000019048895416</aux:pisPAsep>
    <aux:numeroOrgaoClasse>00000000</aux:numeroOrgaoClasse>
    <aux:cpfPai>99999999999</aux:cpfPai>
    <aux:nomePai>EDSON FERREIRA DA COSTA</aux:nomePai>
    <aux:cpfMae>99999999999</aux:cpfMae>
    <aux:nomeMae>MARIA ALVES DA COSTA</aux:nomeMae>
    <aux:tipoCadastro>1</aux:tipoCadastro>
  </aux:Servidor>
  <aux:Servidor>
    <aux:matricula>000000000000838</aux:matricula>
    <aux:cpfServidor>00773179399</aux:cpfServidor>
    <aux:rgServidor>372869518</aux:rgServidor>
    <aux:orgaoExpedidor>372869518</aux:orgaoExpedidor>
    <aux:dataExpeCartDeIdentidade>2001-01-31</aux:dataExpeCartDeIdentidade>
    <aux:nomeServidor>ROBSON LOPES DUARTE</aux:nomeServidor>
    <aux:dataNascimento>1982-08-04</aux:dataNascimento>
    <aux:sexo>1</aux:sexo>
    <aux:tituloEleitor>000025363921511</aux:tituloEleitor>
    <aux:tipoEstaCivil>2</aux:tipoEstaCivil>
    <aux:pisPAsep>000011996625998</aux:pisPAsep>
    <aux:numeroOrgaoClasse>00000000</aux:numeroOrgaoClasse>
    <aux:cpfPai>99999999999</aux:cpfPai>
    <aux:nomePai>JOAQUIM LOPES DO COUTO</aux:nomePai>
    <aux:cpfMae>99999999999</aux:cpfMae>
    <aux:nomeMae>MARIA SOLIMA DO COUTO</aux:nomeMae>
    <aux:tipoCadastro>1</aux:tipoCadastro>
  </aux:Servidor>
  <aux:Servidor>
    <aux:matricula>000000000000820</aux:matricula>
    <aux:cpfServidor>30392091836</aux:cpfServidor>
    <aux:rgServidor>369457699</aux:rgServidor>
    <aux:orgaoExpedidor>369457699</aux:orgaoExpedidor>
    <aux:dataExpeCartDeIdentidade>2015-04-16</aux:dataExpeCartDeIdentidade>
    <aux:nomeServidor>CLERISNALDO MENDES DA ROCHA</aux:nomeServidor>
    <aux:dataNascimento>1980-12-02</aux:dataNascimento>
    <aux:sexo>1</aux:sexo>
    <aux:tituloEleitor>000027709821554</aux:tituloEleitor>
    <aux:tipoEstaCivil>1</aux:tipoEstaCivil>
    <aux:pisPAsep>000013081477815</aux:pisPAsep>
    <aux:numeroOrgaoClasse>00000000</aux:numeroOrgaoClasse>
    <aux:cpfPai>99999999999</aux:cpfPai>
    <aux:nomePai>ANTONIO ALVES MENDES</aux:nomePai>
    <aux:cpfMae>99999999999</aux:cpfMae>
    <aux:nomeMae>EVA DEVESA DA ROCHA</aux:nomeMae>
    <aux:tipoCadastro>1</aux:tipoCadastro>
  </aux:Servidor>
  <aux:Servidor>
    <aux:matricula>000000000000839</aux:matricula>
    <aux:cpfServidor>34758550387</aux:cpfServidor>
    <aux:rgServidor>228787461</aux:rgServidor>
    <aux:orgaoExpedidor>228787461</aux:orgaoExpedidor>
    <aux:dataExpeCartDeIdentidade>1996-10-04</aux:dataExpeCartDeIdentidade>
    <aux:nomeServidor>SALVADOR LOPES SOBRINHO</aux:nomeServidor>
    <aux:dataNascimento>1967-09-01</aux:dataNascimento>
    <aux:sexo>1</aux:sexo>
    <aux:tituloEleitor>000000524774158</aux:tituloEleitor>
    <aux:tipoEstaCivil>2</aux:tipoEstaCivil>
    <aux:pisPAsep>000012350845755</aux:pisPAsep>
    <aux:numeroOrgaoClasse>00000000</aux:numeroOrgaoClasse>
    <aux:cpfPai>99999999999</aux:cpfPai>
    <aux:nomePai>ZOZINHO LOPES</aux:nomePai>
    <aux:cpfMae>99999999999</aux:cpfMae>
    <aux:nomeMae>ANA LOPES</aux:nomeMae>
    <aux:tipoCadastro>1</aux:tipoCadastro>
  </aux:Servidor>
  <aux:Servidor>
    <aux:matricula>000000000000842</aux:matricula>
    <aux:cpfServidor>46752427828</aux:cpfServidor>
    <aux:rgServidor>573659850</aux:rgServidor>
    <aux:orgaoExpedidor>573659850</aux:orgaoExpedidor>
    <aux:dataExpeCartDeIdentidade>2013-07-10</aux:dataExpeCartDeIdentidade>
    <aux:nomeServidor>MAICONSUEL DUARTE PEREIRA</aux:nomeServidor>
    <aux:dataNascimento>1994-04-21</aux:dataNascimento>
    <aux:sexo>1</aux:sexo>
    <aux:tituloEleitor>000042166041570</aux:tituloEleitor>
    <aux:tipoEstaCivil>1</aux:tipoEstaCivil>
    <aux:pisPAsep>000016433275843</aux:pisPAsep>
    <aux:numeroOrgaoClasse>00000000</aux:numeroOrgaoClasse>
    <aux:cpfPai>99999999999</aux:cpfPai>
    <aux:nomePai>SALVADOR BISPO PEREIRA</aux:nomePai>
    <aux:cpfMae>99999999999</aux:cpfMae>
    <aux:nomeMae>MARIA ANGELICA DUARTE PEREIRA</aux:nomeMae>
    <aux:tipoCadastro>1</aux:tipoCadastro>
  </aux:Servidor>
</aux:CadastrosAuxiliaresSagresFolha>
