﻿<?xml version="1.0" encoding="UTF-8"?>
<his:historicos xmlns:his="http://www.tce.pi.gov.br/sagres2019/xml/historicos" xmlns:gen="http://www.tce.pi.gov.br/sagres2019/xml/genericos" xmlns:tab="http://www.tce.pi.gov.br/sagres2019/xml/tabelasInternas" xmlns:aux="http://www.tce.pi.gov.br/sagres2019/xml/cadastrosAuxiliaresSagresFolha">
	<his:PrestacaoContas>
		<aux:codigoUnidGestora>201133</aux:codigoUnidGestora>
		<aux:nomeUnidGestora>PREFEITURA MUNCIPAL DE MORRO C</aux:nomeUnidGestora>
		<aux:cpfContador>27675215893</aux:cpfContador>
		<aux:cpfGestor>16939900837</aux:cpfGestor>
		<aux:anoReferencia>2019</aux:anoReferencia>
		<aux:mesReferencia>3</aux:mesReferencia>
		<aux:versaoXml>19</aux:versaoXml>
		<aux:diaInicPresContas>1</aux:diaInicPresContas>
		<aux:diaFinaPresContas>31</aux:diaFinaPresContas>
	</his:PrestacaoContas>
	<his:HistoricoPessoal>
		<his:matricula>000000000000777</his:matricula>
		<his:cpfServidor>79675050187</his:cpfServidor>
		<his:tipoEscolaridade>3</his:tipoEscolaridade>
		<his:dataAlteracao>2019-03-01</his:dataAlteracao>
		<his:endereco>
			<gen:logradouro>RUA ABRÃO ALVES</gen:logradouro>
			<gen:numero>0</gen:numero>
			<gen:complemento>SEM COMPLEMENTO</gen:complemento>
			<gen:bairro>CIDADE NOVA</gen:bairro>
			<gen:numeroCep>64968</gen:numeroCep>
			<gen:municipio>MORRO CABECA NO TEMP</gen:municipio>
			<gen:estado>PI</gen:estado>
			<gen:telefoneFixo>8935710022</gen:telefoneFixo>
			<gen:telefoneCelular></gen:telefoneCelular>
		</his:endereco>
		<his:dadosBancarios>
			<gen:codigoBanco>001</gen:codigoBanco>
			<gen:codigoAgencia>120902</gen:codigoAgencia>
			<gen:numeroContBancaria>165786</gen:numeroContBancaria>
		</his:dadosBancarios>
	</his:HistoricoPessoal>
	<his:HistoricoPessoal>
		<his:matricula>000000000000841</his:matricula>
		<his:cpfServidor>24514179353</his:cpfServidor>
		<his:tipoEscolaridade>2</his:tipoEscolaridade>
		<his:dataAlteracao>2019-03-01</his:dataAlteracao>
		<his:endereco>
			<gen:logradouro>POVOADO CRUZ</gen:logradouro>
			<gen:numero>0</gen:numero>
			<gen:complemento>SEM COMPLEMENTO</gen:complemento>
			<gen:bairro>POVOADO</gen:bairro>
			<gen:numeroCep>64860000</gen:numeroCep>
			<gen:municipio>MORRO CABECA NO TEMP</gen:municipio>
			<gen:estado>PI</gen:estado>
			<gen:telefoneFixo>8935710022</gen:telefoneFixo>
			<gen:telefoneCelular></gen:telefoneCelular>
		</his:endereco>
		<his:dadosBancarios>
			<gen:codigoBanco>001</gen:codigoBanco>
			<gen:codigoAgencia>120902</gen:codigoAgencia>
			<gen:numeroContBancaria>9999</gen:numeroContBancaria>
		</his:dadosBancarios>
	</his:HistoricoPessoal>
	<his:HistoricoPessoal>
		<his:matricula>000000000000815</his:matricula>
		<his:cpfServidor>57012210591</his:cpfServidor>
		<his:tipoEscolaridade>2</his:tipoEscolaridade>
		<his:dataAlteracao>2019-03-01</his:dataAlteracao>
		<his:endereco>
			<gen:logradouro>POVOADO CRUZ</gen:logradouro>
			<gen:numero>100</gen:numero>
			<gen:complemento>SEM COMPLEMENTO</gen:complemento>
			<gen:bairro>ZONZ RURAL</gen:bairro>
			<gen:numeroCep>64860000</gen:numeroCep>
			<gen:municipio>MORRO CABECA NO TEMP</gen:municipio>
			<gen:estado>PI</gen:estado>
			<gen:telefoneFixo>8935710022</gen:telefoneFixo>
			<gen:telefoneCelular></gen:telefoneCelular>
		</his:endereco>
		<his:dadosBancarios>
			<gen:codigoBanco>237</gen:codigoBanco>
			<gen:codigoAgencia>579302</gen:codigoAgencia>
			<gen:numeroContBancaria>95761</gen:numeroContBancaria>
		</his:dadosBancarios>
	</his:HistoricoPessoal>
	<his:HistoricoPessoal>
		<his:matricula>000000000000812</his:matricula>
		<his:cpfServidor>06057486323</his:cpfServidor>
		<his:tipoEscolaridade>3</his:tipoEscolaridade>
		<his:dataAlteracao>2019-03-01</his:dataAlteracao>
		<his:endereco>
			<gen:logradouro>RUA ABRAO ALVES</gen:logradouro>
			<gen:numero>0</gen:numero>
			<gen:complemento>SEM COMPLEMENTO</gen:complemento>
			<gen:bairro>CENTRO</gen:bairro>
			<gen:numeroCep>64968000</gen:numeroCep>
			<gen:municipio>MORRO CABECA NO TEMP</gen:municipio>
			<gen:estado>PI</gen:estado>
			<gen:telefoneFixo>8935710022</gen:telefoneFixo>
			<gen:telefoneCelular></gen:telefoneCelular>
		</his:endereco>
		<his:dadosBancarios>
			<gen:codigoBanco>104</gen:codigoBanco>
			<gen:codigoAgencia>278004</gen:codigoAgencia>
			<gen:numeroContBancaria>198594</gen:numeroContBancaria>
		</his:dadosBancarios>
	</his:HistoricoPessoal>
	<his:HistoricoPessoal>
		<his:matricula>000000000000840</his:matricula>
		<his:cpfServidor>37947795843</his:cpfServidor>
		<his:tipoEscolaridade>5</his:tipoEscolaridade>
		<his:dataAlteracao>2019-03-01</his:dataAlteracao>
		<his:endereco>
			<gen:logradouro>POVOADO CAJUEIRO</gen:logradouro>
			<gen:numero>0</gen:numero>
			<gen:complemento>SEM COMPLEMENTO</gen:complemento>
			<gen:bairro>INTERIOR</gen:bairro>
			<gen:numeroCep>64860000</gen:numeroCep>
			<gen:municipio>MORRO CABECA NO TEMP</gen:municipio>
			<gen:estado>PI</gen:estado>
			<gen:telefoneFixo>8935710022</gen:telefoneFixo>
			<gen:telefoneCelular></gen:telefoneCelular>
		</his:endereco>
		<his:dadosBancarios>
			<gen:codigoBanco>001</gen:codigoBanco>
			<gen:codigoAgencia>120902</gen:codigoAgencia>
			<gen:numeroContBancaria>186171</gen:numeroContBancaria>
		</his:dadosBancarios>
	</his:HistoricoPessoal>
	<his:HistoricoPessoal>
		<his:matricula>000000000000843</his:matricula>
		<his:cpfServidor>00453989500</his:cpfServidor>
		<his:tipoEscolaridade>5</his:tipoEscolaridade>
		<his:dataAlteracao>2019-03-01</his:dataAlteracao>
		<his:endereco>
			<gen:logradouro>POVOADO DESEJADO</gen:logradouro>
			<gen:numero>0</gen:numero>
			<gen:complemento>SEM COMPLEMENTO</gen:complemento>
			<gen:bairro>POVOADO</gen:bairro>
			<gen:numeroCep>64860000</gen:numeroCep>
			<gen:municipio>MORRO CABECA NO TEMP</gen:municipio>
			<gen:estado>PI</gen:estado>
			<gen:telefoneFixo>8935710022</gen:telefoneFixo>
			<gen:telefoneCelular></gen:telefoneCelular>
		</his:endereco>
		<his:dadosBancarios>
			<gen:codigoBanco>001</gen:codigoBanco>
			<gen:codigoAgencia>120902</gen:codigoAgencia>
			<gen:numeroContBancaria>163643</gen:numeroContBancaria>
		</his:dadosBancarios>
	</his:HistoricoPessoal>
	<his:HistoricoPessoal>
		<his:matricula>000000000000838</his:matricula>
		<his:cpfServidor>00773179399</his:cpfServidor>
		<his:tipoEscolaridade>2</his:tipoEscolaridade>
		<his:dataAlteracao>2019-03-01</his:dataAlteracao>
		<his:endereco>
			<gen:logradouro>PETRONIO PORTELA</gen:logradouro>
			<gen:numero>100</gen:numero>
			<gen:complemento>SEM COMPLEMENTO</gen:complemento>
			<gen:bairro>CIDADE NOVA</gen:bairro>
			<gen:numeroCep>64860000</gen:numeroCep>
			<gen:municipio>MORRO CABECA NO TEMP</gen:municipio>
			<gen:estado>PI</gen:estado>
			<gen:telefoneFixo>8935710022</gen:telefoneFixo>
			<gen:telefoneCelular></gen:telefoneCelular>
		</his:endereco>
		<his:dadosBancarios>
			<gen:codigoBanco>104</gen:codigoBanco>
			<gen:codigoAgencia>278004</gen:codigoAgencia>
			<gen:numeroContBancaria>228473</gen:numeroContBancaria>
		</his:dadosBancarios>
	</his:HistoricoPessoal>
	<his:HistoricoPessoal>
		<his:matricula>000000000000820</his:matricula>
		<his:cpfServidor>30392091836</his:cpfServidor>
		<his:tipoEscolaridade>3</his:tipoEscolaridade>
		<his:dataAlteracao>2019-03-01</his:dataAlteracao>
		<his:endereco>
			<gen:logradouro>R HENRIQUE PEREIRA </gen:logradouro>
			<gen:numero>88</gen:numero>
			<gen:complemento>SEM COMPLEMENTO</gen:complemento>
			<gen:bairro>CENTRO</gen:bairro>
			<gen:numeroCep>64860000</gen:numeroCep>
			<gen:municipio>MORRO CABEÇA NO TEMPO</gen:municipio>
			<gen:estado>PI</gen:estado>
			<gen:telefoneFixo>8935710022</gen:telefoneFixo>
			<gen:telefoneCelular></gen:telefoneCelular>
		</his:endereco>
		<his:dadosBancarios>
			<gen:codigoBanco>001</gen:codigoBanco>
			<gen:codigoAgencia>120902</gen:codigoAgencia>
			<gen:numeroContBancaria>202897</gen:numeroContBancaria>
		</his:dadosBancarios>
	</his:HistoricoPessoal>
	<his:HistoricoPessoal>
		<his:matricula>000000000000839</his:matricula>
		<his:cpfServidor>34758550387</his:cpfServidor>
		<his:tipoEscolaridade>2</his:tipoEscolaridade>
		<his:dataAlteracao>2019-03-01</his:dataAlteracao>
		<his:endereco>
			<gen:logradouro>POVOADO DESEJADO</gen:logradouro>
			<gen:numero>0</gen:numero>
			<gen:complemento>SEM COMPLEMENTO</gen:complemento>
			<gen:bairro>POVOADO DESEJADO</gen:bairro>
			<gen:numeroCep>64860000</gen:numeroCep>
			<gen:municipio>MORRO CABECA NO TEMP</gen:municipio>
			<gen:estado>PI</gen:estado>
			<gen:telefoneFixo>8935710022</gen:telefoneFixo>
			<gen:telefoneCelular></gen:telefoneCelular>
		</his:endereco>
		<his:dadosBancarios>
			<gen:codigoBanco>001</gen:codigoBanco>
			<gen:codigoAgencia>120902</gen:codigoAgencia>
			<gen:numeroContBancaria>101788</gen:numeroContBancaria>
		</his:dadosBancarios>
	</his:HistoricoPessoal>
	<his:HistoricoPessoal>
		<his:matricula>000000000000842</his:matricula>
		<his:cpfServidor>46752427828</his:cpfServidor>
		<his:tipoEscolaridade>3</his:tipoEscolaridade>
		<his:dataAlteracao>2019-03-01</his:dataAlteracao>
		<his:endereco>
			<gen:logradouro>RUA SAO BRAS</gen:logradouro>
			<gen:numero>0</gen:numero>
			<gen:complemento>SEM COMPLEMENTO</gen:complemento>
			<gen:bairro>CIDADE VELHA</gen:bairro>
			<gen:numeroCep>64860000</gen:numeroCep>
			<gen:municipio>MORRO CABECA NO TEMP</gen:municipio>
			<gen:estado>PI</gen:estado>
			<gen:telefoneFixo>8935710022</gen:telefoneFixo>
			<gen:telefoneCelular></gen:telefoneCelular>
		</his:endereco>
		<his:dadosBancarios>
			<gen:codigoBanco>001</gen:codigoBanco>
			<gen:codigoAgencia>120902</gen:codigoAgencia>
			<gen:numeroContBancaria>218618</gen:numeroContBancaria>
		</his:dadosBancarios>
	</his:HistoricoPessoal>
	<his:HistoricoFuncional>
		<his:matricula>000000000000777</his:matricula>
		<his:cpfServidor>79675050187</his:cpfServidor>
		<his:tipoAtoPessoal>1002</his:tipoAtoPessoal>
		<his:dataMoviFuncional>2019-03-01</his:dataMoviFuncional>
		<his:informacoesAlteradas>
			<gen:atoTipo01>
				<gen:codigoCargo>00000178</gen:codigoCargo>
				<gen:codigoLotacao>000000000000052</gen:codigoLotacao>
				<gen:tipoRegiPrevidencia>1</gen:tipoRegiPrevidencia>
				<gen:tipoRegiTrabalho>0</gen:tipoRegiTrabalho>
				<gen:tipoVinculo>2</gen:tipoVinculo>
				<gen:dataNomeacao>2019-03-01</gen:dataNomeacao>
				<gen:dataExercicio>2019-03-01</gen:dataExercicio>
				<gen:dataPosse>2019-03-01</gen:dataPosse>
				<gen:numeroEdital>
					<gen:numero>000001</gen:numero>
					<gen:ano>2019</gen:ano>
				</gen:numeroEdital>
			</gen:atoTipo01>
		</his:informacoesAlteradas>
	</his:HistoricoFuncional>
	<his:HistoricoFuncional>
		<his:matricula>000000000000841</his:matricula>
		<his:cpfServidor>24514179353</his:cpfServidor>
		<his:tipoAtoPessoal>1002</his:tipoAtoPessoal>
		<his:dataMoviFuncional>2019-03-01</his:dataMoviFuncional>
		<his:informacoesAlteradas>
			<gen:atoTipo01>
				<gen:codigoCargo>00000158</gen:codigoCargo>
				<gen:codigoLotacao>000000000000052</gen:codigoLotacao>
				<gen:tipoRegiPrevidencia>1</gen:tipoRegiPrevidencia>
				<gen:tipoRegiTrabalho>0</gen:tipoRegiTrabalho>
				<gen:tipoVinculo>2</gen:tipoVinculo>
				<gen:dataNomeacao>2019-03-08</gen:dataNomeacao>
				<gen:dataExercicio>2019-03-08</gen:dataExercicio>
				<gen:dataPosse>2019-03-08</gen:dataPosse>
				<gen:numeroEdital>
					<gen:numero>000001</gen:numero>
					<gen:ano>2019</gen:ano>
				</gen:numeroEdital>
			</gen:atoTipo01>
		</his:informacoesAlteradas>
	</his:HistoricoFuncional>
	<his:HistoricoFuncional>
		<his:matricula>000000000000815</his:matricula>
		<his:cpfServidor>57012210591</his:cpfServidor>
		<his:tipoAtoPessoal>1002</his:tipoAtoPessoal>
		<his:dataMoviFuncional>2019-03-01</his:dataMoviFuncional>
		<his:informacoesAlteradas>
			<gen:atoTipo01>
				<gen:codigoCargo>00000128</gen:codigoCargo>
				<gen:codigoLotacao>000000000000029</gen:codigoLotacao>
				<gen:tipoRegiPrevidencia>1</gen:tipoRegiPrevidencia>
				<gen:tipoRegiTrabalho>0</gen:tipoRegiTrabalho>
				<gen:tipoVinculo>2</gen:tipoVinculo>
				<gen:dataNomeacao>2019-03-01</gen:dataNomeacao>
				<gen:dataExercicio>2019-03-01</gen:dataExercicio>
				<gen:dataPosse>2019-03-01</gen:dataPosse>
				<gen:numeroEdital>
					<gen:numero>000001</gen:numero>
					<gen:ano>2019</gen:ano>
				</gen:numeroEdital>
			</gen:atoTipo01>
		</his:informacoesAlteradas>
	</his:HistoricoFuncional>
	<his:HistoricoFuncional>
		<his:matricula>000000000000812</his:matricula>
		<his:cpfServidor>06057486323</his:cpfServidor>
		<his:tipoAtoPessoal>1002</his:tipoAtoPessoal>
		<his:dataMoviFuncional>2019-03-01</his:dataMoviFuncional>
		<his:informacoesAlteradas>
			<gen:atoTipo01>
				<gen:codigoCargo>00000128</gen:codigoCargo>
				<gen:codigoLotacao>000000000000029</gen:codigoLotacao>
				<gen:tipoRegiPrevidencia>1</gen:tipoRegiPrevidencia>
				<gen:tipoRegiTrabalho>0</gen:tipoRegiTrabalho>
				<gen:tipoVinculo>2</gen:tipoVinculo>
				<gen:dataNomeacao>2019-03-01</gen:dataNomeacao>
				<gen:dataExercicio>2019-03-01</gen:dataExercicio>
				<gen:dataPosse>2019-03-01</gen:dataPosse>
				<gen:numeroEdital>
					<gen:numero>000001</gen:numero>
					<gen:ano>2019</gen:ano>
				</gen:numeroEdital>
			</gen:atoTipo01>
		</his:informacoesAlteradas>
	</his:HistoricoFuncional>
	<his:HistoricoFuncional>
		<his:matricula>000000000000840</his:matricula>
		<his:cpfServidor>37947795843</his:cpfServidor>
		<his:tipoAtoPessoal>1002</his:tipoAtoPessoal>
		<his:dataMoviFuncional>2019-03-01</his:dataMoviFuncional>
		<his:informacoesAlteradas>
			<gen:atoTipo01>
				<gen:codigoCargo>00000140</gen:codigoCargo>
				<gen:codigoLotacao>000000000000029</gen:codigoLotacao>
				<gen:tipoRegiPrevidencia>1</gen:tipoRegiPrevidencia>
				<gen:tipoRegiTrabalho>0</gen:tipoRegiTrabalho>
				<gen:tipoVinculo>2</gen:tipoVinculo>
				<gen:dataNomeacao>2019-03-01</gen:dataNomeacao>
				<gen:dataExercicio>2019-03-01</gen:dataExercicio>
				<gen:dataPosse>2019-03-01</gen:dataPosse>
				<gen:numeroEdital>
					<gen:numero>000001</gen:numero>
					<gen:ano>2019</gen:ano>
				</gen:numeroEdital>
			</gen:atoTipo01>
		</his:informacoesAlteradas>
	</his:HistoricoFuncional>
	<his:HistoricoFuncional>
		<his:matricula>000000000000843</his:matricula>
		<his:cpfServidor>00453989500</his:cpfServidor>
		<his:tipoAtoPessoal>1002</his:tipoAtoPessoal>
		<his:dataMoviFuncional>2019-03-01</his:dataMoviFuncional>
		<his:informacoesAlteradas>
			<gen:atoTipo01>
				<gen:codigoCargo>00000149</gen:codigoCargo>
				<gen:codigoLotacao>000000000000029</gen:codigoLotacao>
				<gen:tipoRegiPrevidencia>1</gen:tipoRegiPrevidencia>
				<gen:tipoRegiTrabalho>0</gen:tipoRegiTrabalho>
				<gen:tipoVinculo>2</gen:tipoVinculo>
				<gen:dataNomeacao>2019-03-01</gen:dataNomeacao>
				<gen:dataExercicio>2019-03-01</gen:dataExercicio>
				<gen:dataPosse>2019-03-01</gen:dataPosse>
				<gen:numeroEdital>
					<gen:numero>000001</gen:numero>
					<gen:ano>2019</gen:ano>
				</gen:numeroEdital>
			</gen:atoTipo01>
		</his:informacoesAlteradas>
	</his:HistoricoFuncional>
	<his:HistoricoFuncional>
		<his:matricula>000000000000838</his:matricula>
		<his:cpfServidor>00773179399</his:cpfServidor>
		<his:tipoAtoPessoal>1002</his:tipoAtoPessoal>
		<his:dataMoviFuncional>2019-03-01</his:dataMoviFuncional>
		<his:informacoesAlteradas>
			<gen:atoTipo01>
				<gen:codigoCargo>00000138</gen:codigoCargo>
				<gen:codigoLotacao>000000000000040</gen:codigoLotacao>
				<gen:tipoRegiPrevidencia>1</gen:tipoRegiPrevidencia>
				<gen:tipoRegiTrabalho>0</gen:tipoRegiTrabalho>
				<gen:tipoVinculo>2</gen:tipoVinculo>
				<gen:dataNomeacao>2019-03-01</gen:dataNomeacao>
				<gen:dataExercicio>2019-03-01</gen:dataExercicio>
				<gen:dataPosse>2019-03-01</gen:dataPosse>
				<gen:numeroEdital>
					<gen:numero>000001</gen:numero>
					<gen:ano>2019</gen:ano>
				</gen:numeroEdital>
			</gen:atoTipo01>
		</his:informacoesAlteradas>
	</his:HistoricoFuncional>
	<his:HistoricoFuncional>
		<his:matricula>000000000000820</his:matricula>
		<his:cpfServidor>30392091836</his:cpfServidor>
		<his:tipoAtoPessoal>1002</his:tipoAtoPessoal>
		<his:dataMoviFuncional>2019-03-01</his:dataMoviFuncional>
		<his:informacoesAlteradas>
			<gen:atoTipo01>
				<gen:codigoCargo>00000200</gen:codigoCargo>
				<gen:codigoLotacao>000000000000025</gen:codigoLotacao>
				<gen:tipoRegiPrevidencia>1</gen:tipoRegiPrevidencia>
				<gen:tipoRegiTrabalho>0</gen:tipoRegiTrabalho>
				<gen:tipoVinculo>2</gen:tipoVinculo>
				<gen:dataNomeacao>2019-03-07</gen:dataNomeacao>
				<gen:dataExercicio>2019-03-07</gen:dataExercicio>
				<gen:dataPosse>2019-03-07</gen:dataPosse>
				<gen:numeroEdital>
					<gen:numero>000001</gen:numero>
					<gen:ano>2019</gen:ano>
				</gen:numeroEdital>
			</gen:atoTipo01>
		</his:informacoesAlteradas>
	</his:HistoricoFuncional>
	<his:HistoricoFuncional>
		<his:matricula>000000000000839</his:matricula>
		<his:cpfServidor>34758550387</his:cpfServidor>
		<his:tipoAtoPessoal>1002</his:tipoAtoPessoal>
		<his:dataMoviFuncional>2019-03-01</his:dataMoviFuncional>
		<his:informacoesAlteradas>
			<gen:atoTipo01>
				<gen:codigoCargo>00000177</gen:codigoCargo>
				<gen:codigoLotacao>000000000000018</gen:codigoLotacao>
				<gen:tipoRegiPrevidencia>1</gen:tipoRegiPrevidencia>
				<gen:tipoRegiTrabalho>0</gen:tipoRegiTrabalho>
				<gen:tipoVinculo>2</gen:tipoVinculo>
				<gen:dataNomeacao>2019-03-01</gen:dataNomeacao>
				<gen:dataExercicio>2019-03-01</gen:dataExercicio>
				<gen:dataPosse>2019-03-01</gen:dataPosse>
				<gen:numeroEdital>
					<gen:numero>000001</gen:numero>
					<gen:ano>2019</gen:ano>
				</gen:numeroEdital>
			</gen:atoTipo01>
		</his:informacoesAlteradas>
	</his:HistoricoFuncional>
	<his:HistoricoFuncional>
		<his:matricula>000000000000842</his:matricula>
		<his:cpfServidor>46752427828</his:cpfServidor>
		<his:tipoAtoPessoal>1002</his:tipoAtoPessoal>
		<his:dataMoviFuncional>2019-03-01</his:dataMoviFuncional>
		<his:informacoesAlteradas>
			<gen:atoTipo01>
				<gen:codigoCargo>00000173</gen:codigoCargo>
				<gen:codigoLotacao>000000000000016</gen:codigoLotacao>
				<gen:tipoRegiPrevidencia>1</gen:tipoRegiPrevidencia>
				<gen:tipoRegiTrabalho>0</gen:tipoRegiTrabalho>
				<gen:tipoVinculo>2</gen:tipoVinculo>
				<gen:dataNomeacao>2019-03-01</gen:dataNomeacao>
				<gen:dataExercicio>2019-03-01</gen:dataExercicio>
				<gen:dataPosse>2019-03-01</gen:dataPosse>
				<gen:numeroEdital>
					<gen:numero>000001</gen:numero>
					<gen:ano>2019</gen:ano>
				</gen:numeroEdital>
			</gen:atoTipo01>
		</his:informacoesAlteradas>
	</his:HistoricoFuncional>
</his:historicos>
