<?xml version="1.0" encoding="ISO-8859-1"?>
<!--********************************************-->
<!--* FIORILLI SOFTWARE LTDA                   *-->
<!--* SISTEMA INTEGRADO DE PESSOAL             *-->
<!--* GERADO 14/09/2022 18:42:26               *-->
<!--* VERSAO 7.5.346.48.15800/R                *-->
<!--* USUARIO PC JONATAS.SILVA                 *-->
<!--* DOMINIO DCFIORILLI                       *-->
<!--* NOME PC PICONTREINA8                     *-->
<!--* USUARIO SISTEMA diego                    *-->
<!--********************************************-->
<aux:CadastrosAuxiliaresSagresFolha xmlns:fol="http://www.tce.pi.gov.br/sagres2022/xml/folhaPagamento" xmlns:aux="http://www.tce.pi.gov.br/sagres2022/xml/cadastrosAuxiliaresSagresFolha" xmlns:gen="http://www.tce.pi.gov.br/sagres2022/xml/genericos" xmlns:tab="http://www.tce.pi.gov.br/sagres2022/xml/tabelasInternas">
  <aux:PrestacaoContas>
    <aux:codigoUnidGestora>201133</aux:codigoUnidGestora>
    <aux:nomeUnidGestora>P. M. DE MORRO CABECA NO TEMPO</aux:nomeUnidGestora>
    <aux:cpfContador>01340944332</aux:cpfContador>
    <aux:cpfGestor>82387796349</aux:cpfGestor>
    <aux:anoReferencia>2022</aux:anoReferencia>
    <aux:mesReferencia>6</aux:mesReferencia>
    <aux:versaoXml>19</aux:versaoXml>
    <aux:diaInicPresContas>1</aux:diaInicPresContas>
    <aux:diaFinaPresContas>30</aux:diaFinaPresContas>
  </aux:PrestacaoContas>
  <aux:Servidor>
    <aux:matricula>000000000000616</aux:matricula>
    <aux:cpfServidor>07127869375</aux:cpfServidor>
    <aux:rgServidor>3581884</aux:rgServidor>
    <aux:orgaoExpedidor>SSPDF</aux:orgaoExpedidor>
    <aux:dataExpeCartDeIdentidade>2014-01-30</aux:dataExpeCartDeIdentidade>
    <aux:nomeServidor>SAMARA MARQUES DA SILVA</aux:nomeServidor>
    <aux:dataNascimento>1997-12-01</aux:dataNascimento>
    <aux:sexo>2</aux:sexo>
    <aux:tituloEleitor>000043411751546</aux:tituloEleitor>
    <aux:tipoEstaCivil>1</aux:tipoEstaCivil>
    <aux:pisPAsep>000016653914608</aux:pisPAsep>
    <aux:numeroOrgaoClasse>00000000</aux:numeroOrgaoClasse>
    <aux:cpfPai>91405297387</aux:cpfPai>
    <aux:nomePai>VALDEMIR MARQUES DA SILVA</aux:nomePai>
    <aux:cpfMae>89120167334</aux:cpfMae>
    <aux:nomeMae>NILZENE MARIA DA SILVA</aux:nomeMae>
  </aux:Servidor>
  <aux:Servidor>
    <aux:matricula>000000000000621</aux:matricula>
    <aux:cpfServidor>04412453316</aux:cpfServidor>
    <aux:rgServidor>603633006</aux:rgServidor>
    <aux:orgaoExpedidor>SSPPI</aux:orgaoExpedidor>
    <aux:dataExpeCartDeIdentidade>2015-09-16</aux:dataExpeCartDeIdentidade>
    <aux:nomeServidor>HABACUC ALVES BORGES</aux:nomeServidor>
    <aux:dataNascimento>1989-12-01</aux:dataNascimento>
    <aux:sexo>1</aux:sexo>
    <aux:tituloEleitor>000037545971538</aux:tituloEleitor>
    <aux:tipoEstaCivil>1</aux:tipoEstaCivil>
    <aux:pisPAsep>000013619179939</aux:pisPAsep>
    <aux:numeroOrgaoClasse>00000000</aux:numeroOrgaoClasse>
    <aux:cpfPai>99999999999</aux:cpfPai>
    <aux:nomePai>CLAUDENOR LOPES DO COUTO</aux:nomePai>
    <aux:cpfMae>01309880816</aux:cpfMae>
    <aux:nomeMae>IRENILDES ALVES BORGES</aux:nomeMae>
  </aux:Servidor>
  <aux:Servidor>
    <aux:matricula>000000000000619</aux:matricula>
    <aux:cpfServidor>02869332335</aux:cpfServidor>
    <aux:rgServidor>2824762</aux:rgServidor>
    <aux:orgaoExpedidor>SSPPI</aux:orgaoExpedidor>
    <aux:dataExpeCartDeIdentidade>2006-04-06</aux:dataExpeCartDeIdentidade>
    <aux:nomeServidor>IVALDA RIBEIRO DE SANTANA FILHA</aux:nomeServidor>
    <aux:dataNascimento>1988-05-25</aux:dataNascimento>
    <aux:sexo>2</aux:sexo>
    <aux:tituloEleitor>000035796131589</aux:tituloEleitor>
    <aux:tipoEstaCivil>1</aux:tipoEstaCivil>
    <aux:pisPAsep>000019048893502</aux:pisPAsep>
    <aux:numeroOrgaoClasse>00000000</aux:numeroOrgaoClasse>
    <aux:cpfPai>85836460825</aux:cpfPai>
    <aux:nomePai>IVALDO ARFARO DE SANTANA</aux:nomePai>
    <aux:cpfMae>99999999999</aux:cpfMae>
    <aux:nomeMae>FRANCISCA RIBEIRO DE SANTANA</aux:nomeMae>
  </aux:Servidor>
  <aux:Servidor>
    <aux:matricula>000000000000622</aux:matricula>
    <aux:cpfServidor>10277143314</aux:cpfServidor>
    <aux:rgServidor>8005200</aux:rgServidor>
    <aux:orgaoExpedidor>SSPPI</aux:orgaoExpedidor>
    <aux:dataExpeCartDeIdentidade>2019-09-20</aux:dataExpeCartDeIdentidade>
    <aux:nomeServidor>VLADIMIR DUARTE PEREIRA</aux:nomeServidor>
    <aux:dataNascimento>2003-07-15</aux:dataNascimento>
    <aux:sexo>1</aux:sexo>
    <aux:tituloEleitor>000047090801546</aux:tituloEleitor>
    <aux:tipoEstaCivil>1</aux:tipoEstaCivil>
    <aux:pisPAsep>000016658249769</aux:pisPAsep>
    <aux:numeroOrgaoClasse>00000000</aux:numeroOrgaoClasse>
    <aux:cpfPai>47363665320</aux:cpfPai>
    <aux:nomePai>BJIVALDO PEREIRA DA SILVA</aux:nomePai>
    <aux:cpfMae>86391470359</aux:cpfMae>
    <aux:nomeMae>VALDIRENE DUARTE SILVA</aux:nomeMae>
  </aux:Servidor>
  <aux:Servidor>
    <aux:matricula>000000000000624</aux:matricula>
    <aux:cpfServidor>01181352363</aux:cpfServidor>
    <aux:rgServidor>2753245</aux:rgServidor>
    <aux:orgaoExpedidor>SSPPI</aux:orgaoExpedidor>
    <aux:dataExpeCartDeIdentidade>2002-12-12</aux:dataExpeCartDeIdentidade>
    <aux:nomeServidor>REJANE FRANCISCA GOMES</aux:nomeServidor>
    <aux:dataNascimento>1986-04-14</aux:dataNascimento>
    <aux:sexo>2</aux:sexo>
    <aux:tituloEleitor>000031620261546</aux:tituloEleitor>
    <aux:tipoEstaCivil>4</aux:tipoEstaCivil>
    <aux:pisPAsep>000016653802575</aux:pisPAsep>
    <aux:numeroOrgaoClasse>00000000</aux:numeroOrgaoClasse>
    <aux:cpfPai>99999999999</aux:cpfPai>
    <aux:nomePai>FIDELCINO JOSE DA SILVA</aux:nomePai>
    <aux:cpfMae>94037833387</aux:cpfMae>
    <aux:nomeMae>DONATINA FRANCISCA DA SILVA</aux:nomeMae>
  </aux:Servidor>
</aux:CadastrosAuxiliaresSagresFolha>
