<?xml version="1.0" encoding="utf-8"?>
<!--FIORILLI SOC. CIVIL LTDA - SOFTWARE-->
<!--ENVIADO POR: MARCELO-->
<!--VERSAO TCE-PI: 8.21.25.41-->
<!--VERSAO DIARIO RAZAO: 8.21.25.1799-->
<!--VERSAO EVENTOS: 2002-->
<emp:EmpenhoseRP xmlns:emp="http://www.tce.pi.gov.br/sagres2019/xml/empenhoseRP" xmlns:gen="http://www.tce.pi.gov.br/sagres2019/xml/genericos" xmlns:tab="http://www.tce.pi.gov.br/sagres2019/xml/tabelasInternas" xmlns:aux="http://www.tce.pi.gov.br/sagres2019/xml/cadastrosAuxiliares">
  <emp:PrestacaoContas>
    <aux:codigoUnidGestora>101017</aux:codigoUnidGestora>
    <aux:nomeUnidGestora>CAMARA MUNICIPAL DE AVELINO LOPES</aux:nomeUnidGestora>
    <aux:cpfContador>30912067349</aux:cpfContador>
    <aux:cpfGestor>78118425304</aux:cpfGestor>
    <aux:anoReferencia>2019</aux:anoReferencia>
    <aux:mesReferencia>12</aux:mesReferencia>
    <aux:versaoXml>0</aux:versaoXml>
    <aux:diaInicPresContas>01</aux:diaInicPresContas>
    <aux:diaFinaPresContas>31</aux:diaFinaPresContas>
  </emp:PrestacaoContas>
  <emp:Empenho>
    <emp:codigoUnidOrcamentaria>010100</emp:codigoUnidOrcamentaria>
    <emp:codigoFuncao>1</emp:codigoFuncao>
    <emp:codigoSubFuncao>31</emp:codigoSubFuncao>
    <emp:codigoPrograma>0001</emp:codigoPrograma>
    <emp:codigoAcao>2001</emp:codigoAcao>
    <emp:codigoCateEconomica>3</emp:codigoCateEconomica>
    <emp:codigoNatuDespesa>1</emp:codigoNatuDespesa>
    <emp:codigoModaAplicacao>90</emp:codigoModaAplicacao>
    <emp:codigoElemDespesa>11</emp:codigoElemDespesa>
    <emp:fonteRecurso>
      <gen:ioc>1</gen:ioc>
      <gen:tipoFontRecurso>001</gen:tipoFontRecurso>
      <gen:anoIngrFontRecurso>0000</gen:anoIngrFontRecurso>
    </emp:fonteRecurso>
    <emp:codigoSubeDespesa>1101</emp:codigoSubeDespesa>
    <emp:anoEmisEmpenho>2019</emp:anoEmisEmpenho>
    <emp:numeroEmpenho>1202001</emp:numeroEmpenho>
    <emp:dataEmisEmpenho>2019-12-02</emp:dataEmisEmpenho>
    <emp:tipoModaLicitacao>9</emp:tipoModaLicitacao>
    <emp:naProcLicitatorio>
      <gen:numero>000000</gen:numero>
      <gen:ano>0000</gen:ano>
    </emp:naProcLicitatorio>
    <emp:historicoEmpenho>VALOR EMPENHADO PARA PAGAMENTO DE DESPESA COM FOLHA DE PAGAMENTO DOS VEREADORES DE AVELINO LOPES, COMPETENCIA 12 2019.</emp:historicoEmpenho>
    <emp:cpfOrdeDespesa>78118425304</emp:cpfOrdeDespesa>
    <emp:cpfCnpjCredor>00000000000000</emp:cpfCnpjCredor>
    <emp:codigoAplicacao>100</emp:codigoAplicacao>
    <emp:tipoEmpenho>1</emp:tipoEmpenho>
    <emp:valorEmpenho>0000000040500.00</emp:valorEmpenho>
  </emp:Empenho>
  <emp:Empenho>
    <emp:codigoUnidOrcamentaria>010100</emp:codigoUnidOrcamentaria>
    <emp:codigoFuncao>1</emp:codigoFuncao>
    <emp:codigoSubFuncao>31</emp:codigoSubFuncao>
    <emp:codigoPrograma>0001</emp:codigoPrograma>
    <emp:codigoAcao>2001</emp:codigoAcao>
    <emp:codigoCateEconomica>3</emp:codigoCateEconomica>
    <emp:codigoNatuDespesa>1</emp:codigoNatuDespesa>
    <emp:codigoModaAplicacao>90</emp:codigoModaAplicacao>
    <emp:codigoElemDespesa>11</emp:codigoElemDespesa>
    <emp:fonteRecurso>
      <gen:ioc>1</gen:ioc>
      <gen:tipoFontRecurso>001</gen:tipoFontRecurso>
      <gen:anoIngrFontRecurso>0000</gen:anoIngrFontRecurso>
    </emp:fonteRecurso>
    <emp:codigoSubeDespesa>1101</emp:codigoSubeDespesa>
    <emp:anoEmisEmpenho>2019</emp:anoEmisEmpenho>
    <emp:numeroEmpenho>1202002</emp:numeroEmpenho>
    <emp:dataEmisEmpenho>2019-12-02</emp:dataEmisEmpenho>
    <emp:tipoModaLicitacao>9</emp:tipoModaLicitacao>
    <emp:naProcLicitatorio>
      <gen:numero>000000</gen:numero>
      <gen:ano>0000</gen:ano>
    </emp:naProcLicitatorio>
    <emp:historicoEmpenho>VALOR EMPENHADO PARA PAGAMENTO DE DESPESAS COM FOLHA DE PAGAMENTOS DOS FUNCIONARIOS EFETIVOS DA CAMARA DE AVELINO LOPES, COMPETENCIA 12 2019.</emp:historicoEmpenho>
    <emp:cpfOrdeDespesa>78118425304</emp:cpfOrdeDespesa>
    <emp:cpfCnpjCredor>00000000000000</emp:cpfCnpjCredor>
    <emp:codigoAplicacao>100</emp:codigoAplicacao>
    <emp:tipoEmpenho>1</emp:tipoEmpenho>
    <emp:valorEmpenho>0000000002177.86</emp:valorEmpenho>
  </emp:Empenho>
  <emp:Empenho>
    <emp:codigoUnidOrcamentaria>010100</emp:codigoUnidOrcamentaria>
    <emp:codigoFuncao>1</emp:codigoFuncao>
    <emp:codigoSubFuncao>31</emp:codigoSubFuncao>
    <emp:codigoPrograma>0001</emp:codigoPrograma>
    <emp:codigoAcao>2001</emp:codigoAcao>
    <emp:codigoCateEconomica>3</emp:codigoCateEconomica>
    <emp:codigoNatuDespesa>3</emp:codigoNatuDespesa>
    <emp:codigoModaAplicacao>90</emp:codigoModaAplicacao>
    <emp:codigoElemDespesa>14</emp:codigoElemDespesa>
    <emp:fonteRecurso>
      <gen:ioc>1</gen:ioc>
      <gen:tipoFontRecurso>001</gen:tipoFontRecurso>
      <gen:anoIngrFontRecurso>0000</gen:anoIngrFontRecurso>
    </emp:fonteRecurso>
    <emp:codigoSubeDespesa>1401</emp:codigoSubeDespesa>
    <emp:anoEmisEmpenho>2019</emp:anoEmisEmpenho>
    <emp:numeroEmpenho>1202003</emp:numeroEmpenho>
    <emp:dataEmisEmpenho>2019-12-02</emp:dataEmisEmpenho>
    <emp:tipoModaLicitacao>9</emp:tipoModaLicitacao>
    <emp:naProcLicitatorio>
      <gen:numero>000000</gen:numero>
      <gen:ano>0000</gen:ano>
    </emp:naProcLicitatorio>
    <emp:historicoEmpenho>VALOR EMPENHADO PARA PAGAMENTO DE DESPESAS COM DIARIAS A VEREADOR PRESIDENTE EM VIAGEM A TERESINA, TRATANDO DE ASSUNTOS DE INTERESSE DA CAMARA DE AVELINO LOPES.</emp:historicoEmpenho>
    <emp:cpfOrdeDespesa>78118425304</emp:cpfOrdeDespesa>
    <emp:cpfCnpjCredor>78118425304</emp:cpfCnpjCredor>
    <emp:codigoAplicacao>100</emp:codigoAplicacao>
    <emp:tipoEmpenho>1</emp:tipoEmpenho>
    <emp:valorEmpenho>0000000002395.20</emp:valorEmpenho>
  </emp:Empenho>
  <emp:Empenho>
    <emp:codigoUnidOrcamentaria>010100</emp:codigoUnidOrcamentaria>
    <emp:codigoFuncao>1</emp:codigoFuncao>
    <emp:codigoSubFuncao>31</emp:codigoSubFuncao>
    <emp:codigoPrograma>0001</emp:codigoPrograma>
    <emp:codigoAcao>2001</emp:codigoAcao>
    <emp:codigoCateEconomica>3</emp:codigoCateEconomica>
    <emp:codigoNatuDespesa>3</emp:codigoNatuDespesa>
    <emp:codigoModaAplicacao>90</emp:codigoModaAplicacao>
    <emp:codigoElemDespesa>39</emp:codigoElemDespesa>
    <emp:fonteRecurso>
      <gen:ioc>1</gen:ioc>
      <gen:tipoFontRecurso>001</gen:tipoFontRecurso>
      <gen:anoIngrFontRecurso>0000</gen:anoIngrFontRecurso>
    </emp:fonteRecurso>
    <emp:codigoSubeDespesa>3959</emp:codigoSubeDespesa>
    <emp:anoEmisEmpenho>2019</emp:anoEmisEmpenho>
    <emp:numeroEmpenho>1202004</emp:numeroEmpenho>
    <emp:dataEmisEmpenho>2019-12-02</emp:dataEmisEmpenho>
    <emp:tipoModaLicitacao>9</emp:tipoModaLicitacao>
    <emp:naProcLicitatorio>
      <gen:numero>000000</gen:numero>
      <gen:ano>0000</gen:ano>
    </emp:naProcLicitatorio>
    <emp:historicoEmpenho>ERRO NO VALOR DO EMPENHO TEXTO COMPLEMENTAR DO EMPENHO DE DESPESA DA ENTIDADE</emp:historicoEmpenho>
    <emp:cpfOrdeDespesa>78118425304</emp:cpfOrdeDespesa>
    <emp:cpfCnpjCredor>00000000144940</emp:cpfCnpjCredor>
    <emp:codigoAplicacao>100</emp:codigoAplicacao>
    <emp:tipoEmpenho>4</emp:tipoEmpenho>
    <emp:valorEmpenho>0000000000097.95</emp:valorEmpenho>
  </emp:Empenho>
  <emp:Empenho>
    <emp:codigoUnidOrcamentaria>010100</emp:codigoUnidOrcamentaria>
    <emp:codigoFuncao>1</emp:codigoFuncao>
    <emp:codigoSubFuncao>31</emp:codigoSubFuncao>
    <emp:codigoPrograma>0001</emp:codigoPrograma>
    <emp:codigoAcao>2001</emp:codigoAcao>
    <emp:codigoCateEconomica>3</emp:codigoCateEconomica>
    <emp:codigoNatuDespesa>3</emp:codigoNatuDespesa>
    <emp:codigoModaAplicacao>90</emp:codigoModaAplicacao>
    <emp:codigoElemDespesa>39</emp:codigoElemDespesa>
    <emp:fonteRecurso>
      <gen:ioc>1</gen:ioc>
      <gen:tipoFontRecurso>001</gen:tipoFontRecurso>
      <gen:anoIngrFontRecurso>0000</gen:anoIngrFontRecurso>
    </emp:fonteRecurso>
    <emp:codigoSubeDespesa>3929</emp:codigoSubeDespesa>
    <emp:anoEmisEmpenho>2019</emp:anoEmisEmpenho>
    <emp:numeroEmpenho>1202005</emp:numeroEmpenho>
    <emp:dataEmisEmpenho>2019-12-02</emp:dataEmisEmpenho>
    <emp:tipoModaLicitacao>9</emp:tipoModaLicitacao>
    <emp:naProcLicitatorio>
      <gen:numero>000000</gen:numero>
      <gen:ano>0000</gen:ano>
    </emp:naProcLicitatorio>
    <emp:historicoEmpenho>ERRO NO VALOR DO EMPENHO TEXTO COMPLEMENTAR DO EMPENHO DE DESPESA DA ENTIDADE</emp:historicoEmpenho>
    <emp:cpfOrdeDespesa>78118425304</emp:cpfOrdeDespesa>
    <emp:cpfCnpjCredor>06840748000189</emp:cpfCnpjCredor>
    <emp:codigoAplicacao>100</emp:codigoAplicacao>
    <emp:tipoEmpenho>4</emp:tipoEmpenho>
    <emp:valorEmpenho>0000000002866.03</emp:valorEmpenho>
  </emp:Empenho>
  <emp:Empenho>
    <emp:codigoUnidOrcamentaria>010100</emp:codigoUnidOrcamentaria>
    <emp:codigoFuncao>1</emp:codigoFuncao>
    <emp:codigoSubFuncao>31</emp:codigoSubFuncao>
    <emp:codigoPrograma>0001</emp:codigoPrograma>
    <emp:codigoAcao>2001</emp:codigoAcao>
    <emp:codigoCateEconomica>3</emp:codigoCateEconomica>
    <emp:codigoNatuDespesa>3</emp:codigoNatuDespesa>
    <emp:codigoModaAplicacao>90</emp:codigoModaAplicacao>
    <emp:codigoElemDespesa>39</emp:codigoElemDespesa>
    <emp:fonteRecurso>
      <gen:ioc>1</gen:ioc>
      <gen:tipoFontRecurso>001</gen:tipoFontRecurso>
      <gen:anoIngrFontRecurso>0000</gen:anoIngrFontRecurso>
    </emp:fonteRecurso>
    <emp:codigoSubeDespesa>3968</emp:codigoSubeDespesa>
    <emp:anoEmisEmpenho>2019</emp:anoEmisEmpenho>
    <emp:numeroEmpenho>1202006</emp:numeroEmpenho>
    <emp:dataEmisEmpenho>2019-12-02</emp:dataEmisEmpenho>
    <emp:tipoModaLicitacao>9</emp:tipoModaLicitacao>
    <emp:naProcLicitatorio>
      <gen:numero>000000</gen:numero>
      <gen:ano>0000</gen:ano>
    </emp:naProcLicitatorio>
    <emp:historicoEmpenho>VALOR JA PAGO EM PARCELAMENTO TEXTO COMPLEMENTAR DO EMPENHO DE DESPESA DA ENTIDADE</emp:historicoEmpenho>
    <emp:cpfOrdeDespesa>78118425304</emp:cpfOrdeDespesa>
    <emp:cpfCnpjCredor>07989781000138</emp:cpfCnpjCredor>
    <emp:codigoAplicacao>100</emp:codigoAplicacao>
    <emp:tipoEmpenho>4</emp:tipoEmpenho>
    <emp:valorEmpenho>0000000000998.00</emp:valorEmpenho>
  </emp:Empenho>
  <emp:Empenho>
    <emp:codigoUnidOrcamentaria>010100</emp:codigoUnidOrcamentaria>
    <emp:codigoFuncao>1</emp:codigoFuncao>
    <emp:codigoSubFuncao>31</emp:codigoSubFuncao>
    <emp:codigoPrograma>0001</emp:codigoPrograma>
    <emp:codigoAcao>2001</emp:codigoAcao>
    <emp:codigoCateEconomica>3</emp:codigoCateEconomica>
    <emp:codigoNatuDespesa>1</emp:codigoNatuDespesa>
    <emp:codigoModaAplicacao>90</emp:codigoModaAplicacao>
    <emp:codigoElemDespesa>11</emp:codigoElemDespesa>
    <emp:fonteRecurso>
      <gen:ioc>1</gen:ioc>
      <gen:tipoFontRecurso>001</gen:tipoFontRecurso>
      <gen:anoIngrFontRecurso>0000</gen:anoIngrFontRecurso>
    </emp:fonteRecurso>
    <emp:codigoSubeDespesa>1101</emp:codigoSubeDespesa>
    <emp:anoEmisEmpenho>2019</emp:anoEmisEmpenho>
    <emp:numeroEmpenho>1202007</emp:numeroEmpenho>
    <emp:dataEmisEmpenho>2019-12-02</emp:dataEmisEmpenho>
    <emp:tipoModaLicitacao>9</emp:tipoModaLicitacao>
    <emp:naProcLicitatorio>
      <gen:numero>000000</gen:numero>
      <gen:ano>0000</gen:ano>
    </emp:naProcLicitatorio>
    <emp:historicoEmpenho>EMPENHO COM ERRO NO VALRO TEXTO COMPLEMENTAR DO EMPENHO DE DESPESA DA ENTIDADE</emp:historicoEmpenho>
    <emp:cpfOrdeDespesa>78118425304</emp:cpfOrdeDespesa>
    <emp:cpfCnpjCredor>00000000000000</emp:cpfCnpjCredor>
    <emp:codigoAplicacao>100</emp:codigoAplicacao>
    <emp:tipoEmpenho>4</emp:tipoEmpenho>
    <emp:valorEmpenho>0000000000000.09</emp:valorEmpenho>
  </emp:Empenho>
  <emp:Empenho>
    <emp:codigoUnidOrcamentaria>010100</emp:codigoUnidOrcamentaria>
    <emp:codigoFuncao>1</emp:codigoFuncao>
    <emp:codigoSubFuncao>31</emp:codigoSubFuncao>
    <emp:codigoPrograma>0001</emp:codigoPrograma>
    <emp:codigoAcao>2001</emp:codigoAcao>
    <emp:codigoCateEconomica>3</emp:codigoCateEconomica>
    <emp:codigoNatuDespesa>3</emp:codigoNatuDespesa>
    <emp:codigoModaAplicacao>90</emp:codigoModaAplicacao>
    <emp:codigoElemDespesa>36</emp:codigoElemDespesa>
    <emp:fonteRecurso>
      <gen:ioc>1</gen:ioc>
      <gen:tipoFontRecurso>001</gen:tipoFontRecurso>
      <gen:anoIngrFontRecurso>0000</gen:anoIngrFontRecurso>
    </emp:fonteRecurso>
    <emp:codigoSubeDespesa>3622</emp:codigoSubeDespesa>
    <emp:anoEmisEmpenho>2019</emp:anoEmisEmpenho>
    <emp:numeroEmpenho>1202008</emp:numeroEmpenho>
    <emp:dataEmisEmpenho>2019-12-02</emp:dataEmisEmpenho>
    <emp:tipoModaLicitacao>9</emp:tipoModaLicitacao>
    <emp:naProcLicitatorio>
      <gen:numero>000000</gen:numero>
      <gen:ano>0000</gen:ano>
    </emp:naProcLicitatorio>
    <emp:historicoEmpenho>VALOR PAGO EM NEGOCIACAO TEXTO COMPLEMENTAR DO EMPENHO DE DESPESA DA ENTIDADE</emp:historicoEmpenho>
    <emp:cpfOrdeDespesa>78118425304</emp:cpfOrdeDespesa>
    <emp:cpfCnpjCredor>07559198317</emp:cpfCnpjCredor>
    <emp:codigoAplicacao>100</emp:codigoAplicacao>
    <emp:tipoEmpenho>4</emp:tipoEmpenho>
    <emp:valorEmpenho>0000000000500.00</emp:valorEmpenho>
  </emp:Empenho>
  <emp:Empenho>
    <emp:codigoUnidOrcamentaria>010100</emp:codigoUnidOrcamentaria>
    <emp:codigoFuncao>1</emp:codigoFuncao>
    <emp:codigoSubFuncao>31</emp:codigoSubFuncao>
    <emp:codigoPrograma>0001</emp:codigoPrograma>
    <emp:codigoAcao>2001</emp:codigoAcao>
    <emp:codigoCateEconomica>3</emp:codigoCateEconomica>
    <emp:codigoNatuDespesa>1</emp:codigoNatuDespesa>
    <emp:codigoModaAplicacao>90</emp:codigoModaAplicacao>
    <emp:codigoElemDespesa>11</emp:codigoElemDespesa>
    <emp:fonteRecurso>
      <gen:ioc>1</gen:ioc>
      <gen:tipoFontRecurso>001</gen:tipoFontRecurso>
      <gen:anoIngrFontRecurso>0000</gen:anoIngrFontRecurso>
    </emp:fonteRecurso>
    <emp:codigoSubeDespesa>1101</emp:codigoSubeDespesa>
    <emp:anoEmisEmpenho>2019</emp:anoEmisEmpenho>
    <emp:numeroEmpenho>1202009</emp:numeroEmpenho>
    <emp:dataEmisEmpenho>2019-12-02</emp:dataEmisEmpenho>
    <emp:tipoModaLicitacao>9</emp:tipoModaLicitacao>
    <emp:naProcLicitatorio>
      <gen:numero>000000</gen:numero>
      <gen:ano>0000</gen:ano>
    </emp:naProcLicitatorio>
    <emp:historicoEmpenho>EMPENHO COM ERRO NO VALOR TEXTO COMPLEMENTAR DO EMPENHO DE DESPESA DA ENTIDADE</emp:historicoEmpenho>
    <emp:cpfOrdeDespesa>78118425304</emp:cpfOrdeDespesa>
    <emp:cpfCnpjCredor>00000000000000</emp:cpfCnpjCredor>
    <emp:codigoAplicacao>100</emp:codigoAplicacao>
    <emp:tipoEmpenho>4</emp:tipoEmpenho>
    <emp:valorEmpenho>0000000000000.06</emp:valorEmpenho>
  </emp:Empenho>
  <emp:Empenho>
    <emp:codigoUnidOrcamentaria>010100</emp:codigoUnidOrcamentaria>
    <emp:codigoFuncao>1</emp:codigoFuncao>
    <emp:codigoSubFuncao>31</emp:codigoSubFuncao>
    <emp:codigoPrograma>0001</emp:codigoPrograma>
    <emp:codigoAcao>2001</emp:codigoAcao>
    <emp:codigoCateEconomica>3</emp:codigoCateEconomica>
    <emp:codigoNatuDespesa>3</emp:codigoNatuDespesa>
    <emp:codigoModaAplicacao>90</emp:codigoModaAplicacao>
    <emp:codigoElemDespesa>36</emp:codigoElemDespesa>
    <emp:fonteRecurso>
      <gen:ioc>1</gen:ioc>
      <gen:tipoFontRecurso>001</gen:tipoFontRecurso>
      <gen:anoIngrFontRecurso>0000</gen:anoIngrFontRecurso>
    </emp:fonteRecurso>
    <emp:codigoSubeDespesa>3620</emp:codigoSubeDespesa>
    <emp:anoEmisEmpenho>2019</emp:anoEmisEmpenho>
    <emp:numeroEmpenho>1203001</emp:numeroEmpenho>
    <emp:dataEmisEmpenho>2019-12-03</emp:dataEmisEmpenho>
    <emp:tipoModaLicitacao>9</emp:tipoModaLicitacao>
    <emp:naProcLicitatorio>
      <gen:numero>000000</gen:numero>
      <gen:ano>0000</gen:ano>
    </emp:naProcLicitatorio>
    <emp:historicoEmpenho>VALOR EMPENHADO PARA PAGAMENTO DE DESPESAS COM FORNECIMENTO DE ALIMENTACAO A CAMARA DE AVELINO LOPES.</emp:historicoEmpenho>
    <emp:cpfOrdeDespesa>78118425304</emp:cpfOrdeDespesa>
    <emp:cpfCnpjCredor>14094255842</emp:cpfCnpjCredor>
    <emp:codigoAplicacao>100</emp:codigoAplicacao>
    <emp:tipoEmpenho>1</emp:tipoEmpenho>
    <emp:valorEmpenho>0000000000500.00</emp:valorEmpenho>
  </emp:Empenho>
  <emp:Empenho>
    <emp:codigoUnidOrcamentaria>010100</emp:codigoUnidOrcamentaria>
    <emp:codigoFuncao>1</emp:codigoFuncao>
    <emp:codigoSubFuncao>31</emp:codigoSubFuncao>
    <emp:codigoPrograma>0001</emp:codigoPrograma>
    <emp:codigoAcao>2001</emp:codigoAcao>
    <emp:codigoCateEconomica>3</emp:codigoCateEconomica>
    <emp:codigoNatuDespesa>3</emp:codigoNatuDespesa>
    <emp:codigoModaAplicacao>90</emp:codigoModaAplicacao>
    <emp:codigoElemDespesa>39</emp:codigoElemDespesa>
    <emp:fonteRecurso>
      <gen:ioc>1</gen:ioc>
      <gen:tipoFontRecurso>001</gen:tipoFontRecurso>
      <gen:anoIngrFontRecurso>0000</gen:anoIngrFontRecurso>
    </emp:fonteRecurso>
    <emp:codigoSubeDespesa>3990</emp:codigoSubeDespesa>
    <emp:anoEmisEmpenho>2019</emp:anoEmisEmpenho>
    <emp:numeroEmpenho>1206001</emp:numeroEmpenho>
    <emp:dataEmisEmpenho>2019-12-06</emp:dataEmisEmpenho>
    <emp:tipoModaLicitacao>9</emp:tipoModaLicitacao>
    <emp:naProcLicitatorio>
      <gen:numero>000000</gen:numero>
      <gen:ano>0000</gen:ano>
    </emp:naProcLicitatorio>
    <emp:historicoEmpenho>VALOR EMPENHADO PARA PAGAMENTO DE DESPESAS COM PUBLICACOES OFICIAIS JUNTO AO DIARIO OFICIAL DOS MUNICIPIOS, COMPETENCIA DE OUTUBRO, NOVEMBRO E DEZEMBRO DE 2019.</emp:historicoEmpenho>
    <emp:cpfOrdeDespesa>78118425304</emp:cpfOrdeDespesa>
    <emp:cpfCnpjCredor>07989781000138</emp:cpfCnpjCredor>
    <emp:codigoAplicacao>100</emp:codigoAplicacao>
    <emp:tipoEmpenho>1</emp:tipoEmpenho>
    <emp:valorEmpenho>0000000002994.00</emp:valorEmpenho>
  </emp:Empenho>
  <emp:Empenho>
    <emp:codigoUnidOrcamentaria>010100</emp:codigoUnidOrcamentaria>
    <emp:codigoFuncao>1</emp:codigoFuncao>
    <emp:codigoSubFuncao>31</emp:codigoSubFuncao>
    <emp:codigoPrograma>0001</emp:codigoPrograma>
    <emp:codigoAcao>2001</emp:codigoAcao>
    <emp:codigoCateEconomica>3</emp:codigoCateEconomica>
    <emp:codigoNatuDespesa>3</emp:codigoNatuDespesa>
    <emp:codigoModaAplicacao>90</emp:codigoModaAplicacao>
    <emp:codigoElemDespesa>36</emp:codigoElemDespesa>
    <emp:fonteRecurso>
      <gen:ioc>1</gen:ioc>
      <gen:tipoFontRecurso>001</gen:tipoFontRecurso>
      <gen:anoIngrFontRecurso>0000</gen:anoIngrFontRecurso>
    </emp:fonteRecurso>
    <emp:codigoSubeDespesa>3620</emp:codigoSubeDespesa>
    <emp:anoEmisEmpenho>2019</emp:anoEmisEmpenho>
    <emp:numeroEmpenho>1220001</emp:numeroEmpenho>
    <emp:dataEmisEmpenho>2019-12-20</emp:dataEmisEmpenho>
    <emp:tipoModaLicitacao>9</emp:tipoModaLicitacao>
    <emp:naProcLicitatorio>
      <gen:numero>000000</gen:numero>
      <gen:ano>0000</gen:ano>
    </emp:naProcLicitatorio>
    <emp:historicoEmpenho>VALOR EMPENHADO PARA PAGAMENTO DE DESPESAS COM FORNECIMENTO DE LANCHES DURANTES AS SESSOES DA CAMARA DE AVELINO LOPES.</emp:historicoEmpenho>
    <emp:cpfOrdeDespesa>78118425304</emp:cpfOrdeDespesa>
    <emp:cpfCnpjCredor>00009817379</emp:cpfCnpjCredor>
    <emp:codigoAplicacao>100</emp:codigoAplicacao>
    <emp:tipoEmpenho>1</emp:tipoEmpenho>
    <emp:valorEmpenho>0000000000830.00</emp:valorEmpenho>
  </emp:Empenho>
  <emp:Empenho>
    <emp:codigoUnidOrcamentaria>010100</emp:codigoUnidOrcamentaria>
    <emp:codigoFuncao>1</emp:codigoFuncao>
    <emp:codigoSubFuncao>31</emp:codigoSubFuncao>
    <emp:codigoPrograma>0001</emp:codigoPrograma>
    <emp:codigoAcao>2001</emp:codigoAcao>
    <emp:codigoCateEconomica>3</emp:codigoCateEconomica>
    <emp:codigoNatuDespesa>3</emp:codigoNatuDespesa>
    <emp:codigoModaAplicacao>90</emp:codigoModaAplicacao>
    <emp:codigoElemDespesa>39</emp:codigoElemDespesa>
    <emp:fonteRecurso>
      <gen:ioc>1</gen:ioc>
      <gen:tipoFontRecurso>001</gen:tipoFontRecurso>
      <gen:anoIngrFontRecurso>0000</gen:anoIngrFontRecurso>
    </emp:fonteRecurso>
    <emp:codigoSubeDespesa>3927</emp:codigoSubeDespesa>
    <emp:anoEmisEmpenho>2019</emp:anoEmisEmpenho>
    <emp:numeroEmpenho>1220002</emp:numeroEmpenho>
    <emp:dataEmisEmpenho>2019-12-20</emp:dataEmisEmpenho>
    <emp:tipoModaLicitacao>9</emp:tipoModaLicitacao>
    <emp:naProcLicitatorio>
      <gen:numero>000000</gen:numero>
      <gen:ano>0000</gen:ano>
    </emp:naProcLicitatorio>
    <emp:historicoEmpenho>VALOR EMPENHADO PARA PAGAMENTO DE DESPESAS COM FORNECIMENTO DE MATERIAS DE CONSUMO A CAMARA DE AVELINO LOPES.</emp:historicoEmpenho>
    <emp:cpfOrdeDespesa>78118425304</emp:cpfOrdeDespesa>
    <emp:cpfCnpjCredor>06882414000178</emp:cpfCnpjCredor>
    <emp:codigoAplicacao>100</emp:codigoAplicacao>
    <emp:tipoEmpenho>1</emp:tipoEmpenho>
    <emp:valorEmpenho>0000000004750.00</emp:valorEmpenho>
  </emp:Empenho>
  <emp:Empenho>
    <emp:codigoUnidOrcamentaria>010100</emp:codigoUnidOrcamentaria>
    <emp:codigoFuncao>1</emp:codigoFuncao>
    <emp:codigoSubFuncao>31</emp:codigoSubFuncao>
    <emp:codigoPrograma>0001</emp:codigoPrograma>
    <emp:codigoAcao>2001</emp:codigoAcao>
    <emp:codigoCateEconomica>3</emp:codigoCateEconomica>
    <emp:codigoNatuDespesa>3</emp:codigoNatuDespesa>
    <emp:codigoModaAplicacao>90</emp:codigoModaAplicacao>
    <emp:codigoElemDespesa>36</emp:codigoElemDespesa>
    <emp:fonteRecurso>
      <gen:ioc>1</gen:ioc>
      <gen:tipoFontRecurso>001</gen:tipoFontRecurso>
      <gen:anoIngrFontRecurso>0000</gen:anoIngrFontRecurso>
    </emp:fonteRecurso>
    <emp:codigoSubeDespesa>3624</emp:codigoSubeDespesa>
    <emp:anoEmisEmpenho>2019</emp:anoEmisEmpenho>
    <emp:numeroEmpenho>1220003</emp:numeroEmpenho>
    <emp:dataEmisEmpenho>2019-12-20</emp:dataEmisEmpenho>
    <emp:tipoModaLicitacao>9</emp:tipoModaLicitacao>
    <emp:naProcLicitatorio>
      <gen:numero>000000</gen:numero>
      <gen:ano>0000</gen:ano>
    </emp:naProcLicitatorio>
    <emp:historicoEmpenho>VALOR EMPENHADO PARA PAGAMENTO DE DESPESAS PELO FORNECIMENTO DE SINAL DE INTERNET A CAMARA DE AVELINO LOPES.</emp:historicoEmpenho>
    <emp:cpfOrdeDespesa>78118425304</emp:cpfOrdeDespesa>
    <emp:cpfCnpjCredor>01453379363</emp:cpfCnpjCredor>
    <emp:codigoAplicacao>100</emp:codigoAplicacao>
    <emp:tipoEmpenho>1</emp:tipoEmpenho>
    <emp:valorEmpenho>0000000000150.00</emp:valorEmpenho>
  </emp:Empenho>
  <emp:Empenho>
    <emp:codigoUnidOrcamentaria>010100</emp:codigoUnidOrcamentaria>
    <emp:codigoFuncao>1</emp:codigoFuncao>
    <emp:codigoSubFuncao>31</emp:codigoSubFuncao>
    <emp:codigoPrograma>0001</emp:codigoPrograma>
    <emp:codigoAcao>2001</emp:codigoAcao>
    <emp:codigoCateEconomica>3</emp:codigoCateEconomica>
    <emp:codigoNatuDespesa>3</emp:codigoNatuDespesa>
    <emp:codigoModaAplicacao>90</emp:codigoModaAplicacao>
    <emp:codigoElemDespesa>36</emp:codigoElemDespesa>
    <emp:fonteRecurso>
      <gen:ioc>1</gen:ioc>
      <gen:tipoFontRecurso>001</gen:tipoFontRecurso>
      <gen:anoIngrFontRecurso>0000</gen:anoIngrFontRecurso>
    </emp:fonteRecurso>
    <emp:codigoSubeDespesa>3619</emp:codigoSubeDespesa>
    <emp:anoEmisEmpenho>2019</emp:anoEmisEmpenho>
    <emp:numeroEmpenho>1220004</emp:numeroEmpenho>
    <emp:dataEmisEmpenho>2019-12-20</emp:dataEmisEmpenho>
    <emp:tipoModaLicitacao>9</emp:tipoModaLicitacao>
    <emp:naProcLicitatorio>
      <gen:numero>000000</gen:numero>
      <gen:ano>0000</gen:ano>
    </emp:naProcLicitatorio>
    <emp:historicoEmpenho>VALOR EMPENHADO PARA PAGAMENTO DE DESPESAS COM VIGIA DO PREDIO SEDE DA CAMARA DE AVELINO LOPES, COMPETENCIA 12 2019.</emp:historicoEmpenho>
    <emp:cpfOrdeDespesa>78118425304</emp:cpfOrdeDespesa>
    <emp:cpfCnpjCredor>09083854396</emp:cpfCnpjCredor>
    <emp:codigoAplicacao>100</emp:codigoAplicacao>
    <emp:tipoEmpenho>1</emp:tipoEmpenho>
    <emp:valorEmpenho>0000000000998.00</emp:valorEmpenho>
  </emp:Empenho>
  <emp:Empenho>
    <emp:codigoUnidOrcamentaria>010100</emp:codigoUnidOrcamentaria>
    <emp:codigoFuncao>1</emp:codigoFuncao>
    <emp:codigoSubFuncao>31</emp:codigoSubFuncao>
    <emp:codigoPrograma>0001</emp:codigoPrograma>
    <emp:codigoAcao>2001</emp:codigoAcao>
    <emp:codigoCateEconomica>3</emp:codigoCateEconomica>
    <emp:codigoNatuDespesa>3</emp:codigoNatuDespesa>
    <emp:codigoModaAplicacao>90</emp:codigoModaAplicacao>
    <emp:codigoElemDespesa>36</emp:codigoElemDespesa>
    <emp:fonteRecurso>
      <gen:ioc>1</gen:ioc>
      <gen:tipoFontRecurso>001</gen:tipoFontRecurso>
      <gen:anoIngrFontRecurso>0000</gen:anoIngrFontRecurso>
    </emp:fonteRecurso>
    <emp:codigoSubeDespesa>3606</emp:codigoSubeDespesa>
    <emp:anoEmisEmpenho>2019</emp:anoEmisEmpenho>
    <emp:numeroEmpenho>1220005</emp:numeroEmpenho>
    <emp:dataEmisEmpenho>2019-12-20</emp:dataEmisEmpenho>
    <emp:tipoModaLicitacao>9</emp:tipoModaLicitacao>
    <emp:naProcLicitatorio>
      <gen:numero>000000</gen:numero>
      <gen:ano>0000</gen:ano>
    </emp:naProcLicitatorio>
    <emp:historicoEmpenho>VALOR EMPENHADO PARA PAGAMENTO DE DESPESAS COM SECRETARIA DA CAMARA DE AVELINO LOPES, COMPETENCIA 12 2019.</emp:historicoEmpenho>
    <emp:cpfOrdeDespesa>78118425304</emp:cpfOrdeDespesa>
    <emp:cpfCnpjCredor>01913624331</emp:cpfCnpjCredor>
    <emp:codigoAplicacao>100</emp:codigoAplicacao>
    <emp:tipoEmpenho>1</emp:tipoEmpenho>
    <emp:valorEmpenho>0000000001100.00</emp:valorEmpenho>
  </emp:Empenho>
  <emp:Empenho>
    <emp:codigoUnidOrcamentaria>010100</emp:codigoUnidOrcamentaria>
    <emp:codigoFuncao>1</emp:codigoFuncao>
    <emp:codigoSubFuncao>31</emp:codigoSubFuncao>
    <emp:codigoPrograma>0001</emp:codigoPrograma>
    <emp:codigoAcao>2001</emp:codigoAcao>
    <emp:codigoCateEconomica>3</emp:codigoCateEconomica>
    <emp:codigoNatuDespesa>1</emp:codigoNatuDespesa>
    <emp:codigoModaAplicacao>90</emp:codigoModaAplicacao>
    <emp:codigoElemDespesa>13</emp:codigoElemDespesa>
    <emp:fonteRecurso>
      <gen:ioc>1</gen:ioc>
      <gen:tipoFontRecurso>001</gen:tipoFontRecurso>
      <gen:anoIngrFontRecurso>0000</gen:anoIngrFontRecurso>
    </emp:fonteRecurso>
    <emp:codigoSubeDespesa>1302</emp:codigoSubeDespesa>
    <emp:anoEmisEmpenho>2019</emp:anoEmisEmpenho>
    <emp:numeroEmpenho>1220006</emp:numeroEmpenho>
    <emp:dataEmisEmpenho>2019-12-20</emp:dataEmisEmpenho>
    <emp:tipoModaLicitacao>9</emp:tipoModaLicitacao>
    <emp:naProcLicitatorio>
      <gen:numero>000000</gen:numero>
      <gen:ano>0000</gen:ano>
    </emp:naProcLicitatorio>
    <emp:historicoEmpenho>VALOR EMPENHADO PARA PAGAMENTO DE DESPESAS COM INSS PATROTRONAL, COMPETENCIA 11 2019.</emp:historicoEmpenho>
    <emp:cpfOrdeDespesa>78118425304</emp:cpfOrdeDespesa>
    <emp:cpfCnpjCredor>29979036000140</emp:cpfCnpjCredor>
    <emp:codigoAplicacao>100</emp:codigoAplicacao>
    <emp:tipoEmpenho>1</emp:tipoEmpenho>
    <emp:valorEmpenho>0000000008646.08</emp:valorEmpenho>
  </emp:Empenho>
  <emp:Empenho>
    <emp:codigoUnidOrcamentaria>010100</emp:codigoUnidOrcamentaria>
    <emp:codigoFuncao>1</emp:codigoFuncao>
    <emp:codigoSubFuncao>31</emp:codigoSubFuncao>
    <emp:codigoPrograma>0001</emp:codigoPrograma>
    <emp:codigoAcao>2001</emp:codigoAcao>
    <emp:codigoCateEconomica>3</emp:codigoCateEconomica>
    <emp:codigoNatuDespesa>3</emp:codigoNatuDespesa>
    <emp:codigoModaAplicacao>90</emp:codigoModaAplicacao>
    <emp:codigoElemDespesa>39</emp:codigoElemDespesa>
    <emp:fonteRecurso>
      <gen:ioc>1</gen:ioc>
      <gen:tipoFontRecurso>001</gen:tipoFontRecurso>
      <gen:anoIngrFontRecurso>0000</gen:anoIngrFontRecurso>
    </emp:fonteRecurso>
    <emp:codigoSubeDespesa>3959</emp:codigoSubeDespesa>
    <emp:anoEmisEmpenho>2019</emp:anoEmisEmpenho>
    <emp:numeroEmpenho>1220007</emp:numeroEmpenho>
    <emp:dataEmisEmpenho>2019-12-20</emp:dataEmisEmpenho>
    <emp:tipoModaLicitacao>9</emp:tipoModaLicitacao>
    <emp:naProcLicitatorio>
      <gen:numero>000000</gen:numero>
      <gen:ano>0000</gen:ano>
    </emp:naProcLicitatorio>
    <emp:historicoEmpenho>VALOR EMPENHADO PARA PAGAMENTO DE DESPESAS COM TARIFAS BANCARIAS.</emp:historicoEmpenho>
    <emp:cpfOrdeDespesa>78118425304</emp:cpfOrdeDespesa>
    <emp:cpfCnpjCredor>00000000144940</emp:cpfCnpjCredor>
    <emp:codigoAplicacao>100</emp:codigoAplicacao>
    <emp:tipoEmpenho>1</emp:tipoEmpenho>
    <emp:valorEmpenho>0000000000041.80</emp:valorEmpenho>
  </emp:Empenho>
  <emp:Empenho>
    <emp:codigoUnidOrcamentaria>010100</emp:codigoUnidOrcamentaria>
    <emp:codigoFuncao>1</emp:codigoFuncao>
    <emp:codigoSubFuncao>31</emp:codigoSubFuncao>
    <emp:codigoPrograma>0001</emp:codigoPrograma>
    <emp:codigoAcao>2001</emp:codigoAcao>
    <emp:codigoCateEconomica>3</emp:codigoCateEconomica>
    <emp:codigoNatuDespesa>1</emp:codigoNatuDespesa>
    <emp:codigoModaAplicacao>90</emp:codigoModaAplicacao>
    <emp:codigoElemDespesa>11</emp:codigoElemDespesa>
    <emp:fonteRecurso>
      <gen:ioc>1</gen:ioc>
      <gen:tipoFontRecurso>001</gen:tipoFontRecurso>
      <gen:anoIngrFontRecurso>0000</gen:anoIngrFontRecurso>
    </emp:fonteRecurso>
    <emp:codigoSubeDespesa>1101</emp:codigoSubeDespesa>
    <emp:anoEmisEmpenho>2019</emp:anoEmisEmpenho>
    <emp:numeroEmpenho>1220008</emp:numeroEmpenho>
    <emp:dataEmisEmpenho>2019-12-20</emp:dataEmisEmpenho>
    <emp:tipoModaLicitacao>9</emp:tipoModaLicitacao>
    <emp:naProcLicitatorio>
      <gen:numero>000000</gen:numero>
      <gen:ano>0000</gen:ano>
    </emp:naProcLicitatorio>
    <emp:historicoEmpenho>VALOR EMPENHADO PARA PAGAMENTO DE DESPESAS COM 13 SALARIO DE FUNCIONARIO DA CAMARA DE AVELINO LOPES, COMPETENCIA 2019.</emp:historicoEmpenho>
    <emp:cpfOrdeDespesa>78118425304</emp:cpfOrdeDespesa>
    <emp:cpfCnpjCredor>00000000000000</emp:cpfCnpjCredor>
    <emp:codigoAplicacao>100</emp:codigoAplicacao>
    <emp:tipoEmpenho>1</emp:tipoEmpenho>
    <emp:valorEmpenho>0000000000918.16</emp:valorEmpenho>
  </emp:Empenho>
  <emp:Empenho>
    <emp:codigoUnidOrcamentaria>010100</emp:codigoUnidOrcamentaria>
    <emp:codigoFuncao>1</emp:codigoFuncao>
    <emp:codigoSubFuncao>31</emp:codigoSubFuncao>
    <emp:codigoPrograma>0001</emp:codigoPrograma>
    <emp:codigoAcao>2001</emp:codigoAcao>
    <emp:codigoCateEconomica>3</emp:codigoCateEconomica>
    <emp:codigoNatuDespesa>3</emp:codigoNatuDespesa>
    <emp:codigoModaAplicacao>90</emp:codigoModaAplicacao>
    <emp:codigoElemDespesa>14</emp:codigoElemDespesa>
    <emp:fonteRecurso>
      <gen:ioc>1</gen:ioc>
      <gen:tipoFontRecurso>001</gen:tipoFontRecurso>
      <gen:anoIngrFontRecurso>0000</gen:anoIngrFontRecurso>
    </emp:fonteRecurso>
    <emp:codigoSubeDespesa>1401</emp:codigoSubeDespesa>
    <emp:anoEmisEmpenho>2019</emp:anoEmisEmpenho>
    <emp:numeroEmpenho>1223001</emp:numeroEmpenho>
    <emp:dataEmisEmpenho>2019-12-23</emp:dataEmisEmpenho>
    <emp:tipoModaLicitacao>9</emp:tipoModaLicitacao>
    <emp:naProcLicitatorio>
      <gen:numero>000000</gen:numero>
      <gen:ano>0000</gen:ano>
    </emp:naProcLicitatorio>
    <emp:historicoEmpenho>VALOR EMPENHADO PARA PAGAMENTO DE DIARIAS AO VEREADOR PRESIDENTE EM VIAGEM A CIDADE DE TERESINA, TRATANDO DE ASSUNTOS DE INTERESSE DA CAMARA DE AVELINO LOPES.</emp:historicoEmpenho>
    <emp:cpfOrdeDespesa>78118425304</emp:cpfOrdeDespesa>
    <emp:cpfCnpjCredor>78118425304</emp:cpfCnpjCredor>
    <emp:codigoAplicacao>100</emp:codigoAplicacao>
    <emp:tipoEmpenho>1</emp:tipoEmpenho>
    <emp:valorEmpenho>0000000001397.20</emp:valorEmpenho>
  </emp:Empenho>
  <emp:Empenho>
    <emp:codigoUnidOrcamentaria>010100</emp:codigoUnidOrcamentaria>
    <emp:codigoFuncao>1</emp:codigoFuncao>
    <emp:codigoSubFuncao>31</emp:codigoSubFuncao>
    <emp:codigoPrograma>0001</emp:codigoPrograma>
    <emp:codigoAcao>2001</emp:codigoAcao>
    <emp:codigoCateEconomica>3</emp:codigoCateEconomica>
    <emp:codigoNatuDespesa>3</emp:codigoNatuDespesa>
    <emp:codigoModaAplicacao>90</emp:codigoModaAplicacao>
    <emp:codigoElemDespesa>14</emp:codigoElemDespesa>
    <emp:fonteRecurso>
      <gen:ioc>1</gen:ioc>
      <gen:tipoFontRecurso>001</gen:tipoFontRecurso>
      <gen:anoIngrFontRecurso>0000</gen:anoIngrFontRecurso>
    </emp:fonteRecurso>
    <emp:codigoSubeDespesa>1401</emp:codigoSubeDespesa>
    <emp:anoEmisEmpenho>2019</emp:anoEmisEmpenho>
    <emp:numeroEmpenho>1223002</emp:numeroEmpenho>
    <emp:dataEmisEmpenho>2019-12-23</emp:dataEmisEmpenho>
    <emp:tipoModaLicitacao>9</emp:tipoModaLicitacao>
    <emp:naProcLicitatorio>
      <gen:numero>000000</gen:numero>
      <gen:ano>0000</gen:ano>
    </emp:naProcLicitatorio>
    <emp:historicoEmpenho>VALOR EMPENHADO PARA PAGAMENTO DE DESPESAS COM DIARIA A VEREADOR EM VIAGEM A TERESINA, TRATANDO DE ASSUNTOS DE INTERESSE DA CAMARA DE AVELINO LOPES.</emp:historicoEmpenho>
    <emp:cpfOrdeDespesa>78118425304</emp:cpfOrdeDespesa>
    <emp:cpfCnpjCredor>45183350310</emp:cpfCnpjCredor>
    <emp:codigoAplicacao>100</emp:codigoAplicacao>
    <emp:tipoEmpenho>1</emp:tipoEmpenho>
    <emp:valorEmpenho>0000000000698.60</emp:valorEmpenho>
  </emp:Empenho>
  <emp:Empenho>
    <emp:codigoUnidOrcamentaria>010100</emp:codigoUnidOrcamentaria>
    <emp:codigoFuncao>1</emp:codigoFuncao>
    <emp:codigoSubFuncao>31</emp:codigoSubFuncao>
    <emp:codigoPrograma>0001</emp:codigoPrograma>
    <emp:codigoAcao>2001</emp:codigoAcao>
    <emp:codigoCateEconomica>3</emp:codigoCateEconomica>
    <emp:codigoNatuDespesa>3</emp:codigoNatuDespesa>
    <emp:codigoModaAplicacao>90</emp:codigoModaAplicacao>
    <emp:codigoElemDespesa>36</emp:codigoElemDespesa>
    <emp:fonteRecurso>
      <gen:ioc>1</gen:ioc>
      <gen:tipoFontRecurso>001</gen:tipoFontRecurso>
      <gen:anoIngrFontRecurso>0000</gen:anoIngrFontRecurso>
    </emp:fonteRecurso>
    <emp:codigoSubeDespesa>3620</emp:codigoSubeDespesa>
    <emp:anoEmisEmpenho>2019</emp:anoEmisEmpenho>
    <emp:numeroEmpenho>1227001</emp:numeroEmpenho>
    <emp:dataEmisEmpenho>2019-12-27</emp:dataEmisEmpenho>
    <emp:tipoModaLicitacao>9</emp:tipoModaLicitacao>
    <emp:naProcLicitatorio>
      <gen:numero>000000</gen:numero>
      <gen:ano>0000</gen:ano>
    </emp:naProcLicitatorio>
    <emp:historicoEmpenho>VALOR EMPENHADO PARA PAGAMENTO DE DESPESAS PELO FORNECIMENTO DE LANCHES DURANTE AS SESSOES DA CAMARA DE AVELINO LOPES.</emp:historicoEmpenho>
    <emp:cpfOrdeDespesa>78118425304</emp:cpfOrdeDespesa>
    <emp:cpfCnpjCredor>00009817379</emp:cpfCnpjCredor>
    <emp:codigoAplicacao>100</emp:codigoAplicacao>
    <emp:tipoEmpenho>1</emp:tipoEmpenho>
    <emp:valorEmpenho>0000000000910.00</emp:valorEmpenho>
  </emp:Empenho>
  <emp:Retencao>
    <emp:codigoUnidOrcamentaria>010100</emp:codigoUnidOrcamentaria>
    <emp:anoEmisEmpenho>2019</emp:anoEmisEmpenho>
    <emp:numeroEmpenho>1202001</emp:numeroEmpenho>
    <emp:numeroDocuLiquidacao>0000001</emp:numeroDocuLiquidacao>
    <emp:tipoRetencao>5</emp:tipoRetencao>
    <emp:tipoOrigRetencao>2</emp:tipoOrigRetencao>
    <emp:cpfCnpjCredor>00000000144940</emp:cpfCnpjCredor>
    <emp:valorRetencao>0000000007280.30</emp:valorRetencao>
  </emp:Retencao>
  <emp:Retencao>
    <emp:codigoUnidOrcamentaria>010100</emp:codigoUnidOrcamentaria>
    <emp:anoEmisEmpenho>2019</emp:anoEmisEmpenho>
    <emp:numeroEmpenho>1202001</emp:numeroEmpenho>
    <emp:numeroDocuLiquidacao>0000001</emp:numeroDocuLiquidacao>
    <emp:tipoRetencao>2</emp:tipoRetencao>
    <emp:tipoOrigRetencao>2</emp:tipoOrigRetencao>
    <emp:cpfCnpjCredor>06554281000100</emp:cpfCnpjCredor>
    <emp:valorRetencao>0000000002385.00</emp:valorRetencao>
  </emp:Retencao>
  <emp:Retencao>
    <emp:codigoUnidOrcamentaria>010100</emp:codigoUnidOrcamentaria>
    <emp:anoEmisEmpenho>2019</emp:anoEmisEmpenho>
    <emp:numeroEmpenho>1202001</emp:numeroEmpenho>
    <emp:numeroDocuLiquidacao>0000001</emp:numeroDocuLiquidacao>
    <emp:tipoRetencao>5</emp:tipoRetencao>
    <emp:tipoOrigRetencao>2</emp:tipoOrigRetencao>
    <emp:cpfCnpjCredor>29979036000140</emp:cpfCnpjCredor>
    <emp:valorRetencao>0000000004455.00</emp:valorRetencao>
  </emp:Retencao>
  <emp:Retencao>
    <emp:codigoUnidOrcamentaria>010100</emp:codigoUnidOrcamentaria>
    <emp:anoEmisEmpenho>2019</emp:anoEmisEmpenho>
    <emp:numeroEmpenho>1202002</emp:numeroEmpenho>
    <emp:numeroDocuLiquidacao>0000001</emp:numeroDocuLiquidacao>
    <emp:tipoRetencao>5</emp:tipoRetencao>
    <emp:tipoOrigRetencao>2</emp:tipoOrigRetencao>
    <emp:cpfCnpjCredor>29979036000140</emp:cpfCnpjCredor>
    <emp:valorRetencao>0000000000159.68</emp:valorRetencao>
  </emp:Retencao>
</emp:EmpenhoseRP>
