<?xml version="1.0" encoding="ISO-8859-1"?>
<!--**********************************-->
<!--* FIORILLI SOFTWARE LTDA         *-->
<!--* SISTEMA INTEGRADO DE PESSOAL   *-->
<!--* GERADO 29/07/2021 11:42:51     *-->
<!--* VERSAO 7.5.316.39.14805/R      *-->
<!--* USUARIO JONATAS.SILVA          *-->
<!--* DOMINIO DCFIORILLI             *-->
<!--* NOME PC PICONTREINA8           *-->
<!--**********************************-->
<aux:CadastrosAuxiliaresSagresFolha xmlns:fol="http://www.tce.pi.gov.br/sagres2021/xml/folhaPagamento" xmlns:aux="http://www.tce.pi.gov.br/sagres2021/xml/cadastrosAuxiliaresSagresFolha" xmlns:gen="http://www.tce.pi.gov.br/sagres2021/xml/genericos" xmlns:tab="http://www.tce.pi.gov.br/sagres2021/xml/tabelasInternas">
  <aux:PrestacaoContas>
    <aux:codigoUnidGestora>201133</aux:codigoUnidGestora>
    <aux:nomeUnidGestora>P. M. DE MORRO CABECA NO TEMPO</aux:nomeUnidGestora>
    <aux:cpfContador>01340944332</aux:cpfContador>
    <aux:cpfGestor>82387796349</aux:cpfGestor>
    <aux:anoReferencia>2021</aux:anoReferencia>
    <aux:mesReferencia>5</aux:mesReferencia>
    <aux:versaoXml>19</aux:versaoXml>
    <aux:diaInicPresContas>1</aux:diaInicPresContas>
    <aux:diaFinaPresContas>31</aux:diaFinaPresContas>
  </aux:PrestacaoContas>
  <aux:Cargo>
    <aux:codigoCargo>00000110</aux:codigoCargo>
    <aux:nomeDoCargo>COORDENADORA DE CADASTRO DE PROGRAMAS NACIONAIS E ESTADUAIS</aux:nomeDoCargo>
    <aux:cargaHoraria>30</aux:cargaHoraria>
    <aux:tipoEscolaridade>0</aux:tipoEscolaridade>
    <aux:codigoCargoRhWeb>00000000</aux:codigoCargoRhWeb>
    <aux:codigoCargoRhWeb>00000000</aux:codigoCargoRhWeb>
    <aux:codigoCargoRhWeb>00000000</aux:codigoCargoRhWeb>
    <aux:vecimentoBaseOuSalario>0.00</aux:vecimentoBaseOuSalario>
    <aux:tipoOcupacao>373140</aux:tipoOcupacao>
    <aux:naturezaCargo>3</aux:naturezaCargo>
  </aux:Cargo>
  <aux:Servidor>
    <aux:matricula>000000000000270</aux:matricula>
    <aux:cpfServidor>01914104382</aux:cpfServidor>
    <aux:rgServidor>2803256</aux:rgServidor>
    <aux:orgaoExpedidor>SSPPI</aux:orgaoExpedidor>
    <aux:dataExpeCartDeIdentidade>2006-01-06</aux:dataExpeCartDeIdentidade>
    <aux:nomeServidor>IBERENICE MARQUES DE SOUSA</aux:nomeServidor>
    <aux:dataNascimento>1984-05-15</aux:dataNascimento>
    <aux:sexo>2</aux:sexo>
    <aux:tituloEleitor>000025774191503</aux:tituloEleitor>
    <aux:tipoEstaCivil>1</aux:tipoEstaCivil>
    <aux:pisPAsep>000016259595302</aux:pisPAsep>
    <aux:numeroOrgaoClasse>00000000</aux:numeroOrgaoClasse>
    <aux:cpfPai>85225606849</aux:cpfPai>
    <aux:nomePai>SAULO MARQUES DE SOUSA</aux:nomePai>
    <aux:cpfMae>97363600325</aux:cpfMae>
    <aux:nomeMae>ALBERTINA LINO DE SOUSA</aux:nomeMae>
  </aux:Servidor>
  <aux:Servidor>
    <aux:matricula>000000000000407</aux:matricula>
    <aux:cpfServidor>01248082397</aux:cpfServidor>
    <aux:rgServidor>2824487</aux:rgServidor>
    <aux:orgaoExpedidor>SSPPI</aux:orgaoExpedidor>
    <aux:dataExpeCartDeIdentidade>2006-03-04</aux:dataExpeCartDeIdentidade>
    <aux:nomeServidor>VANDETE VIEIRA DO BOMFIM</aux:nomeServidor>
    <aux:dataNascimento>1983-04-03</aux:dataNascimento>
    <aux:sexo>2</aux:sexo>
    <aux:tituloEleitor>000027303421503</aux:tituloEleitor>
    <aux:tipoEstaCivil>1</aux:tipoEstaCivil>
    <aux:pisPAsep>000020130023803</aux:pisPAsep>
    <aux:numeroOrgaoClasse>00000000</aux:numeroOrgaoClasse>
    <aux:cpfPai>99999999999</aux:cpfPai>
    <aux:nomePai>ANTONIO VIEIRA DO BOMFIM</aux:nomePai>
    <aux:cpfMae>02986687342</aux:cpfMae>
    <aux:nomeMae>MATILDE MARIA DO BOMFIM</aux:nomeMae>
  </aux:Servidor>
  <aux:Servidor>
    <aux:matricula>000000000000272</aux:matricula>
    <aux:cpfServidor>00903643332</aux:cpfServidor>
    <aux:rgServidor>2420630</aux:rgServidor>
    <aux:orgaoExpedidor>SSPPI</aux:orgaoExpedidor>
    <aux:dataExpeCartDeIdentidade>2002-10-29</aux:dataExpeCartDeIdentidade>
    <aux:nomeServidor>EVA ALVES COSTA</aux:nomeServidor>
    <aux:dataNascimento>1985-05-06</aux:dataNascimento>
    <aux:sexo>2</aux:sexo>
    <aux:tituloEleitor>000033514611554</aux:tituloEleitor>
    <aux:tipoEstaCivil>1</aux:tipoEstaCivil>
    <aux:pisPAsep>000020071941791</aux:pisPAsep>
    <aux:numeroOrgaoClasse>00000000</aux:numeroOrgaoClasse>
    <aux:cpfPai>99999999999</aux:cpfPai>
    <aux:nomePai>GERSON NUNES COSTA</aux:nomePai>
    <aux:cpfMae>99999999999</aux:cpfMae>
    <aux:nomeMae>MARIA ZILDA ALVES COSTA</aux:nomeMae>
  </aux:Servidor>
  <aux:Servidor>
    <aux:matricula>000000000000273</aux:matricula>
    <aux:cpfServidor>80376762349</aux:cpfServidor>
    <aux:rgServidor>1128039</aux:rgServidor>
    <aux:orgaoExpedidor>SSPPI</aux:orgaoExpedidor>
    <aux:dataExpeCartDeIdentidade>2014-08-27</aux:dataExpeCartDeIdentidade>
    <aux:nomeServidor>MARCELO GRANJA</aux:nomeServidor>
    <aux:dataNascimento>1971-07-03</aux:dataNascimento>
    <aux:sexo>1</aux:sexo>
    <aux:tituloEleitor>000020809181520</aux:tituloEleitor>
    <aux:tipoEstaCivil>1</aux:tipoEstaCivil>
    <aux:pisPAsep>000019048879801</aux:pisPAsep>
    <aux:numeroOrgaoClasse>00000000</aux:numeroOrgaoClasse>
    <aux:cpfPai>99999999999</aux:cpfPai>
    <aux:nomePai>OSVALDO GRANJA</aux:nomePai>
    <aux:cpfMae>99999999999</aux:cpfMae>
    <aux:nomeMae>NO�MIA FEITOSA</aux:nomeMae>
  </aux:Servidor>
  <aux:Servidor>
    <aux:matricula>000000000000274</aux:matricula>
    <aux:cpfServidor>14345292824</aux:cpfServidor>
    <aux:rgServidor>23920873</aux:rgServidor>
    <aux:orgaoExpedidor>SSPSP</aux:orgaoExpedidor>
    <aux:dataExpeCartDeIdentidade>1988-08-09</aux:dataExpeCartDeIdentidade>
    <aux:nomeServidor>FRANCISCO NETO MARIANO</aux:nomeServidor>
    <aux:dataNascimento>1970-08-05</aux:dataNascimento>
    <aux:sexo>1</aux:sexo>
    <aux:tituloEleitor>000318472910116</aux:tituloEleitor>
    <aux:tipoEstaCivil>2</aux:tipoEstaCivil>
    <aux:pisPAsep>000012375127864</aux:pisPAsep>
    <aux:numeroOrgaoClasse>00000000</aux:numeroOrgaoClasse>
    <aux:cpfPai>99999999999</aux:cpfPai>
    <aux:nomePai>CONSTANTINO MARIANO DA SILVA</aux:nomePai>
    <aux:cpfMae>99999999999</aux:cpfMae>
    <aux:nomeMae>ANA ANGELICA BATISTA DA SILVA</aux:nomeMae>
  </aux:Servidor>
  <aux:Servidor>
    <aux:matricula>000000000000275</aux:matricula>
    <aux:cpfServidor>35045209817</aux:cpfServidor>
    <aux:rgServidor>42705753</aux:rgServidor>
    <aux:orgaoExpedidor>SSPSP</aux:orgaoExpedidor>
    <aux:dataExpeCartDeIdentidade>2013-02-26</aux:dataExpeCartDeIdentidade>
    <aux:nomeServidor>LEONARDO ALVES MENDES</aux:nomeServidor>
    <aux:dataNascimento>1986-11-05</aux:dataNascimento>
    <aux:sexo>1</aux:sexo>
    <aux:tituloEleitor>000330464340159</aux:tituloEleitor>
    <aux:tipoEstaCivil>2</aux:tipoEstaCivil>
    <aux:pisPAsep>000020086439760</aux:pisPAsep>
    <aux:numeroOrgaoClasse>00000000</aux:numeroOrgaoClasse>
    <aux:cpfPai>07575486879</aux:cpfPai>
    <aux:nomePai>LUIZETE MENDES ALVES</aux:nomePai>
    <aux:cpfMae>11825830835</aux:cpfMae>
    <aux:nomeMae>ZILDA BORGES ALVES</aux:nomeMae>
  </aux:Servidor>
</aux:CadastrosAuxiliaresSagresFolha>
