<?xml version="1.0" encoding="utf-8"?>
<!--FIORILLI SOC. CIVIL LTDA - SOFTWARE-->
<!--ENVIADO POR: MARCELO-->
<!--VERSAO TCE-PI: 8.25.25.19-->
<!--VERSAO DIARIO RAZAO: 8.21.25.1892-->
<!--VERSAO EVENTOS: 2067-->
<aux:CadastrosAuxiliares xmlns:aux="http://www.tce.pi.gov.br/sagres2020/xml/cadastrosAuxiliares" xmlns:gen="http://www.tce.pi.gov.br/sagres2020/xml/genericos" xmlns:tab="http://www.tce.pi.gov.br/sagres2020/xml/tabelasInternas">
  <aux:PrestacaoContas>
    <aux:codigoUnidGestora>101017</aux:codigoUnidGestora>
    <aux:nomeUnidGestora>CAMARA MUNICIPAL DE AVELINO LOPES</aux:nomeUnidGestora>
    <aux:cpfContador>30912067349</aux:cpfContador>
    <aux:cpfGestor>78118425304</aux:cpfGestor>
    <aux:anoReferencia>2020</aux:anoReferencia>
    <aux:mesReferencia>01</aux:mesReferencia>
    <aux:versaoXml>0</aux:versaoXml>
    <aux:diaInicPresContas>01</aux:diaInicPresContas>
    <aux:diaFinaPresContas>31</aux:diaFinaPresContas>
  </aux:PrestacaoContas>
  <aux:Orcamento>
    <aux:anoVigeLoa>2020</aux:anoVigeLoa>
    <aux:dataPublLoa>2018-01-19</aux:dataPublLoa>
    <aux:percentualAutoSuplLoa>55</aux:percentualAutoSuplLoa>
    <aux:numeroLoa>0004292020</aux:numeroLoa>
    <aux:dataPublLdo>2019-01-31</aux:dataPublLdo>
    <aux:numeroLdo>
      <gen:numero>000426</gen:numero>
      <gen:ano>2020</gen:ano>
    </aux:numeroLdo>
    <aux:numeroLeiPpa>
      <gen:numero>000421</gen:numero>
      <gen:ano>2020</gen:ano>
    </aux:numeroLeiPpa>
    <aux:dataPublPpa>2018-01-19</aux:dataPublPpa>
    <aux:numeroLeiAltePpa>
      <gen:numero>000426</gen:numero>
      <gen:ano>2020</gen:ano>
    </aux:numeroLeiAltePpa>
    <aux:dataPublAltePpa>2019-01-31</aux:dataPublAltePpa>
    <aux:valorRecePrevista>0000000000000.00</aux:valorRecePrevista>
    <aux:valorDespFixada>0000000927129.50</aux:valorDespFixada>
    <aux:metaResuPrimEmValoCorrente>0</aux:metaResuPrimEmValoCorrente>
    <aux:metaResuNomiEmValoCorrente>0</aux:metaResuNomiEmValoCorrente>
  </aux:Orcamento>
  <aux:UnidadeOrcamentaria>
    <aux:codigoUnidOrcamentaria>010100</aux:codigoUnidOrcamentaria>
    <aux:nomeUnidOrcamentaria>CAMARA MUNICIPAL DE AVELINO LOPES</aux:nomeUnidOrcamentaria>
    <aux:tipoUnidOrcamentaria>1</aux:tipoUnidOrcamentaria>
  </aux:UnidadeOrcamentaria>
  <aux:UnidadeOrcamentaria>
    <aux:codigoUnidOrcamentaria>020200</aux:codigoUnidOrcamentaria>
    <aux:nomeUnidOrcamentaria>SECRETARIA MUNICIPAL DE ADMINSITRACAO</aux:nomeUnidOrcamentaria>
    <aux:tipoUnidOrcamentaria>6</aux:tipoUnidOrcamentaria>
  </aux:UnidadeOrcamentaria>
  <aux:Programa>
    <aux:codigoPrograma>0001</aux:codigoPrograma>
    <aux:denominacaoPrograma>PROCESSO LEGISLATIVO</aux:denominacaoPrograma>
    <aux:descricaoObjePrograma>NADA INFORMADO</aux:descricaoObjePrograma>
  </aux:Programa>
  <aux:Programa>
    <aux:codigoPrograma>0009</aux:codigoPrograma>
    <aux:denominacaoPrograma>CONTROLE E ACOMPANHAMENTO DA DIVIDA</aux:denominacaoPrograma>
    <aux:descricaoObjePrograma>NADA INFORMADO</aux:descricaoObjePrograma>
  </aux:Programa>
  <aux:Acao>
    <aux:codigoAcao>0001</aux:codigoAcao>
    <aux:denominacaoAcao>ENCARGOS COM PARCELAMENTO DA DIVIDA</aux:denominacaoAcao>
    <aux:tipoAcao>0</aux:tipoAcao>
  </aux:Acao>
  <aux:Acao>
    <aux:codigoAcao>1001</aux:codigoAcao>
    <aux:denominacaoAcao>CONSTRUCA, REFORMA E AMPLIACAO DO PREDIO DA CAMARA</aux:denominacaoAcao>
    <aux:tipoAcao>1</aux:tipoAcao>
  </aux:Acao>
  <aux:Acao>
    <aux:codigoAcao>2001</aux:codigoAcao>
    <aux:denominacaoAcao>MANUTENCAO E FUNCIONAMENTO DA CAMARA MUNICIPAL</aux:denominacaoAcao>
    <aux:tipoAcao>2</aux:tipoAcao>
  </aux:Acao>
  <aux:CadastroContaBancaria>
    <aux:codigoBanco>000</aux:codigoBanco>
    <aux:codigoAgencia>000000</aux:codigoAgencia>
    <aux:numeroContBancaria>000000000000</aux:numeroContBancaria>
    <aux:tipoContBancaria>0</aux:tipoContBancaria>
    <aux:descricaoContBancaria>CONTA CAIXA</aux:descricaoContBancaria>
  </aux:CadastroContaBancaria>
  <aux:CadastroContaBancaria>
    <aux:codigoBanco>104</aux:codigoBanco>
    <aux:codigoAgencia>001209</aux:codigoAgencia>
    <aux:numeroContBancaria>000000001111</aux:numeroContBancaria>
    <aux:tipoContBancaria>1</aux:tipoContBancaria>
    <aux:descricaoContBancaria>CAIXA ECONOMICA</aux:descricaoContBancaria>
  </aux:CadastroContaBancaria>
  <aux:CadastroContaBancaria>
    <aux:codigoBanco>001</aux:codigoBanco>
    <aux:codigoAgencia>001209</aux:codigoAgencia>
    <aux:numeroContBancaria>000000020532</aux:numeroContBancaria>
    <aux:tipoContBancaria>1</aux:tipoContBancaria>
    <aux:descricaoContBancaria>BB CAMARA</aux:descricaoContBancaria>
  </aux:CadastroContaBancaria>
  <aux:CadastroContaBancaria>
    <aux:codigoBanco>001</aux:codigoBanco>
    <aux:codigoAgencia>001209</aux:codigoAgencia>
    <aux:numeroContBancaria>00000020532L</aux:numeroContBancaria>
    <aux:tipoContBancaria>2</aux:tipoContBancaria>
    <aux:descricaoContBancaria>20532 APLICACAO</aux:descricaoContBancaria>
  </aux:CadastroContaBancaria>
  <aux:CadastroContaBancaria>
    <aux:codigoBanco>036</aux:codigoBanco>
    <aux:codigoAgencia>001209</aux:codigoAgencia>
    <aux:numeroContBancaria>000000002121</aux:numeroContBancaria>
    <aux:tipoContBancaria>1</aux:tipoContBancaria>
    <aux:descricaoContBancaria>BRADESCO</aux:descricaoContBancaria>
  </aux:CadastroContaBancaria>
  <aux:Decreto>
    <aux:numeroDecreto>
      <gen:numero>000001</gen:numero>
      <gen:ano>2020</gen:ano>
    </aux:numeroDecreto>
    <aux:numeroLeiQueAutorizou>
      <gen:numero>000429</gen:numero>
      <gen:ano>2020</gen:ano>
    </aux:numeroLeiQueAutorizou>
    <aux:dataDecreto>2020-01-10</aux:dataDecreto>
    <aux:dataPublDecreto>2020-01-20</aux:dataPublDecreto>
    <aux:tipoPublicacao>1</aux:tipoPublicacao>
  </aux:Decreto>
  <aux:ConciliacaoBancaria>
    <aux:codigoBanco>000</aux:codigoBanco>
    <aux:codigoAgencia>000000</aux:codigoAgencia>
    <aux:numeroContBancaria>000000000000</aux:numeroContBancaria>
    <aux:tipoContBancaria>0</aux:tipoContBancaria>
    <aux:numeroSequencial>00000745</aux:numeroSequencial>
    <aux:tipoConcBancaria>1</aux:tipoConcBancaria>
    <aux:descricaoSobrValoConciliado>SALDO EM 31 01 2020 CONFORME EXTRATO BANCARIO COMP</aux:descricaoSobrValoConciliado>
    <aux:dataFatoConciliado>2020-01-31</aux:dataFatoConciliado>
    <aux:numeroChequeDocumento>000000</aux:numeroChequeDocumento>
    <aux:numeroDocDebiAutomatico>00000000000</aux:numeroDocDebiAutomatico>
    <aux:valorConciliado>0000000000000.00</aux:valorConciliado>
  </aux:ConciliacaoBancaria>
  <aux:ConciliacaoBancaria>
    <aux:codigoBanco>104</aux:codigoBanco>
    <aux:codigoAgencia>001209</aux:codigoAgencia>
    <aux:numeroContBancaria>000000001111</aux:numeroContBancaria>
    <aux:tipoContBancaria>1</aux:tipoContBancaria>
    <aux:numeroSequencial>00000746</aux:numeroSequencial>
    <aux:tipoConcBancaria>1</aux:tipoConcBancaria>
    <aux:descricaoSobrValoConciliado>SALDO EM 31 01 2020 CONFORME EXTRATO BANCARIO COMP</aux:descricaoSobrValoConciliado>
    <aux:dataFatoConciliado>2020-01-31</aux:dataFatoConciliado>
    <aux:numeroChequeDocumento>000000</aux:numeroChequeDocumento>
    <aux:numeroDocDebiAutomatico>00000000000</aux:numeroDocDebiAutomatico>
    <aux:valorConciliado>0000000000000.00</aux:valorConciliado>
  </aux:ConciliacaoBancaria>
  <aux:ConciliacaoBancaria>
    <aux:codigoBanco>001</aux:codigoBanco>
    <aux:codigoAgencia>001209</aux:codigoAgencia>
    <aux:numeroContBancaria>000000020532</aux:numeroContBancaria>
    <aux:tipoContBancaria>1</aux:tipoContBancaria>
    <aux:numeroSequencial>00000747</aux:numeroSequencial>
    <aux:tipoConcBancaria>1</aux:tipoConcBancaria>
    <aux:descricaoSobrValoConciliado>SALDO EM 31 01 2020 CONFORME EXTRATO BANCARIO COMP</aux:descricaoSobrValoConciliado>
    <aux:dataFatoConciliado>2020-01-31</aux:dataFatoConciliado>
    <aux:numeroChequeDocumento>000000</aux:numeroChequeDocumento>
    <aux:numeroDocDebiAutomatico>00000000000</aux:numeroDocDebiAutomatico>
    <aux:valorConciliado>0000000000000.00</aux:valorConciliado>
  </aux:ConciliacaoBancaria>
  <aux:ConciliacaoBancaria>
    <aux:codigoBanco>001</aux:codigoBanco>
    <aux:codigoAgencia>001209</aux:codigoAgencia>
    <aux:numeroContBancaria>00000020532L</aux:numeroContBancaria>
    <aux:tipoContBancaria>2</aux:tipoContBancaria>
    <aux:numeroSequencial>00000748</aux:numeroSequencial>
    <aux:tipoConcBancaria>1</aux:tipoConcBancaria>
    <aux:descricaoSobrValoConciliado>SALDO EM 31 01 2020 CONFORME EXTRATO BANCARIO COMP</aux:descricaoSobrValoConciliado>
    <aux:dataFatoConciliado>2020-01-31</aux:dataFatoConciliado>
    <aux:numeroChequeDocumento>000000</aux:numeroChequeDocumento>
    <aux:numeroDocDebiAutomatico>00000000000</aux:numeroDocDebiAutomatico>
    <aux:valorConciliado>0000000000000.00</aux:valorConciliado>
  </aux:ConciliacaoBancaria>
  <aux:ConciliacaoBancaria>
    <aux:codigoBanco>036</aux:codigoBanco>
    <aux:codigoAgencia>001209</aux:codigoAgencia>
    <aux:numeroContBancaria>000000002121</aux:numeroContBancaria>
    <aux:tipoContBancaria>1</aux:tipoContBancaria>
    <aux:numeroSequencial>00000749</aux:numeroSequencial>
    <aux:tipoConcBancaria>1</aux:tipoConcBancaria>
    <aux:descricaoSobrValoConciliado>SALDO EM 31 01 2020 CONFORME EXTRATO BANCARIO COMP</aux:descricaoSobrValoConciliado>
    <aux:dataFatoConciliado>2020-01-31</aux:dataFatoConciliado>
    <aux:numeroChequeDocumento>000000</aux:numeroChequeDocumento>
    <aux:numeroDocDebiAutomatico>00000000000</aux:numeroDocDebiAutomatico>
    <aux:valorConciliado>0000000000000.00</aux:valorConciliado>
  </aux:ConciliacaoBancaria>
  <aux:Fornecedor>
    <aux:cpfCnpjCredor>00000000000000</aux:cpfCnpjCredor>
    <aux:nomeDenoOuRazaJuridica>FOLHA DE PAGAMENTO</aux:nomeDenoOuRazaJuridica>
    <aux:endereco>
      <gen:logradouro>PRACA DO MERCADO, 02</gen:logradouro>
      <gen:numero>000</gen:numero>
      <gen:complemento>SEM COMPLEMENTO</gen:complemento>
      <gen:bairro>CENTRO</gen:bairro>
      <gen:numeroCep>64965000</gen:numeroCep>
      <gen:municipio>AVELINO LOPES</gen:municipio>
      <gen:estado>PI</gen:estado>
      <gen:telefoneFixo>00000000</gen:telefoneFixo>
      <gen:telefoneCelular>00000000</gen:telefoneCelular>
    </aux:endereco>
    <aux:tipoCredor>3</aux:tipoCredor>
  </aux:Fornecedor>
  <aux:Fornecedor>
    <aux:cpfCnpjCredor>00000000144940</aux:cpfCnpjCredor>
    <aux:nomeDenoOuRazaJuridica>BANCO DO BRASIL S A CURIMATA</aux:nomeDenoOuRazaJuridica>
    <aux:endereco>
      <gen:logradouro>R.BARAO DO PARAIM,</gen:logradouro>
      <gen:numero>10</gen:numero>
      <gen:complemento>SEM COMPLEMENTO</gen:complemento>
      <gen:bairro>CENTRO</gen:bairro>
      <gen:numeroCep>64960000</gen:numeroCep>
      <gen:municipio>CURIMATA</gen:municipio>
      <gen:estado>PI</gen:estado>
      <gen:telefoneFixo>NAO INFORMADO</gen:telefoneFixo>
      <gen:telefoneCelular>NAO INFORMADO</gen:telefoneCelular>
    </aux:endereco>
    <aux:tipoCredor>2</aux:tipoCredor>
  </aux:Fornecedor>
  <aux:Fornecedor>
    <aux:cpfCnpjCredor>00009817379</aux:cpfCnpjCredor>
    <aux:nomeDenoOuRazaJuridica>SOLANGE PROSPERO GAMA</aux:nomeDenoOuRazaJuridica>
    <aux:endereco>
      <gen:logradouro>RUA 07 DE SETEMBRO</gen:logradouro>
      <gen:numero>97</gen:numero>
      <gen:complemento>SEM COMPLEMENTO</gen:complemento>
      <gen:bairro>CENTRO</gen:bairro>
      <gen:numeroCep>64965000</gen:numeroCep>
      <gen:municipio>AVELINO LOPES</gen:municipio>
      <gen:estado>PI</gen:estado>
      <gen:telefoneFixo>NAO INFORMADO</gen:telefoneFixo>
      <gen:telefoneCelular>NAO INFORMADO</gen:telefoneCelular>
    </aux:endereco>
    <aux:tipoCredor>1</aux:tipoCredor>
  </aux:Fornecedor>
  <aux:Fornecedor>
    <aux:cpfCnpjCredor>00364474394</aux:cpfCnpjCredor>
    <aux:nomeDenoOuRazaJuridica>MAXWEL FRANCISCO GAMA</aux:nomeDenoOuRazaJuridica>
    <aux:endereco>
      <gen:logradouro>AVELINO LOPES</gen:logradouro>
      <gen:numero>0</gen:numero>
      <gen:complemento>SEM COMPLEMENTO</gen:complemento>
      <gen:bairro>CENTRO</gen:bairro>
      <gen:numeroCep>64965000</gen:numeroCep>
      <gen:municipio>AVELINO LOPES</gen:municipio>
      <gen:estado>PI</gen:estado>
      <gen:telefoneFixo>NAO INFORMADO</gen:telefoneFixo>
      <gen:telefoneCelular>NAO INFORMADO</gen:telefoneCelular>
    </aux:endereco>
    <aux:tipoCredor>1</aux:tipoCredor>
  </aux:Fornecedor>
  <aux:Fornecedor>
    <aux:cpfCnpjCredor>00394460005887</aux:cpfCnpjCredor>
    <aux:nomeDenoOuRazaJuridica>SECRETARIA DA RECEITA FEDERAL</aux:nomeDenoOuRazaJuridica>
    <aux:endereco>
      <gen:logradouro>NAO INFORMADO</gen:logradouro>
      <gen:numero>0</gen:numero>
      <gen:complemento>SEM COMPLEMENTO</gen:complemento>
      <gen:bairro>NAO INFORMADO</gen:bairro>
      <gen:numeroCep>00000000</gen:numeroCep>
      <gen:municipio>BRASILIA</gen:municipio>
      <gen:estado>DF</gen:estado>
      <gen:telefoneFixo>NAO INFORMADO</gen:telefoneFixo>
      <gen:telefoneCelular>NAO INFORMADO</gen:telefoneCelular>
    </aux:endereco>
    <aux:tipoCredor>2</aux:tipoCredor>
  </aux:Fornecedor>
  <aux:Fornecedor>
    <aux:cpfCnpjCredor>01453379363</aux:cpfCnpjCredor>
    <aux:nomeDenoOuRazaJuridica>RODRIGO REINALDO DE SANTANA</aux:nomeDenoOuRazaJuridica>
    <aux:endereco>
      <gen:logradouro>RUA 15 DE NOVEMBRO</gen:logradouro>
      <gen:numero>82</gen:numero>
      <gen:complemento>SEM COMPLEMENTO</gen:complemento>
      <gen:bairro>CENTRO</gen:bairro>
      <gen:numeroCep>64965000</gen:numeroCep>
      <gen:municipio>AVELINO LOPES</gen:municipio>
      <gen:estado>PI</gen:estado>
      <gen:telefoneFixo>NAO INFORMADO</gen:telefoneFixo>
      <gen:telefoneCelular>NAO INFORMADO</gen:telefoneCelular>
    </aux:endereco>
    <aux:tipoCredor>1</aux:tipoCredor>
  </aux:Fornecedor>
  <aux:Fornecedor>
    <aux:cpfCnpjCredor>01798140365</aux:cpfCnpjCredor>
    <aux:nomeDenoOuRazaJuridica>ROSIANE AGUIAR SILVA</aux:nomeDenoOuRazaJuridica>
    <aux:endereco>
      <gen:logradouro>NAO INFORMADO</gen:logradouro>
      <gen:numero>0</gen:numero>
      <gen:complemento>SEM COMPLEMENTO</gen:complemento>
      <gen:bairro>NAO INFORMADO</gen:bairro>
      <gen:numeroCep>00000000</gen:numeroCep>
      <gen:municipio>AVELINO LOPES</gen:municipio>
      <gen:estado>PI</gen:estado>
      <gen:telefoneFixo>NAO INFORMADO</gen:telefoneFixo>
      <gen:telefoneCelular>NAO INFORMADO</gen:telefoneCelular>
    </aux:endereco>
    <aux:tipoCredor>1</aux:tipoCredor>
  </aux:Fornecedor>
  <aux:Fornecedor>
    <aux:cpfCnpjCredor>01913624331</aux:cpfCnpjCredor>
    <aux:nomeDenoOuRazaJuridica>IEDA VIEIRA DE ARAUJO GAMA</aux:nomeDenoOuRazaJuridica>
    <aux:endereco>
      <gen:logradouro>RUA NOE DOS SANTOS</gen:logradouro>
      <gen:numero>0</gen:numero>
      <gen:complemento>SEM COMPLEMENTO</gen:complemento>
      <gen:bairro>CENTRO</gen:bairro>
      <gen:numeroCep>64965000</gen:numeroCep>
      <gen:municipio>AVELINO LOPES</gen:municipio>
      <gen:estado>PI</gen:estado>
      <gen:telefoneFixo>NAO INFORMADO</gen:telefoneFixo>
      <gen:telefoneCelular>NAO INFORMADO</gen:telefoneCelular>
    </aux:endereco>
    <aux:tipoCredor>1</aux:tipoCredor>
  </aux:Fornecedor>
  <aux:Fornecedor>
    <aux:cpfCnpjCredor>06840748000189</aux:cpfCnpjCredor>
    <aux:nomeDenoOuRazaJuridica>ELETROBRAS DISTRIBUICAO PIAUI</aux:nomeDenoOuRazaJuridica>
    <aux:endereco>
      <gen:logradouro>AVENIDA MARANHAO</gen:logradouro>
      <gen:numero>759</gen:numero>
      <gen:complemento>SEM COMPLEMENTO</gen:complemento>
      <gen:bairro>CENTRO SUL</gen:bairro>
      <gen:numeroCep>00000000</gen:numeroCep>
      <gen:municipio>TERESINA</gen:municipio>
      <gen:estado>PI</gen:estado>
      <gen:telefoneFixo>NAO INFORMADO</gen:telefoneFixo>
      <gen:telefoneCelular>NAO INFORMADO</gen:telefoneCelular>
    </aux:endereco>
    <aux:tipoCredor>2</aux:tipoCredor>
  </aux:Fornecedor>
  <aux:Fornecedor>
    <aux:cpfCnpjCredor>06882414000178</aux:cpfCnpjCredor>
    <aux:nomeDenoOuRazaJuridica>ELVENI RODRIGUES DE SOUSA ME</aux:nomeDenoOuRazaJuridica>
    <aux:endereco>
      <gen:logradouro>RUA DA GLORIA</gen:logradouro>
      <gen:numero>297</gen:numero>
      <gen:complemento>SEM COMPLEMENTO</gen:complemento>
      <gen:bairro>CENTRO</gen:bairro>
      <gen:numeroCep>64965000</gen:numeroCep>
      <gen:municipio>AVELINO LOPES</gen:municipio>
      <gen:estado>PI</gen:estado>
      <gen:telefoneFixo>NAO INFORMADO</gen:telefoneFixo>
      <gen:telefoneCelular>NAO INFORMADO</gen:telefoneCelular>
    </aux:endereco>
    <aux:tipoCredor>2</aux:tipoCredor>
  </aux:Fornecedor>
  <aux:Fornecedor>
    <aux:cpfCnpjCredor>08983878000104</aux:cpfCnpjCredor>
    <aux:nomeDenoOuRazaJuridica>SANTANA ADVOCACIA E CONSULTORIA</aux:nomeDenoOuRazaJuridica>
    <aux:endereco>
      <gen:logradouro>RUA JOQUEI CLUBE</gen:logradouro>
      <gen:numero>299</gen:numero>
      <gen:complemento>SEM COMPLEMENTO</gen:complemento>
      <gen:bairro>JOQUEI</gen:bairro>
      <gen:numeroCep>64049240</gen:numeroCep>
      <gen:municipio>TERESINA</gen:municipio>
      <gen:estado>PI</gen:estado>
      <gen:telefoneFixo>NAO INFORMADO</gen:telefoneFixo>
      <gen:telefoneCelular>NAO INFORMADO</gen:telefoneCelular>
    </aux:endereco>
    <aux:tipoCredor>2</aux:tipoCredor>
  </aux:Fornecedor>
  <aux:Fornecedor>
    <aux:cpfCnpjCredor>09083854396</aux:cpfCnpjCredor>
    <aux:nomeDenoOuRazaJuridica>KAIO HENRIQUE MOREIRA GAMA</aux:nomeDenoOuRazaJuridica>
    <aux:endereco>
      <gen:logradouro>RUA DA ALEGRIA</gen:logradouro>
      <gen:numero>110</gen:numero>
      <gen:complemento>SEM COMPLEMENTO</gen:complemento>
      <gen:bairro>CENTRO</gen:bairro>
      <gen:numeroCep>64965000</gen:numeroCep>
      <gen:municipio>AVELINO LOPES</gen:municipio>
      <gen:estado>PI</gen:estado>
      <gen:telefoneFixo>NAO INFORMADO</gen:telefoneFixo>
      <gen:telefoneCelular>NAO INFORMADO</gen:telefoneCelular>
    </aux:endereco>
    <aux:tipoCredor>1</aux:tipoCredor>
  </aux:Fornecedor>
  <aux:Fornecedor>
    <aux:cpfCnpjCredor>10366859000172</aux:cpfCnpjCredor>
    <aux:nomeDenoOuRazaJuridica>CONPLAN CONTABILIDADE PLANEJAMENTO PROJETOS E SE</aux:nomeDenoOuRazaJuridica>
    <aux:endereco>
      <gen:logradouro>RUA DAS ORQUIDEAS</gen:logradouro>
      <gen:numero>851</gen:numero>
      <gen:complemento>SEM COMPLEMENTO</gen:complemento>
      <gen:bairro>JOQUEI</gen:bairro>
      <gen:numeroCep>64048150</gen:numeroCep>
      <gen:municipio>TERESINA</gen:municipio>
      <gen:estado>PI</gen:estado>
      <gen:telefoneFixo>NAO INFORMADO</gen:telefoneFixo>
      <gen:telefoneCelular>NAO INFORMADO</gen:telefoneCelular>
    </aux:endereco>
    <aux:tipoCredor>2</aux:tipoCredor>
  </aux:Fornecedor>
  <aux:Fornecedor>
    <aux:cpfCnpjCredor>10416310000145</aux:cpfCnpjCredor>
    <aux:nomeDenoOuRazaJuridica>ECONTAS ESC. CURIMATA DE CONT. E ASSESSORIA LTDA</aux:nomeDenoOuRazaJuridica>
    <aux:endereco>
      <gen:logradouro>AV. BARAO DO PARAIM</gen:logradouro>
      <gen:numero>29</gen:numero>
      <gen:complemento>SEM COMPLEMENTO</gen:complemento>
      <gen:bairro>CENTRO</gen:bairro>
      <gen:numeroCep>64960000</gen:numeroCep>
      <gen:municipio>CURIMATA</gen:municipio>
      <gen:estado>PI</gen:estado>
      <gen:telefoneFixo>NAO INFORMADO</gen:telefoneFixo>
      <gen:telefoneCelular>NAO INFORMADO</gen:telefoneCelular>
    </aux:endereco>
    <aux:tipoCredor>2</aux:tipoCredor>
  </aux:Fornecedor>
  <aux:Fornecedor>
    <aux:cpfCnpjCredor>12378206000139</aux:cpfCnpjCredor>
    <aux:nomeDenoOuRazaJuridica>CONTREINA CONSULTORIA E TREINAMENTO EM SOFTWARE</aux:nomeDenoOuRazaJuridica>
    <aux:endereco>
      <gen:logradouro>RUA 24 DE JANEIRO</gen:logradouro>
      <gen:numero>611</gen:numero>
      <gen:complemento>SEM COMPLEMENTO</gen:complemento>
      <gen:bairro>SALA 702</gen:bairro>
      <gen:numeroCep>64000235</gen:numeroCep>
      <gen:municipio>TERESINA</gen:municipio>
      <gen:estado>PI</gen:estado>
      <gen:telefoneFixo>NAO INFORMADO</gen:telefoneFixo>
      <gen:telefoneCelular>NAO INFORMADO</gen:telefoneCelular>
    </aux:endereco>
    <aux:tipoCredor>2</aux:tipoCredor>
  </aux:Fornecedor>
  <aux:Fornecedor>
    <aux:cpfCnpjCredor>23624174000120</aux:cpfCnpjCredor>
    <aux:nomeDenoOuRazaJuridica>CAMARA MUNICIPAL DE AVELINO LOPES</aux:nomeDenoOuRazaJuridica>
    <aux:endereco>
      <gen:logradouro>PRACA DO MERCADO</gen:logradouro>
      <gen:numero>0</gen:numero>
      <gen:complemento>SEM COMPLEMENTO</gen:complemento>
      <gen:bairro>NAO INFORMADO</gen:bairro>
      <gen:numeroCep>00000000</gen:numeroCep>
      <gen:municipio>AVELINO LOPES</gen:municipio>
      <gen:estado>PI</gen:estado>
      <gen:telefoneFixo>NAO INFORMADO</gen:telefoneFixo>
      <gen:telefoneCelular>NAO INFORMADO</gen:telefoneCelular>
    </aux:endereco>
    <aux:tipoCredor>2</aux:tipoCredor>
  </aux:Fornecedor>
  <aux:Fornecedor>
    <aux:cpfCnpjCredor>29979036000140</aux:cpfCnpjCredor>
    <aux:nomeDenoOuRazaJuridica>INSTITUTO NACIONAL DO SEGURO SOCIAL</aux:nomeDenoOuRazaJuridica>
    <aux:endereco>
      <gen:logradouro>AVENIDA BARAO DO PARAIM</gen:logradouro>
      <gen:numero>0</gen:numero>
      <gen:complemento>SEM COMPLEMENTO</gen:complemento>
      <gen:bairro>CENTRO</gen:bairro>
      <gen:numeroCep>64960000</gen:numeroCep>
      <gen:municipio>CURIMATA</gen:municipio>
      <gen:estado>PI</gen:estado>
      <gen:telefoneFixo>NAO INFORMADO</gen:telefoneFixo>
      <gen:telefoneCelular>NAO INFORMADO</gen:telefoneCelular>
    </aux:endereco>
    <aux:tipoCredor>2</aux:tipoCredor>
  </aux:Fornecedor>
  <aux:Fornecedor>
    <aux:cpfCnpjCredor>71501967304</aux:cpfCnpjCredor>
    <aux:nomeDenoOuRazaJuridica>HELVIDIO DE CARVALHO BASTOS</aux:nomeDenoOuRazaJuridica>
    <aux:endereco>
      <gen:logradouro>AVENIDA BOM JESUS</gen:logradouro>
      <gen:numero>0</gen:numero>
      <gen:complemento>SEM COMPLEMENTO</gen:complemento>
      <gen:bairro>CENTRO</gen:bairro>
      <gen:numeroCep>64965000</gen:numeroCep>
      <gen:municipio>AVELINO LOPES</gen:municipio>
      <gen:estado>PI</gen:estado>
      <gen:telefoneFixo>NAO INFORMADO</gen:telefoneFixo>
      <gen:telefoneCelular>NAO INFORMADO</gen:telefoneCelular>
    </aux:endereco>
    <aux:tipoCredor>1</aux:tipoCredor>
  </aux:Fornecedor>
  <aux:Fornecedor>
    <aux:cpfCnpjCredor>71642048100</aux:cpfCnpjCredor>
    <aux:nomeDenoOuRazaJuridica>JANAINA NUNES DA SILVA SANTANA</aux:nomeDenoOuRazaJuridica>
    <aux:endereco>
      <gen:logradouro>AVELINO LOPES</gen:logradouro>
      <gen:numero>0</gen:numero>
      <gen:complemento>SEM COMPLEMENTO</gen:complemento>
      <gen:bairro>CENTRO</gen:bairro>
      <gen:numeroCep>64965000</gen:numeroCep>
      <gen:municipio>AVELINO LOPES</gen:municipio>
      <gen:estado>PI</gen:estado>
      <gen:telefoneFixo>NAO INFORMADO</gen:telefoneFixo>
      <gen:telefoneCelular>NAO INFORMADO</gen:telefoneCelular>
    </aux:endereco>
    <aux:tipoCredor>1</aux:tipoCredor>
  </aux:Fornecedor>
  <aux:Fornecedor>
    <aux:cpfCnpjCredor>88160432372</aux:cpfCnpjCredor>
    <aux:nomeDenoOuRazaJuridica>NILZENE FRANCISCA DA SILVA</aux:nomeDenoOuRazaJuridica>
    <aux:endereco>
      <gen:logradouro>AVELINO LOPES</gen:logradouro>
      <gen:numero>0</gen:numero>
      <gen:complemento>SEM COMPLEMENTO</gen:complemento>
      <gen:bairro>CENTRO</gen:bairro>
      <gen:numeroCep>64965000</gen:numeroCep>
      <gen:municipio>AVELINO LOPES</gen:municipio>
      <gen:estado>PI</gen:estado>
      <gen:telefoneFixo>NAO INFORMADO</gen:telefoneFixo>
      <gen:telefoneCelular>NAO INFORMADO</gen:telefoneCelular>
    </aux:endereco>
    <aux:tipoCredor>1</aux:tipoCredor>
  </aux:Fornecedor>
  <aux:AgentePolitico>
    <aux:cpfAgenPolitico>78118425304</aux:cpfAgenPolitico>
    <aux:numeroRgAgenPolitico>00001612006</aux:numeroRgAgenPolitico>
    <aux:orgaoExpedidor>SSPSP</aux:orgaoExpedidor>
    <aux:nome>THELIS PEREIRA DOS SANTOS</aux:nome>
    <aux:email>CAMARADEAVELINO@GMAIL.COM</aux:email>
    <aux:tipoAgenPolitico>4</aux:tipoAgenPolitico>
  </aux:AgentePolitico>
  <aux:AgentePolitico>
    <aux:cpfAgenPolitico>64378985853</aux:cpfAgenPolitico>
    <aux:numeroRgAgenPolitico>00057907791</aux:numeroRgAgenPolitico>
    <aux:orgaoExpedidor>SSP SP</aux:orgaoExpedidor>
    <aux:nome>DIOSTENES JOSE ALVES</aux:nome>
    <aux:email>CAMARADEAVELINO@GMAIL.COM</aux:email>
    <aux:tipoAgenPolitico>1</aux:tipoAgenPolitico>
  </aux:AgentePolitico>
  <aux:Ordenador>
    <aux:cpfAgenPolitico>78118425304</aux:cpfAgenPolitico>
    <aux:codigoUnidOrcamentaria>010100</aux:codigoUnidOrcamentaria>
    <aux:numeroAtoQueNomeOrdenador>
      <gen:numero>000001</gen:numero>
      <gen:ano>2020</gen:ano>
    </aux:numeroAtoQueNomeOrdenador>
    <aux:dataInicOuFimVigencia>2020-01-01</aux:dataInicOuFimVigencia>
    <aux:tipoDataVigencia>1</aux:tipoDataVigencia>
  </aux:Ordenador>
  <aux:Ordenador>
    <aux:cpfAgenPolitico>64378985853</aux:cpfAgenPolitico>
    <aux:codigoUnidOrcamentaria>020200</aux:codigoUnidOrcamentaria>
    <aux:numeroAtoQueNomeOrdenador>
      <gen:numero>000001</gen:numero>
      <gen:ano>2020</gen:ano>
    </aux:numeroAtoQueNomeOrdenador>
    <aux:dataInicOuFimVigencia>2020-01-01</aux:dataInicOuFimVigencia>
    <aux:tipoDataVigencia>1</aux:tipoDataVigencia>
  </aux:Ordenador>
  <aux:Gestor>
    <aux:cpfAgenPolitico>78118425304</aux:cpfAgenPolitico>
    <aux:codigoUnidOrcamentaria>010100</aux:codigoUnidOrcamentaria>
    <aux:numeroAtoQueNomeGestor>
      <gen:numero>000001</gen:numero>
      <gen:ano>2020</gen:ano>
    </aux:numeroAtoQueNomeGestor>
    <aux:tipoDataVigencia>1</aux:tipoDataVigencia>
    <aux:dataInicOuFimVigencia>2020-01-01</aux:dataInicOuFimVigencia>
  </aux:Gestor>
  <aux:Gestor>
    <aux:cpfAgenPolitico>64378985853</aux:cpfAgenPolitico>
    <aux:codigoUnidOrcamentaria>020200</aux:codigoUnidOrcamentaria>
    <aux:numeroAtoQueNomeGestor>
      <gen:numero>000001</gen:numero>
      <gen:ano>2020</gen:ano>
    </aux:numeroAtoQueNomeGestor>
    <aux:tipoDataVigencia>1</aux:tipoDataVigencia>
    <aux:dataInicOuFimVigencia>2020-01-01</aux:dataInicOuFimVigencia>
  </aux:Gestor>
</aux:CadastrosAuxiliares>
