<?xml version="1.0" encoding="ISO-8859-1"?>
<!--**********************************-->
<!--* FIORILLI SOFTWARE LTDA         *-->
<!--* SISTEMA INTEGRADO DE PESSOAL   *-->
<!--* GERADO 26/07/2021 15:29:12     *-->
<!--* VERSAO 7.5.313.71.14660/R      *-->
<!--* USUARIO CLIENTE                *-->
<!--* DOMINIO DESKTOP-EFAV3O1        *-->
<!--* NOME PC DESKTOP-EFAV3O1        *-->
<!--**********************************-->
<aux:CadastrosAuxiliaresSagresFolha xmlns:fol="http://www.tce.pi.gov.br/sagres2021/xml/folhaPagamento" xmlns:aux="http://www.tce.pi.gov.br/sagres2021/xml/cadastrosAuxiliaresSagresFolha" xmlns:gen="http://www.tce.pi.gov.br/sagres2021/xml/genericos" xmlns:tab="http://www.tce.pi.gov.br/sagres2021/xml/tabelasInternas">
  <aux:PrestacaoContas>
    <aux:codigoUnidGestora>201017</aux:codigoUnidGestora>
    <aux:nomeUnidGestora>P. M. DE AVELINO LOPES</aux:nomeUnidGestora>
    <aux:cpfContador>00000000000</aux:cpfContador>
    <aux:cpfGestor>01726047377</aux:cpfGestor>
    <aux:anoReferencia>2021</aux:anoReferencia>
    <aux:mesReferencia>5</aux:mesReferencia>
    <aux:versaoXml>19</aux:versaoXml>
    <aux:diaInicPresContas>1</aux:diaInicPresContas>
    <aux:diaFinaPresContas>31</aux:diaFinaPresContas>
  </aux:PrestacaoContas>
  <aux:Servidor>
    <aux:matricula>000000000200575</aux:matricula>
    <aux:cpfServidor>03593652307</aux:cpfServidor>
    <aux:rgServidor>2965453</aux:rgServidor>
    <aux:orgaoExpedidor>SSPPI</aux:orgaoExpedidor>
    <aux:dataExpeCartDeIdentidade>2021-05-06</aux:dataExpeCartDeIdentidade>
    <aux:nomeServidor>AMAURI FERNANDES DA SILVA</aux:nomeServidor>
    <aux:dataNascimento>1988-07-24</aux:dataNascimento>
    <aux:sexo>1</aux:sexo>
    <aux:tituloEleitor>000000000000000</aux:tituloEleitor>
    <aux:tipoEstaCivil>1</aux:tipoEstaCivil>
    <aux:pisPAsep>000019048850463</aux:pisPAsep>
    <aux:numeroOrgaoClasse>00000000</aux:numeroOrgaoClasse>
    <aux:cpfPai>99999999999</aux:cpfPai>
    <aux:nomePai>DOMINGOS FERNANDES DA SILVA</aux:nomePai>
    <aux:cpfMae>99999999999</aux:cpfMae>
    <aux:nomeMae>OBENE FERNANDES DA SILVA</aux:nomeMae>
  </aux:Servidor>
</aux:CadastrosAuxiliaresSagresFolha>
