<?xml version="1.0" encoding="UTF-8"?><his:historicos xmlns:his="http://www.tce.pi.gov.br/sagres2020/xml/historicos" xmlns:gen="http://www.tce.pi.gov.br/sagres2020/xml/genericos" xmlns:tab="http://www.tce.pi.gov.br/sagres2020/xml/tabelasInternas" xmlns:aux="http://www.tce.pi.gov.br/sagres2020/xml/cadastrosAuxiliaresSagresFolha">
  <his:PrestacaoContas>
    <aux:codigoUnidGestora>201017</aux:codigoUnidGestora>
    <aux:nomeUnidGestora>PREFEITURA MUNICIPAL DE AVELINO LOPES</aux:nomeUnidGestora>
    <aux:cpfContador>72674350334</aux:cpfContador>
    <aux:cpfGestor>64378985853</aux:cpfGestor>
    <aux:anoReferencia>2020</aux:anoReferencia>
    <aux:mesReferencia>13</aux:mesReferencia>
    <aux:versaoXml>19</aux:versaoXml>
    <aux:diaInicPresContas>01</aux:diaInicPresContas>
    <aux:diaFinaPresContas>31</aux:diaFinaPresContas>
  </his:PrestacaoContas>
</his:historicos>