<?xml version="1.0" encoding="UTF-8"?>
<aux:CadastrosAuxiliaresSagresFolha xmlns:aux="http://www.tce.pi.gov.br/sagres2019/xml/cadastrosAuxiliaresSagresFolha" xmlns:gen="http://www.tce.pi.gov.br/sagres2019/xml/genericos" xmlns:tab="http://www.tce.pi.gov.br/sagres2019/xml/tabelasInternas">
  <aux:PrestacaoContas>
    <aux:codigoUnidGestora>201133</aux:codigoUnidGestora>
    <aux:nomeUnidGestora>PREFEITURA MUNCIPAL DE MORRO C</aux:nomeUnidGestora>
    <aux:cpfContador>27675215893</aux:cpfContador>
    <aux:cpfGestor>16939900837</aux:cpfGestor>
    <aux:anoReferencia>2019</aux:anoReferencia>
    <aux:mesReferencia>6</aux:mesReferencia>
    <aux:versaoXml>19</aux:versaoXml>
    <aux:diaInicPresContas>1</aux:diaInicPresContas>
    <aux:diaFinaPresContas>30</aux:diaFinaPresContas>
  </aux:PrestacaoContas>
  <aux:Servidor>
    <aux:matricula>000000000000883</aux:matricula>
    <aux:cpfServidor>09107933363</aux:cpfServidor>
    <aux:rgServidor>99999</aux:rgServidor>
    <aux:orgaoExpedidor>99999</aux:orgaoExpedidor>
    <aux:dataExpeCartDeIdentidade>2002-02-20</aux:dataExpeCartDeIdentidade>
    <aux:nomeServidor>JEIVE AUGUSTO ALVES</aux:nomeServidor>
    <aux:dataNascimento>2000-09-26</aux:dataNascimento>
    <aux:sexo>1</aux:sexo>
    <aux:tituloEleitor>000000000000000</aux:tituloEleitor>
    <aux:tipoEstaCivil>1</aux:tipoEstaCivil>
    <aux:pisPAsep>000019061819477</aux:pisPAsep>
    <aux:numeroOrgaoClasse>00000000</aux:numeroOrgaoClasse>
    <aux:cpfPai>99999999999</aux:cpfPai>
    <aux:nomePai>BERTOLINO JOSE ALVES</aux:nomePai>
    <aux:cpfMae>99999999999</aux:cpfMae>
    <aux:nomeMae>MARIA ELIZA ROSA BARRETO</aux:nomeMae>
    <aux:tipoCadastro>1</aux:tipoCadastro>
  </aux:Servidor>
  <aux:Servidor>
    <aux:matricula>000000000000000</aux:matricula>
    <aux:cpfServidor>03732515303</aux:cpfServidor>
    <aux:rgServidor>586603748</aux:rgServidor>
    <aux:orgaoExpedidor>586603748</aux:orgaoExpedidor>
    <aux:dataExpeCartDeIdentidade>1999-12-30</aux:dataExpeCartDeIdentidade>
    <aux:nomeServidor>VANDERLENE ALVES TRINDADE</aux:nomeServidor>
    <aux:dataNascimento>1989-01-10</aux:dataNascimento>
    <aux:sexo>2</aux:sexo>
    <aux:tituloEleitor>000037546571503</aux:tituloEleitor>
    <aux:tipoEstaCivil>1</aux:tipoEstaCivil>
    <aux:pisPAsep>000016551446303</aux:pisPAsep>
    <aux:numeroOrgaoClasse>00000000</aux:numeroOrgaoClasse>
    <aux:cpfPai>99999999999</aux:cpfPai>
    <aux:nomePai>GERONIMO PEREIRA DA TRINDADE</aux:nomePai>
    <aux:cpfMae>99999999999</aux:cpfMae>
    <aux:nomeMae>JACI ALVES TRINDADE</aux:nomeMae>
    <aux:tipoCadastro>1</aux:tipoCadastro>
  </aux:Servidor>
  <aux:Servidor>
    <aux:matricula>000000000000000</aux:matricula>
    <aux:cpfServidor>02180460309</aux:cpfServidor>
    <aux:rgServidor>368533207</aux:rgServidor>
    <aux:orgaoExpedidor>368533207</aux:orgaoExpedidor>
    <aux:dataExpeCartDeIdentidade>2019-01-02</aux:dataExpeCartDeIdentidade>
    <aux:nomeServidor>TIAGO PEREIRA ALVES</aux:nomeServidor>
    <aux:dataNascimento>1985-11-29</aux:dataNascimento>
    <aux:sexo>1</aux:sexo>
    <aux:tituloEleitor>000031367851520</aux:tituloEleitor>
    <aux:tipoEstaCivil>1</aux:tipoEstaCivil>
    <aux:pisPAsep>000020052164742</aux:pisPAsep>
    <aux:numeroOrgaoClasse>00000000</aux:numeroOrgaoClasse>
    <aux:cpfPai>99999999999</aux:cpfPai>
    <aux:nomePai>RAIMUNDO PEREIRA</aux:nomePai>
    <aux:cpfMae>99999999999</aux:cpfMae>
    <aux:nomeMae>LUSIVALDA ANGELICA PEREIRA</aux:nomeMae>
    <aux:tipoCadastro>1</aux:tipoCadastro>
  </aux:Servidor>
</aux:CadastrosAuxiliaresSagresFolha>
