<?xml version="1.0" encoding="UTF-8"?>
<his:historicos xmlns:his="http://www.tce.pi.gov.br/sagres2019/xml/historicos" xmlns:gen="http://www.tce.pi.gov.br/sagres2019/xml/genericos" xmlns:tab="http://www.tce.pi.gov.br/sagres2019/xml/tabelasInternas" xmlns:aux="http://www.tce.pi.gov.br/sagres2019/xml/cadastrosAuxiliaresSagresFolha">
	<his:PrestacaoContas>
		<aux:codigoUnidGestora>201133</aux:codigoUnidGestora>
		<aux:nomeUnidGestora>PREFEITURA MUNCIPAL DE MORRO C</aux:nomeUnidGestora>
		<aux:cpfContador>27675215893</aux:cpfContador>
		<aux:cpfGestor>16939900837</aux:cpfGestor>
		<aux:anoReferencia>2019</aux:anoReferencia>
		<aux:mesReferencia>6</aux:mesReferencia>
		<aux:versaoXml>19</aux:versaoXml>
		<aux:diaInicPresContas>1</aux:diaInicPresContas>
		<aux:diaFinaPresContas>30</aux:diaFinaPresContas>
	</his:PrestacaoContas>
	<his:HistoricoPessoal>
		<his:matricula>000000000000883</his:matricula>
		<his:cpfServidor>09107933363</his:cpfServidor>
		<his:tipoEscolaridade>0</his:tipoEscolaridade>
		<his:dataAlteracao>2019-06-01</his:dataAlteracao>
		<his:endereco>
			<gen:logradouro>PROJETADA</gen:logradouro>
			<gen:numero>100</gen:numero>
			<gen:complemento>SEM COMPLEMENTO</gen:complemento>
			<gen:bairro>CENTRO</gen:bairro>
			<gen:numeroCep>64860000</gen:numeroCep>
			<gen:municipio>MORRO CABECA NO TEMP</gen:municipio>
			<gen:estado>PI</gen:estado>
			<gen:telefoneFixo>8935710022</gen:telefoneFixo>
			<gen:telefoneCelular></gen:telefoneCelular>
		</his:endereco>
		<his:dadosBancarios>
			<gen:codigoBanco>104</gen:codigoBanco>
			<gen:codigoAgencia>278004</gen:codigoAgencia>
			<gen:numeroContBancaria>391009</gen:numeroContBancaria>
		</his:dadosBancarios>
	</his:HistoricoPessoal>
	<his:HistoricoPessoal>
		<his:matricula>000000000000000</his:matricula>
		<his:cpfServidor>03732515303</his:cpfServidor>
		<his:tipoEscolaridade>0</his:tipoEscolaridade>
		<his:dataAlteracao>2019-06-01</his:dataAlteracao>
		<his:endereco>
			<gen:logradouro>POVOADO LAGOS DO ARROZ</gen:logradouro>
			<gen:numero>100</gen:numero>
			<gen:complemento>SEM COMPLEMENTO</gen:complemento>
			<gen:bairro>ZONA RURAL</gen:bairro>
			<gen:numeroCep>64968000</gen:numeroCep>
			<gen:municipio>MORRO CABECA NO TEMP</gen:municipio>
			<gen:estado>PI</gen:estado>
			<gen:telefoneFixo>8935710022</gen:telefoneFixo>
			<gen:telefoneCelular></gen:telefoneCelular>
		</his:endereco>
		<his:dadosBancarios>
			<gen:codigoBanco>001</gen:codigoBanco>
			<gen:codigoAgencia>120902</gen:codigoAgencia>
			<gen:numeroContBancaria>217654</gen:numeroContBancaria>
		</his:dadosBancarios>
	</his:HistoricoPessoal>
	<his:HistoricoPessoal>
		<his:matricula>000000000000000</his:matricula>
		<his:cpfServidor>02180460309</his:cpfServidor>
		<his:tipoEscolaridade>0</his:tipoEscolaridade>
		<his:dataAlteracao>2019-06-01</his:dataAlteracao>
		<his:endereco>
			<gen:logradouro>RUA ABRAO ALVES</gen:logradouro>
			<gen:numero>100</gen:numero>
			<gen:complemento>SEM COMPLEMENTO</gen:complemento>
			<gen:bairro>CENTRO</gen:bairro>
			<gen:numeroCep>64968000</gen:numeroCep>
			<gen:municipio>MORRO CABECA NO TEMPO</gen:municipio>
			<gen:estado>PI</gen:estado>
			<gen:telefoneFixo>8935710022</gen:telefoneFixo>
			<gen:telefoneCelular></gen:telefoneCelular>
		</his:endereco>
		<his:dadosBancarios>
			<gen:codigoBanco>104</gen:codigoBanco>
			<gen:codigoAgencia>278004</gen:codigoAgencia>
			<gen:numeroContBancaria>276501</gen:numeroContBancaria>
		</his:dadosBancarios>
	</his:HistoricoPessoal>
	<his:HistoricoFuncional>
		<his:matricula>000000000000883</his:matricula>
		<his:cpfServidor>09107933363</his:cpfServidor>
		<his:tipoAtoPessoal>1002</his:tipoAtoPessoal>
		<his:dataMoviFuncional>2019-06-01</his:dataMoviFuncional>
		<his:informacoesAlteradas>
			<gen:atoTipo01>
				<gen:codigoCargo>00000203</gen:codigoCargo>
				<gen:codigoLotacao>000000000000023</gen:codigoLotacao>
				<gen:tipoRegiPrevidencia>1</gen:tipoRegiPrevidencia>
				<gen:tipoRegiTrabalho>0</gen:tipoRegiTrabalho>
				<gen:tipoVinculo>2</gen:tipoVinculo>
				<gen:dataNomeacao>2019-06-01</gen:dataNomeacao>
				<gen:dataExercicio>2019-06-01</gen:dataExercicio>
				<gen:dataPosse>2019-06-01</gen:dataPosse>
				<gen:numeroEdital>
					<gen:numero>000001</gen:numero>
					<gen:ano>2019</gen:ano>
				</gen:numeroEdital>
			</gen:atoTipo01>
		</his:informacoesAlteradas>
	</his:HistoricoFuncional>
	<his:HistoricoFuncional>
		<his:matricula>000000000000000</his:matricula>
		<his:cpfServidor>03732515303</his:cpfServidor>
		<his:tipoAtoPessoal>1002</his:tipoAtoPessoal>
		<his:dataMoviFuncional>2019-06-01</his:dataMoviFuncional>
		<his:informacoesAlteradas>
			<gen:atoTipo01>
				<gen:codigoCargo>00000156</gen:codigoCargo>
				<gen:codigoLotacao>000000000000049</gen:codigoLotacao>
				<gen:tipoRegiPrevidencia>1</gen:tipoRegiPrevidencia>
				<gen:tipoRegiTrabalho>0</gen:tipoRegiTrabalho>
				<gen:tipoVinculo>2</gen:tipoVinculo>
				<gen:dataNomeacao>2019-06-05</gen:dataNomeacao>
				<gen:dataExercicio>2019-06-05</gen:dataExercicio>
				<gen:dataPosse>2019-06-05</gen:dataPosse>
				<gen:numeroEdital>
					<gen:numero>000001</gen:numero>
					<gen:ano>2019</gen:ano>
				</gen:numeroEdital>
			</gen:atoTipo01>
		</his:informacoesAlteradas>
	</his:HistoricoFuncional>
	<his:HistoricoFuncional>
		<his:matricula>000000000000000</his:matricula>
		<his:cpfServidor>02180460309</his:cpfServidor>
		<his:tipoAtoPessoal>1002</his:tipoAtoPessoal>
		<his:dataMoviFuncional>2019-06-01</his:dataMoviFuncional>
		<his:informacoesAlteradas>
			<gen:atoTipo01>
				<gen:codigoCargo>00000138</gen:codigoCargo>
				<gen:codigoLotacao>000000000000040</gen:codigoLotacao>
				<gen:tipoRegiPrevidencia>1</gen:tipoRegiPrevidencia>
				<gen:tipoRegiTrabalho>0</gen:tipoRegiTrabalho>
				<gen:tipoVinculo>2</gen:tipoVinculo>
				<gen:dataNomeacao>2019-06-01</gen:dataNomeacao>
				<gen:dataExercicio>2019-06-01</gen:dataExercicio>
				<gen:dataPosse>2019-06-01</gen:dataPosse>
				<gen:numeroEdital>
					<gen:numero>000001</gen:numero>
					<gen:ano>2019</gen:ano>
				</gen:numeroEdital>
			</gen:atoTipo01>
		</his:informacoesAlteradas>
	</his:HistoricoFuncional>
</his:historicos>
