<?xml version="1.0" encoding="ISO-8859-1"?>
<!--**********************************-->
<!--* FIORILLI SOFTWARE LTDA         *-->
<!--* SISTEMA INTEGRADO DE PESSOAL   *-->
<!--* GERADO 03/01/2022 11:00:58     *-->
<!--* VERSAO 7.5.328.57.15195/R      *-->
<!--* USUARIO JONATAS.SILVA          *-->
<!--* DOMINIO DCFIORILLI             *-->
<!--* NOME PC PICONTREINA8           *-->
<!--**********************************-->
<aux:CadastrosAuxiliaresSagresFolha xmlns:fol="http://www.tce.pi.gov.br/sagres2021/xml/folhaPagamento" xmlns:aux="http://www.tce.pi.gov.br/sagres2021/xml/cadastrosAuxiliaresSagresFolha" xmlns:gen="http://www.tce.pi.gov.br/sagres2021/xml/genericos" xmlns:tab="http://www.tce.pi.gov.br/sagres2021/xml/tabelasInternas">
  <aux:PrestacaoContas>
    <aux:codigoUnidGestora>201133</aux:codigoUnidGestora>
    <aux:nomeUnidGestora>P. M. DE MORRO CABECA NO TEMPO</aux:nomeUnidGestora>
    <aux:cpfContador>01340944332</aux:cpfContador>
    <aux:cpfGestor>82387796349</aux:cpfGestor>
    <aux:anoReferencia>2021</aux:anoReferencia>
    <aux:mesReferencia>10</aux:mesReferencia>
    <aux:versaoXml>19</aux:versaoXml>
    <aux:diaInicPresContas>1</aux:diaInicPresContas>
    <aux:diaFinaPresContas>31</aux:diaFinaPresContas>
  </aux:PrestacaoContas>
  <aux:Cargo>
    <aux:codigoCargo>00000125</aux:codigoCargo>
    <aux:nomeDoCargo>COORDENAGORA GERAL (COVID)</aux:nomeDoCargo>
    <aux:cargaHoraria>40</aux:cargaHoraria>
    <aux:tipoEscolaridade>0</aux:tipoEscolaridade>
    <aux:codigoCargoRhWeb>00000000</aux:codigoCargoRhWeb>
    <aux:codigoCargoRhWeb>00000000</aux:codigoCargoRhWeb>
    <aux:codigoCargoRhWeb>00000000</aux:codigoCargoRhWeb>
    <aux:vecimentoBaseOuSalario>0.00</aux:vecimentoBaseOuSalario>
    <aux:tipoOcupacao>223505</aux:tipoOcupacao>
    <aux:naturezaCargo>5</aux:naturezaCargo>
  </aux:Cargo>
  <aux:Servidor>
    <aux:matricula>000000000000442</aux:matricula>
    <aux:cpfServidor>01745177345</aux:cpfServidor>
    <aux:rgServidor>2698889</aux:rgServidor>
    <aux:orgaoExpedidor>SSPDF</aux:orgaoExpedidor>
    <aux:dataExpeCartDeIdentidade>2005-01-18</aux:dataExpeCartDeIdentidade>
    <aux:nomeServidor>WILKAR MARQUES DE OLIVEIRA</aux:nomeServidor>
    <aux:dataNascimento>1986-10-11</aux:dataNascimento>
    <aux:sexo>1</aux:sexo>
    <aux:tituloEleitor>000032705941589</aux:tituloEleitor>
    <aux:tipoEstaCivil>1</aux:tipoEstaCivil>
    <aux:pisPAsep>000013430929899</aux:pisPAsep>
    <aux:numeroOrgaoClasse>00000000</aux:numeroOrgaoClasse>
    <aux:cpfPai>99999999999</aux:cpfPai>
    <aux:nomePai>AVERALDO VELELA DE OLIVEIRA</aux:nomePai>
    <aux:cpfMae>11434963888</aux:cpfMae>
    <aux:nomeMae>MARINECI MARQUES DE OLIVEIRA</aux:nomeMae>
  </aux:Servidor>
  <aux:Servidor>
    <aux:matricula>000000000000299</aux:matricula>
    <aux:cpfServidor>07127769311</aux:cpfServidor>
    <aux:rgServidor>3989856</aux:rgServidor>
    <aux:orgaoExpedidor>SSPPI</aux:orgaoExpedidor>
    <aux:dataExpeCartDeIdentidade>2015-02-04</aux:dataExpeCartDeIdentidade>
    <aux:nomeServidor>V�VIA DE SENA</aux:nomeServidor>
    <aux:dataNascimento>1997-12-29</aux:dataNascimento>
    <aux:sexo>2</aux:sexo>
    <aux:tituloEleitor>000044300581511</aux:tituloEleitor>
    <aux:tipoEstaCivil>1</aux:tipoEstaCivil>
    <aux:pisPAsep>000016609318221</aux:pisPAsep>
    <aux:numeroOrgaoClasse>00000000</aux:numeroOrgaoClasse>
    <aux:cpfPai>44473362515</aux:cpfPai>
    <aux:nomePai>NELSON EVANGELISTA DE SENA</aux:nomePai>
    <aux:cpfMae>27175867840</aux:cpfMae>
    <aux:nomeMae>MARIA FRANCISCA FILHA DE SENA</aux:nomeMae>
  </aux:Servidor>
  <aux:Servidor>
    <aux:matricula>000000000000302</aux:matricula>
    <aux:cpfServidor>94750092304</aux:cpfServidor>
    <aux:rgServidor>116881992</aux:rgServidor>
    <aux:orgaoExpedidor>SSPBA</aux:orgaoExpedidor>
    <aux:dataExpeCartDeIdentidade>2000-08-10</aux:dataExpeCartDeIdentidade>
    <aux:nomeServidor>ITAMARA DUARTE DO LAGO</aux:nomeServidor>
    <aux:dataNascimento>1981-08-15</aux:dataNascimento>
    <aux:sexo>2</aux:sexo>
    <aux:tituloEleitor>000026466111520</aux:tituloEleitor>
    <aux:tipoEstaCivil>1</aux:tipoEstaCivil>
    <aux:pisPAsep>000020322251766</aux:pisPAsep>
    <aux:numeroOrgaoClasse>00000000</aux:numeroOrgaoClasse>
    <aux:cpfPai>10561455520</aux:cpfPai>
    <aux:nomePai>JOS� ITAMAR NETO</aux:nomePai>
    <aux:cpfMae>29610575315</aux:cpfMae>
    <aux:nomeMae>RAIMUNDA NONATA DO LAGO ITAMAR</aux:nomeMae>
  </aux:Servidor>
  <aux:Servidor>
    <aux:matricula>000000000000300</aux:matricula>
    <aux:cpfServidor>05717357117</aux:cpfServidor>
    <aux:rgServidor>3135807</aux:rgServidor>
    <aux:orgaoExpedidor>SSPDF</aux:orgaoExpedidor>
    <aux:dataExpeCartDeIdentidade>2015-05-04</aux:dataExpeCartDeIdentidade>
    <aux:nomeServidor>MAYCK ADRIANO COSTA LOPES</aux:nomeServidor>
    <aux:dataNascimento>1997-03-21</aux:dataNascimento>
    <aux:sexo>1</aux:sexo>
    <aux:tituloEleitor>000024911132054</aux:tituloEleitor>
    <aux:tipoEstaCivil>1</aux:tipoEstaCivil>
    <aux:pisPAsep>000021064618326</aux:pisPAsep>
    <aux:numeroOrgaoClasse>00000000</aux:numeroOrgaoClasse>
    <aux:cpfPai>99999999999</aux:cpfPai>
    <aux:nomePai>VIEIRINHA JUREMA LOPES</aux:nomePai>
    <aux:cpfMae>99999999999</aux:cpfMae>
    <aux:nomeMae>ELIANA ALVES DA COSTA</aux:nomeMae>
  </aux:Servidor>
  <aux:Servidor>
    <aux:matricula>000000000000303</aux:matricula>
    <aux:cpfServidor>04646704382</aux:cpfServidor>
    <aux:rgServidor>643842068</aux:rgServidor>
    <aux:orgaoExpedidor>SSPSP</aux:orgaoExpedidor>
    <aux:dataExpeCartDeIdentidade>2018-03-14</aux:dataExpeCartDeIdentidade>
    <aux:nomeServidor>JUARIA MARQUES DE SOUSA</aux:nomeServidor>
    <aux:dataNascimento>1989-04-17</aux:dataNascimento>
    <aux:sexo>2</aux:sexo>
    <aux:tituloEleitor>000037006601562</aux:tituloEleitor>
    <aux:tipoEstaCivil>1</aux:tipoEstaCivil>
    <aux:pisPAsep>000016201204939</aux:pisPAsep>
    <aux:numeroOrgaoClasse>00000000</aux:numeroOrgaoClasse>
    <aux:cpfPai>99999999999</aux:cpfPai>
    <aux:nomePai>MAROLIM MARQUES DE SOUSA</aux:nomePai>
    <aux:cpfMae>99999999999</aux:cpfMae>
    <aux:nomeMae>ELIZABETE MARQUES NOGUEIRA</aux:nomeMae>
  </aux:Servidor>
  <aux:Servidor>
    <aux:matricula>000000000000304</aux:matricula>
    <aux:cpfServidor>07282692360</aux:cpfServidor>
    <aux:rgServidor>3989842</aux:rgServidor>
    <aux:orgaoExpedidor>SSPPI</aux:orgaoExpedidor>
    <aux:dataExpeCartDeIdentidade>2013-12-04</aux:dataExpeCartDeIdentidade>
    <aux:nomeServidor>DARCIA PEREIRA DE SENA</aux:nomeServidor>
    <aux:dataNascimento>1999-08-12</aux:dataNascimento>
    <aux:sexo>2</aux:sexo>
    <aux:tituloEleitor>000045027091597</aux:tituloEleitor>
    <aux:tipoEstaCivil>1</aux:tipoEstaCivil>
    <aux:pisPAsep>000016116345892</aux:pisPAsep>
    <aux:numeroOrgaoClasse>00000000</aux:numeroOrgaoClasse>
    <aux:cpfPai>16118440883</aux:cpfPai>
    <aux:nomePai>AUGUSTO VIANA DE SENA</aux:nomePai>
    <aux:cpfMae>00205270557</aux:cpfMae>
    <aux:nomeMae>MARILEIDE PEREIRA NUNES DE SENA</aux:nomeMae>
  </aux:Servidor>
  <aux:Servidor>
    <aux:matricula>000000000000309</aux:matricula>
    <aux:cpfServidor>62276777362</aux:cpfServidor>
    <aux:rgServidor>4261098</aux:rgServidor>
    <aux:orgaoExpedidor>SSPBA</aux:orgaoExpedidor>
    <aux:dataExpeCartDeIdentidade>2015-08-10</aux:dataExpeCartDeIdentidade>
    <aux:nomeServidor>CARLOS HENRIQUE LOPES DA SILVA</aux:nomeServidor>
    <aux:dataNascimento>2001-09-02</aux:dataNascimento>
    <aux:sexo>1</aux:sexo>
    <aux:tituloEleitor>000045029461562</aux:tituloEleitor>
    <aux:tipoEstaCivil>1</aux:tipoEstaCivil>
    <aux:pisPAsep>000016511064639</aux:pisPAsep>
    <aux:numeroOrgaoClasse>00000000</aux:numeroOrgaoClasse>
    <aux:cpfPai>00858616505</aux:cpfPai>
    <aux:nomePai>CRISTIANO ALVES DA SILVA</aux:nomePai>
    <aux:cpfMae>00913747580</aux:cpfMae>
    <aux:nomeMae>PATRICIA MARIA LOPES</aux:nomeMae>
  </aux:Servidor>
</aux:CadastrosAuxiliaresSagresFolha>
