<?xml version="1.0" encoding="ISO-8859-1"?>
<!--**********************************-->
<!--* FIORILLI SOFTWARE LTDA         *-->
<!--* SISTEMA INTEGRADO DE PESSOAL   *-->
<!--* GERADO 20/04/2022 10:08:41     *-->
<!--* VERSAO 7.5.336.24.15501/R      *-->
<!--* USUARIO JONATAS.SILVA          *-->
<!--* DOMINIO DCFIORILLI             *-->
<!--* NOME PC PICONTREINA8           *-->
<!--**********************************-->
<his:historicos xmlns:his="http://www.tce.pi.gov.br/sagres2021/xml/historicos" xmlns:aux="http://www.tce.pi.gov.br/sagres2021/xml/cadastrosAuxiliaresSagresFolha" xmlns:gen="http://www.tce.pi.gov.br/sagres2021/xml/genericos" xmlns:tab="http://www.tce.pi.gov.br/sagres2021/xml/tabelasInternas">
  <his:PrestacaoContas>
    <aux:codigoUnidGestora>201133</aux:codigoUnidGestora>
    <aux:nomeUnidGestora>P. M. DE MORRO CABECA NO TEMPO</aux:nomeUnidGestora>
    <aux:cpfContador>01340944332</aux:cpfContador>
    <aux:cpfGestor>82387796349</aux:cpfGestor>
    <aux:anoReferencia>2021</aux:anoReferencia>
    <aux:mesReferencia>12</aux:mesReferencia>
    <aux:versaoXml>19</aux:versaoXml>
    <aux:diaInicPresContas>1</aux:diaInicPresContas>
    <aux:diaFinaPresContas>31</aux:diaFinaPresContas>
  </his:PrestacaoContas>
  <his:HistoricoFuncional>
    <his:matricula>000000000000258</his:matricula>
    <his:cpfServidor>05908246352</his:cpfServidor>
    <his:tipoAtoPessoal>21051</his:tipoAtoPessoal>
    <his:dataMoviFuncional>2021-12-01</his:dataMoviFuncional>
    <his:informacoesAlteradas/>
  </his:HistoricoFuncional>
  <his:HistoricoFuncional>
    <his:matricula>000000000000286</his:matricula>
    <his:cpfServidor>01818639360</his:cpfServidor>
    <his:tipoAtoPessoal>21051</his:tipoAtoPessoal>
    <his:dataMoviFuncional>2021-12-01</his:dataMoviFuncional>
    <his:informacoesAlteradas/>
  </his:HistoricoFuncional>
  <his:HistoricoFuncional>
    <his:matricula>000000000000049</his:matricula>
    <his:cpfServidor>86016776572</his:cpfServidor>
    <his:tipoAtoPessoal>21011</his:tipoAtoPessoal>
    <his:dataMoviFuncional>2021-12-01</his:dataMoviFuncional>
    <his:informacoesAlteradas/>
  </his:HistoricoFuncional>
  <his:HistoricoFuncional>
    <his:matricula>000000000000012</his:matricula>
    <his:cpfServidor>85318205372</his:cpfServidor>
    <his:tipoAtoPessoal>91011</his:tipoAtoPessoal>
    <his:dataMoviFuncional>2021-12-01</his:dataMoviFuncional>
    <his:informacoesAlteradas/>
  </his:HistoricoFuncional>
  <his:HistoricoFuncional>
    <his:matricula>000000000000024</his:matricula>
    <his:cpfServidor>34301720553</his:cpfServidor>
    <his:tipoAtoPessoal>91011</his:tipoAtoPessoal>
    <his:dataMoviFuncional>2021-12-01</his:dataMoviFuncional>
    <his:informacoesAlteradas/>
  </his:HistoricoFuncional>
  <his:HistoricoFuncional>
    <his:matricula>000000000000025</his:matricula>
    <his:cpfServidor>85313955349</his:cpfServidor>
    <his:tipoAtoPessoal>91011</his:tipoAtoPessoal>
    <his:dataMoviFuncional>2021-12-01</his:dataMoviFuncional>
    <his:informacoesAlteradas/>
  </his:HistoricoFuncional>
  <his:HistoricoFuncional>
    <his:matricula>000000000000035</his:matricula>
    <his:cpfServidor>88468151300</his:cpfServidor>
    <his:tipoAtoPessoal>91011</his:tipoAtoPessoal>
    <his:dataMoviFuncional>2021-12-01</his:dataMoviFuncional>
    <his:informacoesAlteradas/>
  </his:HistoricoFuncional>
  <his:HistoricoFuncional>
    <his:matricula>000000000000040</his:matricula>
    <his:cpfServidor>20103740880</his:cpfServidor>
    <his:tipoAtoPessoal>91011</his:tipoAtoPessoal>
    <his:dataMoviFuncional>2021-12-01</his:dataMoviFuncional>
    <his:informacoesAlteradas/>
  </his:HistoricoFuncional>
  <his:HistoricoFuncional>
    <his:matricula>000000000000046</his:matricula>
    <his:cpfServidor>96460601372</his:cpfServidor>
    <his:tipoAtoPessoal>91011</his:tipoAtoPessoal>
    <his:dataMoviFuncional>2021-12-01</his:dataMoviFuncional>
    <his:informacoesAlteradas/>
  </his:HistoricoFuncional>
  <his:HistoricoFuncional>
    <his:matricula>000000000000053</his:matricula>
    <his:cpfServidor>29644330382</his:cpfServidor>
    <his:tipoAtoPessoal>91011</his:tipoAtoPessoal>
    <his:dataMoviFuncional>2021-12-01</his:dataMoviFuncional>
    <his:informacoesAlteradas/>
  </his:HistoricoFuncional>
  <his:HistoricoFuncional>
    <his:matricula>000000000000054</his:matricula>
    <his:cpfServidor>48481068500</his:cpfServidor>
    <his:tipoAtoPessoal>91011</his:tipoAtoPessoal>
    <his:dataMoviFuncional>2021-12-01</his:dataMoviFuncional>
    <his:informacoesAlteradas/>
  </his:HistoricoFuncional>
  <his:HistoricoFuncional>
    <his:matricula>000000000000056</his:matricula>
    <his:cpfServidor>84928417372</his:cpfServidor>
    <his:tipoAtoPessoal>91011</his:tipoAtoPessoal>
    <his:dataMoviFuncional>2021-12-01</his:dataMoviFuncional>
    <his:informacoesAlteradas/>
  </his:HistoricoFuncional>
  <his:HistoricoFuncional>
    <his:matricula>000000000000104</his:matricula>
    <his:cpfServidor>18002576861</his:cpfServidor>
    <his:tipoAtoPessoal>91011</his:tipoAtoPessoal>
    <his:dataMoviFuncional>2021-12-01</his:dataMoviFuncional>
    <his:informacoesAlteradas/>
  </his:HistoricoFuncional>
  <his:HistoricoFuncional>
    <his:matricula>000000000000118</his:matricula>
    <his:cpfServidor>83121234315</his:cpfServidor>
    <his:tipoAtoPessoal>91011</his:tipoAtoPessoal>
    <his:dataMoviFuncional>2021-12-01</his:dataMoviFuncional>
    <his:informacoesAlteradas/>
  </his:HistoricoFuncional>
  <his:HistoricoFuncional>
    <his:matricula>000000000000200</his:matricula>
    <his:cpfServidor>84149949387</his:cpfServidor>
    <his:tipoAtoPessoal>91011</his:tipoAtoPessoal>
    <his:dataMoviFuncional>2021-12-01</his:dataMoviFuncional>
    <his:informacoesAlteradas/>
  </his:HistoricoFuncional>
  <his:HistoricoFuncional>
    <his:matricula>000000000000023</his:matricula>
    <his:cpfServidor>66696267549</his:cpfServidor>
    <his:tipoAtoPessoal>91011</his:tipoAtoPessoal>
    <his:dataMoviFuncional>2021-12-01</his:dataMoviFuncional>
    <his:informacoesAlteradas/>
  </his:HistoricoFuncional>
  <his:HistoricoFuncional>
    <his:matricula>000000000000269</his:matricula>
    <his:cpfServidor>47363010315</his:cpfServidor>
    <his:tipoAtoPessoal>91011</his:tipoAtoPessoal>
    <his:dataMoviFuncional>2021-12-01</his:dataMoviFuncional>
    <his:informacoesAlteradas/>
  </his:HistoricoFuncional>
  <his:HistoricoFuncional>
    <his:matricula>000000000000441</his:matricula>
    <his:cpfServidor>01830967380</his:cpfServidor>
    <his:tipoAtoPessoal>91011</his:tipoAtoPessoal>
    <his:dataMoviFuncional>2021-12-01</his:dataMoviFuncional>
    <his:informacoesAlteradas/>
  </his:HistoricoFuncional>
  <his:HistoricoFuncional>
    <his:matricula>000000000000443</his:matricula>
    <his:cpfServidor>03046668317</his:cpfServidor>
    <his:tipoAtoPessoal>91011</his:tipoAtoPessoal>
    <his:dataMoviFuncional>2021-12-01</his:dataMoviFuncional>
    <his:informacoesAlteradas/>
  </his:HistoricoFuncional>
  <his:HistoricoFuncional>
    <his:matricula>000000000000445</his:matricula>
    <his:cpfServidor>75185423315</his:cpfServidor>
    <his:tipoAtoPessoal>91011</his:tipoAtoPessoal>
    <his:dataMoviFuncional>2021-12-01</his:dataMoviFuncional>
    <his:informacoesAlteradas/>
  </his:HistoricoFuncional>
  <his:HistoricoFuncional>
    <his:matricula>000000000000449</his:matricula>
    <his:cpfServidor>96740817391</his:cpfServidor>
    <his:tipoAtoPessoal>91011</his:tipoAtoPessoal>
    <his:dataMoviFuncional>2021-12-01</his:dataMoviFuncional>
    <his:informacoesAlteradas/>
  </his:HistoricoFuncional>
  <his:HistoricoFuncional>
    <his:matricula>000000000000450</his:matricula>
    <his:cpfServidor>82370761334</his:cpfServidor>
    <his:tipoAtoPessoal>91011</his:tipoAtoPessoal>
    <his:dataMoviFuncional>2021-12-01</his:dataMoviFuncional>
    <his:informacoesAlteradas/>
  </his:HistoricoFuncional>
  <his:HistoricoFuncional>
    <his:matricula>000000000000452</his:matricula>
    <his:cpfServidor>97791598353</his:cpfServidor>
    <his:tipoAtoPessoal>91011</his:tipoAtoPessoal>
    <his:dataMoviFuncional>2021-12-01</his:dataMoviFuncional>
    <his:informacoesAlteradas/>
  </his:HistoricoFuncional>
  <his:HistoricoFuncional>
    <his:matricula>000000000000453</his:matricula>
    <his:cpfServidor>71330798368</his:cpfServidor>
    <his:tipoAtoPessoal>91011</his:tipoAtoPessoal>
    <his:dataMoviFuncional>2021-12-01</his:dataMoviFuncional>
    <his:informacoesAlteradas/>
  </his:HistoricoFuncional>
  <his:HistoricoFuncional>
    <his:matricula>000000000000454</his:matricula>
    <his:cpfServidor>34843787191</his:cpfServidor>
    <his:tipoAtoPessoal>91011</his:tipoAtoPessoal>
    <his:dataMoviFuncional>2021-12-01</his:dataMoviFuncional>
    <his:informacoesAlteradas/>
  </his:HistoricoFuncional>
  <his:HistoricoFuncional>
    <his:matricula>000000000000455</his:matricula>
    <his:cpfServidor>01792278314</his:cpfServidor>
    <his:tipoAtoPessoal>91011</his:tipoAtoPessoal>
    <his:dataMoviFuncional>2021-12-01</his:dataMoviFuncional>
    <his:informacoesAlteradas/>
  </his:HistoricoFuncional>
  <his:HistoricoFuncional>
    <his:matricula>000000000000456</his:matricula>
    <his:cpfServidor>00364474394</his:cpfServidor>
    <his:tipoAtoPessoal>91011</his:tipoAtoPessoal>
    <his:dataMoviFuncional>2021-12-01</his:dataMoviFuncional>
    <his:informacoesAlteradas/>
  </his:HistoricoFuncional>
  <his:HistoricoFuncional>
    <his:matricula>000000000000457</his:matricula>
    <his:cpfServidor>08670524813</his:cpfServidor>
    <his:tipoAtoPessoal>91011</his:tipoAtoPessoal>
    <his:dataMoviFuncional>2021-12-01</his:dataMoviFuncional>
    <his:informacoesAlteradas/>
  </his:HistoricoFuncional>
  <his:HistoricoFuncional>
    <his:matricula>000000000000460</his:matricula>
    <his:cpfServidor>12541407866</his:cpfServidor>
    <his:tipoAtoPessoal>91011</his:tipoAtoPessoal>
    <his:dataMoviFuncional>2021-12-01</his:dataMoviFuncional>
    <his:informacoesAlteradas/>
  </his:HistoricoFuncional>
  <his:HistoricoFuncional>
    <his:matricula>000000000000461</his:matricula>
    <his:cpfServidor>96934735315</his:cpfServidor>
    <his:tipoAtoPessoal>91011</his:tipoAtoPessoal>
    <his:dataMoviFuncional>2021-12-01</his:dataMoviFuncional>
    <his:informacoesAlteradas/>
  </his:HistoricoFuncional>
  <his:HistoricoFuncional>
    <his:matricula>000000000000463</his:matricula>
    <his:cpfServidor>01911957589</his:cpfServidor>
    <his:tipoAtoPessoal>91011</his:tipoAtoPessoal>
    <his:dataMoviFuncional>2021-12-01</his:dataMoviFuncional>
    <his:informacoesAlteradas/>
  </his:HistoricoFuncional>
  <his:HistoricoFuncional>
    <his:matricula>000000000000465</his:matricula>
    <his:cpfServidor>29618958809</his:cpfServidor>
    <his:tipoAtoPessoal>91011</his:tipoAtoPessoal>
    <his:dataMoviFuncional>2021-12-01</his:dataMoviFuncional>
    <his:informacoesAlteradas/>
  </his:HistoricoFuncional>
  <his:HistoricoFuncional>
    <his:matricula>000000000000469</his:matricula>
    <his:cpfServidor>82954070315</his:cpfServidor>
    <his:tipoAtoPessoal>91011</his:tipoAtoPessoal>
    <his:dataMoviFuncional>2021-12-01</his:dataMoviFuncional>
    <his:informacoesAlteradas/>
  </his:HistoricoFuncional>
  <his:HistoricoFuncional>
    <his:matricula>000000000000470</his:matricula>
    <his:cpfServidor>01208139398</his:cpfServidor>
    <his:tipoAtoPessoal>91011</his:tipoAtoPessoal>
    <his:dataMoviFuncional>2021-12-01</his:dataMoviFuncional>
    <his:informacoesAlteradas/>
  </his:HistoricoFuncional>
  <his:HistoricoFuncional>
    <his:matricula>000000000000472</his:matricula>
    <his:cpfServidor>01122803311</his:cpfServidor>
    <his:tipoAtoPessoal>91011</his:tipoAtoPessoal>
    <his:dataMoviFuncional>2021-12-01</his:dataMoviFuncional>
    <his:informacoesAlteradas/>
  </his:HistoricoFuncional>
  <his:HistoricoFuncional>
    <his:matricula>000000000000474</his:matricula>
    <his:cpfServidor>88729850304</his:cpfServidor>
    <his:tipoAtoPessoal>91011</his:tipoAtoPessoal>
    <his:dataMoviFuncional>2021-12-01</his:dataMoviFuncional>
    <his:informacoesAlteradas/>
  </his:HistoricoFuncional>
  <his:HistoricoFuncional>
    <his:matricula>000000000000477</his:matricula>
    <his:cpfServidor>26951604886</his:cpfServidor>
    <his:tipoAtoPessoal>91011</his:tipoAtoPessoal>
    <his:dataMoviFuncional>2021-12-01</his:dataMoviFuncional>
    <his:informacoesAlteradas/>
  </his:HistoricoFuncional>
  <his:HistoricoFuncional>
    <his:matricula>000000000000479</his:matricula>
    <his:cpfServidor>03632812314</his:cpfServidor>
    <his:tipoAtoPessoal>91011</his:tipoAtoPessoal>
    <his:dataMoviFuncional>2021-12-01</his:dataMoviFuncional>
    <his:informacoesAlteradas/>
  </his:HistoricoFuncional>
  <his:HistoricoFuncional>
    <his:matricula>000000000000481</his:matricula>
    <his:cpfServidor>36741409858</his:cpfServidor>
    <his:tipoAtoPessoal>91011</his:tipoAtoPessoal>
    <his:dataMoviFuncional>2021-12-01</his:dataMoviFuncional>
    <his:informacoesAlteradas/>
  </his:HistoricoFuncional>
  <his:HistoricoFuncional>
    <his:matricula>000000000000486</his:matricula>
    <his:cpfServidor>35165914801</his:cpfServidor>
    <his:tipoAtoPessoal>91011</his:tipoAtoPessoal>
    <his:dataMoviFuncional>2021-12-20</his:dataMoviFuncional>
    <his:informacoesAlteradas/>
  </his:HistoricoFuncional>
  <his:HistoricoFuncional>
    <his:matricula>000000000000603</his:matricula>
    <his:cpfServidor>00441024378</his:cpfServidor>
    <his:tipoAtoPessoal>91011</his:tipoAtoPessoal>
    <his:dataMoviFuncional>2021-12-01</his:dataMoviFuncional>
    <his:informacoesAlteradas/>
  </his:HistoricoFuncional>
  <his:HistoricoFuncional>
    <his:matricula>000000000000700</his:matricula>
    <his:cpfServidor>80669433349</his:cpfServidor>
    <his:tipoAtoPessoal>91011</his:tipoAtoPessoal>
    <his:dataMoviFuncional>2021-12-01</his:dataMoviFuncional>
    <his:informacoesAlteradas/>
  </his:HistoricoFuncional>
  <his:HistoricoFuncional>
    <his:matricula>000000000000779</his:matricula>
    <his:cpfServidor>00085461342</his:cpfServidor>
    <his:tipoAtoPessoal>91011</his:tipoAtoPessoal>
    <his:dataMoviFuncional>2021-12-01</his:dataMoviFuncional>
    <his:informacoesAlteradas/>
  </his:HistoricoFuncional>
  <his:HistoricoFuncional>
    <his:matricula>000000000000001</his:matricula>
    <his:cpfServidor>96460644349</his:cpfServidor>
    <his:tipoAtoPessoal>91011</his:tipoAtoPessoal>
    <his:dataMoviFuncional>2021-12-05</his:dataMoviFuncional>
    <his:informacoesAlteradas/>
  </his:HistoricoFuncional>
  <his:HistoricoFuncional>
    <his:matricula>000000000000010</his:matricula>
    <his:cpfServidor>73726770330</his:cpfServidor>
    <his:tipoAtoPessoal>91011</his:tipoAtoPessoal>
    <his:dataMoviFuncional>2021-12-15</his:dataMoviFuncional>
    <his:informacoesAlteradas/>
  </his:HistoricoFuncional>
  <his:HistoricoFuncional>
    <his:matricula>000000000001080</his:matricula>
    <his:cpfServidor>82485500363</his:cpfServidor>
    <his:tipoAtoPessoal>91011</his:tipoAtoPessoal>
    <his:dataMoviFuncional>2021-12-01</his:dataMoviFuncional>
    <his:informacoesAlteradas/>
  </his:HistoricoFuncional>
  <his:HistoricoFuncional>
    <his:matricula>000000000001120</his:matricula>
    <his:cpfServidor>27650349829</his:cpfServidor>
    <his:tipoAtoPessoal>91011</his:tipoAtoPessoal>
    <his:dataMoviFuncional>2021-12-01</his:dataMoviFuncional>
    <his:informacoesAlteradas/>
  </his:HistoricoFuncional>
  <his:HistoricoFuncional>
    <his:matricula>000000000000014</his:matricula>
    <his:cpfServidor>83046810300</his:cpfServidor>
    <his:tipoAtoPessoal>91011</his:tipoAtoPessoal>
    <his:dataMoviFuncional>2021-12-01</his:dataMoviFuncional>
    <his:informacoesAlteradas/>
  </his:HistoricoFuncional>
  <his:HistoricoFuncional>
    <his:matricula>000000000000016</his:matricula>
    <his:cpfServidor>10305345869</his:cpfServidor>
    <his:tipoAtoPessoal>91011</his:tipoAtoPessoal>
    <his:dataMoviFuncional>2021-12-01</his:dataMoviFuncional>
    <his:informacoesAlteradas/>
  </his:HistoricoFuncional>
  <his:HistoricoFuncional>
    <his:matricula>000000000000190</his:matricula>
    <his:cpfServidor>76405150330</his:cpfServidor>
    <his:tipoAtoPessoal>91011</his:tipoAtoPessoal>
    <his:dataMoviFuncional>2021-12-01</his:dataMoviFuncional>
    <his:informacoesAlteradas/>
  </his:HistoricoFuncional>
  <his:HistoricoFuncional>
    <his:matricula>000000000000199</his:matricula>
    <his:cpfServidor>74655779349</his:cpfServidor>
    <his:tipoAtoPessoal>91011</his:tipoAtoPessoal>
    <his:dataMoviFuncional>2021-12-01</his:dataMoviFuncional>
    <his:informacoesAlteradas/>
  </his:HistoricoFuncional>
  <his:HistoricoFuncional>
    <his:matricula>000000000000020</his:matricula>
    <his:cpfServidor>94566445534</his:cpfServidor>
    <his:tipoAtoPessoal>91011</his:tipoAtoPessoal>
    <his:dataMoviFuncional>2021-12-01</his:dataMoviFuncional>
    <his:informacoesAlteradas/>
  </his:HistoricoFuncional>
  <his:HistoricoFuncional>
    <his:matricula>000000000000221</his:matricula>
    <his:cpfServidor>00872006352</his:cpfServidor>
    <his:tipoAtoPessoal>91011</his:tipoAtoPessoal>
    <his:dataMoviFuncional>2021-12-01</his:dataMoviFuncional>
    <his:informacoesAlteradas/>
  </his:HistoricoFuncional>
  <his:HistoricoFuncional>
    <his:matricula>000000000000028</his:matricula>
    <his:cpfServidor>18542207807</his:cpfServidor>
    <his:tipoAtoPessoal>91011</his:tipoAtoPessoal>
    <his:dataMoviFuncional>2021-12-01</his:dataMoviFuncional>
    <his:informacoesAlteradas/>
  </his:HistoricoFuncional>
  <his:HistoricoFuncional>
    <his:matricula>000000000000031</his:matricula>
    <his:cpfServidor>82890978320</his:cpfServidor>
    <his:tipoAtoPessoal>91011</his:tipoAtoPessoal>
    <his:dataMoviFuncional>2021-12-01</his:dataMoviFuncional>
    <his:informacoesAlteradas/>
  </his:HistoricoFuncional>
  <his:HistoricoFuncional>
    <his:matricula>000000000000036</his:matricula>
    <his:cpfServidor>84559438315</his:cpfServidor>
    <his:tipoAtoPessoal>91011</his:tipoAtoPessoal>
    <his:dataMoviFuncional>2021-12-01</his:dataMoviFuncional>
    <his:informacoesAlteradas/>
  </his:HistoricoFuncional>
  <his:HistoricoFuncional>
    <his:matricula>000000000000039</his:matricula>
    <his:cpfServidor>80352081368</his:cpfServidor>
    <his:tipoAtoPessoal>91011</his:tipoAtoPessoal>
    <his:dataMoviFuncional>2021-12-01</his:dataMoviFuncional>
    <his:informacoesAlteradas/>
  </his:HistoricoFuncional>
  <his:HistoricoFuncional>
    <his:matricula>000000000000004</his:matricula>
    <his:cpfServidor>11434963888</his:cpfServidor>
    <his:tipoAtoPessoal>91011</his:tipoAtoPessoal>
    <his:dataMoviFuncional>2021-12-01</his:dataMoviFuncional>
    <his:informacoesAlteradas/>
  </his:HistoricoFuncional>
  <his:HistoricoFuncional>
    <his:matricula>000000000000041</his:matricula>
    <his:cpfServidor>98264800378</his:cpfServidor>
    <his:tipoAtoPessoal>91011</his:tipoAtoPessoal>
    <his:dataMoviFuncional>2021-12-01</his:dataMoviFuncional>
    <his:informacoesAlteradas/>
  </his:HistoricoFuncional>
  <his:HistoricoFuncional>
    <his:matricula>000000000000042</his:matricula>
    <his:cpfServidor>92439543349</his:cpfServidor>
    <his:tipoAtoPessoal>91011</his:tipoAtoPessoal>
    <his:dataMoviFuncional>2021-12-01</his:dataMoviFuncional>
    <his:informacoesAlteradas/>
  </his:HistoricoFuncional>
  <his:HistoricoFuncional>
    <his:matricula>000000000000044</his:matricula>
    <his:cpfServidor>09664070831</his:cpfServidor>
    <his:tipoAtoPessoal>91011</his:tipoAtoPessoal>
    <his:dataMoviFuncional>2021-12-01</his:dataMoviFuncional>
    <his:informacoesAlteradas/>
  </his:HistoricoFuncional>
  <his:HistoricoFuncional>
    <his:matricula>000000000000045</his:matricula>
    <his:cpfServidor>97670057572</his:cpfServidor>
    <his:tipoAtoPessoal>91011</his:tipoAtoPessoal>
    <his:dataMoviFuncional>2021-12-01</his:dataMoviFuncional>
    <his:informacoesAlteradas/>
  </his:HistoricoFuncional>
  <his:HistoricoFuncional>
    <his:matricula>000000000000048</his:matricula>
    <his:cpfServidor>99711907534</his:cpfServidor>
    <his:tipoAtoPessoal>91011</his:tipoAtoPessoal>
    <his:dataMoviFuncional>2021-12-01</his:dataMoviFuncional>
    <his:informacoesAlteradas/>
  </his:HistoricoFuncional>
  <his:HistoricoFuncional>
    <his:matricula>000000000000051</his:matricula>
    <his:cpfServidor>83150480310</his:cpfServidor>
    <his:tipoAtoPessoal>91011</his:tipoAtoPessoal>
    <his:dataMoviFuncional>2021-12-01</his:dataMoviFuncional>
    <his:informacoesAlteradas/>
  </his:HistoricoFuncional>
  <his:HistoricoFuncional>
    <his:matricula>000000000000054</his:matricula>
    <his:cpfServidor>85462578334</his:cpfServidor>
    <his:tipoAtoPessoal>91011</his:tipoAtoPessoal>
    <his:dataMoviFuncional>2021-12-01</his:dataMoviFuncional>
    <his:informacoesAlteradas/>
  </his:HistoricoFuncional>
  <his:HistoricoFuncional>
    <his:matricula>000000000000055</his:matricula>
    <his:cpfServidor>47363363315</his:cpfServidor>
    <his:tipoAtoPessoal>91011</his:tipoAtoPessoal>
    <his:dataMoviFuncional>2021-12-01</his:dataMoviFuncional>
    <his:informacoesAlteradas/>
  </his:HistoricoFuncional>
  <his:HistoricoFuncional>
    <his:matricula>000000000000058</his:matricula>
    <his:cpfServidor>82954011300</his:cpfServidor>
    <his:tipoAtoPessoal>91011</his:tipoAtoPessoal>
    <his:dataMoviFuncional>2021-12-01</his:dataMoviFuncional>
    <his:informacoesAlteradas/>
  </his:HistoricoFuncional>
  <his:HistoricoFuncional>
    <his:matricula>000000000000061</his:matricula>
    <his:cpfServidor>89003039372</his:cpfServidor>
    <his:tipoAtoPessoal>91011</his:tipoAtoPessoal>
    <his:dataMoviFuncional>2021-12-01</his:dataMoviFuncional>
    <his:informacoesAlteradas/>
  </his:HistoricoFuncional>
  <his:HistoricoFuncional>
    <his:matricula>000000000000063</his:matricula>
    <his:cpfServidor>06060717845</his:cpfServidor>
    <his:tipoAtoPessoal>91011</his:tipoAtoPessoal>
    <his:dataMoviFuncional>2021-12-01</his:dataMoviFuncional>
    <his:informacoesAlteradas/>
  </his:HistoricoFuncional>
  <his:HistoricoFuncional>
    <his:matricula>000000000000064</his:matricula>
    <his:cpfServidor>90939174391</his:cpfServidor>
    <his:tipoAtoPessoal>91011</his:tipoAtoPessoal>
    <his:dataMoviFuncional>2021-12-01</his:dataMoviFuncional>
    <his:informacoesAlteradas/>
  </his:HistoricoFuncional>
  <his:HistoricoFuncional>
    <his:matricula>000000000000078</his:matricula>
    <his:cpfServidor>13305071850</his:cpfServidor>
    <his:tipoAtoPessoal>91011</his:tipoAtoPessoal>
    <his:dataMoviFuncional>2021-12-01</his:dataMoviFuncional>
    <his:informacoesAlteradas/>
  </his:HistoricoFuncional>
  <his:HistoricoFuncional>
    <his:matricula>000000000000080</his:matricula>
    <his:cpfServidor>99017652349</his:cpfServidor>
    <his:tipoAtoPessoal>91011</his:tipoAtoPessoal>
    <his:dataMoviFuncional>2021-12-01</his:dataMoviFuncional>
    <his:informacoesAlteradas/>
  </his:HistoricoFuncional>
  <his:HistoricoFuncional>
    <his:matricula>000000000000082</his:matricula>
    <his:cpfServidor>85225290353</his:cpfServidor>
    <his:tipoAtoPessoal>91011</his:tipoAtoPessoal>
    <his:dataMoviFuncional>2021-12-01</his:dataMoviFuncional>
    <his:informacoesAlteradas/>
  </his:HistoricoFuncional>
  <his:HistoricoFuncional>
    <his:matricula>000000000000084</his:matricula>
    <his:cpfServidor>00694839302</his:cpfServidor>
    <his:tipoAtoPessoal>91011</his:tipoAtoPessoal>
    <his:dataMoviFuncional>2021-12-01</his:dataMoviFuncional>
    <his:informacoesAlteradas/>
  </his:HistoricoFuncional>
  <his:HistoricoFuncional>
    <his:matricula>000000000000088</his:matricula>
    <his:cpfServidor>83192492368</his:cpfServidor>
    <his:tipoAtoPessoal>91011</his:tipoAtoPessoal>
    <his:dataMoviFuncional>2021-12-01</his:dataMoviFuncional>
    <his:informacoesAlteradas/>
  </his:HistoricoFuncional>
  <his:HistoricoFuncional>
    <his:matricula>000000000000091</his:matricula>
    <his:cpfServidor>17925863889</his:cpfServidor>
    <his:tipoAtoPessoal>91011</his:tipoAtoPessoal>
    <his:dataMoviFuncional>2021-12-01</his:dataMoviFuncional>
    <his:informacoesAlteradas/>
  </his:HistoricoFuncional>
  <his:HistoricoFuncional>
    <his:matricula>000000000000094</his:matricula>
    <his:cpfServidor>45183724334</his:cpfServidor>
    <his:tipoAtoPessoal>91011</his:tipoAtoPessoal>
    <his:dataMoviFuncional>2021-12-01</his:dataMoviFuncional>
    <his:informacoesAlteradas/>
  </his:HistoricoFuncional>
  <his:HistoricoFuncional>
    <his:matricula>000000000000100</his:matricula>
    <his:cpfServidor>01174017309</his:cpfServidor>
    <his:tipoAtoPessoal>92011</his:tipoAtoPessoal>
    <his:dataMoviFuncional>2021-12-04</his:dataMoviFuncional>
    <his:informacoesAlteradas/>
  </his:HistoricoFuncional>
  <his:HistoricoFuncional>
    <his:matricula>000000000000772</his:matricula>
    <his:cpfServidor>20003764877</his:cpfServidor>
    <his:tipoAtoPessoal>92011</his:tipoAtoPessoal>
    <his:dataMoviFuncional>2021-12-07</his:dataMoviFuncional>
    <his:informacoesAlteradas/>
  </his:HistoricoFuncional>
  <his:HistoricoFuncional>
    <his:matricula>000000000000779</his:matricula>
    <his:cpfServidor>00085461342</his:cpfServidor>
    <his:tipoAtoPessoal>92011</his:tipoAtoPessoal>
    <his:dataMoviFuncional>2021-12-30</his:dataMoviFuncional>
    <his:informacoesAlteradas/>
  </his:HistoricoFuncional>
  <his:HistoricoFuncional>
    <his:matricula>000000000000207</his:matricula>
    <his:cpfServidor>01476617309</his:cpfServidor>
    <his:tipoAtoPessoal>92011</his:tipoAtoPessoal>
    <his:dataMoviFuncional>2021-12-18</his:dataMoviFuncional>
    <his:informacoesAlteradas/>
  </his:HistoricoFuncional>
  <his:HistoricoFuncional>
    <his:matricula>000000000000221</his:matricula>
    <his:cpfServidor>00872006352</his:cpfServidor>
    <his:tipoAtoPessoal>92011</his:tipoAtoPessoal>
    <his:dataMoviFuncional>2021-12-30</his:dataMoviFuncional>
    <his:informacoesAlteradas/>
  </his:HistoricoFuncional>
  <his:HistoricoFuncional>
    <his:matricula>000000000000078</his:matricula>
    <his:cpfServidor>13305071850</his:cpfServidor>
    <his:tipoAtoPessoal>92011</his:tipoAtoPessoal>
    <his:dataMoviFuncional>2021-12-30</his:dataMoviFuncional>
    <his:informacoesAlteradas/>
  </his:HistoricoFuncional>
  <his:HistoricoFuncional>
    <his:matricula>000000000000089</his:matricula>
    <his:cpfServidor>89579160325</his:cpfServidor>
    <his:tipoAtoPessoal>92011</his:tipoAtoPessoal>
    <his:dataMoviFuncional>2021-12-01</his:dataMoviFuncional>
    <his:informacoesAlteradas/>
  </his:HistoricoFuncional>
  <his:HistoricoFuncional>
    <his:matricula>000000000000094</his:matricula>
    <his:cpfServidor>45183724334</his:cpfServidor>
    <his:tipoAtoPessoal>92011</his:tipoAtoPessoal>
    <his:dataMoviFuncional>2021-12-30</his:dataMoviFuncional>
    <his:informacoesAlteradas/>
  </his:HistoricoFuncional>
</his:historicos>
