<?xml version="1.0" encoding="UTF-8"?><aux:CadastrosAuxiliaresSagresFolha xmlns:aux="http://www.tce.pi.gov.br/sagres2020/xml/cadastrosAuxiliaresSagresFolha" xmlns:gen="http://www.tce.pi.gov.br/sagres2020/xml/genericos" xmlns:tab="http://www.tce.pi.gov.br/sagres2020/xml/tabelasInternas">
    <aux:PrestacaoContas>
        <aux:codigoUnidGestora>201017</aux:codigoUnidGestora>
        <aux:nomeUnidGestora>PREFEITURA MUNICIPAL DE AVELINO LOPES</aux:nomeUnidGestora>
        <aux:cpfContador>72674350334</aux:cpfContador>
        <aux:cpfGestor>64378985853</aux:cpfGestor>
        <aux:anoReferencia>2020</aux:anoReferencia>
        <aux:mesReferencia>7</aux:mesReferencia>
        <aux:versaoXml>19</aux:versaoXml>
        <aux:diaInicPresContas>1</aux:diaInicPresContas>
        <aux:diaFinaPresContas>31</aux:diaFinaPresContas>
    </aux:PrestacaoContas>
   <aux:lotacao>
        <aux:codigoLotacao>000000000020502</aux:codigoLotacao>
        <aux:nomeLotacao>SECRET MUN DE SAUDE - VIGIA</aux:nomeLotacao>
        <aux:codigoUnidOrcamentaria>020401</aux:codigoUnidOrcamentaria>
   </aux:lotacao>
</aux:CadastrosAuxiliaresSagresFolha>