<?xml version="1.0" encoding="UTF-8"?><his:historicos xmlns:his="http://www.tce.pi.gov.br/sagres2020/xml/historicos" xmlns:gen="http://www.tce.pi.gov.br/sagres2020/xml/genericos" xmlns:tab="http://www.tce.pi.gov.br/sagres2020/xml/tabelasInternas" xmlns:aux="http://www.tce.pi.gov.br/sagres2020/xml/cadastrosAuxiliaresSagresFolha">
  <his:PrestacaoContas>
    <aux:codigoUnidGestora>201017</aux:codigoUnidGestora>
    <aux:nomeUnidGestora>PREFEITURA MUNICIPAL DE AVELINO LOPES</aux:nomeUnidGestora>
    <aux:cpfContador>72674350334</aux:cpfContador>
    <aux:cpfGestor>64378985853</aux:cpfGestor>
    <aux:anoReferencia>2020</aux:anoReferencia>
    <aux:mesReferencia>07</aux:mesReferencia>
    <aux:versaoXml>19</aux:versaoXml>
    <aux:diaInicPresContas>01</aux:diaInicPresContas>
    <aux:diaFinaPresContas>31</aux:diaFinaPresContas>
  </his:PrestacaoContas>
  <his:HistoricoFuncional>
    <his:matricula>000000000002067</his:matricula>
    <his:cpfServidor>95869158320</his:cpfServidor>
    <his:tipoAtoPessoal>9013</his:tipoAtoPessoal>
    <his:dataMoviFuncional>2020-07-01</his:dataMoviFuncional>
    <his:informacoesAlteradas>
    </his:informacoesAlteradas>
  </his:HistoricoFuncional>
  <his:HistoricoFuncional>
    <his:matricula>000000000002107</his:matricula>
    <his:cpfServidor>03379481351</his:cpfServidor>
    <his:tipoAtoPessoal>2005</his:tipoAtoPessoal>
    <his:dataMoviFuncional>2020-07-31</his:dataMoviFuncional>
    <his:informacoesAlteradas>
    </his:informacoesAlteradas>
  </his:HistoricoFuncional>
  <his:HistoricoFuncional>
    <his:matricula>000000000002244</his:matricula>
    <his:cpfServidor>66188504791</his:cpfServidor>
    <his:tipoAtoPessoal>2013</his:tipoAtoPessoal>
    <his:dataMoviFuncional>2020-07-30</his:dataMoviFuncional>
    <his:informacoesAlteradas>
    </his:informacoesAlteradas>
  </his:HistoricoFuncional>
  <his:HistoricoFuncional>
    <his:matricula>000000000006028</his:matricula>
    <his:cpfServidor>30911915320</his:cpfServidor>
    <his:tipoAtoPessoal>9033</his:tipoAtoPessoal>
    <his:dataMoviFuncional>2020-07-31</his:dataMoviFuncional>
    <his:informacoesAlteradas>
    </his:informacoesAlteradas>
  </his:HistoricoFuncional>
  <his:HistoricoFuncional>
    <his:matricula>000000000006323</his:matricula>
    <his:cpfServidor>02907139355</his:cpfServidor>
    <his:tipoAtoPessoal>2005</his:tipoAtoPessoal>
    <his:dataMoviFuncional>2020-07-31</his:dataMoviFuncional>
    <his:informacoesAlteradas>
    </his:informacoesAlteradas>
  </his:HistoricoFuncional>
</his:historicos>