<?xml version="1.0" encoding="UTF-8"?><aux:CadastrosAuxiliaresSagresFolha xmlns:aux="http://www.tce.pi.gov.br/sagres2019/xml/cadastrosAuxiliaresSagresFolha" xmlns:gen="http://www.tce.pi.gov.br/sagres2019/xml/genericos" xmlns:tab="http://www.tce.pi.gov.br/sagres2019/xml/tabelasInternas">
    <aux:PrestacaoContas>
        <aux:codigoUnidGestora>201017</aux:codigoUnidGestora>
        <aux:nomeUnidGestora>PREFEITURA MUNICIPAL DE AVELINO LOPES</aux:nomeUnidGestora>
        <aux:cpfContador>72674350334</aux:cpfContador>
        <aux:cpfGestor>64378985853</aux:cpfGestor>
        <aux:anoReferencia>2019</aux:anoReferencia>
        <aux:mesReferencia>4</aux:mesReferencia>
        <aux:versaoXml>19</aux:versaoXml>
        <aux:diaInicPresContas>1</aux:diaInicPresContas>
        <aux:diaFinaPresContas>30</aux:diaFinaPresContas>
    </aux:PrestacaoContas>
    <aux:Cargo>
        <aux:codigoCargo>00000057</aux:codigoCargo>
        <aux:nomeDoCargo>DIRETOR DEPARTAMENTO DE OBRAS E INFRAESTRUTURA    </aux:nomeDoCargo>
        <aux:cargaHoraria>40</aux:cargaHoraria>
        <aux:tipoEscolaridade>3</aux:tipoEscolaridade>
        <aux:tipoCargo>051</aux:tipoCargo>
        <aux:codigoCargoRhWeb>00000057</aux:codigoCargoRhWeb>
        <aux:vecimentoBaseOuSalario>2700.00</aux:vecimentoBaseOuSalario>
    </aux:Cargo>
    <aux:Cargo>
        <aux:codigoCargo>20000027</aux:codigoCargo>
        <aux:nomeDoCargo>FISIOTERAPEUTA                                    </aux:nomeDoCargo>
        <aux:cargaHoraria>40</aux:cargaHoraria>
        <aux:tipoEscolaridade>5</aux:tipoEscolaridade>
        <aux:tipoCargo>065</aux:tipoCargo>
        <aux:codigoCargoRhWeb>20000027</aux:codigoCargoRhWeb>
        <aux:vecimentoBaseOuSalario>2000.00</aux:vecimentoBaseOuSalario>
    </aux:Cargo>
   <aux:Servidor>
        <aux:matricula>000000000001507</aux:matricula>
        <aux:cpfServidor>09640248886</aux:cpfServidor>
        <aux:rgServidor>15816970</aux:rgServidor>
        <aux:orgaoExpedidor>SSP</aux:orgaoExpedidor>
                <aux:dataExpeCartDeIdentidade>2016-08-26</aux:dataExpeCartDeIdentidade>
        <aux:nomeServidor>OSMAR FRANCISCO DO AMARAL</aux:nomeServidor>
        <aux:dataNascimento>1964-09-25</aux:dataNascimento>
        <aux:sexo>1</aux:sexo>
        <aux:tituloEleitor>000000000000000</aux:tituloEleitor>
        <aux:tipoEstaCivil>1</aux:tipoEstaCivil>
        <aux:pisPAsep>000013305718276</aux:pisPAsep>
        <aux:numeroOrgaoClasse>00000000</aux:numeroOrgaoClasse>
        <aux:cpfPai>99999999999</aux:cpfPai>
        <aux:nomePai>JOAO FRANCISCO DO AMARAL                          </aux:nomePai>
        <aux:cpfMae>99999999999</aux:cpfMae>
        <aux:nomeMae>MARIA PAULINA DE LIRA                             </aux:nomeMae>
        <aux:tipoCadastro>1</aux:tipoCadastro>
   </aux:Servidor>
   <aux:Servidor>
        <aux:matricula>000000000002242</aux:matricula>
        <aux:cpfServidor>02631404319</aux:cpfServidor>
        <aux:rgServidor>1469205890</aux:rgServidor>
        <aux:orgaoExpedidor>SSP</aux:orgaoExpedidor>
                <aux:dataExpeCartDeIdentidade>2005-10-18</aux:dataExpeCartDeIdentidade>
        <aux:nomeServidor>VANESSA EVANGELISTA DE SOUSA</aux:nomeServidor>
        <aux:dataNascimento>1988-11-19</aux:dataNascimento>
        <aux:sexo>2</aux:sexo>
        <aux:tituloEleitor>000000000000000</aux:tituloEleitor>
        <aux:tipoEstaCivil>1</aux:tipoEstaCivil>
        <aux:pisPAsep>000016586370311</aux:pisPAsep>
        <aux:numeroOrgaoClasse>00000000</aux:numeroOrgaoClasse>
        <aux:cpfPai>99999999999</aux:cpfPai>
        <aux:nomePai>ANERALDO MOREIRA DE SOUSA                         </aux:nomePai>
        <aux:cpfMae>99999999999</aux:cpfMae>
        <aux:nomeMae>EVENITA EVANGELISTA DE SOUSA                      </aux:nomeMae>
        <aux:tipoCadastro>1</aux:tipoCadastro>
   </aux:Servidor>
   <aux:Servidor>
        <aux:matricula>000000000006013</aux:matricula>
        <aux:cpfServidor>05763530861</aux:cpfServidor>
        <aux:rgServidor>17538380</aux:rgServidor>
        <aux:orgaoExpedidor>SSP</aux:orgaoExpedidor>
                <aux:dataExpeCartDeIdentidade>2016-06-14</aux:dataExpeCartDeIdentidade>
        <aux:nomeServidor>ANTONIO JOANILTON DE SOUSA FILHO</aux:nomeServidor>
        <aux:dataNascimento>1961-10-05</aux:dataNascimento>
        <aux:sexo>1</aux:sexo>
        <aux:tituloEleitor>000000000000000</aux:tituloEleitor>
        <aux:tipoEstaCivil>1</aux:tipoEstaCivil>
        <aux:pisPAsep>000012009139285</aux:pisPAsep>
        <aux:numeroOrgaoClasse>00000000</aux:numeroOrgaoClasse>
        <aux:cpfPai>99999999999</aux:cpfPai>
        <aux:nomePai>                                                  </aux:nomePai>
        <aux:cpfMae>99999999999</aux:cpfMae>
        <aux:nomeMae>ELENA BATISTA DE SOUSA                            </aux:nomeMae>
        <aux:tipoCadastro>1</aux:tipoCadastro>
   </aux:Servidor>
</aux:CadastrosAuxiliaresSagresFolha>