<?xml version="1.0" encoding="ISO-8859-1"?>
<!--**********************************-->
<!--* FIORILLI SOFTWARE LTDA         *-->
<!--* SISTEMA INTEGRADO DE PESSOAL   *-->
<!--* GERADO 02/08/2022 13:15:26     *-->
<!--* VERSAO 7.5.344.27.15729/R      *-->
<!--* USUARIO FERNANDO               *-->
<!--* DOMINIO NOTEBOOKFINANCE        *-->
<!--* NOME PC NOTEBOOKFINANCE        *-->
<!--**********************************-->
<aux:CadastrosAuxiliaresSagresFolha xmlns:fol="http://www.tce.pi.gov.br/sagres2022/xml/folhaPagamento" xmlns:aux="http://www.tce.pi.gov.br/sagres2022/xml/cadastrosAuxiliaresSagresFolha" xmlns:gen="http://www.tce.pi.gov.br/sagres2022/xml/genericos" xmlns:tab="http://www.tce.pi.gov.br/sagres2022/xml/tabelasInternas">
  <aux:PrestacaoContas>
    <aux:codigoUnidGestora>201017</aux:codigoUnidGestora>
    <aux:nomeUnidGestora>P. M. DE AVELINO LOPES</aux:nomeUnidGestora>
    <aux:cpfContador>00000000000</aux:cpfContador>
    <aux:cpfGestor>01726047377</aux:cpfGestor>
    <aux:anoReferencia>2022</aux:anoReferencia>
    <aux:mesReferencia>5</aux:mesReferencia>
    <aux:versaoXml>19</aux:versaoXml>
    <aux:diaInicPresContas>1</aux:diaInicPresContas>
    <aux:diaFinaPresContas>31</aux:diaFinaPresContas>
  </aux:PrestacaoContas>
</aux:CadastrosAuxiliaresSagresFolha>
