<?xml version="1.0" encoding="utf-8"?>
<!--FIORILLI SOC. CIVIL LTDA - SOFTWARE-->
<!--ENVIADO POR: -a-->
<!--VERSAO TCE-PI: 9.25.1565.2-->
<!--VERSAO DIARIO RAZAO: 9.25.1567.14-->
<!--VERSAO EVENTOS: 2721-->
<emp:EmpenhoseRP xmlns:emp="http://www.tce.pi.gov.br/sagres2023/xml/empenhoseRP" xmlns:gen="http://www.tce.pi.gov.br/sagres2023/xml/genericos" xmlns:tab="http://www.tce.pi.gov.br/sagres2023/xml/tabelasInternas" xmlns:aux="http://www.tce.pi.gov.br/sagres2023/xml/cadastrosAuxiliares">
  <emp:PrestacaoContas>
    <aux:codigoUnidGestora>101017</aux:codigoUnidGestora>
    <aux:nomeUnidGestora>CAMARA MUNICIPAL</aux:nomeUnidGestora>
    <aux:cpfContador>27675215893</aux:cpfContador>
    <aux:cpfGestor>45183350310</aux:cpfGestor>
    <aux:anoReferencia>2023</aux:anoReferencia>
    <aux:mesReferencia>02</aux:mesReferencia>
    <aux:versaoXml>0</aux:versaoXml>
    <aux:diaInicPresContas>01</aux:diaInicPresContas>
    <aux:diaFinaPresContas>28</aux:diaFinaPresContas>
  </emp:PrestacaoContas>
  <emp:Empenho>
    <emp:codigoUnidOrcamentaria>010100</emp:codigoUnidOrcamentaria>
    <emp:codigoFuncao>1</emp:codigoFuncao>
    <emp:codigoSubFuncao>031</emp:codigoSubFuncao>
    <emp:codigoPrograma>0001</emp:codigoPrograma>
    <emp:codigoAcao>2001</emp:codigoAcao>
    <emp:codigoCateEconomica>3</emp:codigoCateEconomica>
    <emp:codigoNatuDespesa>3</emp:codigoNatuDespesa>
    <emp:codigoModaAplicacao>90</emp:codigoModaAplicacao>
    <emp:codigoElemDespesa>39</emp:codigoElemDespesa>
    <emp:fonteRecurso>
      <gen:ioc>1</gen:ioc>
      <gen:tipoFontRecurso>500</gen:tipoFontRecurso>
      <gen:tipoCompFontRecurso>9999</gen:tipoCompFontRecurso>
    </emp:fonteRecurso>
    <emp:codigoSubeDespesa>3968</emp:codigoSubeDespesa>
    <emp:anoEmisEmpenho>2023</emp:anoEmisEmpenho>
    <emp:numeroEmpenho>0201041</emp:numeroEmpenho>
    <emp:dataEmisEmpenho>2023-02-01</emp:dataEmisEmpenho>
    <emp:historicoEmpenho>REFERENTE A FORNECIMENTO MENSAL EDICOES DIARIAS DO DIARIO OFICIAL, PARA DISTRIBUICAO COM ENTIDADES-DE CLASSE E NAS REPARTICOES PUBLICAS DO MUNICIPIO-OBJETIVANDO FAVORECER O CONTROLE SOCIAL, CFE.-RECOMENDACAO DO MPF E DE ACORDO COM A LEI-(.452 97, DE 20,03.97.</emp:historicoEmpenho>
    <emp:cpfOrdeDespesa>00545524512</emp:cpfOrdeDespesa>
    <emp:cpfCnpjCredor>07989781000138</emp:cpfCnpjCredor>
    <emp:codigoAplicacao>999</emp:codigoAplicacao>
    <emp:tipoEmpenho>3</emp:tipoEmpenho>
    <emp:valorEmpenho>0000000007272.00</emp:valorEmpenho>
    <emp:numeroContTce></emp:numeroContTce>
  </emp:Empenho>
  <emp:Empenho>
    <emp:codigoUnidOrcamentaria>010100</emp:codigoUnidOrcamentaria>
    <emp:codigoFuncao>1</emp:codigoFuncao>
    <emp:codigoSubFuncao>031</emp:codigoSubFuncao>
    <emp:codigoPrograma>0001</emp:codigoPrograma>
    <emp:codigoAcao>2001</emp:codigoAcao>
    <emp:codigoCateEconomica>3</emp:codigoCateEconomica>
    <emp:codigoNatuDespesa>3</emp:codigoNatuDespesa>
    <emp:codigoModaAplicacao>90</emp:codigoModaAplicacao>
    <emp:codigoElemDespesa>36</emp:codigoElemDespesa>
    <emp:fonteRecurso>
      <gen:ioc>1</gen:ioc>
      <gen:tipoFontRecurso>500</gen:tipoFontRecurso>
      <gen:tipoCompFontRecurso>9999</gen:tipoCompFontRecurso>
    </emp:fonteRecurso>
    <emp:codigoSubeDespesa>3619</emp:codigoSubeDespesa>
    <emp:anoEmisEmpenho>2023</emp:anoEmisEmpenho>
    <emp:numeroEmpenho>0201042</emp:numeroEmpenho>
    <emp:dataEmisEmpenho>2023-02-01</emp:dataEmisEmpenho>
    <emp:historicoEmpenho>VALOR EMPENHADO PARA PAGAMENTO REFERENTE A SERVICO COMO METALURGICO NA REFORMA EM PORTOES, DA CAMARA DE AVELINO LOPES.</emp:historicoEmpenho>
    <emp:cpfOrdeDespesa>00545524512</emp:cpfOrdeDespesa>
    <emp:cpfCnpjCredor>64284328891</emp:cpfCnpjCredor>
    <emp:codigoAplicacao>999</emp:codigoAplicacao>
    <emp:tipoEmpenho>1</emp:tipoEmpenho>
    <emp:valorEmpenho>0000000001220.00</emp:valorEmpenho>
    <emp:numeroContTce></emp:numeroContTce>
  </emp:Empenho>
  <emp:Empenho>
    <emp:codigoUnidOrcamentaria>010100</emp:codigoUnidOrcamentaria>
    <emp:codigoFuncao>1</emp:codigoFuncao>
    <emp:codigoSubFuncao>031</emp:codigoSubFuncao>
    <emp:codigoPrograma>0001</emp:codigoPrograma>
    <emp:codigoAcao>2001</emp:codigoAcao>
    <emp:codigoCateEconomica>3</emp:codigoCateEconomica>
    <emp:codigoNatuDespesa>1</emp:codigoNatuDespesa>
    <emp:codigoModaAplicacao>90</emp:codigoModaAplicacao>
    <emp:codigoElemDespesa>13</emp:codigoElemDespesa>
    <emp:fonteRecurso>
      <gen:ioc>1</gen:ioc>
      <gen:tipoFontRecurso>500</gen:tipoFontRecurso>
      <gen:tipoCompFontRecurso>9999</gen:tipoCompFontRecurso>
    </emp:fonteRecurso>
    <emp:codigoSubeDespesa>1302</emp:codigoSubeDespesa>
    <emp:anoEmisEmpenho>2023</emp:anoEmisEmpenho>
    <emp:numeroEmpenho>0215013</emp:numeroEmpenho>
    <emp:dataEmisEmpenho>2023-02-15</emp:dataEmisEmpenho>
    <emp:historicoEmpenho>VALOR EMPENHADO PARA PAGAMENTO REFERENTE AO PAGAMENTO DE INSS, PARTE PATRONAL CONFORME FOLHA DE PAGAMENTO DESTE ORGAO LEGISLATIVO</emp:historicoEmpenho>
    <emp:cpfOrdeDespesa>00545524512</emp:cpfOrdeDespesa>
    <emp:cpfCnpjCredor>00394460005887</emp:cpfCnpjCredor>
    <emp:codigoAplicacao>999</emp:codigoAplicacao>
    <emp:tipoEmpenho>1</emp:tipoEmpenho>
    <emp:valorEmpenho>0000000010017.00</emp:valorEmpenho>
    <emp:numeroContTce></emp:numeroContTce>
  </emp:Empenho>
  <emp:Empenho>
    <emp:codigoUnidOrcamentaria>010100</emp:codigoUnidOrcamentaria>
    <emp:codigoFuncao>1</emp:codigoFuncao>
    <emp:codigoSubFuncao>031</emp:codigoSubFuncao>
    <emp:codigoPrograma>0001</emp:codigoPrograma>
    <emp:codigoAcao>2001</emp:codigoAcao>
    <emp:codigoCateEconomica>3</emp:codigoCateEconomica>
    <emp:codigoNatuDespesa>1</emp:codigoNatuDespesa>
    <emp:codigoModaAplicacao>90</emp:codigoModaAplicacao>
    <emp:codigoElemDespesa>13</emp:codigoElemDespesa>
    <emp:fonteRecurso>
      <gen:ioc>1</gen:ioc>
      <gen:tipoFontRecurso>500</gen:tipoFontRecurso>
      <gen:tipoCompFontRecurso>9999</gen:tipoCompFontRecurso>
    </emp:fonteRecurso>
    <emp:codigoSubeDespesa>1302</emp:codigoSubeDespesa>
    <emp:anoEmisEmpenho>2023</emp:anoEmisEmpenho>
    <emp:numeroEmpenho>0215014</emp:numeroEmpenho>
    <emp:dataEmisEmpenho>2023-02-15</emp:dataEmisEmpenho>
    <emp:historicoEmpenho>VALOR EMPENHADO PARA PAGAMENTO REFERENTE AO PAGAMENTO DE INSS, PARTE PATRONAL CONFORME FOLHA DE PAGAMENTO DESTE ORGAO LEGISLATIVO</emp:historicoEmpenho>
    <emp:cpfOrdeDespesa>00545524512</emp:cpfOrdeDespesa>
    <emp:cpfCnpjCredor>00394460005887</emp:cpfCnpjCredor>
    <emp:codigoAplicacao>999</emp:codigoAplicacao>
    <emp:tipoEmpenho>1</emp:tipoEmpenho>
    <emp:valorEmpenho>0000000000462.02</emp:valorEmpenho>
    <emp:numeroContTce></emp:numeroContTce>
  </emp:Empenho>
  <emp:Empenho>
    <emp:codigoUnidOrcamentaria>010100</emp:codigoUnidOrcamentaria>
    <emp:codigoFuncao>1</emp:codigoFuncao>
    <emp:codigoSubFuncao>031</emp:codigoSubFuncao>
    <emp:codigoPrograma>0001</emp:codigoPrograma>
    <emp:codigoAcao>2001</emp:codigoAcao>
    <emp:codigoCateEconomica>3</emp:codigoCateEconomica>
    <emp:codigoNatuDespesa>1</emp:codigoNatuDespesa>
    <emp:codigoModaAplicacao>90</emp:codigoModaAplicacao>
    <emp:codigoElemDespesa>13</emp:codigoElemDespesa>
    <emp:fonteRecurso>
      <gen:ioc>1</gen:ioc>
      <gen:tipoFontRecurso>500</gen:tipoFontRecurso>
      <gen:tipoCompFontRecurso>9999</gen:tipoCompFontRecurso>
    </emp:fonteRecurso>
    <emp:codigoSubeDespesa>1302</emp:codigoSubeDespesa>
    <emp:anoEmisEmpenho>2023</emp:anoEmisEmpenho>
    <emp:numeroEmpenho>0215015</emp:numeroEmpenho>
    <emp:dataEmisEmpenho>2023-02-15</emp:dataEmisEmpenho>
    <emp:historicoEmpenho>VALOR EMPENHADO PARA PAGAMENTO REFERENTE AO PAGAMENTO DE INSS, PARTE PATRONAL CONFORME FOLHA DE PAGAMENTO DESTE ORGAO LEGISLATIVO</emp:historicoEmpenho>
    <emp:cpfOrdeDespesa>00545524512</emp:cpfOrdeDespesa>
    <emp:cpfCnpjCredor>00394460005887</emp:cpfCnpjCredor>
    <emp:codigoAplicacao>999</emp:codigoAplicacao>
    <emp:tipoEmpenho>1</emp:tipoEmpenho>
    <emp:valorEmpenho>0000000000902.29</emp:valorEmpenho>
    <emp:numeroContTce></emp:numeroContTce>
  </emp:Empenho>
  <emp:Empenho>
    <emp:codigoUnidOrcamentaria>010100</emp:codigoUnidOrcamentaria>
    <emp:codigoFuncao>1</emp:codigoFuncao>
    <emp:codigoSubFuncao>031</emp:codigoSubFuncao>
    <emp:codigoPrograma>0001</emp:codigoPrograma>
    <emp:codigoAcao>2001</emp:codigoAcao>
    <emp:codigoCateEconomica>3</emp:codigoCateEconomica>
    <emp:codigoNatuDespesa>3</emp:codigoNatuDespesa>
    <emp:codigoModaAplicacao>90</emp:codigoModaAplicacao>
    <emp:codigoElemDespesa>39</emp:codigoElemDespesa>
    <emp:fonteRecurso>
      <gen:ioc>1</gen:ioc>
      <gen:tipoFontRecurso>500</gen:tipoFontRecurso>
      <gen:tipoCompFontRecurso>9999</gen:tipoCompFontRecurso>
    </emp:fonteRecurso>
    <emp:codigoSubeDespesa>3959</emp:codigoSubeDespesa>
    <emp:anoEmisEmpenho>2023</emp:anoEmisEmpenho>
    <emp:numeroEmpenho>0216011</emp:numeroEmpenho>
    <emp:dataEmisEmpenho>2023-02-16</emp:dataEmisEmpenho>
    <emp:historicoEmpenho>VALOR EMPENHADO PARA PAGAMENTO REFERENTE A TARIFA BANCARIA, CONFORME EXTRATO EM ANEXO.</emp:historicoEmpenho>
    <emp:cpfOrdeDespesa>00545524512</emp:cpfOrdeDespesa>
    <emp:cpfCnpjCredor>00000000000191</emp:cpfCnpjCredor>
    <emp:codigoAplicacao>999</emp:codigoAplicacao>
    <emp:tipoEmpenho>1</emp:tipoEmpenho>
    <emp:valorEmpenho>0000000000092.60</emp:valorEmpenho>
    <emp:numeroContTce></emp:numeroContTce>
  </emp:Empenho>
  <emp:Empenho>
    <emp:codigoUnidOrcamentaria>010100</emp:codigoUnidOrcamentaria>
    <emp:codigoFuncao>1</emp:codigoFuncao>
    <emp:codigoSubFuncao>031</emp:codigoSubFuncao>
    <emp:codigoPrograma>0001</emp:codigoPrograma>
    <emp:codigoAcao>2001</emp:codigoAcao>
    <emp:codigoCateEconomica>3</emp:codigoCateEconomica>
    <emp:codigoNatuDespesa>3</emp:codigoNatuDespesa>
    <emp:codigoModaAplicacao>90</emp:codigoModaAplicacao>
    <emp:codigoElemDespesa>36</emp:codigoElemDespesa>
    <emp:fonteRecurso>
      <gen:ioc>1</gen:ioc>
      <gen:tipoFontRecurso>500</gen:tipoFontRecurso>
      <gen:tipoCompFontRecurso>9999</gen:tipoCompFontRecurso>
    </emp:fonteRecurso>
    <emp:codigoSubeDespesa>3606</emp:codigoSubeDespesa>
    <emp:anoEmisEmpenho>2023</emp:anoEmisEmpenho>
    <emp:numeroEmpenho>0223003</emp:numeroEmpenho>
    <emp:dataEmisEmpenho>2023-02-23</emp:dataEmisEmpenho>
    <emp:historicoEmpenho>VALOR EMPENHADO PARA PAGAMENTO REFERENTE A MANUTENCAO DE COMPUTADORES, MANUTENCAO DE IMPRESSORA E FORNECIMENTO DE INTERNET.</emp:historicoEmpenho>
    <emp:cpfOrdeDespesa>00545524512</emp:cpfOrdeDespesa>
    <emp:cpfCnpjCredor>01453379363</emp:cpfCnpjCredor>
    <emp:codigoAplicacao>999</emp:codigoAplicacao>
    <emp:tipoEmpenho>1</emp:tipoEmpenho>
    <emp:valorEmpenho>0000000000200.00</emp:valorEmpenho>
    <emp:numeroContTce></emp:numeroContTce>
  </emp:Empenho>
  <emp:Empenho>
    <emp:codigoUnidOrcamentaria>010100</emp:codigoUnidOrcamentaria>
    <emp:codigoFuncao>1</emp:codigoFuncao>
    <emp:codigoSubFuncao>031</emp:codigoSubFuncao>
    <emp:codigoPrograma>0001</emp:codigoPrograma>
    <emp:codigoAcao>2001</emp:codigoAcao>
    <emp:codigoCateEconomica>3</emp:codigoCateEconomica>
    <emp:codigoNatuDespesa>3</emp:codigoNatuDespesa>
    <emp:codigoModaAplicacao>90</emp:codigoModaAplicacao>
    <emp:codigoElemDespesa>30</emp:codigoElemDespesa>
    <emp:fonteRecurso>
      <gen:ioc>1</gen:ioc>
      <gen:tipoFontRecurso>500</gen:tipoFontRecurso>
      <gen:tipoCompFontRecurso>9999</gen:tipoCompFontRecurso>
    </emp:fonteRecurso>
    <emp:codigoSubeDespesa>3022</emp:codigoSubeDespesa>
    <emp:anoEmisEmpenho>2023</emp:anoEmisEmpenho>
    <emp:numeroEmpenho>0228057</emp:numeroEmpenho>
    <emp:dataEmisEmpenho>2023-02-28</emp:dataEmisEmpenho>
    <emp:historicoEmpenho>VALOR EMPENHADO PARA PAGAMENTO REFERENTE A AQUISICAO DE MATERIAL DE LIMPEZA.</emp:historicoEmpenho>
    <emp:cpfOrdeDespesa>00545524512</emp:cpfOrdeDespesa>
    <emp:cpfCnpjCredor>45349570000120</emp:cpfCnpjCredor>
    <emp:codigoAplicacao>999</emp:codigoAplicacao>
    <emp:tipoEmpenho>1</emp:tipoEmpenho>
    <emp:valorEmpenho>0000000000310.40</emp:valorEmpenho>
    <emp:numeroContTce></emp:numeroContTce>
  </emp:Empenho>
  <emp:Empenho>
    <emp:codigoUnidOrcamentaria>010100</emp:codigoUnidOrcamentaria>
    <emp:codigoFuncao>1</emp:codigoFuncao>
    <emp:codigoSubFuncao>031</emp:codigoSubFuncao>
    <emp:codigoPrograma>0001</emp:codigoPrograma>
    <emp:codigoAcao>2001</emp:codigoAcao>
    <emp:codigoCateEconomica>3</emp:codigoCateEconomica>
    <emp:codigoNatuDespesa>3</emp:codigoNatuDespesa>
    <emp:codigoModaAplicacao>90</emp:codigoModaAplicacao>
    <emp:codigoElemDespesa>14</emp:codigoElemDespesa>
    <emp:fonteRecurso>
      <gen:ioc>1</gen:ioc>
      <gen:tipoFontRecurso>500</gen:tipoFontRecurso>
      <gen:tipoCompFontRecurso>9999</gen:tipoCompFontRecurso>
    </emp:fonteRecurso>
    <emp:codigoSubeDespesa>1401</emp:codigoSubeDespesa>
    <emp:anoEmisEmpenho>2023</emp:anoEmisEmpenho>
    <emp:numeroEmpenho>0228058</emp:numeroEmpenho>
    <emp:dataEmisEmpenho>2023-02-28</emp:dataEmisEmpenho>
    <emp:historicoEmpenho>VALOR EMPENHADO PARA PAGAMENTO DE DIARIA DE VIAGEM A SERVICOS DESTE ORGAO.</emp:historicoEmpenho>
    <emp:cpfOrdeDespesa>00545524512</emp:cpfOrdeDespesa>
    <emp:cpfCnpjCredor>45183350310</emp:cpfCnpjCredor>
    <emp:codigoAplicacao>999</emp:codigoAplicacao>
    <emp:tipoEmpenho>1</emp:tipoEmpenho>
    <emp:valorEmpenho>0000000001041.00</emp:valorEmpenho>
    <emp:numeroContTce></emp:numeroContTce>
  </emp:Empenho>
  <emp:Retencao>
    <emp:codigoUnidOrcamentaria>010100</emp:codigoUnidOrcamentaria>
    <emp:anoEmisEmpenho>2023</emp:anoEmisEmpenho>
    <emp:numeroEmpenho>0116007</emp:numeroEmpenho>
    <emp:numeroDocuLiquidacao>0000002</emp:numeroDocuLiquidacao>
    <emp:tipoRetencao>9</emp:tipoRetencao>
    <emp:tipoOrigRetencao>2</emp:tipoOrigRetencao>
    <emp:cpfCnpjCredor>23624174000120</emp:cpfCnpjCredor>
    <emp:valorRetencao>0000000000328.08</emp:valorRetencao>
  </emp:Retencao>
  <emp:Retencao>
    <emp:codigoUnidOrcamentaria>010100</emp:codigoUnidOrcamentaria>
    <emp:anoEmisEmpenho>2023</emp:anoEmisEmpenho>
    <emp:numeroEmpenho>0116008</emp:numeroEmpenho>
    <emp:numeroDocuLiquidacao>0000002</emp:numeroDocuLiquidacao>
    <emp:tipoRetencao>2</emp:tipoRetencao>
    <emp:tipoOrigRetencao>2</emp:tipoOrigRetencao>
    <emp:cpfCnpjCredor>06554281000100</emp:cpfCnpjCredor>
    <emp:valorRetencao>0000000000008.95</emp:valorRetencao>
  </emp:Retencao>
  <emp:Retencao>
    <emp:codigoUnidOrcamentaria>010100</emp:codigoUnidOrcamentaria>
    <emp:anoEmisEmpenho>2023</emp:anoEmisEmpenho>
    <emp:numeroEmpenho>0116008</emp:numeroEmpenho>
    <emp:numeroDocuLiquidacao>0000002</emp:numeroDocuLiquidacao>
    <emp:tipoRetencao>9</emp:tipoRetencao>
    <emp:tipoOrigRetencao>2</emp:tipoOrigRetencao>
    <emp:cpfCnpjCredor>23624174000120</emp:cpfCnpjCredor>
    <emp:valorRetencao>0000000000178.65</emp:valorRetencao>
  </emp:Retencao>
  <emp:Retencao>
    <emp:codigoUnidOrcamentaria>010100</emp:codigoUnidOrcamentaria>
    <emp:anoEmisEmpenho>2023</emp:anoEmisEmpenho>
    <emp:numeroEmpenho>0116012</emp:numeroEmpenho>
    <emp:numeroDocuLiquidacao>0000002</emp:numeroDocuLiquidacao>
    <emp:tipoRetencao>19</emp:tipoRetencao>
    <emp:tipoOrigRetencao>2</emp:tipoOrigRetencao>
    <emp:cpfCnpjCredor>01850629382</emp:cpfCnpjCredor>
    <emp:valorRetencao>0000000001129.12</emp:valorRetencao>
  </emp:Retencao>
  <emp:Retencao>
    <emp:codigoUnidOrcamentaria>010100</emp:codigoUnidOrcamentaria>
    <emp:anoEmisEmpenho>2023</emp:anoEmisEmpenho>
    <emp:numeroEmpenho>0116012</emp:numeroEmpenho>
    <emp:numeroDocuLiquidacao>0000002</emp:numeroDocuLiquidacao>
    <emp:tipoRetencao>2</emp:tipoRetencao>
    <emp:tipoOrigRetencao>2</emp:tipoOrigRetencao>
    <emp:cpfCnpjCredor>06554281000100</emp:cpfCnpjCredor>
    <emp:valorRetencao>0000000003640.73</emp:valorRetencao>
  </emp:Retencao>
  <emp:Retencao>
    <emp:codigoUnidOrcamentaria>010100</emp:codigoUnidOrcamentaria>
    <emp:anoEmisEmpenho>2023</emp:anoEmisEmpenho>
    <emp:numeroEmpenho>0116012</emp:numeroEmpenho>
    <emp:numeroDocuLiquidacao>0000002</emp:numeroDocuLiquidacao>
    <emp:tipoRetencao>9</emp:tipoRetencao>
    <emp:tipoOrigRetencao>2</emp:tipoOrigRetencao>
    <emp:cpfCnpjCredor>23624174000120</emp:cpfCnpjCredor>
    <emp:valorRetencao>0000000005113.53</emp:valorRetencao>
  </emp:Retencao>
</emp:EmpenhoseRP>
