<?xml version="1.0" encoding="UTF-8"?>
<aux:CadastrosAuxiliaresSagresFolha xmlns:aux="http://www.tce.pi.gov.br/sagres2019/xml/cadastrosAuxiliaresSagresFolha" xmlns:gen="http://www.tce.pi.gov.br/sagres2019/xml/genericos" xmlns:tab="http://www.tce.pi.gov.br/sagres2019/xml/tabelasInternas">
  <aux:PrestacaoContas>
    <aux:codigoUnidGestora>201133</aux:codigoUnidGestora>
    <aux:nomeUnidGestora>PREFEITURA MUNCIPAL DE MORRO C</aux:nomeUnidGestora>
    <aux:cpfContador>27675215893</aux:cpfContador>
    <aux:cpfGestor>16939900837</aux:cpfGestor>
    <aux:anoReferencia>2019</aux:anoReferencia>
    <aux:mesReferencia>4</aux:mesReferencia>
    <aux:versaoXml>19</aux:versaoXml>
    <aux:diaInicPresContas>1</aux:diaInicPresContas>
    <aux:diaFinaPresContas>30</aux:diaFinaPresContas>
  </aux:PrestacaoContas>
  <aux:Servidor>
    <aux:matricula>000000000000780</aux:matricula>
    <aux:cpfServidor>05081062308</aux:cpfServidor>
    <aux:rgServidor>307635491</aux:rgServidor>
    <aux:orgaoExpedidor>307635491</aux:orgaoExpedidor>
    <aux:dataExpeCartDeIdentidade>2009-09-14</aux:dataExpeCartDeIdentidade>
    <aux:nomeServidor>VALCIR PEREIRA DE SOUSA</aux:nomeServidor>
    <aux:dataNascimento>1978-02-18</aux:dataNascimento>
    <aux:sexo>1</aux:sexo>
    <aux:tituloEleitor>000025365181554</aux:tituloEleitor>
    <aux:tipoEstaCivil>1</aux:tipoEstaCivil>
    <aux:pisPAsep>000016629207611</aux:pisPAsep>
    <aux:numeroOrgaoClasse>00000000</aux:numeroOrgaoClasse>
    <aux:cpfPai>99999999999</aux:cpfPai>
    <aux:nomePai>WILSON PEREIRA DE SOUSA</aux:nomePai>
    <aux:cpfMae>99999999999</aux:cpfMae>
    <aux:nomeMae>MARIA ISABEL PEREIRA BISPO</aux:nomeMae>
    <aux:tipoCadastro>1</aux:tipoCadastro>
  </aux:Servidor>
</aux:CadastrosAuxiliaresSagresFolha>
