<?xml version="1.0" encoding="utf-8"?>
<!--FIORILLI SOC. CIVIL LTDA - SOFTWARE-->
<!--ENVIADO POR: Wesley Pereira de Oliveira-->
<!--VERSAO TCE-PI: 8.25.29.262-->
<!--VERSAO DIARIO RAZAO: 8.25.29.2706-->
<!--VERSAO EVENTOS: 2875-->
<aux:CadastrosAuxiliares xmlns:aux="http://www.tce.pi.gov.br/sagres2024/xml/cadastrosAuxiliares" xmlns:gen="http://www.tce.pi.gov.br/sagres2024/xml/genericos" xmlns:tab="http://www.tce.pi.gov.br/sagres2024/xml/tabelasInternas">
  <aux:PrestacaoContas>
    <aux:codigoUnidGestora>101017</aux:codigoUnidGestora>
    <aux:nomeUnidGestora>CAMARA MUNICIPAL</aux:nomeUnidGestora>
    <aux:cpfContador>27675215893</aux:cpfContador>
    <aux:cpfGestor>45183350310</aux:cpfGestor>
    <aux:anoReferencia>2024</aux:anoReferencia>
    <aux:mesReferencia>01</aux:mesReferencia>
    <aux:versaoXml>0</aux:versaoXml>
    <aux:diaInicPresContas>01</aux:diaInicPresContas>
    <aux:diaFinaPresContas>31</aux:diaFinaPresContas>
  </aux:PrestacaoContas>
  <aux:Orcamento>
    <aux:anoVigeLoa>2024</aux:anoVigeLoa>
    <aux:dataPublLoa>2023-09-19</aux:dataPublLoa>
    <aux:percentualAutoSuplLoa>50</aux:percentualAutoSuplLoa>
    <aux:numeroLoa>0004862024</aux:numeroLoa>
    <aux:dataPublLdo>2023-08-29</aux:dataPublLdo>
    <aux:numeroLdo>
      <gen:numero>000483</gen:numero>
      <gen:ano>2024</gen:ano>
    </aux:numeroLdo>
    <aux:numeroLeiPpa>
      <gen:numero>000020</gen:numero>
      <gen:ano>2022</gen:ano>
    </aux:numeroLeiPpa>
    <aux:dataPublPpa>2021-12-10</aux:dataPublPpa>
    <aux:valorRecePrevista>0000070600000.00</aux:valorRecePrevista>
    <aux:valorDespFixada>0000070600000.00</aux:valorDespFixada>
  </aux:Orcamento>
  <aux:UnidadeOrcamentaria>
    <aux:codigoUnidOrcamentaria>010100</aux:codigoUnidOrcamentaria>
    <aux:nomeUnidOrcamentaria>CAMARA MUNICIPAL</aux:nomeUnidOrcamentaria>
    <aux:tipoUnidOrcamentaria>1</aux:tipoUnidOrcamentaria>
  </aux:UnidadeOrcamentaria>
  <aux:UnidadeOrcamentaria>
    <aux:codigoUnidOrcamentaria>020200</aux:codigoUnidOrcamentaria>
    <aux:nomeUnidOrcamentaria>SECRETARIA MUNICIPAL DE GOVERNO E ADMINISTRACAO</aux:nomeUnidOrcamentaria>
    <aux:tipoUnidOrcamentaria>6</aux:tipoUnidOrcamentaria>
  </aux:UnidadeOrcamentaria>
  <aux:UnidadeOrcamentaria>
    <aux:codigoUnidOrcamentaria>020600</aux:codigoUnidOrcamentaria>
    <aux:nomeUnidOrcamentaria>SECRETARIA MUNICIPAL DE FINANCAS</aux:nomeUnidOrcamentaria>
    <aux:tipoUnidOrcamentaria>6</aux:tipoUnidOrcamentaria>
  </aux:UnidadeOrcamentaria>
  <aux:Programa>
    <aux:codigoPrograma>0001</aux:codigoPrograma>
    <aux:denominacaoPrograma>PROCESSO LEGISLATIVO</aux:denominacaoPrograma>
    <aux:descricaoObjePrograma>NADA INFORMADO</aux:descricaoObjePrograma>
    <aux:valorPrevDespCorrPpa>0000004579404.37</aux:valorPrevDespCorrPpa>
    <aux:valorPrevDespCapiPpa>0000000148762.54</aux:valorPrevDespCapiPpa>
    <aux:tipoPrograma>1</aux:tipoPrograma>
    <aux:numeroLeiCriaAltePpa>
      <gen:numero>000475</gen:numero>
      <gen:ano>2022</gen:ano>
    </aux:numeroLeiCriaAltePpa>
  </aux:Programa>
  <aux:Programa>
    <aux:codigoPrograma>0002</aux:codigoPrograma>
    <aux:denominacaoPrograma>PROGRAMA DE FORMACAO DO PATRIMONIO DO SERVIDOR PUBLICO</aux:denominacaoPrograma>
    <aux:descricaoObjePrograma>NADA INFORMADO</aux:descricaoObjePrograma>
    <aux:valorPrevDespCorrPpa>0000000000000.00</aux:valorPrevDespCorrPpa>
    <aux:valorPrevDespCapiPpa>0000000000000.00</aux:valorPrevDespCapiPpa>
    <aux:tipoPrograma>2</aux:tipoPrograma>
    <aux:numeroLeiCriaAltePpa>
      <gen:numero>000475</gen:numero>
      <gen:ano>2022</gen:ano>
    </aux:numeroLeiCriaAltePpa>
  </aux:Programa>
  <aux:Programa>
    <aux:codigoPrograma>0005</aux:codigoPrograma>
    <aux:denominacaoPrograma>GESTAO ADMINISTRATIVA</aux:denominacaoPrograma>
    <aux:descricaoObjePrograma>NADA INFORMADO</aux:descricaoObjePrograma>
    <aux:valorPrevDespCorrPpa>0000030411873.51</aux:valorPrevDespCorrPpa>
    <aux:valorPrevDespCapiPpa>0000002601000.85</aux:valorPrevDespCapiPpa>
    <aux:tipoPrograma>2</aux:tipoPrograma>
    <aux:numeroLeiCriaAltePpa>
      <gen:numero>000475</gen:numero>
      <gen:ano>2022</gen:ano>
    </aux:numeroLeiCriaAltePpa>
  </aux:Programa>
  <aux:Programa>
    <aux:codigoPrograma>0009</aux:codigoPrograma>
    <aux:denominacaoPrograma>CONTROLE E ACOMPANHAMENTO DA DIVIDA</aux:denominacaoPrograma>
    <aux:descricaoObjePrograma>NADA INFORMADO</aux:descricaoObjePrograma>
    <aux:valorPrevDespCorrPpa>0000000083749.72</aux:valorPrevDespCorrPpa>
    <aux:valorPrevDespCapiPpa>0000000036759.98</aux:valorPrevDespCapiPpa>
    <aux:tipoPrograma>2</aux:tipoPrograma>
    <aux:numeroLeiCriaAltePpa>
      <gen:numero>000475</gen:numero>
      <gen:ano>2022</gen:ano>
    </aux:numeroLeiCriaAltePpa>
  </aux:Programa>
  <aux:Programa>
    <aux:codigoPrograma>0010</aux:codigoPrograma>
    <aux:denominacaoPrograma>CONTROLE INTERNO</aux:denominacaoPrograma>
    <aux:descricaoObjePrograma>NADA INFORMADO</aux:descricaoObjePrograma>
    <aux:valorPrevDespCorrPpa>0000000000000.00</aux:valorPrevDespCorrPpa>
    <aux:valorPrevDespCapiPpa>0000000000000.00</aux:valorPrevDespCapiPpa>
    <aux:tipoPrograma>2</aux:tipoPrograma>
    <aux:numeroLeiCriaAltePpa>
      <gen:numero>000475</gen:numero>
      <gen:ano>2022</gen:ano>
    </aux:numeroLeiCriaAltePpa>
  </aux:Programa>
  <aux:Programa>
    <aux:codigoPrograma>0011</aux:codigoPrograma>
    <aux:denominacaoPrograma>PROTECAO A POPULACAO E AO PATRIMONIO PUBLICO</aux:denominacaoPrograma>
    <aux:descricaoObjePrograma>NADA INFORMADO</aux:descricaoObjePrograma>
    <aux:valorPrevDespCorrPpa>0000000030371.29</aux:valorPrevDespCorrPpa>
    <aux:valorPrevDespCapiPpa>0000000000000.00</aux:valorPrevDespCapiPpa>
    <aux:tipoPrograma>1</aux:tipoPrograma>
    <aux:numeroLeiCriaAltePpa>
      <gen:numero>000475</gen:numero>
      <gen:ano>2022</gen:ano>
    </aux:numeroLeiCriaAltePpa>
  </aux:Programa>
  <aux:Programa>
    <aux:codigoPrograma>0013</aux:codigoPrograma>
    <aux:denominacaoPrograma>ACOES DE PROTECAO AO IDOSO</aux:denominacaoPrograma>
    <aux:descricaoObjePrograma>NADA INFORMADO</aux:descricaoObjePrograma>
    <aux:valorPrevDespCorrPpa>0000000000000.00</aux:valorPrevDespCorrPpa>
    <aux:valorPrevDespCapiPpa>0000000000000.00</aux:valorPrevDespCapiPpa>
    <aux:tipoPrograma>1</aux:tipoPrograma>
    <aux:numeroLeiCriaAltePpa>
      <gen:numero>000475</gen:numero>
      <gen:ano>2022</gen:ano>
    </aux:numeroLeiCriaAltePpa>
  </aux:Programa>
  <aux:Programa>
    <aux:codigoPrograma>0014</aux:codigoPrograma>
    <aux:denominacaoPrograma>PROTECAO SOCIAL ESPECIAL</aux:denominacaoPrograma>
    <aux:descricaoObjePrograma>NADA INFORMADO</aux:descricaoObjePrograma>
    <aux:valorPrevDespCorrPpa>0000000244844.19</aux:valorPrevDespCorrPpa>
    <aux:valorPrevDespCapiPpa>0000000002406.02</aux:valorPrevDespCapiPpa>
    <aux:tipoPrograma>1</aux:tipoPrograma>
    <aux:numeroLeiCriaAltePpa>
      <gen:numero>000475</gen:numero>
      <gen:ano>2022</gen:ano>
    </aux:numeroLeiCriaAltePpa>
  </aux:Programa>
  <aux:Programa>
    <aux:codigoPrograma>0015</aux:codigoPrograma>
    <aux:denominacaoPrograma>ACOES DE PROTECAO A CRIANCA E AO ADOLESCENTE</aux:denominacaoPrograma>
    <aux:descricaoObjePrograma>NADA INFORMADO</aux:descricaoObjePrograma>
    <aux:valorPrevDespCorrPpa>0000000000000.00</aux:valorPrevDespCorrPpa>
    <aux:valorPrevDespCapiPpa>0000000000000.00</aux:valorPrevDespCapiPpa>
    <aux:tipoPrograma>1</aux:tipoPrograma>
    <aux:numeroLeiCriaAltePpa>
      <gen:numero>000475</gen:numero>
      <gen:ano>2022</gen:ano>
    </aux:numeroLeiCriaAltePpa>
  </aux:Programa>
  <aux:Programa>
    <aux:codigoPrograma>0016</aux:codigoPrograma>
    <aux:denominacaoPrograma>PROTECAO SOCIAL BASICA</aux:denominacaoPrograma>
    <aux:descricaoObjePrograma>NADA INFORMADO</aux:descricaoObjePrograma>
    <aux:valorPrevDespCorrPpa>0000006166463.70</aux:valorPrevDespCorrPpa>
    <aux:valorPrevDespCapiPpa>0000000517715.98</aux:valorPrevDespCapiPpa>
    <aux:tipoPrograma>1</aux:tipoPrograma>
    <aux:numeroLeiCriaAltePpa>
      <gen:numero>000475</gen:numero>
      <gen:ano>2022</gen:ano>
    </aux:numeroLeiCriaAltePpa>
  </aux:Programa>
  <aux:Programa>
    <aux:codigoPrograma>0020</aux:codigoPrograma>
    <aux:denominacaoPrograma>GESTAO E EXPANSAO DO SISTEMA DE SAUDE</aux:denominacaoPrograma>
    <aux:descricaoObjePrograma>NADA INFORMADO</aux:descricaoObjePrograma>
    <aux:valorPrevDespCorrPpa>0000025259074.86</aux:valorPrevDespCorrPpa>
    <aux:valorPrevDespCapiPpa>0000008266170.79</aux:valorPrevDespCapiPpa>
    <aux:tipoPrograma>1</aux:tipoPrograma>
    <aux:numeroLeiCriaAltePpa>
      <gen:numero>000475</gen:numero>
      <gen:ano>2022</gen:ano>
    </aux:numeroLeiCriaAltePpa>
  </aux:Programa>
  <aux:Programa>
    <aux:codigoPrograma>0025</aux:codigoPrograma>
    <aux:denominacaoPrograma>PROGRAMAS ESPECIAIS DE SAUDE</aux:denominacaoPrograma>
    <aux:descricaoObjePrograma>NADA INFORMADO</aux:descricaoObjePrograma>
    <aux:valorPrevDespCorrPpa>0000012743132.18</aux:valorPrevDespCorrPpa>
    <aux:valorPrevDespCapiPpa>0000000087105.38</aux:valorPrevDespCapiPpa>
    <aux:tipoPrograma>1</aux:tipoPrograma>
    <aux:numeroLeiCriaAltePpa>
      <gen:numero>000475</gen:numero>
      <gen:ano>2022</gen:ano>
    </aux:numeroLeiCriaAltePpa>
  </aux:Programa>
  <aux:Programa>
    <aux:codigoPrograma>0027</aux:codigoPrograma>
    <aux:denominacaoPrograma>GESTAO DAS ACOES DE ASSIST. HOSP. E AMBULATORIAL</aux:denominacaoPrograma>
    <aux:descricaoObjePrograma>NADA INFORMADO</aux:descricaoObjePrograma>
    <aux:valorPrevDespCorrPpa>0000000000000.00</aux:valorPrevDespCorrPpa>
    <aux:valorPrevDespCapiPpa>0000000000000.00</aux:valorPrevDespCapiPpa>
    <aux:tipoPrograma>1</aux:tipoPrograma>
    <aux:numeroLeiCriaAltePpa>
      <gen:numero>000475</gen:numero>
      <gen:ano>2022</gen:ano>
    </aux:numeroLeiCriaAltePpa>
  </aux:Programa>
  <aux:Programa>
    <aux:codigoPrograma>0030</aux:codigoPrograma>
    <aux:denominacaoPrograma>GESTAO E EXPANSAO DO ENSINO FUNDAMENTAL</aux:denominacaoPrograma>
    <aux:descricaoObjePrograma>NADA INFORMADO</aux:descricaoObjePrograma>
    <aux:valorPrevDespCorrPpa>0000063883598.96</aux:valorPrevDespCorrPpa>
    <aux:valorPrevDespCapiPpa>0000005030851.45</aux:valorPrevDespCapiPpa>
    <aux:tipoPrograma>1</aux:tipoPrograma>
    <aux:numeroLeiCriaAltePpa>
      <gen:numero>000475</gen:numero>
      <gen:ano>2022</gen:ano>
    </aux:numeroLeiCriaAltePpa>
  </aux:Programa>
  <aux:Programa>
    <aux:codigoPrograma>0032</aux:codigoPrograma>
    <aux:denominacaoPrograma>PROGRAMAS ESPECIAIS DE EDUCACAO</aux:denominacaoPrograma>
    <aux:descricaoObjePrograma>NADA INFORMADO</aux:descricaoObjePrograma>
    <aux:valorPrevDespCorrPpa>0000002755404.87</aux:valorPrevDespCorrPpa>
    <aux:valorPrevDespCapiPpa>0000000248575.13</aux:valorPrevDespCapiPpa>
    <aux:tipoPrograma>1</aux:tipoPrograma>
    <aux:numeroLeiCriaAltePpa>
      <gen:numero>000475</gen:numero>
      <gen:ano>2022</gen:ano>
    </aux:numeroLeiCriaAltePpa>
  </aux:Programa>
  <aux:Programa>
    <aux:codigoPrograma>0033</aux:codigoPrograma>
    <aux:denominacaoPrograma>PROGRAMA DE ENSINO A TRAB. JOVENS E ADULTOS</aux:denominacaoPrograma>
    <aux:descricaoObjePrograma>NADA INFORMADO</aux:descricaoObjePrograma>
    <aux:valorPrevDespCorrPpa>0000000000000.00</aux:valorPrevDespCorrPpa>
    <aux:valorPrevDespCapiPpa>0000000000000.00</aux:valorPrevDespCapiPpa>
    <aux:tipoPrograma>1</aux:tipoPrograma>
    <aux:numeroLeiCriaAltePpa>
      <gen:numero>000475</gen:numero>
      <gen:ano>2022</gen:ano>
    </aux:numeroLeiCriaAltePpa>
  </aux:Programa>
  <aux:Programa>
    <aux:codigoPrograma>0034</aux:codigoPrograma>
    <aux:denominacaoPrograma>GESTAO DO ENSINO SUPERIOR</aux:denominacaoPrograma>
    <aux:descricaoObjePrograma>NADA INFORMADO</aux:descricaoObjePrograma>
    <aux:valorPrevDespCorrPpa>0000000000000.00</aux:valorPrevDespCorrPpa>
    <aux:valorPrevDespCapiPpa>0000000000000.00</aux:valorPrevDespCapiPpa>
    <aux:tipoPrograma>1</aux:tipoPrograma>
    <aux:numeroLeiCriaAltePpa>
      <gen:numero>000475</gen:numero>
      <gen:ano>2022</gen:ano>
    </aux:numeroLeiCriaAltePpa>
  </aux:Programa>
  <aux:Programa>
    <aux:codigoPrograma>0035</aux:codigoPrograma>
    <aux:denominacaoPrograma>GESTAO E EXPANSAO DO ENSINO INFANTIL</aux:denominacaoPrograma>
    <aux:descricaoObjePrograma>NADA INFORMADO</aux:descricaoObjePrograma>
    <aux:valorPrevDespCorrPpa>0000004555288.68</aux:valorPrevDespCorrPpa>
    <aux:valorPrevDespCapiPpa>0000001304752.87</aux:valorPrevDespCapiPpa>
    <aux:tipoPrograma>1</aux:tipoPrograma>
    <aux:numeroLeiCriaAltePpa>
      <gen:numero>000475</gen:numero>
      <gen:ano>2022</gen:ano>
    </aux:numeroLeiCriaAltePpa>
  </aux:Programa>
  <aux:Programa>
    <aux:codigoPrograma>0036</aux:codigoPrograma>
    <aux:denominacaoPrograma>PROGRAMA DE ATEND. A PESSOAS COM NECES. ESPECIAIS</aux:denominacaoPrograma>
    <aux:descricaoObjePrograma>NADA INFORMADO</aux:descricaoObjePrograma>
    <aux:valorPrevDespCorrPpa>0000000000000.00</aux:valorPrevDespCorrPpa>
    <aux:valorPrevDespCapiPpa>0000000000000.00</aux:valorPrevDespCapiPpa>
    <aux:tipoPrograma>1</aux:tipoPrograma>
    <aux:numeroLeiCriaAltePpa>
      <gen:numero>000475</gen:numero>
      <gen:ano>2022</gen:ano>
    </aux:numeroLeiCriaAltePpa>
  </aux:Programa>
  <aux:Programa>
    <aux:codigoPrograma>0038</aux:codigoPrograma>
    <aux:denominacaoPrograma>APOIO E ESTIMULO AS ATIVIDADES CULTURAIS</aux:denominacaoPrograma>
    <aux:descricaoObjePrograma>NADA INFORMADO</aux:descricaoObjePrograma>
    <aux:valorPrevDespCorrPpa>0000001355327.54</aux:valorPrevDespCorrPpa>
    <aux:valorPrevDespCapiPpa>0000000020000.00</aux:valorPrevDespCapiPpa>
    <aux:tipoPrograma>1</aux:tipoPrograma>
    <aux:numeroLeiCriaAltePpa>
      <gen:numero>000475</gen:numero>
      <gen:ano>2022</gen:ano>
    </aux:numeroLeiCriaAltePpa>
  </aux:Programa>
  <aux:Programa>
    <aux:codigoPrograma>0040</aux:codigoPrograma>
    <aux:denominacaoPrograma>SERVICOS DE UTILIDADE PUBLICA</aux:denominacaoPrograma>
    <aux:descricaoObjePrograma>NADA INFORMADO</aux:descricaoObjePrograma>
    <aux:valorPrevDespCorrPpa>0000006010705.55</aux:valorPrevDespCorrPpa>
    <aux:valorPrevDespCapiPpa>0000000070654.46</aux:valorPrevDespCapiPpa>
    <aux:tipoPrograma>1</aux:tipoPrograma>
    <aux:numeroLeiCriaAltePpa>
      <gen:numero>000475</gen:numero>
      <gen:ano>2022</gen:ano>
    </aux:numeroLeiCriaAltePpa>
  </aux:Programa>
  <aux:Programa>
    <aux:codigoPrograma>0043</aux:codigoPrograma>
    <aux:denominacaoPrograma>CIDADE URBANIZADA</aux:denominacaoPrograma>
    <aux:descricaoObjePrograma>NADA INFORMADO</aux:descricaoObjePrograma>
    <aux:valorPrevDespCorrPpa>0000000012030.15</aux:valorPrevDespCorrPpa>
    <aux:valorPrevDespCapiPpa>0000000849396.31</aux:valorPrevDespCapiPpa>
    <aux:tipoPrograma>1</aux:tipoPrograma>
    <aux:numeroLeiCriaAltePpa>
      <gen:numero>000475</gen:numero>
      <gen:ano>2022</gen:ano>
    </aux:numeroLeiCriaAltePpa>
  </aux:Programa>
  <aux:Programa>
    <aux:codigoPrograma>0044</aux:codigoPrograma>
    <aux:denominacaoPrograma>PROGRAMA DE MELHORIA HABITACIONAL</aux:denominacaoPrograma>
    <aux:descricaoObjePrograma>NADA INFORMADO</aux:descricaoObjePrograma>
    <aux:valorPrevDespCorrPpa>0000000000000.00</aux:valorPrevDespCorrPpa>
    <aux:valorPrevDespCapiPpa>0000000104582.94</aux:valorPrevDespCapiPpa>
    <aux:tipoPrograma>1</aux:tipoPrograma>
    <aux:numeroLeiCriaAltePpa>
      <gen:numero>000475</gen:numero>
      <gen:ano>2022</gen:ano>
    </aux:numeroLeiCriaAltePpa>
  </aux:Programa>
  <aux:Programa>
    <aux:codigoPrograma>0051</aux:codigoPrograma>
    <aux:denominacaoPrograma>PROGRAMA DE SANEAMENTO BASICO</aux:denominacaoPrograma>
    <aux:descricaoObjePrograma>NADA INFORMADO</aux:descricaoObjePrograma>
    <aux:valorPrevDespCorrPpa>0000000000000.00</aux:valorPrevDespCorrPpa>
    <aux:valorPrevDespCapiPpa>0000000072703.90</aux:valorPrevDespCapiPpa>
    <aux:tipoPrograma>1</aux:tipoPrograma>
    <aux:numeroLeiCriaAltePpa>
      <gen:numero>000475</gen:numero>
      <gen:ano>2022</gen:ano>
    </aux:numeroLeiCriaAltePpa>
  </aux:Programa>
  <aux:Programa>
    <aux:codigoPrograma>0053</aux:codigoPrograma>
    <aux:denominacaoPrograma>PROGRAMA DE PROTECAO AO MEIO AMBIENTE</aux:denominacaoPrograma>
    <aux:descricaoObjePrograma>NADA INFORMADO</aux:descricaoObjePrograma>
    <aux:valorPrevDespCorrPpa>0000000057745.22</aux:valorPrevDespCorrPpa>
    <aux:valorPrevDespCapiPpa>0000000178757.97</aux:valorPrevDespCapiPpa>
    <aux:tipoPrograma>1</aux:tipoPrograma>
    <aux:numeroLeiCriaAltePpa>
      <gen:numero>000475</gen:numero>
      <gen:ano>2022</gen:ano>
    </aux:numeroLeiCriaAltePpa>
  </aux:Programa>
  <aux:Programa>
    <aux:codigoPrograma>0054</aux:codigoPrograma>
    <aux:denominacaoPrograma>PRESERV. E APROV. DE RECURSOS HIDRICOS</aux:denominacaoPrograma>
    <aux:descricaoObjePrograma>NADA INFORMADO</aux:descricaoObjePrograma>
    <aux:valorPrevDespCorrPpa>0000000026466.50</aux:valorPrevDespCorrPpa>
    <aux:valorPrevDespCapiPpa>0000001866818.51</aux:valorPrevDespCapiPpa>
    <aux:tipoPrograma>1</aux:tipoPrograma>
    <aux:numeroLeiCriaAltePpa>
      <gen:numero>000475</gen:numero>
      <gen:ano>2022</gen:ano>
    </aux:numeroLeiCriaAltePpa>
  </aux:Programa>
  <aux:Programa>
    <aux:codigoPrograma>0055</aux:codigoPrograma>
    <aux:denominacaoPrograma>PROMOCAO AGROPECUARIA</aux:denominacaoPrograma>
    <aux:descricaoObjePrograma>NADA INFORMADO</aux:descricaoObjePrograma>
    <aux:valorPrevDespCorrPpa>0000000004812.04</aux:valorPrevDespCorrPpa>
    <aux:valorPrevDespCapiPpa>0000000000000.00</aux:valorPrevDespCapiPpa>
    <aux:tipoPrograma>1</aux:tipoPrograma>
    <aux:numeroLeiCriaAltePpa>
      <gen:numero>000475</gen:numero>
      <gen:ano>2022</gen:ano>
    </aux:numeroLeiCriaAltePpa>
  </aux:Programa>
  <aux:Programa>
    <aux:codigoPrograma>0060</aux:codigoPrograma>
    <aux:denominacaoPrograma>DESENVOLVIMENTO AGRARIO</aux:denominacaoPrograma>
    <aux:descricaoObjePrograma>NADA INFORMADO</aux:descricaoObjePrograma>
    <aux:valorPrevDespCorrPpa>0000000087020.26</aux:valorPrevDespCorrPpa>
    <aux:valorPrevDespCapiPpa>0000000885572.71</aux:valorPrevDespCapiPpa>
    <aux:tipoPrograma>1</aux:tipoPrograma>
    <aux:numeroLeiCriaAltePpa>
      <gen:numero>000475</gen:numero>
      <gen:ano>2022</gen:ano>
    </aux:numeroLeiCriaAltePpa>
  </aux:Programa>
  <aux:Programa>
    <aux:codigoPrograma>0063</aux:codigoPrograma>
    <aux:denominacaoPrograma>GESTAO DAS ACOES DA PROMOCAO DA PROD. AGROPECUARIA</aux:denominacaoPrograma>
    <aux:descricaoObjePrograma>NADA INFORMADO</aux:descricaoObjePrograma>
    <aux:valorPrevDespCorrPpa>0000000000000.00</aux:valorPrevDespCorrPpa>
    <aux:valorPrevDespCapiPpa>0000000000000.00</aux:valorPrevDespCapiPpa>
    <aux:tipoPrograma>1</aux:tipoPrograma>
    <aux:numeroLeiCriaAltePpa>
      <gen:numero>000475</gen:numero>
      <gen:ano>2022</gen:ano>
    </aux:numeroLeiCriaAltePpa>
  </aux:Programa>
  <aux:Programa>
    <aux:codigoPrograma>0065</aux:codigoPrograma>
    <aux:denominacaoPrograma>REDE DE DIST. DE ENERGIA ELETRICA</aux:denominacaoPrograma>
    <aux:descricaoObjePrograma>NADA INFORMADO</aux:descricaoObjePrograma>
    <aux:valorPrevDespCorrPpa>0000000000000.00</aux:valorPrevDespCorrPpa>
    <aux:valorPrevDespCapiPpa>0000000000000.00</aux:valorPrevDespCapiPpa>
    <aux:tipoPrograma>1</aux:tipoPrograma>
    <aux:numeroLeiCriaAltePpa>
      <gen:numero>000475</gen:numero>
      <gen:ano>2022</gen:ano>
    </aux:numeroLeiCriaAltePpa>
  </aux:Programa>
  <aux:Programa>
    <aux:codigoPrograma>0070</aux:codigoPrograma>
    <aux:denominacaoPrograma>EXPANSAO E MELHORIA DA REDE RODOVIARIA MUNICIPAL</aux:denominacaoPrograma>
    <aux:descricaoObjePrograma>NADA INFORMADO</aux:descricaoObjePrograma>
    <aux:valorPrevDespCorrPpa>0000000009874.41</aux:valorPrevDespCorrPpa>
    <aux:valorPrevDespCapiPpa>0000001508311.05</aux:valorPrevDespCapiPpa>
    <aux:tipoPrograma>1</aux:tipoPrograma>
    <aux:numeroLeiCriaAltePpa>
      <gen:numero>000475</gen:numero>
      <gen:ano>2022</gen:ano>
    </aux:numeroLeiCriaAltePpa>
  </aux:Programa>
  <aux:Programa>
    <aux:codigoPrograma>0073</aux:codigoPrograma>
    <aux:denominacaoPrograma>INCENTIVO AO ESPORTE AMADOR</aux:denominacaoPrograma>
    <aux:descricaoObjePrograma>NADA INFORMADO</aux:descricaoObjePrograma>
    <aux:valorPrevDespCorrPpa>0000000363910.08</aux:valorPrevDespCorrPpa>
    <aux:valorPrevDespCapiPpa>0000000172066.42</aux:valorPrevDespCapiPpa>
    <aux:tipoPrograma>1</aux:tipoPrograma>
    <aux:numeroLeiCriaAltePpa>
      <gen:numero>000475</gen:numero>
      <gen:ano>2022</gen:ano>
    </aux:numeroLeiCriaAltePpa>
  </aux:Programa>
  <aux:Programa>
    <aux:codigoPrograma>0074</aux:codigoPrograma>
    <aux:denominacaoPrograma>ADMINISTRACAO SUSTENTAVEL DO PATRIMONIO PUBLICO</aux:denominacaoPrograma>
    <aux:descricaoObjePrograma>NADA INFORMADO</aux:descricaoObjePrograma>
    <aux:valorPrevDespCorrPpa>0000000000000.00</aux:valorPrevDespCorrPpa>
    <aux:valorPrevDespCapiPpa>0000003895609.31</aux:valorPrevDespCapiPpa>
    <aux:tipoPrograma>1</aux:tipoPrograma>
    <aux:numeroLeiCriaAltePpa>
      <gen:numero>000475</gen:numero>
      <gen:ano>2022</gen:ano>
    </aux:numeroLeiCriaAltePpa>
  </aux:Programa>
  <aux:Programa>
    <aux:codigoPrograma>0099</aux:codigoPrograma>
    <aux:denominacaoPrograma>RESERVA DE CONTINGENCIA</aux:denominacaoPrograma>
    <aux:descricaoObjePrograma>NADA INFORMADO</aux:descricaoObjePrograma>
    <aux:valorPrevDespCorrPpa>0000000000000.00</aux:valorPrevDespCorrPpa>
    <aux:valorPrevDespCapiPpa>0000000000000.00</aux:valorPrevDespCapiPpa>
    <aux:tipoPrograma>1</aux:tipoPrograma>
    <aux:numeroLeiCriaAltePpa>
      <gen:numero>000475</gen:numero>
      <gen:ano>2022</gen:ano>
    </aux:numeroLeiCriaAltePpa>
  </aux:Programa>
  <aux:Programa>
    <aux:codigoPrograma>9999</aux:codigoPrograma>
    <aux:denominacaoPrograma>RESERVA DE CONTINGENCIA</aux:denominacaoPrograma>
    <aux:descricaoObjePrograma>NADA INFORMADO</aux:descricaoObjePrograma>
    <aux:valorPrevDespCorrPpa>0000000000000.00</aux:valorPrevDespCorrPpa>
    <aux:valorPrevDespCapiPpa>0000000000000.00</aux:valorPrevDespCapiPpa>
    <aux:tipoPrograma>1</aux:tipoPrograma>
    <aux:numeroLeiCriaAltePpa>
      <gen:numero>000475</gen:numero>
      <gen:ano>2022</gen:ano>
    </aux:numeroLeiCriaAltePpa>
  </aux:Programa>
  <aux:Acao>
    <aux:codigoAcao>0001</aux:codigoAcao>
    <aux:denominacaoAcao>ENCARGOS COM O PARCELAMENTO DA DIVIDA</aux:denominacaoAcao>
    <aux:tipoAcao>0</aux:tipoAcao>
  </aux:Acao>
  <aux:Acao>
    <aux:codigoAcao>0002</aux:codigoAcao>
    <aux:denominacaoAcao>ENCARGOS COM O PASEP</aux:denominacaoAcao>
    <aux:tipoAcao>0</aux:tipoAcao>
  </aux:Acao>
  <aux:Acao>
    <aux:codigoAcao>1001</aux:codigoAcao>
    <aux:denominacaoAcao>CONSTRUCAO, REF. E AMPL. DO PREDIO DA CAMARA</aux:denominacaoAcao>
    <aux:tipoAcao>1</aux:tipoAcao>
  </aux:Acao>
  <aux:Acao>
    <aux:codigoAcao>1041</aux:codigoAcao>
    <aux:denominacaoAcao>CONSTRUCAO, REST.E AMPL.DO PREDIO DA PREFEITURA</aux:denominacaoAcao>
    <aux:tipoAcao>1</aux:tipoAcao>
  </aux:Acao>
  <aux:Acao>
    <aux:codigoAcao>1100</aux:codigoAcao>
    <aux:denominacaoAcao>VENCIMENTOS E VANTAGENS FIXAS-PESSOAL CIVIL</aux:denominacaoAcao>
    <aux:tipoAcao>1</aux:tipoAcao>
  </aux:Acao>
  <aux:Acao>
    <aux:codigoAcao>1147</aux:codigoAcao>
    <aux:denominacaoAcao>CONSTRUCAO E AMPL. DO PREDIO DO CONSELHO TUTELAR</aux:denominacaoAcao>
    <aux:tipoAcao>1</aux:tipoAcao>
  </aux:Acao>
  <aux:Acao>
    <aux:codigoAcao>1157</aux:codigoAcao>
    <aux:denominacaoAcao>REFORMA E MELHORIAS EM UNIDADES HABITACIONAIS</aux:denominacaoAcao>
    <aux:tipoAcao>1</aux:tipoAcao>
  </aux:Acao>
  <aux:Acao>
    <aux:codigoAcao>1160</aux:codigoAcao>
    <aux:denominacaoAcao>CONSTRUCAO, AMPL. E RECUP. DE UNIDADES DE SAUDE</aux:denominacaoAcao>
    <aux:tipoAcao>1</aux:tipoAcao>
  </aux:Acao>
  <aux:Acao>
    <aux:codigoAcao>1196</aux:codigoAcao>
    <aux:denominacaoAcao>AQUISICAO DE UNIDADE MOVEL DE SAUDE</aux:denominacaoAcao>
    <aux:tipoAcao>1</aux:tipoAcao>
  </aux:Acao>
  <aux:Acao>
    <aux:codigoAcao>1200</aux:codigoAcao>
    <aux:denominacaoAcao>CONST. AMPL. E RECUPERACAO DE UNIDADES ESCOLARES</aux:denominacaoAcao>
    <aux:tipoAcao>1</aux:tipoAcao>
  </aux:Acao>
  <aux:Acao>
    <aux:codigoAcao>1201</aux:codigoAcao>
    <aux:denominacaoAcao>CONSTR. AMPL. E RECUP. DE UNIDADES ESCOLARES-30% FUNDEB</aux:denominacaoAcao>
    <aux:tipoAcao>1</aux:tipoAcao>
  </aux:Acao>
  <aux:Acao>
    <aux:codigoAcao>1209</aux:codigoAcao>
    <aux:denominacaoAcao>AQUISICAO DE VEICULOS DESTINADOS A EDUCACAO</aux:denominacaoAcao>
    <aux:tipoAcao>1</aux:tipoAcao>
  </aux:Acao>
  <aux:Acao>
    <aux:codigoAcao>1300</aux:codigoAcao>
    <aux:denominacaoAcao>OBRIGACOES PATRONAIS</aux:denominacaoAcao>
    <aux:tipoAcao>1</aux:tipoAcao>
  </aux:Acao>
  <aux:Acao>
    <aux:codigoAcao>1320</aux:codigoAcao>
    <aux:denominacaoAcao>CONST.E REC.DE CALCAMENTOS E OUTROS PAV.</aux:denominacaoAcao>
    <aux:tipoAcao>1</aux:tipoAcao>
  </aux:Acao>
  <aux:Acao>
    <aux:codigoAcao>1322</aux:codigoAcao>
    <aux:denominacaoAcao>CONSTRUCAO E RECUPERACAO DE PRACAS E JARDINS</aux:denominacaoAcao>
    <aux:tipoAcao>1</aux:tipoAcao>
  </aux:Acao>
  <aux:Acao>
    <aux:codigoAcao>1326</aux:codigoAcao>
    <aux:denominacaoAcao>CONSTRUCAO, AMPL.E REFORMA DE MATADOURO</aux:denominacaoAcao>
    <aux:tipoAcao>1</aux:tipoAcao>
  </aux:Acao>
  <aux:Acao>
    <aux:codigoAcao>1327</aux:codigoAcao>
    <aux:denominacaoAcao>ABERTURA DE RUAS, AVENIDAS E OUTROS LOGRADOUROS</aux:denominacaoAcao>
    <aux:tipoAcao>1</aux:tipoAcao>
  </aux:Acao>
  <aux:Acao>
    <aux:codigoAcao>1450</aux:codigoAcao>
    <aux:denominacaoAcao>IMPLATACAO E AMPL. DE SISTEMAS DE ABASTECIMENTO D AGUA</aux:denominacaoAcao>
    <aux:tipoAcao>1</aux:tipoAcao>
  </aux:Acao>
  <aux:Acao>
    <aux:codigoAcao>1451</aux:codigoAcao>
    <aux:denominacaoAcao>CONSTRUCAO E REST. DE GALERIAS E ESGOTOS</aux:denominacaoAcao>
    <aux:tipoAcao>1</aux:tipoAcao>
  </aux:Acao>
  <aux:Acao>
    <aux:codigoAcao>1457</aux:codigoAcao>
    <aux:denominacaoAcao>CONSTRUCAO DE POCOS E RESERVATORIOS DE AGUA</aux:denominacaoAcao>
    <aux:tipoAcao>1</aux:tipoAcao>
  </aux:Acao>
  <aux:Acao>
    <aux:codigoAcao>1481</aux:codigoAcao>
    <aux:denominacaoAcao>MANUT. DAS ACOES DE PRESERV. E DEFESA DO MEIO AMBIENTE</aux:denominacaoAcao>
    <aux:tipoAcao>1</aux:tipoAcao>
  </aux:Acao>
  <aux:Acao>
    <aux:codigoAcao>1485</aux:codigoAcao>
    <aux:denominacaoAcao>PROJETOS ESPECIAIS DE PRESERV. E DEFESA DO MEIO AMBIENTE</aux:denominacaoAcao>
    <aux:tipoAcao>1</aux:tipoAcao>
  </aux:Acao>
  <aux:Acao>
    <aux:codigoAcao>1487</aux:codigoAcao>
    <aux:denominacaoAcao>CONSTRUCAO, AMPL. E REF. DE ACUDES E BARRAGENS</aux:denominacaoAcao>
    <aux:tipoAcao>1</aux:tipoAcao>
  </aux:Acao>
  <aux:Acao>
    <aux:codigoAcao>1500</aux:codigoAcao>
    <aux:denominacaoAcao>CONSTRUCAO E REF. AMPL DE MERCADOS E FEIRAS</aux:denominacaoAcao>
    <aux:tipoAcao>1</aux:tipoAcao>
  </aux:Acao>
  <aux:Acao>
    <aux:codigoAcao>1523</aux:codigoAcao>
    <aux:denominacaoAcao>CCONSTRUCAO, AMPL.. E REF. DE ACUDES E BARRAGENS</aux:denominacaoAcao>
    <aux:tipoAcao>1</aux:tipoAcao>
  </aux:Acao>
  <aux:Acao>
    <aux:codigoAcao>1531</aux:codigoAcao>
    <aux:denominacaoAcao>AQUISICAO DE TRATORES E EQUIPAMENTO AGRICOLAS</aux:denominacaoAcao>
    <aux:tipoAcao>1</aux:tipoAcao>
  </aux:Acao>
  <aux:Acao>
    <aux:codigoAcao>1590</aux:codigoAcao>
    <aux:denominacaoAcao>CONSTRUCAO, AMPL. E REF. DE REDE DE ENERGIA ELETRICA</aux:denominacaoAcao>
    <aux:tipoAcao>1</aux:tipoAcao>
  </aux:Acao>
  <aux:Acao>
    <aux:codigoAcao>1611</aux:codigoAcao>
    <aux:denominacaoAcao>CONSTRUCAO OU REFORMA DE PONTES E BUEIROS</aux:denominacaoAcao>
    <aux:tipoAcao>1</aux:tipoAcao>
  </aux:Acao>
  <aux:Acao>
    <aux:codigoAcao>1613</aux:codigoAcao>
    <aux:denominacaoAcao>CONSTRUCAO E RECUPERACAO DE ESTRADAS VICINAIS</aux:denominacaoAcao>
    <aux:tipoAcao>1</aux:tipoAcao>
  </aux:Acao>
  <aux:Acao>
    <aux:codigoAcao>1650</aux:codigoAcao>
    <aux:denominacaoAcao>CONSTRUCAO, REF E AMPL. DE QUADRAS ESPORTIVAS</aux:denominacaoAcao>
    <aux:tipoAcao>1</aux:tipoAcao>
  </aux:Acao>
  <aux:Acao>
    <aux:codigoAcao>1651</aux:codigoAcao>
    <aux:denominacaoAcao>CONSTRUCAO, AMPL. E REF. DOS CAMPOS DE FUTEBOL</aux:denominacaoAcao>
    <aux:tipoAcao>1</aux:tipoAcao>
  </aux:Acao>
  <aux:Acao>
    <aux:codigoAcao>1652</aux:codigoAcao>
    <aux:denominacaoAcao>DESAPROPRIACAO DE IMOVEIS</aux:denominacaoAcao>
    <aux:tipoAcao>1</aux:tipoAcao>
  </aux:Acao>
  <aux:Acao>
    <aux:codigoAcao>1653</aux:codigoAcao>
    <aux:denominacaoAcao>AQUISICAO DE EQUIPAMENTO E MATERIAL PERMANENTE</aux:denominacaoAcao>
    <aux:tipoAcao>1</aux:tipoAcao>
  </aux:Acao>
  <aux:Acao>
    <aux:codigoAcao>1654</aux:codigoAcao>
    <aux:denominacaoAcao>CONSTRUCAO, REFORMA E AMPLIACAO</aux:denominacaoAcao>
    <aux:tipoAcao>1</aux:tipoAcao>
  </aux:Acao>
  <aux:Acao>
    <aux:codigoAcao>2001</aux:codigoAcao>
    <aux:denominacaoAcao>MANUTENCAO E FUNCIONAMENTO DA CAMARA MUNICIPAL</aux:denominacaoAcao>
    <aux:tipoAcao>2</aux:tipoAcao>
  </aux:Acao>
  <aux:Acao>
    <aux:codigoAcao>2040</aux:codigoAcao>
    <aux:denominacaoAcao>MANUTENCAO DOS SERVICOS DE ADMINISTRACAO GERAL E GESTAO</aux:denominacaoAcao>
    <aux:tipoAcao>2</aux:tipoAcao>
  </aux:Acao>
  <aux:Acao>
    <aux:codigoAcao>2041</aux:codigoAcao>
    <aux:denominacaoAcao>MANUTENCAO DO GABINETE DO PREFEITO E COMUNICACAO SOCIAL</aux:denominacaoAcao>
    <aux:tipoAcao>2</aux:tipoAcao>
  </aux:Acao>
  <aux:Acao>
    <aux:codigoAcao>2047</aux:codigoAcao>
    <aux:denominacaoAcao>ENCARGOS COM ASSIST.JURIDICA, TECNICA E ADMINISTRATIVA</aux:denominacaoAcao>
    <aux:tipoAcao>2</aux:tipoAcao>
  </aux:Acao>
  <aux:Acao>
    <aux:codigoAcao>2049</aux:codigoAcao>
    <aux:denominacaoAcao>ENCARGOS COM A JUNTA DO SERVICO MILITAR</aux:denominacaoAcao>
    <aux:tipoAcao>2</aux:tipoAcao>
  </aux:Acao>
  <aux:Acao>
    <aux:codigoAcao>2081</aux:codigoAcao>
    <aux:denominacaoAcao>MANUTENCAO DAS ATIVIDADES DA GESTAO FINANCEIRA</aux:denominacaoAcao>
    <aux:tipoAcao>2</aux:tipoAcao>
  </aux:Acao>
  <aux:Acao>
    <aux:codigoAcao>2082</aux:codigoAcao>
    <aux:denominacaoAcao>MANUTENCAO DAS ATIVIDADES DE CONTROLE INTERNO</aux:denominacaoAcao>
    <aux:tipoAcao>2</aux:tipoAcao>
  </aux:Acao>
  <aux:Acao>
    <aux:codigoAcao>2100</aux:codigoAcao>
    <aux:denominacaoAcao>APOIO AS ACOES DE POLICIAMENTO E SEGURANCA PUBLICA</aux:denominacaoAcao>
    <aux:tipoAcao>2</aux:tipoAcao>
  </aux:Acao>
  <aux:Acao>
    <aux:codigoAcao>2101</aux:codigoAcao>
    <aux:denominacaoAcao>REVITALIZACAO DAS MATAS E VEGETACAO NATIVA</aux:denominacaoAcao>
    <aux:tipoAcao>2</aux:tipoAcao>
  </aux:Acao>
  <aux:Acao>
    <aux:codigoAcao>2120</aux:codigoAcao>
    <aux:denominacaoAcao>MANUTENCAO DAS ATIVIDADES DE PROTECAO AO IDOSO</aux:denominacaoAcao>
    <aux:tipoAcao>2</aux:tipoAcao>
  </aux:Acao>
  <aux:Acao>
    <aux:codigoAcao>2125</aux:codigoAcao>
    <aux:denominacaoAcao>MANUTENCAO DAS HORTAS COMUNITARIAS</aux:denominacaoAcao>
    <aux:tipoAcao>2</aux:tipoAcao>
  </aux:Acao>
  <aux:Acao>
    <aux:codigoAcao>2126</aux:codigoAcao>
    <aux:denominacaoAcao>BENEFICIOS EVENTUAIS EMERGENCIAIS</aux:denominacaoAcao>
    <aux:tipoAcao>2</aux:tipoAcao>
  </aux:Acao>
  <aux:Acao>
    <aux:codigoAcao>2130</aux:codigoAcao>
    <aux:denominacaoAcao>MANUTENCAO DAS ATIV. DE PROTECAO AO DEFICIENTE</aux:denominacaoAcao>
    <aux:tipoAcao>2</aux:tipoAcao>
  </aux:Acao>
  <aux:Acao>
    <aux:codigoAcao>2136</aux:codigoAcao>
    <aux:denominacaoAcao>MANUTENCAO DAS ATIVIDADES SOCIAIS EM CHECHES</aux:denominacaoAcao>
    <aux:tipoAcao>2</aux:tipoAcao>
  </aux:Acao>
  <aux:Acao>
    <aux:codigoAcao>2140</aux:codigoAcao>
    <aux:denominacaoAcao>MANUT. DOS BENEFICIOS DE PROTECAO CONTINUADA-BPC</aux:denominacaoAcao>
    <aux:tipoAcao>2</aux:tipoAcao>
  </aux:Acao>
  <aux:Acao>
    <aux:codigoAcao>2142</aux:codigoAcao>
    <aux:denominacaoAcao>MANUTENCAO DAS ACOES DO BLOCO DA GESTAO DO SUAS</aux:denominacaoAcao>
    <aux:tipoAcao>2</aux:tipoAcao>
  </aux:Acao>
  <aux:Acao>
    <aux:codigoAcao>2143</aux:codigoAcao>
    <aux:denominacaoAcao>FUNDO DOS DIREITOS DA CRIANCA E DO ADOLESCENTE</aux:denominacaoAcao>
    <aux:tipoAcao>2</aux:tipoAcao>
  </aux:Acao>
  <aux:Acao>
    <aux:codigoAcao>2144</aux:codigoAcao>
    <aux:denominacaoAcao>MANUTENCAO DAS ATIVIDADES DO CONSELHO TUTELAR</aux:denominacaoAcao>
    <aux:tipoAcao>2</aux:tipoAcao>
  </aux:Acao>
  <aux:Acao>
    <aux:codigoAcao>2146</aux:codigoAcao>
    <aux:denominacaoAcao>PROGRAMA DE ASSISTENCIA A GESTANTES CARENTES</aux:denominacaoAcao>
    <aux:tipoAcao>2</aux:tipoAcao>
  </aux:Acao>
  <aux:Acao>
    <aux:codigoAcao>2147</aux:codigoAcao>
    <aux:denominacaoAcao>MANUTENCAO DOS SERVICOS FUNERARIOS</aux:denominacaoAcao>
    <aux:tipoAcao>2</aux:tipoAcao>
  </aux:Acao>
  <aux:Acao>
    <aux:codigoAcao>2148</aux:codigoAcao>
    <aux:denominacaoAcao>MANUTENCAO DO BLOCO DA GESTAO DO PROGRAMA BOLSA FAMILIA E DO CADASTRO</aux:denominacaoAcao>
    <aux:tipoAcao>2</aux:tipoAcao>
  </aux:Acao>
  <aux:Acao>
    <aux:codigoAcao>2149</aux:codigoAcao>
    <aux:denominacaoAcao>MANUTENCAO DAS ACOES DO PROGRAMA PETI-PVMC</aux:denominacaoAcao>
    <aux:tipoAcao>2</aux:tipoAcao>
  </aux:Acao>
  <aux:Acao>
    <aux:codigoAcao>2150</aux:codigoAcao>
    <aux:denominacaoAcao>MANUTENCAO DOS SERVICOS DE ASSISTENCIA SOCIAL</aux:denominacaoAcao>
    <aux:tipoAcao>2</aux:tipoAcao>
  </aux:Acao>
  <aux:Acao>
    <aux:codigoAcao>2158</aux:codigoAcao>
    <aux:denominacaoAcao>PROGRAMA DE PROT. SOCIAL BASICA</aux:denominacaoAcao>
    <aux:tipoAcao>2</aux:tipoAcao>
  </aux:Acao>
  <aux:Acao>
    <aux:codigoAcao>2159</aux:codigoAcao>
    <aux:denominacaoAcao>PROGRAMA DE PRIMEIRA INFANCIA NO SUAS</aux:denominacaoAcao>
    <aux:tipoAcao>2</aux:tipoAcao>
  </aux:Acao>
  <aux:Acao>
    <aux:codigoAcao>2160</aux:codigoAcao>
    <aux:denominacaoAcao>MANUTENCAO DOS SERVICOS MUNICIPAIS DE SAUDE</aux:denominacaoAcao>
    <aux:tipoAcao>2</aux:tipoAcao>
  </aux:Acao>
  <aux:Acao>
    <aux:codigoAcao>2182</aux:codigoAcao>
    <aux:denominacaoAcao>ACOES DE VIGILANCIA SANITARIA</aux:denominacaoAcao>
    <aux:tipoAcao>2</aux:tipoAcao>
  </aux:Acao>
  <aux:Acao>
    <aux:codigoAcao>2184</aux:codigoAcao>
    <aux:denominacaoAcao>ACOES DE ASSISTENCIA FARMACEUTICA BASICA</aux:denominacaoAcao>
    <aux:tipoAcao>2</aux:tipoAcao>
  </aux:Acao>
  <aux:Acao>
    <aux:codigoAcao>2185</aux:codigoAcao>
    <aux:denominacaoAcao>ACOES DE PROGR. DE AG. COMUNITARIA DE SAUDE-PACS</aux:denominacaoAcao>
    <aux:tipoAcao>2</aux:tipoAcao>
  </aux:Acao>
  <aux:Acao>
    <aux:codigoAcao>2186</aux:codigoAcao>
    <aux:denominacaoAcao>ACOES DO PROGRAMA DE SAUDE DA FAMILIA-PSF</aux:denominacaoAcao>
    <aux:tipoAcao>2</aux:tipoAcao>
  </aux:Acao>
  <aux:Acao>
    <aux:codigoAcao>2188</aux:codigoAcao>
    <aux:denominacaoAcao>ACOES DO PROGRAMA DE INCENTIVO A SAUDE BUCAL</aux:denominacaoAcao>
    <aux:tipoAcao>2</aux:tipoAcao>
  </aux:Acao>
  <aux:Acao>
    <aux:codigoAcao>2189</aux:codigoAcao>
    <aux:denominacaoAcao>ACOES DO PROGRAMA PPI  ECD</aux:denominacaoAcao>
    <aux:tipoAcao>2</aux:tipoAcao>
  </aux:Acao>
  <aux:Acao>
    <aux:codigoAcao>2190</aux:codigoAcao>
    <aux:denominacaoAcao>CAMPANHA EDUCACIONAL E PREVENTIVA DE SAUDE PUBLICA</aux:denominacaoAcao>
    <aux:tipoAcao>2</aux:tipoAcao>
  </aux:Acao>
  <aux:Acao>
    <aux:codigoAcao>2191</aux:codigoAcao>
    <aux:denominacaoAcao>CAMPANHA EDUCATIVA E PREVENTIVA DE SAUDE PUBLICA</aux:denominacaoAcao>
    <aux:tipoAcao>2</aux:tipoAcao>
  </aux:Acao>
  <aux:Acao>
    <aux:codigoAcao>2199</aux:codigoAcao>
    <aux:denominacaoAcao>PROTECAO SOCIAL BASICA AO JOVEM</aux:denominacaoAcao>
    <aux:tipoAcao>2</aux:tipoAcao>
  </aux:Acao>
  <aux:Acao>
    <aux:codigoAcao>2200</aux:codigoAcao>
    <aux:denominacaoAcao>JUROS SOBRE A DIVIDA POR CONTRATO</aux:denominacaoAcao>
    <aux:tipoAcao>2</aux:tipoAcao>
  </aux:Acao>
  <aux:Acao>
    <aux:codigoAcao>2201</aux:codigoAcao>
    <aux:denominacaoAcao>ENCARGOS COM PROFISSIONAIS DA EDUCACAO-ENSINO FUNDAMENTAL-70%</aux:denominacaoAcao>
    <aux:tipoAcao>2</aux:tipoAcao>
  </aux:Acao>
  <aux:Acao>
    <aux:codigoAcao>2202</aux:codigoAcao>
    <aux:denominacaoAcao>MANUTENCAO E DESENVOLVIMENTO DO ENSINO FUNDAMENTAL</aux:denominacaoAcao>
    <aux:tipoAcao>2</aux:tipoAcao>
  </aux:Acao>
  <aux:Acao>
    <aux:codigoAcao>2203</aux:codigoAcao>
    <aux:denominacaoAcao>MANUT. E DESEN. DO ENSINO FUNDAMENTAL-30% FUNDEB</aux:denominacaoAcao>
    <aux:tipoAcao>2</aux:tipoAcao>
  </aux:Acao>
  <aux:Acao>
    <aux:codigoAcao>2240</aux:codigoAcao>
    <aux:denominacaoAcao>ACOES DO PROGRAMA NAC. DE ALIM. ESCOLAR-PNAE</aux:denominacaoAcao>
    <aux:tipoAcao>2</aux:tipoAcao>
  </aux:Acao>
  <aux:Acao>
    <aux:codigoAcao>2241</aux:codigoAcao>
    <aux:denominacaoAcao>ACOES DO PROGRAMA DINHEIRO DIR. NA ESCOLA-PDDE</aux:denominacaoAcao>
    <aux:tipoAcao>2</aux:tipoAcao>
  </aux:Acao>
  <aux:Acao>
    <aux:codigoAcao>2246</aux:codigoAcao>
    <aux:denominacaoAcao>ACOES DO PROGRAMA SALARIO EDUCACAO-QSE</aux:denominacaoAcao>
    <aux:tipoAcao>2</aux:tipoAcao>
  </aux:Acao>
  <aux:Acao>
    <aux:codigoAcao>2248</aux:codigoAcao>
    <aux:denominacaoAcao>ACOES DO PROGRAMA PNATE</aux:denominacaoAcao>
    <aux:tipoAcao>2</aux:tipoAcao>
  </aux:Acao>
  <aux:Acao>
    <aux:codigoAcao>2253</aux:codigoAcao>
    <aux:denominacaoAcao>MANUTENCAO DO ENSINO SUPERIOR</aux:denominacaoAcao>
    <aux:tipoAcao>2</aux:tipoAcao>
  </aux:Acao>
  <aux:Acao>
    <aux:codigoAcao>2257</aux:codigoAcao>
    <aux:denominacaoAcao>ENCARGOS COM PROFISSIONAIS DA EDUCACAO-PROEJA-70%</aux:denominacaoAcao>
    <aux:tipoAcao>2</aux:tipoAcao>
  </aux:Acao>
  <aux:Acao>
    <aux:codigoAcao>2258</aux:codigoAcao>
    <aux:denominacaoAcao>PROEJA-MANUT. E DESENV. DO ENSINO-30% FUNDEB</aux:denominacaoAcao>
    <aux:tipoAcao>2</aux:tipoAcao>
  </aux:Acao>
  <aux:Acao>
    <aux:codigoAcao>2260</aux:codigoAcao>
    <aux:denominacaoAcao>MANUTENCAO E DESENVOLVIMENTO DO ENSINO INFANTIL</aux:denominacaoAcao>
    <aux:tipoAcao>2</aux:tipoAcao>
  </aux:Acao>
  <aux:Acao>
    <aux:codigoAcao>2262</aux:codigoAcao>
    <aux:denominacaoAcao>ENCARGOS COM PROFISSIONAIS DA EDUCACAO-ENSINO INFANTIL PRE ESCOLA 70%</aux:denominacaoAcao>
    <aux:tipoAcao>2</aux:tipoAcao>
  </aux:Acao>
  <aux:Acao>
    <aux:codigoAcao>2263</aux:codigoAcao>
    <aux:denominacaoAcao>MANUT. E DESENV. DO ENSINO INFANTIL-30% FUNDEB</aux:denominacaoAcao>
    <aux:tipoAcao>2</aux:tipoAcao>
  </aux:Acao>
  <aux:Acao>
    <aux:codigoAcao>2270</aux:codigoAcao>
    <aux:denominacaoAcao>MANUTENCAO E DESENVOLVIMENTO DO ENSINO ESPECIAL</aux:denominacaoAcao>
    <aux:tipoAcao>2</aux:tipoAcao>
  </aux:Acao>
  <aux:Acao>
    <aux:codigoAcao>2272</aux:codigoAcao>
    <aux:denominacaoAcao>ENCARGOS COM PROFISSIONAIS DA EDUCACAO-ENSINO ESPECIAL-70%</aux:denominacaoAcao>
    <aux:tipoAcao>2</aux:tipoAcao>
  </aux:Acao>
  <aux:Acao>
    <aux:codigoAcao>2273</aux:codigoAcao>
    <aux:denominacaoAcao>MANUT. E DESENV. DO ENSINO ESPECIAL-30% FUNDEB</aux:denominacaoAcao>
    <aux:tipoAcao>2</aux:tipoAcao>
  </aux:Acao>
  <aux:Acao>
    <aux:codigoAcao>2290</aux:codigoAcao>
    <aux:denominacaoAcao>MANUTENCAO E DESENV. DAS ATIVIDADES CULTURAIS</aux:denominacaoAcao>
    <aux:tipoAcao>2</aux:tipoAcao>
  </aux:Acao>
  <aux:Acao>
    <aux:codigoAcao>2291</aux:codigoAcao>
    <aux:denominacaoAcao>MANUTENCAO DA BIBLIOTECA PUBLICA MUNICIPAL</aux:denominacaoAcao>
    <aux:tipoAcao>2</aux:tipoAcao>
  </aux:Acao>
  <aux:Acao>
    <aux:codigoAcao>2320</aux:codigoAcao>
    <aux:denominacaoAcao>MANUTENCAO ADMINISTRATIVA DA SEC. DE OBRAS</aux:denominacaoAcao>
    <aux:tipoAcao>2</aux:tipoAcao>
  </aux:Acao>
  <aux:Acao>
    <aux:codigoAcao>2323</aux:codigoAcao>
    <aux:denominacaoAcao>MANUTENCAO DA REDE DE ABASTECIMENTO DE AGUA</aux:denominacaoAcao>
    <aux:tipoAcao>2</aux:tipoAcao>
  </aux:Acao>
  <aux:Acao>
    <aux:codigoAcao>2330</aux:codigoAcao>
    <aux:denominacaoAcao>CONSTRUCAO, REF. E AMPL. DE ACUDES E BARRAGENS</aux:denominacaoAcao>
    <aux:tipoAcao>2</aux:tipoAcao>
  </aux:Acao>
  <aux:Acao>
    <aux:codigoAcao>2350</aux:codigoAcao>
    <aux:denominacaoAcao>ARBORIZACAO DA CIDADE</aux:denominacaoAcao>
    <aux:tipoAcao>2</aux:tipoAcao>
  </aux:Acao>
  <aux:Acao>
    <aux:codigoAcao>2451</aux:codigoAcao>
    <aux:denominacaoAcao>MANUTENCAO DOS SERVICOS DE LIMPEZA PUBLICA</aux:denominacaoAcao>
    <aux:tipoAcao>2</aux:tipoAcao>
  </aux:Acao>
  <aux:Acao>
    <aux:codigoAcao>2481</aux:codigoAcao>
    <aux:denominacaoAcao>MANUT. DAS ACOES DE PRESERV. E DEFESA DO MEIO AMBIENTE</aux:denominacaoAcao>
    <aux:tipoAcao>2</aux:tipoAcao>
  </aux:Acao>
  <aux:Acao>
    <aux:codigoAcao>2500</aux:codigoAcao>
    <aux:denominacaoAcao>MANUTENCAO DAS ATIV. DE PRODUCAO E ABASTECIMENTO</aux:denominacaoAcao>
    <aux:tipoAcao>2</aux:tipoAcao>
  </aux:Acao>
  <aux:Acao>
    <aux:codigoAcao>2501</aux:codigoAcao>
    <aux:denominacaoAcao>MANUTENCAO DO MERCADOS, FEIRAS E MATADOUROS PUBLICOS</aux:denominacaoAcao>
    <aux:tipoAcao>2</aux:tipoAcao>
  </aux:Acao>
  <aux:Acao>
    <aux:codigoAcao>2506</aux:codigoAcao>
    <aux:denominacaoAcao>APOIO A PRODUCAO AGRICOLA DO MUNICIPIO</aux:denominacaoAcao>
    <aux:tipoAcao>2</aux:tipoAcao>
  </aux:Acao>
  <aux:Acao>
    <aux:codigoAcao>2590</aux:codigoAcao>
    <aux:denominacaoAcao>MANUTENCAO DA ILUMINACAO PUBLICA E DE ORGAO MUNICIPAIS</aux:denominacaoAcao>
    <aux:tipoAcao>2</aux:tipoAcao>
  </aux:Acao>
  <aux:Acao>
    <aux:codigoAcao>2650</aux:codigoAcao>
    <aux:denominacaoAcao>MANUTENCAO DAS ATIVIDADES ESPORTIVAS</aux:denominacaoAcao>
    <aux:tipoAcao>2</aux:tipoAcao>
  </aux:Acao>
  <aux:Acao>
    <aux:codigoAcao>2651</aux:codigoAcao>
    <aux:denominacaoAcao>REALIZACAO DE CONCURSO PUBLICO</aux:denominacaoAcao>
    <aux:tipoAcao>2</aux:tipoAcao>
  </aux:Acao>
  <aux:Acao>
    <aux:codigoAcao>2652</aux:codigoAcao>
    <aux:denominacaoAcao>CRIACAO E APOIO A COOPERATIVAS</aux:denominacaoAcao>
    <aux:tipoAcao>2</aux:tipoAcao>
  </aux:Acao>
  <aux:Acao>
    <aux:codigoAcao>2653</aux:codigoAcao>
    <aux:denominacaoAcao>MANUTENCAO DAS ACOES DO CAPS</aux:denominacaoAcao>
    <aux:tipoAcao>2</aux:tipoAcao>
  </aux:Acao>
  <aux:Acao>
    <aux:codigoAcao>2654</aux:codigoAcao>
    <aux:denominacaoAcao>MANUTENCAO DAS ATIVIDADES DA PROCURADORIA GERAL DO MUNICIPIO</aux:denominacaoAcao>
    <aux:tipoAcao>2</aux:tipoAcao>
  </aux:Acao>
  <aux:Acao>
    <aux:codigoAcao>2656</aux:codigoAcao>
    <aux:denominacaoAcao>ENCARGOS COM PROFISSIONAIS DA EDUCACAO -ENSINO INFANTIL CRECHE-70%</aux:denominacaoAcao>
    <aux:tipoAcao>2</aux:tipoAcao>
  </aux:Acao>
  <aux:Acao>
    <aux:codigoAcao>2657</aux:codigoAcao>
    <aux:denominacaoAcao>ENCARGOS COM AGENTES DE ENDEMIAS</aux:denominacaoAcao>
    <aux:tipoAcao>2</aux:tipoAcao>
  </aux:Acao>
  <aux:Acao>
    <aux:codigoAcao>2658</aux:codigoAcao>
    <aux:denominacaoAcao>MANUTENCAO DAS ACOES DA LEI PAULO GUSTAVO</aux:denominacaoAcao>
    <aux:tipoAcao>2</aux:tipoAcao>
  </aux:Acao>
  <aux:Acao>
    <aux:codigoAcao>2659</aux:codigoAcao>
    <aux:denominacaoAcao>MANUTENCAO DAS ACOES DA LEI ALDIR BLANC</aux:denominacaoAcao>
    <aux:tipoAcao>2</aux:tipoAcao>
  </aux:Acao>
  <aux:Acao>
    <aux:codigoAcao>2660</aux:codigoAcao>
    <aux:denominacaoAcao>COMPLEMENTACAO AO PISO SALARIAL PARA OS PROFISSIONAIS DA ENFERMAGEM</aux:denominacaoAcao>
    <aux:tipoAcao>2</aux:tipoAcao>
  </aux:Acao>
  <aux:Acao>
    <aux:codigoAcao>2661</aux:codigoAcao>
    <aux:denominacaoAcao>MANUTENCAO DAS ACOES DA CESSAO ONEROSA</aux:denominacaoAcao>
    <aux:tipoAcao>2</aux:tipoAcao>
  </aux:Acao>
  <aux:Acao>
    <aux:codigoAcao>7100</aux:codigoAcao>
    <aux:denominacaoAcao>PRINCIPAL DA DIVIDA CONTRATUAL RESGATADA</aux:denominacaoAcao>
    <aux:tipoAcao>2</aux:tipoAcao>
  </aux:Acao>
  <aux:Acao>
    <aux:codigoAcao>9999</aux:codigoAcao>
    <aux:denominacaoAcao>RESERVA DE CONTINGENCIA</aux:denominacaoAcao>
    <aux:tipoAcao>0</aux:tipoAcao>
  </aux:Acao>
  <aux:CadastroContaBancaria>
    <aux:codigoBanco>000</aux:codigoBanco>
    <aux:codigoAgencia>0000</aux:codigoAgencia>
    <aux:numeroContBancaria>0000000000</aux:numeroContBancaria>
    <aux:tipoContBancaria>0</aux:tipoContBancaria>
    <aux:descricaoContBancaria>CONTA CAIXA</aux:descricaoContBancaria>
    <aux:digitoVerificador>1</aux:digitoVerificador>
  </aux:CadastroContaBancaria>
  <aux:CadastroContaBancaria>
    <aux:codigoBanco>104</aux:codigoBanco>
    <aux:codigoAgencia>1209</aux:codigoAgencia>
    <aux:numeroContBancaria>0000001111</aux:numeroContBancaria>
    <aux:tipoContBancaria>1</aux:tipoContBancaria>
    <aux:descricaoContBancaria>CAMARA AVEL. LOP</aux:descricaoContBancaria>
    <aux:digitoVerificador>1</aux:digitoVerificador>
  </aux:CadastroContaBancaria>
  <aux:CadastroContaBancaria>
    <aux:codigoBanco>001</aux:codigoBanco>
    <aux:codigoAgencia>1209</aux:codigoAgencia>
    <aux:numeroContBancaria>0000020532</aux:numeroContBancaria>
    <aux:tipoContBancaria>1</aux:tipoContBancaria>
    <aux:descricaoContBancaria>CAMARA AV. LP</aux:descricaoContBancaria>
    <aux:digitoVerificador>2</aux:digitoVerificador>
  </aux:CadastroContaBancaria>
  <aux:CadastroContaBancaria>
    <aux:codigoBanco>001</aux:codigoBanco>
    <aux:codigoAgencia>1209</aux:codigoAgencia>
    <aux:numeroContBancaria>0000205320</aux:numeroContBancaria>
    <aux:tipoContBancaria>2</aux:tipoContBancaria>
    <aux:descricaoContBancaria>APL BB CM</aux:descricaoContBancaria>
    <aux:digitoVerificador>2</aux:digitoVerificador>
  </aux:CadastroContaBancaria>
  <aux:CadastroContaBancaria>
    <aux:codigoBanco>036</aux:codigoBanco>
    <aux:codigoAgencia>1209</aux:codigoAgencia>
    <aux:numeroContBancaria>0000002121</aux:numeroContBancaria>
    <aux:tipoContBancaria>1</aux:tipoContBancaria>
    <aux:descricaoContBancaria>CAMARA AVEL. LOP</aux:descricaoContBancaria>
    <aux:digitoVerificador>1</aux:digitoVerificador>
  </aux:CadastroContaBancaria>
  <aux:Decreto>
    <aux:numeroDecreto>
      <gen:numero>000001</gen:numero>
      <gen:ano>2024</gen:ano>
    </aux:numeroDecreto>
    <aux:numeroLeiQueAutorizou>
      <gen:numero>000486</gen:numero>
      <gen:ano>2024</gen:ano>
    </aux:numeroLeiQueAutorizou>
    <aux:dataDecreto>2024-01-02</aux:dataDecreto>
    <aux:dataPublDecreto>2024-01-02</aux:dataPublDecreto>
    <aux:tipoPublicacao>2</aux:tipoPublicacao>
  </aux:Decreto>
  <aux:ConciliacaoBancaria>
    <aux:codigoBanco>000</aux:codigoBanco>
    <aux:codigoAgencia>0000</aux:codigoAgencia>
    <aux:numeroContBancaria>0000000000</aux:numeroContBancaria>
    <aux:tipoContBancaria>0</aux:tipoContBancaria>
    <aux:numeroSequencial>00024696</aux:numeroSequencial>
    <aux:tipoConcBancaria>1</aux:tipoConcBancaria>
    <aux:descricaoSobrValoConciliado>SALDO EM 31 01 2024 CONFORME EXTRATO BANCARIO COMP</aux:descricaoSobrValoConciliado>
    <aux:dataFatoConciliado>2024-01-31</aux:dataFatoConciliado>
    <aux:numeroChequeDocumento>000000</aux:numeroChequeDocumento>
    <aux:numeroDocDebiAutomatico>00000000000</aux:numeroDocDebiAutomatico>
    <aux:valorConciliado>0000000000000.00</aux:valorConciliado>
    <aux:saldoExtrBancNoUltiDiaMes>0000000000100.67</aux:saldoExtrBancNoUltiDiaMes>
    <aux:saldoContNoUltiDiaMes>0000000000100.67</aux:saldoContNoUltiDiaMes>
  </aux:ConciliacaoBancaria>
  <aux:ConciliacaoBancaria>
    <aux:codigoBanco>104</aux:codigoBanco>
    <aux:codigoAgencia>1209</aux:codigoAgencia>
    <aux:numeroContBancaria>0000001111</aux:numeroContBancaria>
    <aux:tipoContBancaria>1</aux:tipoContBancaria>
    <aux:numeroSequencial>00024697</aux:numeroSequencial>
    <aux:tipoConcBancaria>1</aux:tipoConcBancaria>
    <aux:descricaoSobrValoConciliado>SALDO EM 31 01 2024 CONFORME EXTRATO BANCARIO COMP</aux:descricaoSobrValoConciliado>
    <aux:dataFatoConciliado>2024-01-31</aux:dataFatoConciliado>
    <aux:numeroChequeDocumento>000000</aux:numeroChequeDocumento>
    <aux:numeroDocDebiAutomatico>00000000000</aux:numeroDocDebiAutomatico>
    <aux:valorConciliado>0000000000000.00</aux:valorConciliado>
    <aux:saldoExtrBancNoUltiDiaMes>0000000000000.00</aux:saldoExtrBancNoUltiDiaMes>
    <aux:saldoContNoUltiDiaMes>0000000000000.00</aux:saldoContNoUltiDiaMes>
  </aux:ConciliacaoBancaria>
  <aux:ConciliacaoBancaria>
    <aux:codigoBanco>001</aux:codigoBanco>
    <aux:codigoAgencia>1209</aux:codigoAgencia>
    <aux:numeroContBancaria>0000020532</aux:numeroContBancaria>
    <aux:tipoContBancaria>1</aux:tipoContBancaria>
    <aux:numeroSequencial>00024698</aux:numeroSequencial>
    <aux:tipoConcBancaria>1</aux:tipoConcBancaria>
    <aux:descricaoSobrValoConciliado>SALDO EM 31 01 2024 CONFORME EXTRATO BANCARIO COMP</aux:descricaoSobrValoConciliado>
    <aux:dataFatoConciliado>2024-01-31</aux:dataFatoConciliado>
    <aux:numeroChequeDocumento>000000</aux:numeroChequeDocumento>
    <aux:numeroDocDebiAutomatico>00000000000</aux:numeroDocDebiAutomatico>
    <aux:valorConciliado>0000000000000.00</aux:valorConciliado>
    <aux:saldoExtrBancNoUltiDiaMes>0000000000000.00</aux:saldoExtrBancNoUltiDiaMes>
    <aux:saldoContNoUltiDiaMes>0000000000000.00</aux:saldoContNoUltiDiaMes>
  </aux:ConciliacaoBancaria>
  <aux:ConciliacaoBancaria>
    <aux:codigoBanco>001</aux:codigoBanco>
    <aux:codigoAgencia>1209</aux:codigoAgencia>
    <aux:numeroContBancaria>0000205320</aux:numeroContBancaria>
    <aux:tipoContBancaria>2</aux:tipoContBancaria>
    <aux:numeroSequencial>00024699</aux:numeroSequencial>
    <aux:tipoConcBancaria>1</aux:tipoConcBancaria>
    <aux:descricaoSobrValoConciliado>SALDO EM 31 01 2024 CONFORME EXTRATO BANCARIO COMP</aux:descricaoSobrValoConciliado>
    <aux:dataFatoConciliado>2024-01-31</aux:dataFatoConciliado>
    <aux:numeroChequeDocumento>000000</aux:numeroChequeDocumento>
    <aux:numeroDocDebiAutomatico>00000000000</aux:numeroDocDebiAutomatico>
    <aux:valorConciliado>0000000000000.00</aux:valorConciliado>
    <aux:saldoExtrBancNoUltiDiaMes>0000000009599.29</aux:saldoExtrBancNoUltiDiaMes>
    <aux:saldoContNoUltiDiaMes>0000000009599.29</aux:saldoContNoUltiDiaMes>
  </aux:ConciliacaoBancaria>
  <aux:ConciliacaoBancaria>
    <aux:codigoBanco>036</aux:codigoBanco>
    <aux:codigoAgencia>1209</aux:codigoAgencia>
    <aux:numeroContBancaria>0000002121</aux:numeroContBancaria>
    <aux:tipoContBancaria>1</aux:tipoContBancaria>
    <aux:numeroSequencial>00024700</aux:numeroSequencial>
    <aux:tipoConcBancaria>1</aux:tipoConcBancaria>
    <aux:descricaoSobrValoConciliado>SALDO EM 31 01 2024 CONFORME EXTRATO BANCARIO COMP</aux:descricaoSobrValoConciliado>
    <aux:dataFatoConciliado>2024-01-31</aux:dataFatoConciliado>
    <aux:numeroChequeDocumento>000000</aux:numeroChequeDocumento>
    <aux:numeroDocDebiAutomatico>00000000000</aux:numeroDocDebiAutomatico>
    <aux:valorConciliado>0000000000000.00</aux:valorConciliado>
    <aux:saldoExtrBancNoUltiDiaMes>0000000000000.00</aux:saldoExtrBancNoUltiDiaMes>
    <aux:saldoContNoUltiDiaMes>0000000000000.00</aux:saldoContNoUltiDiaMes>
  </aux:ConciliacaoBancaria>
  <aux:Fornecedor>
    <aux:cpfCnpjCredor>00000000000000</aux:cpfCnpjCredor>
    <aux:nomeDenoOuRazaJuridica>FOLHA DE PAGAMENTO</aux:nomeDenoOuRazaJuridica>
    <aux:endereco>
      <gen:logradouro>SEM ENDERECO</gen:logradouro>
      <gen:numero>000</gen:numero>
      <gen:complemento>SEM COMPLEMENTO</gen:complemento>
      <gen:bairro>CENTRO</gen:bairro>
      <gen:numeroCep>00000000</gen:numeroCep>
      <gen:municipio>ALVELINO LOPES</gen:municipio>
      <gen:estado>PI</gen:estado>
      <gen:telefoneFixo>0000-0000</gen:telefoneFixo>
      <gen:telefoneCelular>0000-0000</gen:telefoneCelular>
    </aux:endereco>
    <aux:tipoCredor>3</aux:tipoCredor>
    <aux:identificadorFornEstrangeiro>00000000000000000000000000000000000000000000</aux:identificadorFornEstrangeiro>
  </aux:Fornecedor>
  <aux:Fornecedor>
    <aux:cpfCnpjCredor>00000000000191</aux:cpfCnpjCredor>
    <aux:nomeDenoOuRazaJuridica>BANCO DO BRASIL SA</aux:nomeDenoOuRazaJuridica>
    <aux:endereco>
      <gen:logradouro>Q SAUN QUADRA 5 LOTE B TORRES I, II E III</gen:logradouro>
      <gen:numero>0</gen:numero>
      <gen:complemento>SEM COMPLEMENTO</gen:complemento>
      <gen:bairro>ASA NORTE</gen:bairro>
      <gen:numeroCep>70040912</gen:numeroCep>
      <gen:municipio>BRASILIA</gen:municipio>
      <gen:estado>DF</gen:estado>
      <gen:telefoneFixo>(61) 3493-9002</gen:telefoneFixo>
      <gen:telefoneCelular>(61) 3493-9002</gen:telefoneCelular>
    </aux:endereco>
    <aux:tipoCredor>2</aux:tipoCredor>
    <aux:identificadorFornEstrangeiro>00000000000000000000000000000000000000000000</aux:identificadorFornEstrangeiro>
  </aux:Fornecedor>
  <aux:Fornecedor>
    <aux:cpfCnpjCredor>00394460005887</aux:cpfCnpjCredor>
    <aux:nomeDenoOuRazaJuridica>RECEITA FEDERAL-MINISTERIO DA ECONOMIA</aux:nomeDenoOuRazaJuridica>
    <aux:endereco>
      <gen:logradouro>ESP DOS MINISTERIOS BLOCO</gen:logradouro>
      <gen:numero>05</gen:numero>
      <gen:complemento>SEM COMPLEMENTO</gen:complemento>
      <gen:bairro>EIXO MONUMENTAL</gen:bairro>
      <gen:numeroCep>70310500</gen:numeroCep>
      <gen:municipio>BRASILIA</gen:municipio>
      <gen:estado>DF</gen:estado>
      <gen:telefoneFixo>NAO INFORMADO</gen:telefoneFixo>
      <gen:telefoneCelular>NAO INFORMADO</gen:telefoneCelular>
    </aux:endereco>
    <aux:tipoCredor>2</aux:tipoCredor>
    <aux:identificadorFornEstrangeiro>00000000000000000000000000000000000000000000</aux:identificadorFornEstrangeiro>
  </aux:Fornecedor>
  <aux:Fornecedor>
    <aux:cpfCnpjCredor>00394460008126</aux:cpfCnpjCredor>
    <aux:nomeDenoOuRazaJuridica>SECRETARIA RECEITA FEDERAL</aux:nomeDenoOuRazaJuridica>
    <aux:endereco>
      <gen:logradouro>RUA TABELIAO RAIMUNDA JOSE ROCHA</gen:logradouro>
      <gen:numero>0</gen:numero>
      <gen:complemento>SEM COMPLEMENTO</gen:complemento>
      <gen:bairro>CENTRO</gen:bairro>
      <gen:numeroCep>00000000</gen:numeroCep>
      <gen:municipio>BOM JESUS</gen:municipio>
      <gen:estado>PI</gen:estado>
      <gen:telefoneFixo>NAO INFORMADO</gen:telefoneFixo>
      <gen:telefoneCelular>NAO INFORMADO</gen:telefoneCelular>
    </aux:endereco>
    <aux:tipoCredor>2</aux:tipoCredor>
    <aux:identificadorFornEstrangeiro>00000000000000000000000000000000000000000000</aux:identificadorFornEstrangeiro>
  </aux:Fornecedor>
  <aux:Fornecedor>
    <aux:cpfCnpjCredor>00545524512</aux:cpfCnpjCredor>
    <aux:nomeDenoOuRazaJuridica>KLEBER DIAS DO COUTO</aux:nomeDenoOuRazaJuridica>
    <aux:endereco>
      <gen:logradouro>NAO INFORMADO</gen:logradouro>
      <gen:numero>0</gen:numero>
      <gen:complemento>SEM COMPLEMENTO</gen:complemento>
      <gen:bairro>NAO INFORMADO</gen:bairro>
      <gen:numeroCep>00000000</gen:numeroCep>
      <gen:municipio>AVELINO LOPES</gen:municipio>
      <gen:estado>PI</gen:estado>
      <gen:telefoneFixo>NAO INFORMADO</gen:telefoneFixo>
      <gen:telefoneCelular>NAO INFORMADO</gen:telefoneCelular>
    </aux:endereco>
    <aux:tipoCredor>1</aux:tipoCredor>
    <aux:identificadorFornEstrangeiro>00000000000000000000000000000000000000000000</aux:identificadorFornEstrangeiro>
  </aux:Fornecedor>
  <aux:Fornecedor>
    <aux:cpfCnpjCredor>01224823362</aux:cpfCnpjCredor>
    <aux:nomeDenoOuRazaJuridica>RAIMUNDA LOURDES PROSPERO DE SOUSA</aux:nomeDenoOuRazaJuridica>
    <aux:endereco>
      <gen:logradouro>RUA FIRMINO JOSE DE SOUSA</gen:logradouro>
      <gen:numero>0</gen:numero>
      <gen:complemento>SEM COMPLEMENTO</gen:complemento>
      <gen:bairro>CENTRO</gen:bairro>
      <gen:numeroCep>64965000</gen:numeroCep>
      <gen:municipio>AVELINO LOPES</gen:municipio>
      <gen:estado>PI</gen:estado>
      <gen:telefoneFixo>NAO INFORMADO</gen:telefoneFixo>
      <gen:telefoneCelular>NAO INFORMADO</gen:telefoneCelular>
    </aux:endereco>
    <aux:tipoCredor>1</aux:tipoCredor>
    <aux:identificadorFornEstrangeiro>00000000000000000000000000000000000000000000</aux:identificadorFornEstrangeiro>
  </aux:Fornecedor>
  <aux:Fornecedor>
    <aux:cpfCnpjCredor>01453379363</aux:cpfCnpjCredor>
    <aux:nomeDenoOuRazaJuridica>RODRIGO REINALDO DE SANTANA</aux:nomeDenoOuRazaJuridica>
    <aux:endereco>
      <gen:logradouro>AV. SERGIO GAMA</gen:logradouro>
      <gen:numero>0</gen:numero>
      <gen:complemento>SEM COMPLEMENTO</gen:complemento>
      <gen:bairro>CENTRO</gen:bairro>
      <gen:numeroCep>00000000</gen:numeroCep>
      <gen:municipio>AVELINO LOPES</gen:municipio>
      <gen:estado>PI</gen:estado>
      <gen:telefoneFixo>NAO INFORMADO</gen:telefoneFixo>
      <gen:telefoneCelular>NAO INFORMADO</gen:telefoneCelular>
    </aux:endereco>
    <aux:tipoCredor>1</aux:tipoCredor>
    <aux:identificadorFornEstrangeiro>00000000000000000000000000000000000000000000</aux:identificadorFornEstrangeiro>
  </aux:Fornecedor>
  <aux:Fornecedor>
    <aux:cpfCnpjCredor>01842601326</aux:cpfCnpjCredor>
    <aux:nomeDenoOuRazaJuridica>EMANOEL HONORIO RIO BRANCO</aux:nomeDenoOuRazaJuridica>
    <aux:endereco>
      <gen:logradouro>RUA SIMAO BORGES</gen:logradouro>
      <gen:numero>360</gen:numero>
      <gen:complemento>SEM COMPLEMENTO</gen:complemento>
      <gen:bairro>CENTRO</gen:bairro>
      <gen:numeroCep>64920000</gen:numeroCep>
      <gen:municipio>CRISTINO CASTRO</gen:municipio>
      <gen:estado>PI</gen:estado>
      <gen:telefoneFixo>NAO INFORMADO</gen:telefoneFixo>
      <gen:telefoneCelular>NAO INFORMADO</gen:telefoneCelular>
    </aux:endereco>
    <aux:tipoCredor>1</aux:tipoCredor>
    <aux:identificadorFornEstrangeiro>00000000000000000000000000000000000000000000</aux:identificadorFornEstrangeiro>
  </aux:Fornecedor>
  <aux:Fornecedor>
    <aux:cpfCnpjCredor>01850629382</aux:cpfCnpjCredor>
    <aux:nomeDenoOuRazaJuridica>NANCI MARQUES DE SENA</aux:nomeDenoOuRazaJuridica>
    <aux:endereco>
      <gen:logradouro>NAO INFORMADO</gen:logradouro>
      <gen:numero>0</gen:numero>
      <gen:complemento>SEM COMPLEMENTO</gen:complemento>
      <gen:bairro>NAO INFORMADO</gen:bairro>
      <gen:numeroCep>00000000</gen:numeroCep>
      <gen:municipio>AVELINO LOPES</gen:municipio>
      <gen:estado>PI</gen:estado>
      <gen:telefoneFixo>NAO INFORMADO</gen:telefoneFixo>
      <gen:telefoneCelular>NAO INFORMADO</gen:telefoneCelular>
    </aux:endereco>
    <aux:tipoCredor>1</aux:tipoCredor>
    <aux:identificadorFornEstrangeiro>00000000000000000000000000000000000000000000</aux:identificadorFornEstrangeiro>
  </aux:Fornecedor>
  <aux:Fornecedor>
    <aux:cpfCnpjCredor>02211192300</aux:cpfCnpjCredor>
    <aux:nomeDenoOuRazaJuridica>ANA PAULA DE CARVALHO ALVES BASTOS</aux:nomeDenoOuRazaJuridica>
    <aux:endereco>
      <gen:logradouro>NAO INFORMADO</gen:logradouro>
      <gen:numero>0</gen:numero>
      <gen:complemento>SEM COMPLEMENTO</gen:complemento>
      <gen:bairro>NAO INFORMADO</gen:bairro>
      <gen:numeroCep>00000000</gen:numeroCep>
      <gen:municipio>AVELINO LOPES</gen:municipio>
      <gen:estado>PI</gen:estado>
      <gen:telefoneFixo>NAO INFORMADO</gen:telefoneFixo>
      <gen:telefoneCelular>NAO INFORMADO</gen:telefoneCelular>
    </aux:endereco>
    <aux:tipoCredor>1</aux:tipoCredor>
    <aux:identificadorFornEstrangeiro>00000000000000000000000000000000000000000000</aux:identificadorFornEstrangeiro>
  </aux:Fornecedor>
  <aux:Fornecedor>
    <aux:cpfCnpjCredor>02591658323</aux:cpfCnpjCredor>
    <aux:nomeDenoOuRazaJuridica>MARCUS VINICIUS DIAS DA SILVA</aux:nomeDenoOuRazaJuridica>
    <aux:endereco>
      <gen:logradouro>RUA MESTRE MARCOLINO</gen:logradouro>
      <gen:numero>240</gen:numero>
      <gen:complemento>SEM COMPLEMENTO</gen:complemento>
      <gen:bairro>CENTRO</gen:bairro>
      <gen:numeroCep>00000000</gen:numeroCep>
      <gen:municipio>CURIMATA</gen:municipio>
      <gen:estado>PI</gen:estado>
      <gen:telefoneFixo>NAO INFORMADO</gen:telefoneFixo>
      <gen:telefoneCelular>NAO INFORMADO</gen:telefoneCelular>
    </aux:endereco>
    <aux:tipoCredor>1</aux:tipoCredor>
    <aux:identificadorFornEstrangeiro>00000000000000000000000000000000000000000000</aux:identificadorFornEstrangeiro>
  </aux:Fornecedor>
  <aux:Fornecedor>
    <aux:cpfCnpjCredor>03505670502</aux:cpfCnpjCredor>
    <aux:nomeDenoOuRazaJuridica>EDINEUTON ERMELINO CELSO</aux:nomeDenoOuRazaJuridica>
    <aux:endereco>
      <gen:logradouro>NAO INFORMADO</gen:logradouro>
      <gen:numero>0</gen:numero>
      <gen:complemento>SEM COMPLEMENTO</gen:complemento>
      <gen:bairro>NAO INFORMADO</gen:bairro>
      <gen:numeroCep>00000000</gen:numeroCep>
      <gen:municipio>AVELINO LOPES</gen:municipio>
      <gen:estado>PI</gen:estado>
      <gen:telefoneFixo>NAO INFORMADO</gen:telefoneFixo>
      <gen:telefoneCelular>NAO INFORMADO</gen:telefoneCelular>
    </aux:endereco>
    <aux:tipoCredor>1</aux:tipoCredor>
    <aux:identificadorFornEstrangeiro>00000000000000000000000000000000000000000000</aux:identificadorFornEstrangeiro>
  </aux:Fornecedor>
  <aux:Fornecedor>
    <aux:cpfCnpjCredor>05284366000153</aux:cpfCnpjCredor>
    <aux:nomeDenoOuRazaJuridica>CURITIBA COMPUTER LTDA ME</aux:nomeDenoOuRazaJuridica>
    <aux:endereco>
      <gen:logradouro>PC MERCADO</gen:logradouro>
      <gen:numero>02</gen:numero>
      <gen:complemento>SEM COMPLEMENTO</gen:complemento>
      <gen:bairro>CENTRO</gen:bairro>
      <gen:numeroCep>64965000</gen:numeroCep>
      <gen:municipio>CURITIBA</gen:municipio>
      <gen:estado>PR</gen:estado>
      <gen:telefoneFixo>NAO INFORMADO</gen:telefoneFixo>
      <gen:telefoneCelular>NAO INFORMADO</gen:telefoneCelular>
    </aux:endereco>
    <aux:tipoCredor>2</aux:tipoCredor>
    <aux:identificadorFornEstrangeiro>00000000000000000000000000000000000000000000</aux:identificadorFornEstrangeiro>
  </aux:Fornecedor>
  <aux:Fornecedor>
    <aux:cpfCnpjCredor>06554281000100</aux:cpfCnpjCredor>
    <aux:nomeDenoOuRazaJuridica>PREFEITURA MUNICIPAL DE AVELINO LOPES</aux:nomeDenoOuRazaJuridica>
    <aux:endereco>
      <gen:logradouro>AV. BOM JESUS</gen:logradouro>
      <gen:numero>0</gen:numero>
      <gen:complemento>SEM COMPLEMENTO</gen:complemento>
      <gen:bairro>NAO INFORMADO</gen:bairro>
      <gen:numeroCep>64965000</gen:numeroCep>
      <gen:municipio>AVELINO LOPES</gen:municipio>
      <gen:estado>PI</gen:estado>
      <gen:telefoneFixo>NAO INFORMADO</gen:telefoneFixo>
      <gen:telefoneCelular>NAO INFORMADO</gen:telefoneCelular>
    </aux:endereco>
    <aux:tipoCredor>2</aux:tipoCredor>
    <aux:identificadorFornEstrangeiro>00000000000000000000000000000000000000000000</aux:identificadorFornEstrangeiro>
  </aux:Fornecedor>
  <aux:Fornecedor>
    <aux:cpfCnpjCredor>06840748000189</aux:cpfCnpjCredor>
    <aux:nomeDenoOuRazaJuridica>EQUATORIAL PIAUI DISTRIBUIDORA DE ENERGIA S A</aux:nomeDenoOuRazaJuridica>
    <aux:endereco>
      <gen:logradouro>AVENIDA MARANHAO</gen:logradouro>
      <gen:numero>759</gen:numero>
      <gen:complemento>SEM COMPLEMENTO</gen:complemento>
      <gen:bairro>CENTRO SUL</gen:bairro>
      <gen:numeroCep>64001010</gen:numeroCep>
      <gen:municipio>TERESINA</gen:municipio>
      <gen:estado>PI</gen:estado>
      <gen:telefoneFixo>NAO INFORMADO</gen:telefoneFixo>
      <gen:telefoneCelular>NAO INFORMADO</gen:telefoneCelular>
    </aux:endereco>
    <aux:tipoCredor>2</aux:tipoCredor>
    <aux:identificadorFornEstrangeiro>00000000000000000000000000000000000000000000</aux:identificadorFornEstrangeiro>
  </aux:Fornecedor>
  <aux:Fornecedor>
    <aux:cpfCnpjCredor>07217375000157</aux:cpfCnpjCredor>
    <aux:nomeDenoOuRazaJuridica>UNIAO DAS CAMARAS MUNICIPAIS DO ESTADO DO PIAUI-</aux:nomeDenoOuRazaJuridica>
    <aux:endereco>
      <gen:logradouro>NAO INFORMADO</gen:logradouro>
      <gen:numero>0</gen:numero>
      <gen:complemento>SEM COMPLEMENTO</gen:complemento>
      <gen:bairro>NAO INFORMADO</gen:bairro>
      <gen:numeroCep>00000000</gen:numeroCep>
      <gen:municipio>AVELINO LOPES</gen:municipio>
      <gen:estado>PI</gen:estado>
      <gen:telefoneFixo>NAO INFORMADO</gen:telefoneFixo>
      <gen:telefoneCelular>NAO INFORMADO</gen:telefoneCelular>
    </aux:endereco>
    <aux:tipoCredor>2</aux:tipoCredor>
    <aux:identificadorFornEstrangeiro>00000000000000000000000000000000000000000000</aux:identificadorFornEstrangeiro>
  </aux:Fornecedor>
  <aux:Fornecedor>
    <aux:cpfCnpjCredor>07455236000161</aux:cpfCnpjCredor>
    <aux:nomeDenoOuRazaJuridica>GILTOMAR DIAS CABRAL</aux:nomeDenoOuRazaJuridica>
    <aux:endereco>
      <gen:logradouro>RUA SETE DE SETEMBRO</gen:logradouro>
      <gen:numero>0</gen:numero>
      <gen:complemento>SEM COMPLEMENTO</gen:complemento>
      <gen:bairro>CENTRO</gen:bairro>
      <gen:numeroCep>00000000</gen:numeroCep>
      <gen:municipio>AVELINO LOPES</gen:municipio>
      <gen:estado>PI</gen:estado>
      <gen:telefoneFixo>NAO INFORMADO</gen:telefoneFixo>
      <gen:telefoneCelular>NAO INFORMADO</gen:telefoneCelular>
    </aux:endereco>
    <aux:tipoCredor>2</aux:tipoCredor>
    <aux:identificadorFornEstrangeiro>00000000000000000000000000000000000000000000</aux:identificadorFornEstrangeiro>
  </aux:Fornecedor>
  <aux:Fornecedor>
    <aux:cpfCnpjCredor>07989781000138</aux:cpfCnpjCredor>
    <aux:nomeDenoOuRazaJuridica>DIARIO OFICIAL DOS MUNICIIPIOS LTDA</aux:nomeDenoOuRazaJuridica>
    <aux:endereco>
      <gen:logradouro>RUA GOV. ARTHUR DE VASCONCELOS</gen:logradouro>
      <gen:numero>173</gen:numero>
      <gen:complemento>SEM COMPLEMENTO</gen:complemento>
      <gen:bairro>CENTRO</gen:bairro>
      <gen:numeroCep>00000000</gen:numeroCep>
      <gen:municipio>TERESINA</gen:municipio>
      <gen:estado>PI</gen:estado>
      <gen:telefoneFixo>NAO INFORMADO</gen:telefoneFixo>
      <gen:telefoneCelular>NAO INFORMADO</gen:telefoneCelular>
    </aux:endereco>
    <aux:tipoCredor>2</aux:tipoCredor>
    <aux:identificadorFornEstrangeiro>00000000000000000000000000000000000000000000</aux:identificadorFornEstrangeiro>
  </aux:Fornecedor>
  <aux:Fornecedor>
    <aux:cpfCnpjCredor>08983878000104</aux:cpfCnpjCredor>
    <aux:nomeDenoOuRazaJuridica>SANTANA ADVOCACIA E CONSULTORIA</aux:nomeDenoOuRazaJuridica>
    <aux:endereco>
      <gen:logradouro>RUA JOQUEI CLUBE</gen:logradouro>
      <gen:numero>299</gen:numero>
      <gen:complemento>SEM COMPLEMENTO</gen:complemento>
      <gen:bairro>JOQUEI</gen:bairro>
      <gen:numeroCep>64049240</gen:numeroCep>
      <gen:municipio>TERESINA</gen:municipio>
      <gen:estado>PI</gen:estado>
      <gen:telefoneFixo>NAO INFORMADO</gen:telefoneFixo>
      <gen:telefoneCelular>NAO INFORMADO</gen:telefoneCelular>
    </aux:endereco>
    <aux:tipoCredor>2</aux:tipoCredor>
    <aux:identificadorFornEstrangeiro>00000000000000000000000000000000000000000000</aux:identificadorFornEstrangeiro>
  </aux:Fornecedor>
  <aux:Fornecedor>
    <aux:cpfCnpjCredor>10651326000132</aux:cpfCnpjCredor>
    <aux:nomeDenoOuRazaJuridica>CLEAN QUINTINA DA SILVA</aux:nomeDenoOuRazaJuridica>
    <aux:endereco>
      <gen:logradouro>R QUINZE DE NOVEMBRO</gen:logradouro>
      <gen:numero>672</gen:numero>
      <gen:complemento>SEM COMPLEMENTO</gen:complemento>
      <gen:bairro>CENTRO</gen:bairro>
      <gen:numeroCep>64965000</gen:numeroCep>
      <gen:municipio>AVELINO LOPES</gen:municipio>
      <gen:estado>PI</gen:estado>
      <gen:telefoneFixo>(89) 8142-4358</gen:telefoneFixo>
      <gen:telefoneCelular>(89) 8142-4358</gen:telefoneCelular>
    </aux:endereco>
    <aux:tipoCredor>2</aux:tipoCredor>
    <aux:identificadorFornEstrangeiro>00000000000000000000000000000000000000000000</aux:identificadorFornEstrangeiro>
  </aux:Fornecedor>
  <aux:Fornecedor>
    <aux:cpfCnpjCredor>11481107000115</aux:cpfCnpjCredor>
    <aux:nomeDenoOuRazaJuridica>JAMES DEON MOREIRA ALVES</aux:nomeDenoOuRazaJuridica>
    <aux:endereco>
      <gen:logradouro>R DUQUE DE CAXIAS</gen:logradouro>
      <gen:numero>306</gen:numero>
      <gen:complemento>SEM COMPLEMENTO</gen:complemento>
      <gen:bairro>CENTRO</gen:bairro>
      <gen:numeroCep>64965000</gen:numeroCep>
      <gen:municipio>AVELINO LOPES</gen:municipio>
      <gen:estado>PI</gen:estado>
      <gen:telefoneFixo>(86) 8124-6628</gen:telefoneFixo>
      <gen:telefoneCelular>(86) 8124-6628</gen:telefoneCelular>
    </aux:endereco>
    <aux:tipoCredor>2</aux:tipoCredor>
    <aux:identificadorFornEstrangeiro>00000000000000000000000000000000000000000000</aux:identificadorFornEstrangeiro>
  </aux:Fornecedor>
  <aux:Fornecedor>
    <aux:cpfCnpjCredor>18670664000123</aux:cpfCnpjCredor>
    <aux:nomeDenoOuRazaJuridica>CONPUBLIC CONTADORES ASSOCIADOS LTDA-ME</aux:nomeDenoOuRazaJuridica>
    <aux:endereco>
      <gen:logradouro>AVENIDA HUMBERTO DE FONSECA BENVINDO</gen:logradouro>
      <gen:numero>0</gen:numero>
      <gen:complemento>SEM COMPLEMENTO</gen:complemento>
      <gen:bairro>CENTRO</gen:bairro>
      <gen:numeroCep>00000000</gen:numeroCep>
      <gen:municipio>CRISTINO CASTRO</gen:municipio>
      <gen:estado>PI</gen:estado>
      <gen:telefoneFixo>NAO INFORMADO</gen:telefoneFixo>
      <gen:telefoneCelular>NAO INFORMADO</gen:telefoneCelular>
    </aux:endereco>
    <aux:tipoCredor>2</aux:tipoCredor>
    <aux:identificadorFornEstrangeiro>00000000000000000000000000000000000000000000</aux:identificadorFornEstrangeiro>
  </aux:Fornecedor>
  <aux:Fornecedor>
    <aux:cpfCnpjCredor>23624174000120</aux:cpfCnpjCredor>
    <aux:nomeDenoOuRazaJuridica>MUNICIPIO DE AVELINO LOPES-CAMARA MUNICIPAL</aux:nomeDenoOuRazaJuridica>
    <aux:endereco>
      <gen:logradouro>PC MERCADO</gen:logradouro>
      <gen:numero>02</gen:numero>
      <gen:complemento>SEM COMPLEMENTO</gen:complemento>
      <gen:bairro>CENTRO</gen:bairro>
      <gen:numeroCep>64965000</gen:numeroCep>
      <gen:municipio>AVELINO LOPES</gen:municipio>
      <gen:estado>PI</gen:estado>
      <gen:telefoneFixo>NAO INFORMADO</gen:telefoneFixo>
      <gen:telefoneCelular>NAO INFORMADO</gen:telefoneCelular>
    </aux:endereco>
    <aux:tipoCredor>2</aux:tipoCredor>
    <aux:identificadorFornEstrangeiro>00000000000000000000000000000000000000000000</aux:identificadorFornEstrangeiro>
  </aux:Fornecedor>
  <aux:Fornecedor>
    <aux:cpfCnpjCredor>29131121000154</aux:cpfCnpjCredor>
    <aux:nomeDenoOuRazaJuridica>LICICON CONSULTORIA E ASSESSORIA LTDA</aux:nomeDenoOuRazaJuridica>
    <aux:endereco>
      <gen:logradouro>RUA AV ADEMAR DIOGENES EDFI FERRARI SALA 05</gen:logradouro>
      <gen:numero>0</gen:numero>
      <gen:complemento>SEM COMPLEMENTO</gen:complemento>
      <gen:bairro>SAO PEDRO</gen:bairro>
      <gen:numeroCep>00000000</gen:numeroCep>
      <gen:municipio>BOM JESUS</gen:municipio>
      <gen:estado>PI</gen:estado>
      <gen:telefoneFixo>NAO INFORMADO</gen:telefoneFixo>
      <gen:telefoneCelular>NAO INFORMADO</gen:telefoneCelular>
    </aux:endereco>
    <aux:tipoCredor>2</aux:tipoCredor>
    <aux:identificadorFornEstrangeiro>00000000000000000000000000000000000000000000</aux:identificadorFornEstrangeiro>
  </aux:Fornecedor>
  <aux:Fornecedor>
    <aux:cpfCnpjCredor>29979036000140</aux:cpfCnpjCredor>
    <aux:nomeDenoOuRazaJuridica>INSS-INSTITUTO NACIONAL DO SEGURO SOCIAL</aux:nomeDenoOuRazaJuridica>
    <aux:endereco>
      <gen:logradouro>ST SAUS QUADRA 02 BLOCO O</gen:logradouro>
      <gen:numero>6</gen:numero>
      <gen:complemento>SEM COMPLEMENTO</gen:complemento>
      <gen:bairro>ASA SUL</gen:bairro>
      <gen:numeroCep>70070946</gen:numeroCep>
      <gen:municipio>BRASILIA</gen:municipio>
      <gen:estado>DF</gen:estado>
      <gen:telefoneFixo>(61) 3313-4509</gen:telefoneFixo>
      <gen:telefoneCelular>(61) 3313-4509</gen:telefoneCelular>
    </aux:endereco>
    <aux:tipoCredor>2</aux:tipoCredor>
    <aux:identificadorFornEstrangeiro>00000000000000000000000000000000000000000000</aux:identificadorFornEstrangeiro>
  </aux:Fornecedor>
  <aux:Fornecedor>
    <aux:cpfCnpjCredor>31124189000158</aux:cpfCnpjCredor>
    <aux:nomeDenoOuRazaJuridica>PROTECAO SST-CONSULTORIA EM SEGURANCA DO TRABALH</aux:nomeDenoOuRazaJuridica>
    <aux:endereco>
      <gen:logradouro>RUA XIQUE XIQUE</gen:logradouro>
      <gen:numero>600</gen:numero>
      <gen:complemento>SEM COMPLEMENTO</gen:complemento>
      <gen:bairro>NAO INFORMADO</gen:bairro>
      <gen:numeroCep>47850000</gen:numeroCep>
      <gen:municipio>LUIS EDUARDO MAGALHAES</gen:municipio>
      <gen:estado>BA</gen:estado>
      <gen:telefoneFixo>NAO INFORMADO</gen:telefoneFixo>
      <gen:telefoneCelular>NAO INFORMADO</gen:telefoneCelular>
    </aux:endereco>
    <aux:tipoCredor>2</aux:tipoCredor>
    <aux:identificadorFornEstrangeiro>00000000000000000000000000000000000000000000</aux:identificadorFornEstrangeiro>
  </aux:Fornecedor>
  <aux:Fornecedor>
    <aux:cpfCnpjCredor>37047207000121</aux:cpfCnpjCredor>
    <aux:nomeDenoOuRazaJuridica>L.A. DE OLIVEIRA SILVA SOFTWARE LTDA</aux:nomeDenoOuRazaJuridica>
    <aux:endereco>
      <gen:logradouro>NAO INFORMADO</gen:logradouro>
      <gen:numero>0</gen:numero>
      <gen:complemento>SEM COMPLEMENTO</gen:complemento>
      <gen:bairro>NAO INFORMADO</gen:bairro>
      <gen:numeroCep>00000000</gen:numeroCep>
      <gen:municipio>TERESINA</gen:municipio>
      <gen:estado>PI</gen:estado>
      <gen:telefoneFixo>NAO INFORMADO</gen:telefoneFixo>
      <gen:telefoneCelular>NAO INFORMADO</gen:telefoneCelular>
    </aux:endereco>
    <aux:tipoCredor>2</aux:tipoCredor>
    <aux:identificadorFornEstrangeiro>00000000000000000000000000000000000000000000</aux:identificadorFornEstrangeiro>
  </aux:Fornecedor>
  <aux:Fornecedor>
    <aux:cpfCnpjCredor>41283607000103</aux:cpfCnpjCredor>
    <aux:nomeDenoOuRazaJuridica>EDINALDO PEREIRA DE OLIVEIRA</aux:nomeDenoOuRazaJuridica>
    <aux:endereco>
      <gen:logradouro>RUA 15 DE NOVEMBRO</gen:logradouro>
      <gen:numero>485</gen:numero>
      <gen:complemento>SEM COMPLEMENTO</gen:complemento>
      <gen:bairro>CENTRO</gen:bairro>
      <gen:numeroCep>64965000</gen:numeroCep>
      <gen:municipio>AVELINO LOPES</gen:municipio>
      <gen:estado>PI</gen:estado>
      <gen:telefoneFixo>NAO INFORMADO</gen:telefoneFixo>
      <gen:telefoneCelular>NAO INFORMADO</gen:telefoneCelular>
    </aux:endereco>
    <aux:tipoCredor>2</aux:tipoCredor>
    <aux:identificadorFornEstrangeiro>00000000000000000000000000000000000000000000</aux:identificadorFornEstrangeiro>
  </aux:Fornecedor>
  <aux:Fornecedor>
    <aux:cpfCnpjCredor>44789691837</aux:cpfCnpjCredor>
    <aux:nomeDenoOuRazaJuridica>KANANDA ALVES GAMA</aux:nomeDenoOuRazaJuridica>
    <aux:endereco>
      <gen:logradouro>RUA 7 DE SETEMBRO</gen:logradouro>
      <gen:numero>0</gen:numero>
      <gen:complemento>SEM COMPLEMENTO</gen:complemento>
      <gen:bairro>CENTRO</gen:bairro>
      <gen:numeroCep>00000000</gen:numeroCep>
      <gen:municipio>AVELINO LOPES</gen:municipio>
      <gen:estado>PI</gen:estado>
      <gen:telefoneFixo>NAO INFORMADO</gen:telefoneFixo>
      <gen:telefoneCelular>NAO INFORMADO</gen:telefoneCelular>
    </aux:endereco>
    <aux:tipoCredor>1</aux:tipoCredor>
    <aux:identificadorFornEstrangeiro>00000000000000000000000000000000000000000000</aux:identificadorFornEstrangeiro>
  </aux:Fornecedor>
  <aux:Fornecedor>
    <aux:cpfCnpjCredor>45349570000120</aux:cpfCnpjCredor>
    <aux:nomeDenoOuRazaJuridica>R N BASTOS</aux:nomeDenoOuRazaJuridica>
    <aux:endereco>
      <gen:logradouro>AV SERGIO GAMA</gen:logradouro>
      <gen:numero>10</gen:numero>
      <gen:complemento>SEM COMPLEMENTO</gen:complemento>
      <gen:bairro>CENTRO</gen:bairro>
      <gen:numeroCep>64965000</gen:numeroCep>
      <gen:municipio>AVELINO LOPES</gen:municipio>
      <gen:estado>PI</gen:estado>
      <gen:telefoneFixo>(89) 8101-2097</gen:telefoneFixo>
      <gen:telefoneCelular>(89) 8101-2097</gen:telefoneCelular>
    </aux:endereco>
    <aux:tipoCredor>2</aux:tipoCredor>
    <aux:identificadorFornEstrangeiro>00000000000000000000000000000000000000000000</aux:identificadorFornEstrangeiro>
  </aux:Fornecedor>
  <aux:Fornecedor>
    <aux:cpfCnpjCredor>45734679000180</aux:cpfCnpjCredor>
    <aux:nomeDenoOuRazaJuridica>EDIFICA SERVICOS E LOCACOES LTDA</aux:nomeDenoOuRazaJuridica>
    <aux:endereco>
      <gen:logradouro>RUA TRAV VILA DAS MERCES</gen:logradouro>
      <gen:numero>0</gen:numero>
      <gen:complemento>SEM COMPLEMENTO</gen:complemento>
      <gen:bairro>CENTRO</gen:bairro>
      <gen:numeroCep>64900000</gen:numeroCep>
      <gen:municipio>BOM JESUS</gen:municipio>
      <gen:estado>PI</gen:estado>
      <gen:telefoneFixo>NAO INFORMADO</gen:telefoneFixo>
      <gen:telefoneCelular>NAO INFORMADO</gen:telefoneCelular>
    </aux:endereco>
    <aux:tipoCredor>2</aux:tipoCredor>
    <aux:identificadorFornEstrangeiro>00000000000000000000000000000000000000000000</aux:identificadorFornEstrangeiro>
  </aux:Fornecedor>
  <aux:Fornecedor>
    <aux:cpfCnpjCredor>45183350310</aux:cpfCnpjCredor>
    <aux:nomeDenoOuRazaJuridica>WASHINGTON ALVES DE SANTANA</aux:nomeDenoOuRazaJuridica>
    <aux:endereco>
      <gen:logradouro>AV. BOM JESUS</gen:logradouro>
      <gen:numero>00000</gen:numero>
      <gen:complemento>SEM COMPLEMENTO</gen:complemento>
      <gen:bairro>CENTRO</gen:bairro>
      <gen:numeroCep>64965000</gen:numeroCep>
      <gen:municipio>AVELINO LOPES</gen:municipio>
      <gen:estado>PI</gen:estado>
      <gen:telefoneFixo>NAO INFORMADO</gen:telefoneFixo>
      <gen:telefoneCelular>NAO INFORMADO</gen:telefoneCelular>
    </aux:endereco>
    <aux:tipoCredor>1</aux:tipoCredor>
    <aux:identificadorFornEstrangeiro>00000000000000000000000000000000000000000000</aux:identificadorFornEstrangeiro>
  </aux:Fornecedor>
  <aux:Fornecedor>
    <aux:cpfCnpjCredor>48418365000167</aux:cpfCnpjCredor>
    <aux:nomeDenoOuRazaJuridica>SOFT SOLUCOES EM TECNOLOGIA LTDA</aux:nomeDenoOuRazaJuridica>
    <aux:endereco>
      <gen:logradouro>RUA VEREADOR RENATO ALMEIDA</gen:logradouro>
      <gen:numero>00</gen:numero>
      <gen:complemento>SEM COMPLEMENTO</gen:complemento>
      <gen:bairro>CENTRO</gen:bairro>
      <gen:numeroCep>00000000</gen:numeroCep>
      <gen:municipio>PALMEIRA DO PIAUI</gen:municipio>
      <gen:estado>PI</gen:estado>
      <gen:telefoneFixo>NAO INFORMADO</gen:telefoneFixo>
      <gen:telefoneCelular>NAO INFORMADO</gen:telefoneCelular>
    </aux:endereco>
    <aux:tipoCredor>2</aux:tipoCredor>
    <aux:identificadorFornEstrangeiro>00000000000000000000000000000000000000000000</aux:identificadorFornEstrangeiro>
  </aux:Fornecedor>
  <aux:Fornecedor>
    <aux:cpfCnpjCredor>51861430000139</aux:cpfCnpjCredor>
    <aux:nomeDenoOuRazaJuridica>MARCELIO PEREIRA DE SENA</aux:nomeDenoOuRazaJuridica>
    <aux:endereco>
      <gen:logradouro>RUA PEDRO NASCIMENTO</gen:logradouro>
      <gen:numero>0</gen:numero>
      <gen:complemento>SEM COMPLEMENTO</gen:complemento>
      <gen:bairro>CENTRO</gen:bairro>
      <gen:numeroCep>64910000</gen:numeroCep>
      <gen:municipio>SANTA LUZ</gen:municipio>
      <gen:estado>PI</gen:estado>
      <gen:telefoneFixo>NAO INFORMADO</gen:telefoneFixo>
      <gen:telefoneCelular>NAO INFORMADO</gen:telefoneCelular>
    </aux:endereco>
    <aux:tipoCredor>2</aux:tipoCredor>
    <aux:identificadorFornEstrangeiro>00000000000000000000000000000000000000000000</aux:identificadorFornEstrangeiro>
  </aux:Fornecedor>
  <aux:Fornecedor>
    <aux:cpfCnpjCredor>56560850315</aux:cpfCnpjCredor>
    <aux:nomeDenoOuRazaJuridica>MARIA DO SOCORRO DE LIMA FERNANDES SILVA</aux:nomeDenoOuRazaJuridica>
    <aux:endereco>
      <gen:logradouro>RUA JK</gen:logradouro>
      <gen:numero>000</gen:numero>
      <gen:complemento>SEM COMPLEMENTO</gen:complemento>
      <gen:bairro>CENTRO</gen:bairro>
      <gen:numeroCep>64965000</gen:numeroCep>
      <gen:municipio>AVELINO LOPES</gen:municipio>
      <gen:estado>PI</gen:estado>
      <gen:telefoneFixo>NAO INFORMADO</gen:telefoneFixo>
      <gen:telefoneCelular>NAO INFORMADO</gen:telefoneCelular>
    </aux:endereco>
    <aux:tipoCredor>1</aux:tipoCredor>
    <aux:identificadorFornEstrangeiro>00000000000000000000000000000000000000000000</aux:identificadorFornEstrangeiro>
  </aux:Fornecedor>
  <aux:Fornecedor>
    <aux:cpfCnpjCredor>57513830100</aux:cpfCnpjCredor>
    <aux:nomeDenoOuRazaJuridica>VANDERLEI JUREMA DE SOUSA</aux:nomeDenoOuRazaJuridica>
    <aux:endereco>
      <gen:logradouro>NAO INFORMADO</gen:logradouro>
      <gen:numero>0</gen:numero>
      <gen:complemento>SEM COMPLEMENTO</gen:complemento>
      <gen:bairro>NAO INFORMADO</gen:bairro>
      <gen:numeroCep>00000000</gen:numeroCep>
      <gen:municipio>AVELINO LOPES</gen:municipio>
      <gen:estado>PI</gen:estado>
      <gen:telefoneFixo>NAO INFORMADO</gen:telefoneFixo>
      <gen:telefoneCelular>NAO INFORMADO</gen:telefoneCelular>
    </aux:endereco>
    <aux:tipoCredor>1</aux:tipoCredor>
    <aux:identificadorFornEstrangeiro>00000000000000000000000000000000000000000000</aux:identificadorFornEstrangeiro>
  </aux:Fornecedor>
  <aux:Fornecedor>
    <aux:cpfCnpjCredor>60746948000112</aux:cpfCnpjCredor>
    <aux:nomeDenoOuRazaJuridica>BANCO BRADESCO S.A</aux:nomeDenoOuRazaJuridica>
    <aux:endereco>
      <gen:logradouro>CIDADE DE DEUS</gen:logradouro>
      <gen:numero>0</gen:numero>
      <gen:complemento>SEM COMPLEMENTO</gen:complemento>
      <gen:bairro>VILA YARA</gen:bairro>
      <gen:numeroCep>00000000</gen:numeroCep>
      <gen:municipio>OSASCO</gen:municipio>
      <gen:estado>SP</gen:estado>
      <gen:telefoneFixo>NAO INFORMADO</gen:telefoneFixo>
      <gen:telefoneCelular>NAO INFORMADO</gen:telefoneCelular>
    </aux:endereco>
    <aux:tipoCredor>2</aux:tipoCredor>
    <aux:identificadorFornEstrangeiro>00000000000000000000000000000000000000000000</aux:identificadorFornEstrangeiro>
  </aux:Fornecedor>
  <aux:Fornecedor>
    <aux:cpfCnpjCredor>64284328891</aux:cpfCnpjCredor>
    <aux:nomeDenoOuRazaJuridica>IDELCY RIBEIRO DOS SANTOS</aux:nomeDenoOuRazaJuridica>
    <aux:endereco>
      <gen:logradouro>AV BOM JESUS</gen:logradouro>
      <gen:numero>0</gen:numero>
      <gen:complemento>SEM COMPLEMENTO</gen:complemento>
      <gen:bairro>CENTRO</gen:bairro>
      <gen:numeroCep>64965000</gen:numeroCep>
      <gen:municipio>AVELINO LOPES</gen:municipio>
      <gen:estado>PI</gen:estado>
      <gen:telefoneFixo>NAO INFORMADO</gen:telefoneFixo>
      <gen:telefoneCelular>NAO INFORMADO</gen:telefoneCelular>
    </aux:endereco>
    <aux:tipoCredor>1</aux:tipoCredor>
    <aux:identificadorFornEstrangeiro>00000000000000000000000000000000000000000000</aux:identificadorFornEstrangeiro>
  </aux:Fornecedor>
  <aux:Fornecedor>
    <aux:cpfCnpjCredor>71501967304</aux:cpfCnpjCredor>
    <aux:nomeDenoOuRazaJuridica>HELVIDIO DE CCARVALHO BASTOS</aux:nomeDenoOuRazaJuridica>
    <aux:endereco>
      <gen:logradouro>AV. BOM JESUS</gen:logradouro>
      <gen:numero>0000</gen:numero>
      <gen:complemento>SEM COMPLEMENTO</gen:complemento>
      <gen:bairro>CENTRO</gen:bairro>
      <gen:numeroCep>64695000</gen:numeroCep>
      <gen:municipio>AVELINO LOPES</gen:municipio>
      <gen:estado>PI</gen:estado>
      <gen:telefoneFixo>NAO INFORMADO</gen:telefoneFixo>
      <gen:telefoneCelular>NAO INFORMADO</gen:telefoneCelular>
    </aux:endereco>
    <aux:tipoCredor>1</aux:tipoCredor>
    <aux:identificadorFornEstrangeiro>00000000000000000000000000000000000000000000</aux:identificadorFornEstrangeiro>
  </aux:Fornecedor>
  <aux:Fornecedor>
    <aux:cpfCnpjCredor>73229504372</aux:cpfCnpjCredor>
    <aux:nomeDenoOuRazaJuridica>KATIA CILENE OLIVEIRA</aux:nomeDenoOuRazaJuridica>
    <aux:endereco>
      <gen:logradouro>AV. BOM JESUS</gen:logradouro>
      <gen:numero>00000</gen:numero>
      <gen:complemento>SEM COMPLEMENTO</gen:complemento>
      <gen:bairro>CENTRO</gen:bairro>
      <gen:numeroCep>64965000</gen:numeroCep>
      <gen:municipio>AVELINO LOPES</gen:municipio>
      <gen:estado>PI</gen:estado>
      <gen:telefoneFixo>NAO INFORMADO</gen:telefoneFixo>
      <gen:telefoneCelular>NAO INFORMADO</gen:telefoneCelular>
    </aux:endereco>
    <aux:tipoCredor>1</aux:tipoCredor>
    <aux:identificadorFornEstrangeiro>00000000000000000000000000000000000000000000</aux:identificadorFornEstrangeiro>
  </aux:Fornecedor>
  <aux:Fornecedor>
    <aux:cpfCnpjCredor>88160432372</aux:cpfCnpjCredor>
    <aux:nomeDenoOuRazaJuridica>NILZENE FRANCISCA DA SILVA</aux:nomeDenoOuRazaJuridica>
    <aux:endereco>
      <gen:logradouro>NAO INFORMADO</gen:logradouro>
      <gen:numero>0</gen:numero>
      <gen:complemento>SEM COMPLEMENTO</gen:complemento>
      <gen:bairro>NAO INFORMADO</gen:bairro>
      <gen:numeroCep>00000000</gen:numeroCep>
      <gen:municipio>AVELINO LOPES</gen:municipio>
      <gen:estado>PI</gen:estado>
      <gen:telefoneFixo>NAO INFORMADO</gen:telefoneFixo>
      <gen:telefoneCelular>NAO INFORMADO</gen:telefoneCelular>
    </aux:endereco>
    <aux:tipoCredor>1</aux:tipoCredor>
    <aux:identificadorFornEstrangeiro>00000000000000000000000000000000000000000000</aux:identificadorFornEstrangeiro>
  </aux:Fornecedor>
  <aux:Fornecedor>
    <aux:cpfCnpjCredor>96744529315</aux:cpfCnpjCredor>
    <aux:nomeDenoOuRazaJuridica>VANDINAR DUARTE MARTINS GRANJA</aux:nomeDenoOuRazaJuridica>
    <aux:endereco>
      <gen:logradouro>AV.SAO JOAO</gen:logradouro>
      <gen:numero>0</gen:numero>
      <gen:complemento>SEM COMPLEMENTO</gen:complemento>
      <gen:bairro>SAO JOAO</gen:bairro>
      <gen:numeroCep>64965000</gen:numeroCep>
      <gen:municipio>AVELINO LOPES</gen:municipio>
      <gen:estado>PI</gen:estado>
      <gen:telefoneFixo>NAO INFORMADO</gen:telefoneFixo>
      <gen:telefoneCelular>NAO INFORMADO</gen:telefoneCelular>
    </aux:endereco>
    <aux:tipoCredor>1</aux:tipoCredor>
    <aux:identificadorFornEstrangeiro>00000000000000000000000000000000000000000000</aux:identificadorFornEstrangeiro>
  </aux:Fornecedor>
  <aux:AgentePolitico>
    <aux:cpfAgenPolitico>01726047377</aux:cpfAgenPolitico>
    <aux:numeroRgAgenPolitico>01492165565</aux:numeroRgAgenPolitico>
    <aux:orgaoExpedidor>SSP BA</aux:orgaoExpedidor>
    <aux:nome>AMINADAB PEREIRA DE SOUSA NETO</aux:nome>
    <aux:email>CONTABILIDADESETOR2021@GMAIL.COM</aux:email>
    <aux:tipoAgenPolitico>1</aux:tipoAgenPolitico>
  </aux:AgentePolitico>
  <aux:AgentePolitico>
    <aux:cpfAgenPolitico>47363088349</aux:cpfAgenPolitico>
    <aux:numeroRgAgenPolitico>00001241606</aux:numeroRgAgenPolitico>
    <aux:orgaoExpedidor>SSP PI</aux:orgaoExpedidor>
    <aux:nome>FLAVIO JOSE ALVES</aux:nome>
    <aux:email>CONTABILIDADESETOR2021@GMAIL.COM</aux:email>
    <aux:tipoAgenPolitico>5</aux:tipoAgenPolitico>
  </aux:AgentePolitico>
  <aux:AgentePolitico>
    <aux:cpfAgenPolitico>56561024320</aux:cpfAgenPolitico>
    <aux:numeroRgAgenPolitico>00001197795</aux:numeroRgAgenPolitico>
    <aux:orgaoExpedidor>SSP PI</aux:orgaoExpedidor>
    <aux:nome>ZELINA PEREIRA DE SOUSA</aux:nome>
    <aux:email>CONTABILIDADESETOR2021@GMAIL.COM</aux:email>
    <aux:tipoAgenPolitico>5</aux:tipoAgenPolitico>
  </aux:AgentePolitico>
  <aux:AgentePolitico>
    <aux:cpfAgenPolitico>88729850304</aux:cpfAgenPolitico>
    <aux:numeroRgAgenPolitico>00000879943</aux:numeroRgAgenPolitico>
    <aux:orgaoExpedidor>SSP PI</aux:orgaoExpedidor>
    <aux:nome>EVERSON FERNANDES DE SOUSA</aux:nome>
    <aux:email>CONTABILIDADESETOR2021@GMAIL.COM</aux:email>
    <aux:tipoAgenPolitico>5</aux:tipoAgenPolitico>
  </aux:AgentePolitico>
  <aux:AgentePolitico>
    <aux:cpfAgenPolitico>00812895371</aux:cpfAgenPolitico>
    <aux:numeroRgAgenPolitico>00002381841</aux:numeroRgAgenPolitico>
    <aux:orgaoExpedidor>SSP PI</aux:orgaoExpedidor>
    <aux:nome>TELMA NERES ALEXANDRE</aux:nome>
    <aux:email>CONTABILIDADESETOR2021@GMAIL.COM</aux:email>
    <aux:tipoAgenPolitico>5</aux:tipoAgenPolitico>
  </aux:AgentePolitico>
  <aux:AgentePolitico>
    <aux:cpfAgenPolitico>45183350310</aux:cpfAgenPolitico>
    <aux:numeroRgAgenPolitico>00001072759</aux:numeroRgAgenPolitico>
    <aux:orgaoExpedidor>SSP-PI</aux:orgaoExpedidor>
    <aux:nome>WASHINGTON ALVES DE SANTANA</aux:nome>
    <aux:email>CONPUBLI.CONTABIL@GMAIL.COM</aux:email>
    <aux:tipoAgenPolitico>4</aux:tipoAgenPolitico>
  </aux:AgentePolitico>
  <aux:AgentePolitico>
    <aux:cpfAgenPolitico>00545524512</aux:cpfAgenPolitico>
    <aux:numeroRgAgenPolitico>01149118008</aux:numeroRgAgenPolitico>
    <aux:orgaoExpedidor>SSP-BA</aux:orgaoExpedidor>
    <aux:nome>KLEBER DIAS DO COUTO</aux:nome>
    <aux:email>CONTABILIDADESETOR2021@GMAIL.COM</aux:email>
    <aux:tipoAgenPolitico>4</aux:tipoAgenPolitico>
  </aux:AgentePolitico>
  <aux:Ordenador>
    <aux:cpfAgenPolitico>01726047377</aux:cpfAgenPolitico>
    <aux:codigoUnidOrcamentaria>020200</aux:codigoUnidOrcamentaria>
    <aux:numeroAtoQueNomeOrdenador>
      <gen:numero>000001</gen:numero>
      <gen:ano>2024</gen:ano>
    </aux:numeroAtoQueNomeOrdenador>
    <aux:dataInicOuFimVigencia>2024-01-01</aux:dataInicOuFimVigencia>
    <aux:tipoDataVigencia>1</aux:tipoDataVigencia>
  </aux:Ordenador>
  <aux:Ordenador>
    <aux:cpfAgenPolitico>01726047377</aux:cpfAgenPolitico>
    <aux:codigoUnidOrcamentaria>020600</aux:codigoUnidOrcamentaria>
    <aux:numeroAtoQueNomeOrdenador>
      <gen:numero>000001</gen:numero>
      <gen:ano>2024</gen:ano>
    </aux:numeroAtoQueNomeOrdenador>
    <aux:dataInicOuFimVigencia>2024-01-01</aux:dataInicOuFimVigencia>
    <aux:tipoDataVigencia>1</aux:tipoDataVigencia>
  </aux:Ordenador>
  <aux:Ordenador>
    <aux:cpfAgenPolitico>00545524512</aux:cpfAgenPolitico>
    <aux:codigoUnidOrcamentaria>010100</aux:codigoUnidOrcamentaria>
    <aux:numeroAtoQueNomeOrdenador>
      <gen:numero>000001</gen:numero>
      <gen:ano>2024</gen:ano>
    </aux:numeroAtoQueNomeOrdenador>
    <aux:dataInicOuFimVigencia>2024-01-01</aux:dataInicOuFimVigencia>
    <aux:tipoDataVigencia>1</aux:tipoDataVigencia>
  </aux:Ordenador>
  <aux:Gestor>
    <aux:cpfAgenPolitico>45183350310</aux:cpfAgenPolitico>
    <aux:codigoUnidOrcamentaria>010100</aux:codigoUnidOrcamentaria>
    <aux:numeroAtoQueNomeGestor>
      <gen:numero>000001</gen:numero>
      <gen:ano>2024</gen:ano>
    </aux:numeroAtoQueNomeGestor>
    <aux:tipoDataVigencia>1</aux:tipoDataVigencia>
    <aux:dataInicOuFimVigencia>2024-01-01</aux:dataInicOuFimVigencia>
  </aux:Gestor>
  <aux:Gestor>
    <aux:cpfAgenPolitico>01726047377</aux:cpfAgenPolitico>
    <aux:codigoUnidOrcamentaria>020200</aux:codigoUnidOrcamentaria>
    <aux:numeroAtoQueNomeGestor>
      <gen:numero>000001</gen:numero>
      <gen:ano>2024</gen:ano>
    </aux:numeroAtoQueNomeGestor>
    <aux:tipoDataVigencia>1</aux:tipoDataVigencia>
    <aux:dataInicOuFimVigencia>2024-01-01</aux:dataInicOuFimVigencia>
  </aux:Gestor>
  <aux:Gestor>
    <aux:cpfAgenPolitico>01726047377</aux:cpfAgenPolitico>
    <aux:codigoUnidOrcamentaria>020600</aux:codigoUnidOrcamentaria>
    <aux:numeroAtoQueNomeGestor>
      <gen:numero>000001</gen:numero>
      <gen:ano>2024</gen:ano>
    </aux:numeroAtoQueNomeGestor>
    <aux:tipoDataVigencia>1</aux:tipoDataVigencia>
    <aux:dataInicOuFimVigencia>2024-01-01</aux:dataInicOuFimVigencia>
  </aux:Gestor>
</aux:CadastrosAuxiliares>
