<?xml version="1.0" encoding="utf-8"?>
<!--FIORILLI SOC. CIVIL LTDA - SOFTWARE-->
<!--ENVIADO POR: BRUNA LORENA-->
<!--VERSAO TCE-PI: 8.25.25.154-->
<!--VERSAO DIARIO RAZAO: 8.25.25.2123-->
<!--VERSAO EVENTOS: 2314-->
<emp:EmpenhoseRP xmlns:emp="http://www.tce.pi.gov.br/sagres2021/xml/empenhoseRP" xmlns:gen="http://www.tce.pi.gov.br/sagres2021/xml/genericos" xmlns:tab="http://www.tce.pi.gov.br/sagres2021/xml/tabelasInternas" xmlns:aux="http://www.tce.pi.gov.br/sagres2021/xml/cadastrosAuxiliares">
  <emp:PrestacaoContas>
    <aux:codigoUnidGestora>101017</aux:codigoUnidGestora>
    <aux:nomeUnidGestora>CAMARA MUNICIPAL DE AVELINO LOPES</aux:nomeUnidGestora>
    <aux:cpfContador>70919992315</aux:cpfContador>
    <aux:cpfGestor>00545524512</aux:cpfGestor>
    <aux:anoReferencia>2021</aux:anoReferencia>
    <aux:mesReferencia>05</aux:mesReferencia>
    <aux:versaoXml>0</aux:versaoXml>
    <aux:diaInicPresContas>01</aux:diaInicPresContas>
    <aux:diaFinaPresContas>31</aux:diaFinaPresContas>
  </emp:PrestacaoContas>
  <emp:Empenho>
    <emp:codigoUnidOrcamentaria>010100</emp:codigoUnidOrcamentaria>
    <emp:codigoFuncao>1</emp:codigoFuncao>
    <emp:codigoSubFuncao>31</emp:codigoSubFuncao>
    <emp:codigoPrograma>0001</emp:codigoPrograma>
    <emp:codigoAcao>2001</emp:codigoAcao>
    <emp:codigoCateEconomica>3</emp:codigoCateEconomica>
    <emp:codigoNatuDespesa>3</emp:codigoNatuDespesa>
    <emp:codigoModaAplicacao>90</emp:codigoModaAplicacao>
    <emp:codigoElemDespesa>39</emp:codigoElemDespesa>
    <emp:fonteRecurso>
      <gen:ioc>1</gen:ioc>
      <gen:tipoFontRecurso>001</gen:tipoFontRecurso>
      <gen:tipoCompFontRecurso>9999</gen:tipoCompFontRecurso>
    </emp:fonteRecurso>
    <emp:codigoSubeDespesa>3929</emp:codigoSubeDespesa>
    <emp:anoEmisEmpenho>2021</emp:anoEmisEmpenho>
    <emp:numeroEmpenho>0503001</emp:numeroEmpenho>
    <emp:dataEmisEmpenho>2021-05-03</emp:dataEmisEmpenho>
    <emp:historicoEmpenho>VALOR QUE SE EMPENHA PARA PAGAMENTO DE SERVICOS PRESTADOS COM ENERGIA ELETRICA.</emp:historicoEmpenho>
    <emp:cpfOrdeDespesa>00545524512</emp:cpfOrdeDespesa>
    <emp:cpfCnpjCredor>06840748000189</emp:cpfCnpjCredor>
    <emp:codigoAplicacao>100</emp:codigoAplicacao>
    <emp:tipoEmpenho>1</emp:tipoEmpenho>
    <emp:valorEmpenho>0000000000214.39</emp:valorEmpenho>
    <emp:numeroContTce></emp:numeroContTce>
  </emp:Empenho>
  <emp:Empenho>
    <emp:codigoUnidOrcamentaria>010100</emp:codigoUnidOrcamentaria>
    <emp:codigoFuncao>1</emp:codigoFuncao>
    <emp:codigoSubFuncao>31</emp:codigoSubFuncao>
    <emp:codigoPrograma>0001</emp:codigoPrograma>
    <emp:codigoAcao>2001</emp:codigoAcao>
    <emp:codigoCateEconomica>3</emp:codigoCateEconomica>
    <emp:codigoNatuDespesa>3</emp:codigoNatuDespesa>
    <emp:codigoModaAplicacao>90</emp:codigoModaAplicacao>
    <emp:codigoElemDespesa>39</emp:codigoElemDespesa>
    <emp:fonteRecurso>
      <gen:ioc>1</gen:ioc>
      <gen:tipoFontRecurso>001</gen:tipoFontRecurso>
      <gen:tipoCompFontRecurso>9999</gen:tipoCompFontRecurso>
    </emp:fonteRecurso>
    <emp:codigoSubeDespesa>3957</emp:codigoSubeDespesa>
    <emp:anoEmisEmpenho>2021</emp:anoEmisEmpenho>
    <emp:numeroEmpenho>0517001</emp:numeroEmpenho>
    <emp:dataEmisEmpenho>2021-05-17</emp:dataEmisEmpenho>
    <emp:historicoEmpenho>VALOR QUE SE EMPENHA PARA PAGAMENTO DE SERVICO ESPECIALIZADO NO RAMO TECNOLOGIA DA INFORMATIZACAO, PARA DESENVOLVIMENTO, ALIMENTACAO E ATUALIZACAO DO PORTAL DA TRANSPARENCIA DESTA CAMARA.</emp:historicoEmpenho>
    <emp:cpfOrdeDespesa>00545524512</emp:cpfOrdeDespesa>
    <emp:cpfCnpjCredor>29131121000154</emp:cpfCnpjCredor>
    <emp:codigoAplicacao>100</emp:codigoAplicacao>
    <emp:tipoEmpenho>1</emp:tipoEmpenho>
    <emp:valorEmpenho>0000000000900.00</emp:valorEmpenho>
    <emp:numeroContTce></emp:numeroContTce>
  </emp:Empenho>
  <emp:Empenho>
    <emp:codigoUnidOrcamentaria>010100</emp:codigoUnidOrcamentaria>
    <emp:codigoFuncao>1</emp:codigoFuncao>
    <emp:codigoSubFuncao>31</emp:codigoSubFuncao>
    <emp:codigoPrograma>0001</emp:codigoPrograma>
    <emp:codigoAcao>2001</emp:codigoAcao>
    <emp:codigoCateEconomica>3</emp:codigoCateEconomica>
    <emp:codigoNatuDespesa>3</emp:codigoNatuDespesa>
    <emp:codigoModaAplicacao>90</emp:codigoModaAplicacao>
    <emp:codigoElemDespesa>36</emp:codigoElemDespesa>
    <emp:fonteRecurso>
      <gen:ioc>1</gen:ioc>
      <gen:tipoFontRecurso>001</gen:tipoFontRecurso>
      <gen:tipoCompFontRecurso>9999</gen:tipoCompFontRecurso>
    </emp:fonteRecurso>
    <emp:codigoSubeDespesa>3627</emp:codigoSubeDespesa>
    <emp:anoEmisEmpenho>2021</emp:anoEmisEmpenho>
    <emp:numeroEmpenho>0517002</emp:numeroEmpenho>
    <emp:dataEmisEmpenho>2021-05-17</emp:dataEmisEmpenho>
    <emp:historicoEmpenho>VALOR QUE SE EMPENHA PARA PAGAMENTO DE PRESTACAO DE SERVICOS DE CONFECCAO DE FOLHA DE PAGAMENTO, WEB, RAIS, DIRF, GFIP.</emp:historicoEmpenho>
    <emp:cpfOrdeDespesa>00545524512</emp:cpfOrdeDespesa>
    <emp:cpfCnpjCredor>01842601326</emp:cpfCnpjCredor>
    <emp:codigoAplicacao>100</emp:codigoAplicacao>
    <emp:tipoEmpenho>1</emp:tipoEmpenho>
    <emp:valorEmpenho>0000000001300.00</emp:valorEmpenho>
    <emp:numeroContTce></emp:numeroContTce>
  </emp:Empenho>
  <emp:Empenho>
    <emp:codigoUnidOrcamentaria>010100</emp:codigoUnidOrcamentaria>
    <emp:codigoFuncao>1</emp:codigoFuncao>
    <emp:codigoSubFuncao>31</emp:codigoSubFuncao>
    <emp:codigoPrograma>0001</emp:codigoPrograma>
    <emp:codigoAcao>2001</emp:codigoAcao>
    <emp:codigoCateEconomica>3</emp:codigoCateEconomica>
    <emp:codigoNatuDespesa>3</emp:codigoNatuDespesa>
    <emp:codigoModaAplicacao>90</emp:codigoModaAplicacao>
    <emp:codigoElemDespesa>39</emp:codigoElemDespesa>
    <emp:fonteRecurso>
      <gen:ioc>1</gen:ioc>
      <gen:tipoFontRecurso>001</gen:tipoFontRecurso>
      <gen:tipoCompFontRecurso>9999</gen:tipoCompFontRecurso>
    </emp:fonteRecurso>
    <emp:codigoSubeDespesa>3917</emp:codigoSubeDespesa>
    <emp:anoEmisEmpenho>2021</emp:anoEmisEmpenho>
    <emp:numeroEmpenho>0518001</emp:numeroEmpenho>
    <emp:dataEmisEmpenho>2021-05-18</emp:dataEmisEmpenho>
    <emp:historicoEmpenho>VALOR QUE SE EMPENHA PARA PAGAMENTO DE SERVICOS PRESTADOS NA MANUTENCAO E INTALACAO DE AR CONDICIONADOS.</emp:historicoEmpenho>
    <emp:cpfOrdeDespesa>00545524512</emp:cpfOrdeDespesa>
    <emp:cpfCnpjCredor>40622430000160</emp:cpfCnpjCredor>
    <emp:codigoAplicacao>100</emp:codigoAplicacao>
    <emp:tipoEmpenho>1</emp:tipoEmpenho>
    <emp:valorEmpenho>0000000001540.00</emp:valorEmpenho>
    <emp:numeroContTce></emp:numeroContTce>
  </emp:Empenho>
  <emp:Empenho>
    <emp:codigoUnidOrcamentaria>010100</emp:codigoUnidOrcamentaria>
    <emp:codigoFuncao>1</emp:codigoFuncao>
    <emp:codigoSubFuncao>31</emp:codigoSubFuncao>
    <emp:codigoPrograma>0001</emp:codigoPrograma>
    <emp:codigoAcao>2001</emp:codigoAcao>
    <emp:codigoCateEconomica>3</emp:codigoCateEconomica>
    <emp:codigoNatuDespesa>1</emp:codigoNatuDespesa>
    <emp:codigoModaAplicacao>90</emp:codigoModaAplicacao>
    <emp:codigoElemDespesa>13</emp:codigoElemDespesa>
    <emp:fonteRecurso>
      <gen:ioc>1</gen:ioc>
      <gen:tipoFontRecurso>001</gen:tipoFontRecurso>
      <gen:tipoCompFontRecurso>9999</gen:tipoCompFontRecurso>
    </emp:fonteRecurso>
    <emp:codigoSubeDespesa>1302</emp:codigoSubeDespesa>
    <emp:anoEmisEmpenho>2021</emp:anoEmisEmpenho>
    <emp:numeroEmpenho>0518002</emp:numeroEmpenho>
    <emp:dataEmisEmpenho>2021-05-18</emp:dataEmisEmpenho>
    <emp:historicoEmpenho>REFERENTE A EMPENHO DE DESPESA COM CONTRIBUICAO AO INSS PARTE PATRONAL.</emp:historicoEmpenho>
    <emp:cpfOrdeDespesa>00545524512</emp:cpfOrdeDespesa>
    <emp:cpfCnpjCredor>29979036000140</emp:cpfCnpjCredor>
    <emp:codigoAplicacao>100</emp:codigoAplicacao>
    <emp:tipoEmpenho>1</emp:tipoEmpenho>
    <emp:valorEmpenho>0000000000231.00</emp:valorEmpenho>
    <emp:numeroContTce></emp:numeroContTce>
  </emp:Empenho>
  <emp:Empenho>
    <emp:codigoUnidOrcamentaria>010100</emp:codigoUnidOrcamentaria>
    <emp:codigoFuncao>1</emp:codigoFuncao>
    <emp:codigoSubFuncao>31</emp:codigoSubFuncao>
    <emp:codigoPrograma>0001</emp:codigoPrograma>
    <emp:codigoAcao>2001</emp:codigoAcao>
    <emp:codigoCateEconomica>3</emp:codigoCateEconomica>
    <emp:codigoNatuDespesa>1</emp:codigoNatuDespesa>
    <emp:codigoModaAplicacao>90</emp:codigoModaAplicacao>
    <emp:codigoElemDespesa>13</emp:codigoElemDespesa>
    <emp:fonteRecurso>
      <gen:ioc>1</gen:ioc>
      <gen:tipoFontRecurso>001</gen:tipoFontRecurso>
      <gen:tipoCompFontRecurso>9999</gen:tipoCompFontRecurso>
    </emp:fonteRecurso>
    <emp:codigoSubeDespesa>1302</emp:codigoSubeDespesa>
    <emp:anoEmisEmpenho>2021</emp:anoEmisEmpenho>
    <emp:numeroEmpenho>0518003</emp:numeroEmpenho>
    <emp:dataEmisEmpenho>2021-05-18</emp:dataEmisEmpenho>
    <emp:historicoEmpenho>REFERENTE A EMPENHO DE DESPESA COM CONTRIBUICAO AO INSS PARTE PATRONAL.</emp:historicoEmpenho>
    <emp:cpfOrdeDespesa>00545524512</emp:cpfOrdeDespesa>
    <emp:cpfCnpjCredor>29979036000140</emp:cpfCnpjCredor>
    <emp:codigoAplicacao>100</emp:codigoAplicacao>
    <emp:tipoEmpenho>1</emp:tipoEmpenho>
    <emp:valorEmpenho>0000000001018.60</emp:valorEmpenho>
    <emp:numeroContTce></emp:numeroContTce>
  </emp:Empenho>
  <emp:Empenho>
    <emp:codigoUnidOrcamentaria>010100</emp:codigoUnidOrcamentaria>
    <emp:codigoFuncao>1</emp:codigoFuncao>
    <emp:codigoSubFuncao>31</emp:codigoSubFuncao>
    <emp:codigoPrograma>0001</emp:codigoPrograma>
    <emp:codigoAcao>2001</emp:codigoAcao>
    <emp:codigoCateEconomica>3</emp:codigoCateEconomica>
    <emp:codigoNatuDespesa>1</emp:codigoNatuDespesa>
    <emp:codigoModaAplicacao>90</emp:codigoModaAplicacao>
    <emp:codigoElemDespesa>13</emp:codigoElemDespesa>
    <emp:fonteRecurso>
      <gen:ioc>1</gen:ioc>
      <gen:tipoFontRecurso>001</gen:tipoFontRecurso>
      <gen:tipoCompFontRecurso>9999</gen:tipoCompFontRecurso>
    </emp:fonteRecurso>
    <emp:codigoSubeDespesa>1302</emp:codigoSubeDespesa>
    <emp:anoEmisEmpenho>2021</emp:anoEmisEmpenho>
    <emp:numeroEmpenho>0518004</emp:numeroEmpenho>
    <emp:dataEmisEmpenho>2021-05-18</emp:dataEmisEmpenho>
    <emp:historicoEmpenho>REFERENTE A EMPENHO DE DESPESA COM CONTRIBUICAO AO INSS PARTE PATRONAL.</emp:historicoEmpenho>
    <emp:cpfOrdeDespesa>00545524512</emp:cpfOrdeDespesa>
    <emp:cpfCnpjCredor>29979036000140</emp:cpfCnpjCredor>
    <emp:codigoAplicacao>100</emp:codigoAplicacao>
    <emp:tipoEmpenho>1</emp:tipoEmpenho>
    <emp:valorEmpenho>0000000009504.00</emp:valorEmpenho>
    <emp:numeroContTce></emp:numeroContTce>
  </emp:Empenho>
  <emp:Empenho>
    <emp:codigoUnidOrcamentaria>010100</emp:codigoUnidOrcamentaria>
    <emp:codigoFuncao>1</emp:codigoFuncao>
    <emp:codigoSubFuncao>31</emp:codigoSubFuncao>
    <emp:codigoPrograma>0001</emp:codigoPrograma>
    <emp:codigoAcao>2001</emp:codigoAcao>
    <emp:codigoCateEconomica>3</emp:codigoCateEconomica>
    <emp:codigoNatuDespesa>3</emp:codigoNatuDespesa>
    <emp:codigoModaAplicacao>90</emp:codigoModaAplicacao>
    <emp:codigoElemDespesa>36</emp:codigoElemDespesa>
    <emp:fonteRecurso>
      <gen:ioc>1</gen:ioc>
      <gen:tipoFontRecurso>001</gen:tipoFontRecurso>
      <gen:tipoCompFontRecurso>9999</gen:tipoCompFontRecurso>
    </emp:fonteRecurso>
    <emp:codigoSubeDespesa>3627</emp:codigoSubeDespesa>
    <emp:anoEmisEmpenho>2021</emp:anoEmisEmpenho>
    <emp:numeroEmpenho>0518005</emp:numeroEmpenho>
    <emp:dataEmisEmpenho>2021-05-18</emp:dataEmisEmpenho>
    <emp:historicoEmpenho>VALOR QUE SE EMPENHA PARA PAGAMENTO DE PRESTACAO DE SERVICOS DE ASSESSORIA JURIDICA PARA A CAMARA MUNICIPAL, REFERENTE AO MES DE MAIO DE 2021.</emp:historicoEmpenho>
    <emp:cpfOrdeDespesa>00545524512</emp:cpfOrdeDespesa>
    <emp:cpfCnpjCredor>02591658323</emp:cpfCnpjCredor>
    <emp:codigoAplicacao>100</emp:codigoAplicacao>
    <emp:tipoEmpenho>1</emp:tipoEmpenho>
    <emp:valorEmpenho>0000000004000.00</emp:valorEmpenho>
    <emp:numeroContTce></emp:numeroContTce>
  </emp:Empenho>
  <emp:Empenho>
    <emp:codigoUnidOrcamentaria>010100</emp:codigoUnidOrcamentaria>
    <emp:codigoFuncao>1</emp:codigoFuncao>
    <emp:codigoSubFuncao>31</emp:codigoSubFuncao>
    <emp:codigoPrograma>0001</emp:codigoPrograma>
    <emp:codigoAcao>2001</emp:codigoAcao>
    <emp:codigoCateEconomica>3</emp:codigoCateEconomica>
    <emp:codigoNatuDespesa>1</emp:codigoNatuDespesa>
    <emp:codigoModaAplicacao>90</emp:codigoModaAplicacao>
    <emp:codigoElemDespesa>11</emp:codigoElemDespesa>
    <emp:fonteRecurso>
      <gen:ioc>1</gen:ioc>
      <gen:tipoFontRecurso>001</gen:tipoFontRecurso>
      <gen:tipoCompFontRecurso>9999</gen:tipoCompFontRecurso>
    </emp:fonteRecurso>
    <emp:codigoSubeDespesa>1101</emp:codigoSubeDespesa>
    <emp:anoEmisEmpenho>2021</emp:anoEmisEmpenho>
    <emp:numeroEmpenho>0518006</emp:numeroEmpenho>
    <emp:dataEmisEmpenho>2021-05-18</emp:dataEmisEmpenho>
    <emp:historicoEmpenho>VALOR QUE SE EMPENHA PARA PAGAMENTO DE VENCIMENTOS E VANTAGENS FIXAS DE PESSOAL CONFORME FOLHA DE PAGAMENTO, REFERENTE AO MES DE MAIO DE 2021.</emp:historicoEmpenho>
    <emp:cpfOrdeDespesa>00545524512</emp:cpfOrdeDespesa>
    <emp:cpfCnpjCredor>00000000000000</emp:cpfCnpjCredor>
    <emp:codigoAplicacao>100</emp:codigoAplicacao>
    <emp:tipoEmpenho>1</emp:tipoEmpenho>
    <emp:valorEmpenho>0000000004630.00</emp:valorEmpenho>
    <emp:numeroContTce></emp:numeroContTce>
  </emp:Empenho>
  <emp:Empenho>
    <emp:codigoUnidOrcamentaria>010100</emp:codigoUnidOrcamentaria>
    <emp:codigoFuncao>1</emp:codigoFuncao>
    <emp:codigoSubFuncao>31</emp:codigoSubFuncao>
    <emp:codigoPrograma>0001</emp:codigoPrograma>
    <emp:codigoAcao>2001</emp:codigoAcao>
    <emp:codigoCateEconomica>3</emp:codigoCateEconomica>
    <emp:codigoNatuDespesa>1</emp:codigoNatuDespesa>
    <emp:codigoModaAplicacao>90</emp:codigoModaAplicacao>
    <emp:codigoElemDespesa>11</emp:codigoElemDespesa>
    <emp:fonteRecurso>
      <gen:ioc>1</gen:ioc>
      <gen:tipoFontRecurso>001</gen:tipoFontRecurso>
      <gen:tipoCompFontRecurso>9999</gen:tipoCompFontRecurso>
    </emp:fonteRecurso>
    <emp:codigoSubeDespesa>1101</emp:codigoSubeDespesa>
    <emp:anoEmisEmpenho>2021</emp:anoEmisEmpenho>
    <emp:numeroEmpenho>0518007</emp:numeroEmpenho>
    <emp:dataEmisEmpenho>2021-05-18</emp:dataEmisEmpenho>
    <emp:historicoEmpenho>VALOR QUE SE EMPENHA PARA PAGAMENTO DE VENCIMENTOS E VANTAGENS FIXAS DE PESSOAL CONFORME FOLHA DE PAGAMENTO, REFERENTE AO MES DE MAIO DE 2021.</emp:historicoEmpenho>
    <emp:cpfOrdeDespesa>00545524512</emp:cpfOrdeDespesa>
    <emp:cpfCnpjCredor>00000000000000</emp:cpfCnpjCredor>
    <emp:codigoAplicacao>100</emp:codigoAplicacao>
    <emp:tipoEmpenho>1</emp:tipoEmpenho>
    <emp:valorEmpenho>0000000001100.00</emp:valorEmpenho>
    <emp:numeroContTce></emp:numeroContTce>
  </emp:Empenho>
  <emp:Empenho>
    <emp:codigoUnidOrcamentaria>010100</emp:codigoUnidOrcamentaria>
    <emp:codigoFuncao>1</emp:codigoFuncao>
    <emp:codigoSubFuncao>31</emp:codigoSubFuncao>
    <emp:codigoPrograma>0001</emp:codigoPrograma>
    <emp:codigoAcao>2001</emp:codigoAcao>
    <emp:codigoCateEconomica>3</emp:codigoCateEconomica>
    <emp:codigoNatuDespesa>1</emp:codigoNatuDespesa>
    <emp:codigoModaAplicacao>90</emp:codigoModaAplicacao>
    <emp:codigoElemDespesa>11</emp:codigoElemDespesa>
    <emp:fonteRecurso>
      <gen:ioc>1</gen:ioc>
      <gen:tipoFontRecurso>001</gen:tipoFontRecurso>
      <gen:tipoCompFontRecurso>9999</gen:tipoCompFontRecurso>
    </emp:fonteRecurso>
    <emp:codigoSubeDespesa>1175</emp:codigoSubeDespesa>
    <emp:anoEmisEmpenho>2021</emp:anoEmisEmpenho>
    <emp:numeroEmpenho>0518008</emp:numeroEmpenho>
    <emp:dataEmisEmpenho>2021-05-18</emp:dataEmisEmpenho>
    <emp:historicoEmpenho>VALOR QUE SE EMPENHA PARA PAGAMENTO DE VENCIMENTOS E VANTAGENS FIXAS DE PESSOAL CONFORME FOLHA DE PAGAMENTO, REFERENTE AO MES DE MAIO DE 2021.</emp:historicoEmpenho>
    <emp:cpfOrdeDespesa>00545524512</emp:cpfOrdeDespesa>
    <emp:cpfCnpjCredor>00000000000000</emp:cpfCnpjCredor>
    <emp:codigoAplicacao>100</emp:codigoAplicacao>
    <emp:tipoEmpenho>1</emp:tipoEmpenho>
    <emp:valorEmpenho>0000000043200.00</emp:valorEmpenho>
    <emp:numeroContTce></emp:numeroContTce>
  </emp:Empenho>
  <emp:Empenho>
    <emp:codigoUnidOrcamentaria>010100</emp:codigoUnidOrcamentaria>
    <emp:codigoFuncao>1</emp:codigoFuncao>
    <emp:codigoSubFuncao>31</emp:codigoSubFuncao>
    <emp:codigoPrograma>0001</emp:codigoPrograma>
    <emp:codigoAcao>2001</emp:codigoAcao>
    <emp:codigoCateEconomica>3</emp:codigoCateEconomica>
    <emp:codigoNatuDespesa>3</emp:codigoNatuDespesa>
    <emp:codigoModaAplicacao>90</emp:codigoModaAplicacao>
    <emp:codigoElemDespesa>39</emp:codigoElemDespesa>
    <emp:fonteRecurso>
      <gen:ioc>1</gen:ioc>
      <gen:tipoFontRecurso>001</gen:tipoFontRecurso>
      <gen:tipoCompFontRecurso>9999</gen:tipoCompFontRecurso>
    </emp:fonteRecurso>
    <emp:codigoSubeDespesa>3959</emp:codigoSubeDespesa>
    <emp:anoEmisEmpenho>2021</emp:anoEmisEmpenho>
    <emp:numeroEmpenho>0520001</emp:numeroEmpenho>
    <emp:dataEmisEmpenho>2021-05-20</emp:dataEmisEmpenho>
    <emp:historicoEmpenho>VALOR QUE SE EMPENHA REFERENTE PAGAMENTO DE TARIFAS BANCARIAS.</emp:historicoEmpenho>
    <emp:cpfOrdeDespesa>00545524512</emp:cpfOrdeDespesa>
    <emp:cpfCnpjCredor>00000000000191</emp:cpfCnpjCredor>
    <emp:codigoAplicacao>100</emp:codigoAplicacao>
    <emp:tipoEmpenho>1</emp:tipoEmpenho>
    <emp:valorEmpenho>0000000000062.70</emp:valorEmpenho>
    <emp:numeroContTce></emp:numeroContTce>
  </emp:Empenho>
  <emp:Empenho>
    <emp:codigoUnidOrcamentaria>010100</emp:codigoUnidOrcamentaria>
    <emp:codigoFuncao>1</emp:codigoFuncao>
    <emp:codigoSubFuncao>31</emp:codigoSubFuncao>
    <emp:codigoPrograma>0001</emp:codigoPrograma>
    <emp:codigoAcao>2001</emp:codigoAcao>
    <emp:codigoCateEconomica>3</emp:codigoCateEconomica>
    <emp:codigoNatuDespesa>3</emp:codigoNatuDespesa>
    <emp:codigoModaAplicacao>90</emp:codigoModaAplicacao>
    <emp:codigoElemDespesa>36</emp:codigoElemDespesa>
    <emp:fonteRecurso>
      <gen:ioc>1</gen:ioc>
      <gen:tipoFontRecurso>001</gen:tipoFontRecurso>
      <gen:tipoCompFontRecurso>9999</gen:tipoCompFontRecurso>
    </emp:fonteRecurso>
    <emp:codigoSubeDespesa>3620</emp:codigoSubeDespesa>
    <emp:anoEmisEmpenho>2021</emp:anoEmisEmpenho>
    <emp:numeroEmpenho>0520002</emp:numeroEmpenho>
    <emp:dataEmisEmpenho>2021-05-20</emp:dataEmisEmpenho>
    <emp:historicoEmpenho>VALOR QUE SE EMPENHA PARA PAGAMENTO DE SERVICOS DE CONFECCAO DE SALGADOS, BOLOS E DOCES PARA A CAMARA MUNICIPAL DE AVELINO LOPES.</emp:historicoEmpenho>
    <emp:cpfOrdeDespesa>00545524512</emp:cpfOrdeDespesa>
    <emp:cpfCnpjCredor>95849181334</emp:cpfCnpjCredor>
    <emp:codigoAplicacao>100</emp:codigoAplicacao>
    <emp:tipoEmpenho>1</emp:tipoEmpenho>
    <emp:valorEmpenho>0000000000700.00</emp:valorEmpenho>
    <emp:numeroContTce></emp:numeroContTce>
  </emp:Empenho>
  <emp:Empenho>
    <emp:codigoUnidOrcamentaria>010100</emp:codigoUnidOrcamentaria>
    <emp:codigoFuncao>1</emp:codigoFuncao>
    <emp:codigoSubFuncao>31</emp:codigoSubFuncao>
    <emp:codigoPrograma>0001</emp:codigoPrograma>
    <emp:codigoAcao>2001</emp:codigoAcao>
    <emp:codigoCateEconomica>3</emp:codigoCateEconomica>
    <emp:codigoNatuDespesa>3</emp:codigoNatuDespesa>
    <emp:codigoModaAplicacao>90</emp:codigoModaAplicacao>
    <emp:codigoElemDespesa>36</emp:codigoElemDespesa>
    <emp:fonteRecurso>
      <gen:ioc>1</gen:ioc>
      <gen:tipoFontRecurso>001</gen:tipoFontRecurso>
      <gen:tipoCompFontRecurso>9999</gen:tipoCompFontRecurso>
    </emp:fonteRecurso>
    <emp:codigoSubeDespesa>3616</emp:codigoSubeDespesa>
    <emp:anoEmisEmpenho>2021</emp:anoEmisEmpenho>
    <emp:numeroEmpenho>0520003</emp:numeroEmpenho>
    <emp:dataEmisEmpenho>2021-05-20</emp:dataEmisEmpenho>
    <emp:historicoEmpenho>VALOR QUE SE EMPENHA PARA PAGAMENTO DE SERVICOS PRESTADOS COM MANUTENCAO DE COMPUTADORES, MANUTENCAO DE IMPRESSORA E FORNECIMENTO DE INTERNET, REFERENTE AO MES DE MAIO DE 2021.</emp:historicoEmpenho>
    <emp:cpfOrdeDespesa>00545524512</emp:cpfOrdeDespesa>
    <emp:cpfCnpjCredor>01453379363</emp:cpfCnpjCredor>
    <emp:codigoAplicacao>100</emp:codigoAplicacao>
    <emp:tipoEmpenho>1</emp:tipoEmpenho>
    <emp:valorEmpenho>0000000000200.00</emp:valorEmpenho>
    <emp:numeroContTce></emp:numeroContTce>
  </emp:Empenho>
  <emp:Empenho>
    <emp:codigoUnidOrcamentaria>010100</emp:codigoUnidOrcamentaria>
    <emp:codigoFuncao>1</emp:codigoFuncao>
    <emp:codigoSubFuncao>31</emp:codigoSubFuncao>
    <emp:codigoPrograma>0001</emp:codigoPrograma>
    <emp:codigoAcao>2001</emp:codigoAcao>
    <emp:codigoCateEconomica>3</emp:codigoCateEconomica>
    <emp:codigoNatuDespesa>3</emp:codigoNatuDespesa>
    <emp:codigoModaAplicacao>90</emp:codigoModaAplicacao>
    <emp:codigoElemDespesa>14</emp:codigoElemDespesa>
    <emp:fonteRecurso>
      <gen:ioc>1</gen:ioc>
      <gen:tipoFontRecurso>001</gen:tipoFontRecurso>
      <gen:tipoCompFontRecurso>9999</gen:tipoCompFontRecurso>
    </emp:fonteRecurso>
    <emp:codigoSubeDespesa>1401</emp:codigoSubeDespesa>
    <emp:anoEmisEmpenho>2021</emp:anoEmisEmpenho>
    <emp:numeroEmpenho>0520004</emp:numeroEmpenho>
    <emp:dataEmisEmpenho>2021-05-20</emp:dataEmisEmpenho>
    <emp:historicoEmpenho>VALOR QUE SE EMPENHA PARA PAGAMENTO DE DIARIAS PARA VEREADOR PARA TRATAR DE ASSUNTOS RELATIVOS A CAMARA MUNICIPAL.</emp:historicoEmpenho>
    <emp:cpfOrdeDespesa>00545524512</emp:cpfOrdeDespesa>
    <emp:cpfCnpjCredor>13986622837</emp:cpfCnpjCredor>
    <emp:codigoAplicacao>100</emp:codigoAplicacao>
    <emp:tipoEmpenho>1</emp:tipoEmpenho>
    <emp:valorEmpenho>0000000000770.00</emp:valorEmpenho>
    <emp:numeroContTce></emp:numeroContTce>
  </emp:Empenho>
  <emp:Retencao>
    <emp:codigoUnidOrcamentaria>010100</emp:codigoUnidOrcamentaria>
    <emp:anoEmisEmpenho>2021</emp:anoEmisEmpenho>
    <emp:numeroEmpenho>0518006</emp:numeroEmpenho>
    <emp:numeroDocuLiquidacao>0000001</emp:numeroDocuLiquidacao>
    <emp:tipoRetencao>5</emp:tipoRetencao>
    <emp:tipoOrigRetencao>2</emp:tipoOrigRetencao>
    <emp:cpfCnpjCredor>23624174000120</emp:cpfCnpjCredor>
    <emp:valorRetencao>0000000000412.28</emp:valorRetencao>
  </emp:Retencao>
  <emp:Retencao>
    <emp:codigoUnidOrcamentaria>010100</emp:codigoUnidOrcamentaria>
    <emp:anoEmisEmpenho>2021</emp:anoEmisEmpenho>
    <emp:numeroEmpenho>0518006</emp:numeroEmpenho>
    <emp:numeroDocuLiquidacao>0000001</emp:numeroDocuLiquidacao>
    <emp:tipoRetencao>9</emp:tipoRetencao>
    <emp:tipoOrigRetencao>2</emp:tipoOrigRetencao>
    <emp:cpfCnpjCredor>23624174000120</emp:cpfCnpjCredor>
    <emp:valorRetencao>0000000000367.39</emp:valorRetencao>
  </emp:Retencao>
  <emp:Retencao>
    <emp:codigoUnidOrcamentaria>010100</emp:codigoUnidOrcamentaria>
    <emp:anoEmisEmpenho>2021</emp:anoEmisEmpenho>
    <emp:numeroEmpenho>0518007</emp:numeroEmpenho>
    <emp:numeroDocuLiquidacao>0000001</emp:numeroDocuLiquidacao>
    <emp:tipoRetencao>9</emp:tipoRetencao>
    <emp:tipoOrigRetencao>2</emp:tipoOrigRetencao>
    <emp:cpfCnpjCredor>23624174000120</emp:cpfCnpjCredor>
    <emp:valorRetencao>0000000000082.50</emp:valorRetencao>
  </emp:Retencao>
  <emp:Retencao>
    <emp:codigoUnidOrcamentaria>010100</emp:codigoUnidOrcamentaria>
    <emp:anoEmisEmpenho>2021</emp:anoEmisEmpenho>
    <emp:numeroEmpenho>0518008</emp:numeroEmpenho>
    <emp:numeroDocuLiquidacao>0000001</emp:numeroDocuLiquidacao>
    <emp:tipoRetencao>2</emp:tipoRetencao>
    <emp:tipoOrigRetencao>2</emp:tipoOrigRetencao>
    <emp:cpfCnpjCredor>02211192300</emp:cpfCnpjCredor>
    <emp:valorRetencao>0000000002935.17</emp:valorRetencao>
  </emp:Retencao>
  <emp:Retencao>
    <emp:codigoUnidOrcamentaria>010100</emp:codigoUnidOrcamentaria>
    <emp:anoEmisEmpenho>2021</emp:anoEmisEmpenho>
    <emp:numeroEmpenho>0518008</emp:numeroEmpenho>
    <emp:numeroDocuLiquidacao>0000001</emp:numeroDocuLiquidacao>
    <emp:tipoRetencao>5</emp:tipoRetencao>
    <emp:tipoOrigRetencao>2</emp:tipoOrigRetencao>
    <emp:cpfCnpjCredor>02211192300</emp:cpfCnpjCredor>
    <emp:valorRetencao>0000000008405.66</emp:valorRetencao>
  </emp:Retencao>
  <emp:Retencao>
    <emp:codigoUnidOrcamentaria>010100</emp:codigoUnidOrcamentaria>
    <emp:anoEmisEmpenho>2021</emp:anoEmisEmpenho>
    <emp:numeroEmpenho>0518008</emp:numeroEmpenho>
    <emp:numeroDocuLiquidacao>0000001</emp:numeroDocuLiquidacao>
    <emp:tipoRetencao>9</emp:tipoRetencao>
    <emp:tipoOrigRetencao>2</emp:tipoOrigRetencao>
    <emp:cpfCnpjCredor>02211192300</emp:cpfCnpjCredor>
    <emp:valorRetencao>0000000004709.43</emp:valorRetencao>
  </emp:Retencao>
</emp:EmpenhoseRP>
