<?xml version="1.0" encoding="utf-8"?>
<!--FIORILLI SOC. CIVIL LTDA - SOFTWARE-->
<!--ENVIADO POR: MARCELO-->
<!--VERSAO TCE-PI: 8.25.25.123-->
<!--VERSAO DIARIO RAZAO: 8.21.25.2000-->
<!--VERSAO EVENTOS: 2201-->
<aux:CadastrosAuxiliares xmlns:aux="http://www.tce.pi.gov.br/sagres2020/xml/cadastrosAuxiliares" xmlns:gen="http://www.tce.pi.gov.br/sagres2020/xml/genericos" xmlns:tab="http://www.tce.pi.gov.br/sagres2020/xml/tabelasInternas">
  <aux:PrestacaoContas>
    <aux:codigoUnidGestora>101017</aux:codigoUnidGestora>
    <aux:nomeUnidGestora>CAMARA MUNICIPAL DE AVELINO LOPES</aux:nomeUnidGestora>
    <aux:cpfContador>30912067349</aux:cpfContador>
    <aux:cpfGestor>78118425304</aux:cpfGestor>
    <aux:anoReferencia>2020</aux:anoReferencia>
    <aux:mesReferencia>12</aux:mesReferencia>
    <aux:versaoXml>0</aux:versaoXml>
    <aux:diaInicPresContas>01</aux:diaInicPresContas>
    <aux:diaFinaPresContas>31</aux:diaFinaPresContas>
  </aux:PrestacaoContas>
  <aux:Decreto>
    <aux:numeroDecreto>
      <gen:numero>000004</gen:numero>
      <gen:ano>2020</gen:ano>
    </aux:numeroDecreto>
    <aux:numeroLeiQueAutorizou>
      <gen:numero>000429</gen:numero>
      <gen:ano>2020</gen:ano>
    </aux:numeroLeiQueAutorizou>
    <aux:dataDecreto>2020-12-18</aux:dataDecreto>
    <aux:dataPublDecreto>2020-12-18</aux:dataPublDecreto>
    <aux:tipoPublicacao>1</aux:tipoPublicacao>
  </aux:Decreto>
  <aux:Decreto>
    <aux:numeroDecreto>
      <gen:numero>000005</gen:numero>
      <gen:ano>2020</gen:ano>
    </aux:numeroDecreto>
    <aux:numeroLeiQueAutorizou>
      <gen:numero>000429</gen:numero>
      <gen:ano>2020</gen:ano>
    </aux:numeroLeiQueAutorizou>
    <aux:dataDecreto>2020-12-21</aux:dataDecreto>
    <aux:dataPublDecreto>2020-12-21</aux:dataPublDecreto>
    <aux:tipoPublicacao>1</aux:tipoPublicacao>
  </aux:Decreto>
  <aux:Decreto>
    <aux:numeroDecreto>
      <gen:numero>000006</gen:numero>
      <gen:ano>2020</gen:ano>
    </aux:numeroDecreto>
    <aux:numeroLeiQueAutorizou>
      <gen:numero>000429</gen:numero>
      <gen:ano>2020</gen:ano>
    </aux:numeroLeiQueAutorizou>
    <aux:dataDecreto>2020-12-21</aux:dataDecreto>
    <aux:dataPublDecreto>2020-12-21</aux:dataPublDecreto>
    <aux:tipoPublicacao>1</aux:tipoPublicacao>
  </aux:Decreto>
  <aux:Decreto>
    <aux:numeroDecreto>
      <gen:numero>000007</gen:numero>
      <gen:ano>2020</gen:ano>
    </aux:numeroDecreto>
    <aux:numeroLeiQueAutorizou>
      <gen:numero>000429</gen:numero>
      <gen:ano>2020</gen:ano>
    </aux:numeroLeiQueAutorizou>
    <aux:dataDecreto>2020-12-21</aux:dataDecreto>
    <aux:dataPublDecreto>2020-12-21</aux:dataPublDecreto>
    <aux:tipoPublicacao>1</aux:tipoPublicacao>
  </aux:Decreto>
  <aux:ConciliacaoBancaria>
    <aux:codigoBanco>000</aux:codigoBanco>
    <aux:codigoAgencia>000000</aux:codigoAgencia>
    <aux:numeroContBancaria>000000000000</aux:numeroContBancaria>
    <aux:tipoContBancaria>0</aux:tipoContBancaria>
    <aux:numeroSequencial>00000815</aux:numeroSequencial>
    <aux:tipoConcBancaria>1</aux:tipoConcBancaria>
    <aux:descricaoSobrValoConciliado>SALDO EM 31 12 2020 CONFORME EXTRATO BANCARIO COMP</aux:descricaoSobrValoConciliado>
    <aux:dataFatoConciliado>2020-12-31</aux:dataFatoConciliado>
    <aux:numeroChequeDocumento>000000</aux:numeroChequeDocumento>
    <aux:numeroDocDebiAutomatico>00000000000</aux:numeroDocDebiAutomatico>
    <aux:valorConciliado>0000000000000.00</aux:valorConciliado>
  </aux:ConciliacaoBancaria>
  <aux:ConciliacaoBancaria>
    <aux:codigoBanco>104</aux:codigoBanco>
    <aux:codigoAgencia>001209</aux:codigoAgencia>
    <aux:numeroContBancaria>000000001111</aux:numeroContBancaria>
    <aux:tipoContBancaria>1</aux:tipoContBancaria>
    <aux:numeroSequencial>00000816</aux:numeroSequencial>
    <aux:tipoConcBancaria>1</aux:tipoConcBancaria>
    <aux:descricaoSobrValoConciliado>SALDO EM 31 12 2020 CONFORME EXTRATO BANCARIO COMP</aux:descricaoSobrValoConciliado>
    <aux:dataFatoConciliado>2020-12-31</aux:dataFatoConciliado>
    <aux:numeroChequeDocumento>000000</aux:numeroChequeDocumento>
    <aux:numeroDocDebiAutomatico>00000000000</aux:numeroDocDebiAutomatico>
    <aux:valorConciliado>0000000000000.00</aux:valorConciliado>
  </aux:ConciliacaoBancaria>
  <aux:ConciliacaoBancaria>
    <aux:codigoBanco>001</aux:codigoBanco>
    <aux:codigoAgencia>001209</aux:codigoAgencia>
    <aux:numeroContBancaria>000000020532</aux:numeroContBancaria>
    <aux:tipoContBancaria>1</aux:tipoContBancaria>
    <aux:numeroSequencial>00000817</aux:numeroSequencial>
    <aux:tipoConcBancaria>1</aux:tipoConcBancaria>
    <aux:descricaoSobrValoConciliado>SALDO EM 31 12 2020 CONFORME EXTRATO BANCARIO COMP</aux:descricaoSobrValoConciliado>
    <aux:dataFatoConciliado>2020-12-31</aux:dataFatoConciliado>
    <aux:numeroChequeDocumento>000000</aux:numeroChequeDocumento>
    <aux:numeroDocDebiAutomatico>00000000000</aux:numeroDocDebiAutomatico>
    <aux:valorConciliado>0000000000000.00</aux:valorConciliado>
  </aux:ConciliacaoBancaria>
  <aux:ConciliacaoBancaria>
    <aux:codigoBanco>001</aux:codigoBanco>
    <aux:codigoAgencia>001209</aux:codigoAgencia>
    <aux:numeroContBancaria>00000020532L</aux:numeroContBancaria>
    <aux:tipoContBancaria>2</aux:tipoContBancaria>
    <aux:numeroSequencial>00000818</aux:numeroSequencial>
    <aux:tipoConcBancaria>1</aux:tipoConcBancaria>
    <aux:descricaoSobrValoConciliado>SALDO EM 31 12 2020 CONFORME EXTRATO BANCARIO COMP</aux:descricaoSobrValoConciliado>
    <aux:dataFatoConciliado>2020-12-31</aux:dataFatoConciliado>
    <aux:numeroChequeDocumento>000000</aux:numeroChequeDocumento>
    <aux:numeroDocDebiAutomatico>00000000000</aux:numeroDocDebiAutomatico>
    <aux:valorConciliado>0000000000000.00</aux:valorConciliado>
  </aux:ConciliacaoBancaria>
  <aux:ConciliacaoBancaria>
    <aux:codigoBanco>036</aux:codigoBanco>
    <aux:codigoAgencia>001209</aux:codigoAgencia>
    <aux:numeroContBancaria>000000002121</aux:numeroContBancaria>
    <aux:tipoContBancaria>1</aux:tipoContBancaria>
    <aux:numeroSequencial>00000819</aux:numeroSequencial>
    <aux:tipoConcBancaria>1</aux:tipoConcBancaria>
    <aux:descricaoSobrValoConciliado>SALDO EM 31 12 2020 CONFORME EXTRATO BANCARIO COMP</aux:descricaoSobrValoConciliado>
    <aux:dataFatoConciliado>2020-12-31</aux:dataFatoConciliado>
    <aux:numeroChequeDocumento>000000</aux:numeroChequeDocumento>
    <aux:numeroDocDebiAutomatico>00000000000</aux:numeroDocDebiAutomatico>
    <aux:valorConciliado>0000000000000.00</aux:valorConciliado>
  </aux:ConciliacaoBancaria>
  <aux:Fornecedor>
    <aux:cpfCnpjCredor>00363746366</aux:cpfCnpjCredor>
    <aux:nomeDenoOuRazaJuridica>MARCELO ROCHA MAGALHAES</aux:nomeDenoOuRazaJuridica>
    <aux:endereco>
      <gen:logradouro>AVELINO LOPES</gen:logradouro>
      <gen:numero>0</gen:numero>
      <gen:complemento>SEM COMPLEMENTO</gen:complemento>
      <gen:bairro>NAO INFORMADO</gen:bairro>
      <gen:numeroCep>64965000</gen:numeroCep>
      <gen:municipio>AVELINO LOPES</gen:municipio>
      <gen:estado>PI</gen:estado>
      <gen:telefoneFixo>NAO INFORMADO</gen:telefoneFixo>
      <gen:telefoneCelular>NAO INFORMADO</gen:telefoneCelular>
    </aux:endereco>
    <aux:tipoCredor>1</aux:tipoCredor>
  </aux:Fornecedor>
  <aux:Fornecedor>
    <aux:cpfCnpjCredor>11731655000156</aux:cpfCnpjCredor>
    <aux:nomeDenoOuRazaJuridica>FRANCISCO EMILIO A DA SILVA ME</aux:nomeDenoOuRazaJuridica>
    <aux:endereco>
      <gen:logradouro>RUA RUI BARBOSA</gen:logradouro>
      <gen:numero>68</gen:numero>
      <gen:complemento>SEM COMPLEMENTO</gen:complemento>
      <gen:bairro>CENTRO</gen:bairro>
      <gen:numeroCep>64000090</gen:numeroCep>
      <gen:municipio>TERESINA</gen:municipio>
      <gen:estado>PI</gen:estado>
      <gen:telefoneFixo>NAO INFORMADO</gen:telefoneFixo>
      <gen:telefoneCelular>NAO INFORMADO</gen:telefoneCelular>
    </aux:endereco>
    <aux:tipoCredor>2</aux:tipoCredor>
  </aux:Fornecedor>
  <aux:Fornecedor>
    <aux:cpfCnpjCredor>20325215000190</aux:cpfCnpjCredor>
    <aux:nomeDenoOuRazaJuridica>DAG CONSTRUCOES EIRELI</aux:nomeDenoOuRazaJuridica>
    <aux:endereco>
      <gen:logradouro>RUA SANTA ERCILIA</gen:logradouro>
      <gen:numero>743</gen:numero>
      <gen:complemento>SEM COMPLEMENTO</gen:complemento>
      <gen:bairro>CENTRO</gen:bairro>
      <gen:numeroCep>64965000</gen:numeroCep>
      <gen:municipio>AVELINO LOPES</gen:municipio>
      <gen:estado>PI</gen:estado>
      <gen:telefoneFixo>NAO INFORMADO</gen:telefoneFixo>
      <gen:telefoneCelular>NAO INFORMADO</gen:telefoneCelular>
    </aux:endereco>
    <aux:tipoCredor>2</aux:tipoCredor>
  </aux:Fornecedor>
  <aux:Ordenador>
    <aux:cpfAgenPolitico>78118425304</aux:cpfAgenPolitico>
    <aux:codigoUnidOrcamentaria>010100</aux:codigoUnidOrcamentaria>
    <aux:numeroAtoQueNomeOrdenador>
      <gen:numero>000001</gen:numero>
      <gen:ano>2020</gen:ano>
    </aux:numeroAtoQueNomeOrdenador>
    <aux:dataInicOuFimVigencia>2020-12-31</aux:dataInicOuFimVigencia>
    <aux:tipoDataVigencia>2</aux:tipoDataVigencia>
  </aux:Ordenador>
  <aux:Ordenador>
    <aux:cpfAgenPolitico>64378985853</aux:cpfAgenPolitico>
    <aux:codigoUnidOrcamentaria>020200</aux:codigoUnidOrcamentaria>
    <aux:numeroAtoQueNomeOrdenador>
      <gen:numero>000001</gen:numero>
      <gen:ano>2020</gen:ano>
    </aux:numeroAtoQueNomeOrdenador>
    <aux:dataInicOuFimVigencia>2020-12-31</aux:dataInicOuFimVigencia>
    <aux:tipoDataVigencia>2</aux:tipoDataVigencia>
  </aux:Ordenador>
  <aux:Gestor>
    <aux:cpfAgenPolitico>78118425304</aux:cpfAgenPolitico>
    <aux:codigoUnidOrcamentaria>010100</aux:codigoUnidOrcamentaria>
    <aux:numeroAtoQueNomeGestor>
      <gen:numero>000001</gen:numero>
      <gen:ano>2020</gen:ano>
    </aux:numeroAtoQueNomeGestor>
    <aux:tipoDataVigencia>2</aux:tipoDataVigencia>
    <aux:dataInicOuFimVigencia>2020-12-31</aux:dataInicOuFimVigencia>
  </aux:Gestor>
  <aux:Gestor>
    <aux:cpfAgenPolitico>64378985853</aux:cpfAgenPolitico>
    <aux:codigoUnidOrcamentaria>020200</aux:codigoUnidOrcamentaria>
    <aux:numeroAtoQueNomeGestor>
      <gen:numero>000001</gen:numero>
      <gen:ano>2020</gen:ano>
    </aux:numeroAtoQueNomeGestor>
    <aux:tipoDataVigencia>2</aux:tipoDataVigencia>
    <aux:dataInicOuFimVigencia>2020-12-31</aux:dataInicOuFimVigencia>
  </aux:Gestor>
</aux:CadastrosAuxiliares>
