<?xml version="1.0" encoding="UTF-8"?><aux:CadastrosAuxiliaresSagresFolha xmlns:aux="http://www.tce.pi.gov.br/sagres2020/xml/cadastrosAuxiliaresSagresFolha" xmlns:gen="http://www.tce.pi.gov.br/sagres2020/xml/genericos" xmlns:tab="http://www.tce.pi.gov.br/sagres2020/xml/tabelasInternas">
    <aux:PrestacaoContas>
        <aux:codigoUnidGestora>201017</aux:codigoUnidGestora>
        <aux:nomeUnidGestora>PREFEITURA MUNICIPAL DE AVELINO LOPES</aux:nomeUnidGestora>
        <aux:cpfContador>72674350334</aux:cpfContador>
        <aux:cpfGestor>64378985853</aux:cpfGestor>
        <aux:anoReferencia>2020</aux:anoReferencia>
        <aux:mesReferencia>2</aux:mesReferencia>
        <aux:versaoXml>19</aux:versaoXml>
        <aux:diaInicPresContas>1</aux:diaInicPresContas>
        <aux:diaFinaPresContas>29</aux:diaFinaPresContas>
    </aux:PrestacaoContas>
    <aux:Cargo>
        <aux:codigoCargo>00000073</aux:codigoCargo>
        <aux:nomeDoCargo>CHEFE DO DEPARTAMENTO DE MEIO AMBIENTE            </aux:nomeDoCargo>
        <aux:cargaHoraria>40</aux:cargaHoraria>
        <aux:tipoEscolaridade>3</aux:tipoEscolaridade>
        <aux:tipoCargo>039</aux:tipoCargo>
        <aux:codigoCargoRhWeb>      73</aux:codigoCargoRhWeb>
        <aux:vecimentoBaseOuSalario>2430.00</aux:vecimentoBaseOuSalario>
    </aux:Cargo>
   <aux:lotacao>
        <aux:codigoLotacao>000000000010014</aux:codigoLotacao>
        <aux:nomeLotacao>SECRETARIA DE MEIO AMBIENTE</aux:nomeLotacao>
        <aux:codigoUnidOrcamentaria>020200</aux:codigoUnidOrcamentaria>
   </aux:lotacao>
   <aux:Servidor>
        <aux:matricula>000000000001521</aux:matricula>
        <aux:cpfServidor>07740352349</aux:cpfServidor>
        <aux:rgServidor>29632080</aux:rgServidor>
        <aux:orgaoExpedidor>SSP</aux:orgaoExpedidor>
                <aux:dataExpeCartDeIdentidade>2009-03-06</aux:dataExpeCartDeIdentidade>
        <aux:nomeServidor>JOAO DE SOUSA PROSPERO</aux:nomeServidor>
        <aux:dataNascimento>1942-08-13</aux:dataNascimento>
        <aux:sexo>1</aux:sexo>
        <aux:tituloEleitor>000000000000000</aux:tituloEleitor>
        <aux:tipoEstaCivil>2</aux:tipoEstaCivil>
        <aux:pisPAsep>000010298165276</aux:pisPAsep>
        <aux:numeroOrgaoClasse>00000000</aux:numeroOrgaoClasse>
        <aux:cpfPai>99999999999</aux:cpfPai>
        <aux:nomePai>NICODEMO JOAO DE SOUSA                            </aux:nomePai>
        <aux:cpfMae>99999999999</aux:cpfMae>
        <aux:nomeMae>ARMINDA PROSPERO DUARTE                           </aux:nomeMae>
        <aux:tipoCadastro>1</aux:tipoCadastro>
   </aux:Servidor>
   <aux:Servidor>
        <aux:matricula>000000000001522</aux:matricula>
        <aux:cpfServidor>85945664502</aux:cpfServidor>
        <aux:rgServidor>1287678394</aux:rgServidor>
        <aux:orgaoExpedidor>SSP</aux:orgaoExpedidor>
                <aux:dataExpeCartDeIdentidade>2011-09-28</aux:dataExpeCartDeIdentidade>
        <aux:nomeServidor>FELIPE GONCALVES RUFINO PEREIRA</aux:nomeServidor>
        <aux:dataNascimento>1993-12-15</aux:dataNascimento>
        <aux:sexo>1</aux:sexo>
        <aux:tituloEleitor>000000000000000</aux:tituloEleitor>
        <aux:tipoEstaCivil>1</aux:tipoEstaCivil>
        <aux:pisPAsep>000015209294270</aux:pisPAsep>
        <aux:numeroOrgaoClasse>00000000</aux:numeroOrgaoClasse>
        <aux:cpfPai>99999999999</aux:cpfPai>
        <aux:nomePai>VALDELIR GONCALVES PEREIRA                        </aux:nomePai>
        <aux:cpfMae>99999999999</aux:cpfMae>
        <aux:nomeMae>EDILUCIA GONCALVES RUFINO PEREIRA                 </aux:nomeMae>
        <aux:tipoCadastro>1</aux:tipoCadastro>
   </aux:Servidor>
   <aux:Servidor>
        <aux:matricula>000000000002021</aux:matricula>
        <aux:cpfServidor>18361623833</aux:cpfServidor>
        <aux:rgServidor>1452631</aux:rgServidor>
        <aux:orgaoExpedidor>SSP</aux:orgaoExpedidor>
                <aux:dataExpeCartDeIdentidade>1992-01-20</aux:dataExpeCartDeIdentidade>
        <aux:nomeServidor>LUCIANE ENGELINO SOUSA</aux:nomeServidor>
        <aux:dataNascimento>1976-09-03</aux:dataNascimento>
        <aux:sexo>2</aux:sexo>
        <aux:tituloEleitor>000000000000000</aux:tituloEleitor>
        <aux:tipoEstaCivil>1</aux:tipoEstaCivil>
        <aux:pisPAsep>000019020431199</aux:pisPAsep>
        <aux:numeroOrgaoClasse>00000000</aux:numeroOrgaoClasse>
        <aux:cpfPai>99999999999</aux:cpfPai>
        <aux:nomePai>                                                  </aux:nomePai>
        <aux:cpfMae>99999999999</aux:cpfMae>
        <aux:nomeMae>MARILENE ANGELINO DE SOUSA                        </aux:nomeMae>
        <aux:tipoCadastro>1</aux:tipoCadastro>
   </aux:Servidor>
   <aux:Servidor>
        <aux:matricula>000000000002244</aux:matricula>
        <aux:cpfServidor>66188504791</aux:cpfServidor>
        <aux:rgServidor>055091664</aux:rgServidor>
        <aux:orgaoExpedidor>SSP</aux:orgaoExpedidor>
                <aux:dataExpeCartDeIdentidade>2016-03-04</aux:dataExpeCartDeIdentidade>
        <aux:nomeServidor>ANTONIO MIGUEL PINHEIRO E SILVA</aux:nomeServidor>
        <aux:dataNascimento>1960-11-30</aux:dataNascimento>
        <aux:sexo>1</aux:sexo>
        <aux:tituloEleitor>000000000000000</aux:tituloEleitor>
        <aux:tipoEstaCivil>1</aux:tipoEstaCivil>
        <aux:pisPAsep>000017037197856</aux:pisPAsep>
        <aux:numeroOrgaoClasse>00000000</aux:numeroOrgaoClasse>
        <aux:cpfPai>99999999999</aux:cpfPai>
        <aux:nomePai>JOSE PEQUENO DA SILVA                             </aux:nomePai>
        <aux:cpfMae>99999999999</aux:cpfMae>
        <aux:nomeMae>FLAVIA PINHEIRO LEAL                              </aux:nomeMae>
        <aux:tipoCadastro>1</aux:tipoCadastro>
   </aux:Servidor>
   <aux:Servidor>
        <aux:matricula>000000000006298</aux:matricula>
        <aux:cpfServidor>90884370330</aux:cpfServidor>
        <aux:rgServidor>1984017</aux:rgServidor>
        <aux:orgaoExpedidor>SSP</aux:orgaoExpedidor>
                <aux:dataExpeCartDeIdentidade>1998-03-17</aux:dataExpeCartDeIdentidade>
        <aux:nomeServidor>FERNANDA PEREIRA PORTELA</aux:nomeServidor>
        <aux:dataNascimento>1979-04-22</aux:dataNascimento>
        <aux:sexo>2</aux:sexo>
        <aux:tituloEleitor>000023452911597</aux:tituloEleitor>
        <aux:tipoEstaCivil>1</aux:tipoEstaCivil>
        <aux:pisPAsep>000019038705592</aux:pisPAsep>
        <aux:numeroOrgaoClasse>00000000</aux:numeroOrgaoClasse>
        <aux:cpfPai>99999999999</aux:cpfPai>
        <aux:nomePai>JOSE ARIOLINO DE OLIVEIRA PORTELA                 </aux:nomePai>
        <aux:cpfMae>99999999999</aux:cpfMae>
        <aux:nomeMae>FRANCISCA PEREIRA PORTELA                         </aux:nomeMae>
        <aux:tipoCadastro>1</aux:tipoCadastro>
   </aux:Servidor>
   <aux:Servidor>
        <aux:matricula>000000000006405</aux:matricula>
        <aux:cpfServidor>73229296320</aux:cpfServidor>
        <aux:rgServidor>1322046</aux:rgServidor>
        <aux:orgaoExpedidor>SSP</aux:orgaoExpedidor>
                <aux:dataExpeCartDeIdentidade>2018-05-28</aux:dataExpeCartDeIdentidade>
        <aux:nomeServidor>JUCELIA GAMA DUARTE FERREIRA</aux:nomeServidor>
        <aux:dataNascimento>1973-11-16</aux:dataNascimento>
        <aux:sexo>2</aux:sexo>
        <aux:tituloEleitor>000000000000000</aux:tituloEleitor>
        <aux:tipoEstaCivil>2</aux:tipoEstaCivil>
        <aux:pisPAsep>000019002300908</aux:pisPAsep>
        <aux:numeroOrgaoClasse>00000000</aux:numeroOrgaoClasse>
        <aux:cpfPai>99999999999</aux:cpfPai>
        <aux:nomePai>AMORILIO PROSPERO DUARTE                          </aux:nomePai>
        <aux:cpfMae>99999999999</aux:cpfMae>
        <aux:nomeMae>CELCINA BATISTA DUARTE                            </aux:nomeMae>
        <aux:tipoCadastro>1</aux:tipoCadastro>
   </aux:Servidor>
</aux:CadastrosAuxiliaresSagresFolha>