<?xml version="1.0" encoding="ISO-8859-1"?>
<!--********************************************-->
<!--* FIORILLI SOFTWARE LTDA                   *-->
<!--* SISTEMA INTEGRADO DE PESSOAL             *-->
<!--* GERADO 22/04/2024 11:14:48               *-->
<!--* VERSAO 7.5.387.30.17701/R                *-->
<!--* USUARIO PC CONTREINA                     *-->
<!--* DOMINIO MCT                              *-->
<!--* NOME PC SERVER                           *-->
<!--* USUARIO SISTEMA contreina                *-->
<!--********************************************-->
<aux:CadastrosAuxiliaresSagresFolha xmlns:fol="http://www.tce.pi.gov.br/sagres2024/xml/folhaPagamento" xmlns:aux="http://www.tce.pi.gov.br/sagres2024/xml/cadastrosAuxiliaresSagresFolha" xmlns:gen="http://www.tce.pi.gov.br/sagres2024/xml/genericos" xmlns:tab="http://www.tce.pi.gov.br/sagres2024/xml/tabelasInternas">
  <aux:PrestacaoContas>
    <aux:codigoUnidGestora>201133</aux:codigoUnidGestora>
    <aux:nomeUnidGestora>P. M. DE MORRO CABECA NO TEMPO</aux:nomeUnidGestora>
    <aux:cpfContador>01340944332</aux:cpfContador>
    <aux:cpfGestor>82387796349</aux:cpfGestor>
    <aux:anoReferencia>2024</aux:anoReferencia>
    <aux:mesReferencia>2</aux:mesReferencia>
    <aux:versaoXml>19</aux:versaoXml>
    <aux:diaInicPresContas>1</aux:diaInicPresContas>
    <aux:diaFinaPresContas>29</aux:diaFinaPresContas>
  </aux:PrestacaoContas>
  <aux:Servidor>
    <aux:matricula>000000000001148</aux:matricula>
    <aux:cpfServidor>07090709345</aux:cpfServidor>
    <aux:rgServidor>3874073</aux:rgServidor>
    <aux:orgaoExpedidor>SSPPI</aux:orgaoExpedidor>
    <aux:dataExpeCartDeIdentidade>2013-03-14</aux:dataExpeCartDeIdentidade>
    <aux:nomeServidor>KELSON NOGUEIRA DE SOUZA</aux:nomeServidor>
    <aux:dataNascimento>1996-02-11</aux:dataNascimento>
    <aux:sexo>1</aux:sexo>
    <aux:tituloEleitor>000042400851562</aux:tituloEleitor>
    <aux:tipoEstaCivil>1</aux:tipoEstaCivil>
    <aux:pisPAsep>000020935770547</aux:pisPAsep>
    <aux:numeroOrgaoClasse>00000000</aux:numeroOrgaoClasse>
    <aux:cpfPai>99999999999</aux:cpfPai>
    <aux:nomePai>JOS� DE SOUSA</aux:nomePai>
    <aux:cpfMae>99999999999</aux:cpfMae>
    <aux:nomeMae>MARIC�LIA NOGUEIRA DA SILVA</aux:nomeMae>
  </aux:Servidor>
  <aux:Servidor>
    <aux:matricula>000000000001149</aux:matricula>
    <aux:cpfServidor>08111132301</aux:cpfServidor>
    <aux:rgServidor>4213355</aux:rgServidor>
    <aux:orgaoExpedidor>SSPPI</aux:orgaoExpedidor>
    <aux:dataExpeCartDeIdentidade>2015-08-12</aux:dataExpeCartDeIdentidade>
    <aux:nomeServidor>ORLANDINA GOMES DUARTE</aux:nomeServidor>
    <aux:dataNascimento>1996-12-18</aux:dataNascimento>
    <aux:sexo>2</aux:sexo>
    <aux:tituloEleitor>000042959171597</aux:tituloEleitor>
    <aux:tipoEstaCivil>2</aux:tipoEstaCivil>
    <aux:pisPAsep>000023785858953</aux:pisPAsep>
    <aux:numeroOrgaoClasse>00000000</aux:numeroOrgaoClasse>
    <aux:cpfPai>69597553368</aux:cpfPai>
    <aux:nomePai>MANOEL SALVADOR GOMES DUARTE</aux:nomePai>
    <aux:cpfMae>05031115386</aux:cpfMae>
    <aux:nomeMae>ELIENE CORREIA DUARTE</aux:nomeMae>
  </aux:Servidor>
</aux:CadastrosAuxiliaresSagresFolha>
