<?xml version="1.0" encoding="ISO-8859-1"?>
<!--********************************************-->
<!--* FIORILLI SOFTWARE LTDA                   *-->
<!--* SISTEMA INTEGRADO DE PESSOAL             *-->
<!--* GERADO 22/04/2024 11:14:49               *-->
<!--* VERSAO 7.5.387.30.17701/R                *-->
<!--* USUARIO PC CONTREINA                     *-->
<!--* DOMINIO MCT                              *-->
<!--* NOME PC SERVER                           *-->
<!--* USUARIO SISTEMA contreina                *-->
<!--********************************************-->
<his:historicos xmlns:his="http://www.tce.pi.gov.br/sagres2024/xml/historicos" xmlns:aux="http://www.tce.pi.gov.br/sagres2024/xml/cadastrosAuxiliaresSagresFolha" xmlns:gen="http://www.tce.pi.gov.br/sagres2024/xml/genericos" xmlns:tab="http://www.tce.pi.gov.br/sagres2024/xml/tabelasInternas">
  <his:PrestacaoContas>
    <aux:codigoUnidGestora>201133</aux:codigoUnidGestora>
    <aux:nomeUnidGestora>P. M. DE MORRO CABECA NO TEMPO</aux:nomeUnidGestora>
    <aux:cpfContador>01340944332</aux:cpfContador>
    <aux:cpfGestor>82387796349</aux:cpfGestor>
    <aux:anoReferencia>2024</aux:anoReferencia>
    <aux:mesReferencia>2</aux:mesReferencia>
    <aux:versaoXml>19</aux:versaoXml>
    <aux:diaInicPresContas>1</aux:diaInicPresContas>
    <aux:diaFinaPresContas>29</aux:diaFinaPresContas>
  </his:PrestacaoContas>
  <his:HistoricoPessoal>
    <his:matricula>000000000001148</his:matricula>
    <his:cpfServidor>07090709345</his:cpfServidor>
    <his:tipoEscolaridade>0</his:tipoEscolaridade>
    <his:dataAlteracao>2024-02-01</his:dataAlteracao>
    <his:endereco>
      <gen:logradouro>centro</gen:logradouro>
      <gen:numero>0</gen:numero>
      <gen:complemento>Sem Complemento</gen:complemento>
      <gen:bairro>CIDADE NOVA</gen:bairro>
      <gen:numeroCep>64968000</gen:numeroCep>
      <gen:municipio>Morro Cabe�a no Tempo</gen:municipio>
      <gen:estado>PI</gen:estado>
      <gen:telefoneFixo></gen:telefoneFixo>
      <gen:telefoneCelular>89981250369</gen:telefoneCelular>
    </his:endereco>
    <his:dadosBancarios>
      <gen:codigoBanco>001</gen:codigoBanco>
      <gen:codigoAgencia>1209</gen:codigoAgencia>
      <gen:numeroContBancaria>282642</gen:numeroContBancaria>
    </his:dadosBancarios>
  </his:HistoricoPessoal>
  <his:HistoricoPessoal>
    <his:matricula>000000000001149</his:matricula>
    <his:cpfServidor>08111132301</his:cpfServidor>
    <his:tipoEscolaridade>2</his:tipoEscolaridade>
    <his:dataAlteracao>2024-02-01</his:dataAlteracao>
    <his:endereco>
      <gen:logradouro>LAGOA DO ARROZ</gen:logradouro>
      <gen:numero>0</gen:numero>
      <gen:complemento>Sem Complemento</gen:complemento>
      <gen:bairro>ZONA RURAL</gen:bairro>
      <gen:numeroCep>64968000</gen:numeroCep>
      <gen:municipio>Morro Cabe�a no Tempo</gen:municipio>
      <gen:estado>PI</gen:estado>
      <gen:telefoneFixo></gen:telefoneFixo>
      <gen:telefoneCelular>89981009423</gen:telefoneCelular>
    </his:endereco>
    <his:dadosBancarios>
      <gen:codigoBanco>001</gen:codigoBanco>
      <gen:codigoAgencia>1209</gen:codigoAgencia>
      <gen:numeroContBancaria>263184</gen:numeroContBancaria>
    </his:dadosBancarios>
  </his:HistoricoPessoal>
  <his:HistoricoFuncional>
    <his:matricula>000000000001148</his:matricula>
    <his:cpfServidor>07090709345</his:cpfServidor>
    <his:tipoAtoPessoal>11021</his:tipoAtoPessoal>
    <his:dataMoviFuncional>2024-02-01</his:dataMoviFuncional>
    <his:informacoesAlteradas>
      <gen:atoTipo01>
        <gen:codigoCargo>00000109</gen:codigoCargo>
        <gen:codigoLotacao>000000000800001</gen:codigoLotacao>
        <gen:tipoRegiPrevidencia>1</gen:tipoRegiPrevidencia>
        <gen:tipoRegiTrabalho>0</gen:tipoRegiTrabalho>
        <gen:tipoVinculo>2</gen:tipoVinculo>
        <gen:dataNomeacao>2024-02-01</gen:dataNomeacao>
        <gen:dataExercicio>2024-02-01</gen:dataExercicio>
        <gen:dataPosse>2024-02-01</gen:dataPosse>
        <gen:numeroEdital>
          <gen:numero>000000</gen:numero>
          <gen:ano>2024</gen:ano>
        </gen:numeroEdital>
      </gen:atoTipo01>
    </his:informacoesAlteradas>
  </his:HistoricoFuncional>
  <his:HistoricoFuncional>
    <his:matricula>000000000001149</his:matricula>
    <his:cpfServidor>08111132301</his:cpfServidor>
    <his:tipoAtoPessoal>11051</his:tipoAtoPessoal>
    <his:dataMoviFuncional>2024-02-01</his:dataMoviFuncional>
    <his:informacoesAlteradas>
      <gen:atoTipo01>
        <gen:codigoCargo>00000263</gen:codigoCargo>
        <gen:codigoLotacao>000000000500009</gen:codigoLotacao>
        <gen:tipoRegiPrevidencia>1</gen:tipoRegiPrevidencia>
        <gen:tipoRegiTrabalho>0</gen:tipoRegiTrabalho>
        <gen:tipoVinculo>4</gen:tipoVinculo>
        <gen:dataNomeacao>2024-02-01</gen:dataNomeacao>
        <gen:dataExercicio>2024-02-01</gen:dataExercicio>
        <gen:dataPosse>2024-02-01</gen:dataPosse>
        <gen:numeroEdital>
          <gen:numero>000000</gen:numero>
          <gen:ano>2024</gen:ano>
        </gen:numeroEdital>
      </gen:atoTipo01>
    </his:informacoesAlteradas>
  </his:HistoricoFuncional>
  <his:HistoricoFuncional>
    <his:matricula>000000000001034</his:matricula>
    <his:cpfServidor>07227542300</his:cpfServidor>
    <his:tipoAtoPessoal>21051</his:tipoAtoPessoal>
    <his:dataMoviFuncional>2024-02-01</his:dataMoviFuncional>
    <his:informacoesAlteradas/>
  </his:HistoricoFuncional>
  <his:HistoricoFuncional>
    <his:matricula>000000000001145</his:matricula>
    <his:cpfServidor>01505266360</his:cpfServidor>
    <his:tipoAtoPessoal>21051</his:tipoAtoPessoal>
    <his:dataMoviFuncional>2024-02-01</his:dataMoviFuncional>
    <his:informacoesAlteradas/>
  </his:HistoricoFuncional>
  <his:HistoricoFuncional>
    <his:matricula>000000000001147</his:matricula>
    <his:cpfServidor>05540161335</his:cpfServidor>
    <his:tipoAtoPessoal>21051</his:tipoAtoPessoal>
    <his:dataMoviFuncional>2024-02-01</his:dataMoviFuncional>
    <his:informacoesAlteradas/>
  </his:HistoricoFuncional>
  <his:HistoricoFuncional>
    <his:matricula>000000000000326</his:matricula>
    <his:cpfServidor>38424317831</his:cpfServidor>
    <his:tipoAtoPessoal>91011</his:tipoAtoPessoal>
    <his:dataMoviFuncional>2024-02-01</his:dataMoviFuncional>
    <his:informacoesAlteradas/>
  </his:HistoricoFuncional>
  <his:HistoricoFuncional>
    <his:matricula>000000000000445</his:matricula>
    <his:cpfServidor>75185423315</his:cpfServidor>
    <his:tipoAtoPessoal>93011</his:tipoAtoPessoal>
    <his:dataMoviFuncional>2024-02-01</his:dataMoviFuncional>
    <his:informacoesAlteradas>
      <gen:atoTipo05>
        <gen:codigoCargo>00000259</gen:codigoCargo>
      </gen:atoTipo05>
    </his:informacoesAlteradas>
  </his:HistoricoFuncional>
</his:historicos>
