<?xml version="1.0" encoding="utf-8"?>
<!--FIORILLI SOC. CIVIL LTDA - SOFTWARE-->
<!--ENVIADO POR: -a-->
<!--VERSAO TCE-PI: 9.25.1565.2-->
<!--VERSAO DIARIO RAZAO: 9.25.1567.49-->
<!--VERSAO EVENTOS: 2757-->
<aux:CadastrosAuxiliares xmlns:aux="http://www.tce.pi.gov.br/sagres2023/xml/cadastrosAuxiliares" xmlns:gen="http://www.tce.pi.gov.br/sagres2023/xml/genericos" xmlns:tab="http://www.tce.pi.gov.br/sagres2023/xml/tabelasInternas">
  <aux:PrestacaoContas>
    <aux:codigoUnidGestora>101017</aux:codigoUnidGestora>
    <aux:nomeUnidGestora>CAMARA MUNICIPAL</aux:nomeUnidGestora>
    <aux:cpfContador>27675215893</aux:cpfContador>
    <aux:cpfGestor>45183350310</aux:cpfGestor>
    <aux:anoReferencia>2023</aux:anoReferencia>
    <aux:mesReferencia>07</aux:mesReferencia>
    <aux:versaoXml>0</aux:versaoXml>
    <aux:diaInicPresContas>01</aux:diaInicPresContas>
    <aux:diaFinaPresContas>31</aux:diaFinaPresContas>
  </aux:PrestacaoContas>
  <aux:Decreto>
    <aux:numeroDecreto>
      <gen:numero>000039</gen:numero>
      <gen:ano>2023</gen:ano>
    </aux:numeroDecreto>
    <aux:numeroLeiQueAutorizou>
      <gen:numero>000476</gen:numero>
      <gen:ano>2023</gen:ano>
    </aux:numeroLeiQueAutorizou>
    <aux:dataDecreto>2023-07-03</aux:dataDecreto>
    <aux:dataPublDecreto>2023-07-03</aux:dataPublDecreto>
    <aux:tipoPublicacao>2</aux:tipoPublicacao>
  </aux:Decreto>
  <aux:ConciliacaoBancaria>
    <aux:codigoBanco>000</aux:codigoBanco>
    <aux:codigoAgencia>0000</aux:codigoAgencia>
    <aux:numeroContBancaria>0000000000</aux:numeroContBancaria>
    <aux:tipoContBancaria>0</aux:tipoContBancaria>
    <aux:numeroSequencial>00047350</aux:numeroSequencial>
    <aux:tipoConcBancaria>1</aux:tipoConcBancaria>
    <aux:descricaoSobrValoConciliado>SALDO EM 31 07 2023 CONFORME EXTRATO BANCARIO COMP</aux:descricaoSobrValoConciliado>
    <aux:dataFatoConciliado>2023-07-31</aux:dataFatoConciliado>
    <aux:numeroChequeDocumento>000000</aux:numeroChequeDocumento>
    <aux:numeroDocDebiAutomatico>00000000000</aux:numeroDocDebiAutomatico>
    <aux:valorConciliado>0000000000000.00</aux:valorConciliado>
  </aux:ConciliacaoBancaria>
  <aux:ConciliacaoBancaria>
    <aux:codigoBanco>104</aux:codigoBanco>
    <aux:codigoAgencia>1209</aux:codigoAgencia>
    <aux:numeroContBancaria>0000001111</aux:numeroContBancaria>
    <aux:tipoContBancaria>1</aux:tipoContBancaria>
    <aux:numeroSequencial>00047351</aux:numeroSequencial>
    <aux:tipoConcBancaria>1</aux:tipoConcBancaria>
    <aux:descricaoSobrValoConciliado>SALDO EM 31 07 2023 CONFORME EXTRATO BANCARIO COMP</aux:descricaoSobrValoConciliado>
    <aux:dataFatoConciliado>2023-07-31</aux:dataFatoConciliado>
    <aux:numeroChequeDocumento>000000</aux:numeroChequeDocumento>
    <aux:numeroDocDebiAutomatico>00000000000</aux:numeroDocDebiAutomatico>
    <aux:valorConciliado>0000000000000.00</aux:valorConciliado>
  </aux:ConciliacaoBancaria>
  <aux:ConciliacaoBancaria>
    <aux:codigoBanco>001</aux:codigoBanco>
    <aux:codigoAgencia>1209</aux:codigoAgencia>
    <aux:numeroContBancaria>0000020532</aux:numeroContBancaria>
    <aux:tipoContBancaria>1</aux:tipoContBancaria>
    <aux:numeroSequencial>00047352</aux:numeroSequencial>
    <aux:tipoConcBancaria>1</aux:tipoConcBancaria>
    <aux:descricaoSobrValoConciliado>SALDO EM 31 07 2023 CONFORME EXTRATO BANCARIO COMP</aux:descricaoSobrValoConciliado>
    <aux:dataFatoConciliado>2023-07-31</aux:dataFatoConciliado>
    <aux:numeroChequeDocumento>000000</aux:numeroChequeDocumento>
    <aux:numeroDocDebiAutomatico>00000000000</aux:numeroDocDebiAutomatico>
    <aux:valorConciliado>0000000000000.00</aux:valorConciliado>
  </aux:ConciliacaoBancaria>
  <aux:ConciliacaoBancaria>
    <aux:codigoBanco>036</aux:codigoBanco>
    <aux:codigoAgencia>1209</aux:codigoAgencia>
    <aux:numeroContBancaria>0000002121</aux:numeroContBancaria>
    <aux:tipoContBancaria>1</aux:tipoContBancaria>
    <aux:numeroSequencial>00047353</aux:numeroSequencial>
    <aux:tipoConcBancaria>1</aux:tipoConcBancaria>
    <aux:descricaoSobrValoConciliado>SALDO EM 31 07 2023 CONFORME EXTRATO BANCARIO COMP</aux:descricaoSobrValoConciliado>
    <aux:dataFatoConciliado>2023-07-31</aux:dataFatoConciliado>
    <aux:numeroChequeDocumento>000000</aux:numeroChequeDocumento>
    <aux:numeroDocDebiAutomatico>00000000000</aux:numeroDocDebiAutomatico>
    <aux:valorConciliado>0000000000000.00</aux:valorConciliado>
  </aux:ConciliacaoBancaria>
  <aux:Fornecedor>
    <aux:cpfCnpjCredor>60746948000112</aux:cpfCnpjCredor>
    <aux:nomeDenoOuRazaJuridica>BANCO BRADESCO S.A</aux:nomeDenoOuRazaJuridica>
    <aux:endereco>
      <gen:logradouro>CIDADE DE DEUS</gen:logradouro>
      <gen:numero>0</gen:numero>
      <gen:complemento>SEM COMPLEMENTO</gen:complemento>
      <gen:bairro>VILA YARA</gen:bairro>
      <gen:numeroCep>00000000</gen:numeroCep>
      <gen:municipio>OSASCO</gen:municipio>
      <gen:estado>SP</gen:estado>
      <gen:telefoneFixo>NAO INFORMADO</gen:telefoneFixo>
      <gen:telefoneCelular>NAO INFORMADO</gen:telefoneCelular>
    </aux:endereco>
    <aux:tipoCredor>2</aux:tipoCredor>
    <aux:identificadorFornEstrangeiro>00000000000000000000000000000000000000000000</aux:identificadorFornEstrangeiro>
  </aux:Fornecedor>
</aux:CadastrosAuxiliares>
