<?xml version="1.0" encoding="UTF-8"?><aux:CadastrosAuxiliaresSagresFolha xmlns:aux="http://www.tce.pi.gov.br/sagres2019/xml/cadastrosAuxiliaresSagresFolha" xmlns:gen="http://www.tce.pi.gov.br/sagres2019/xml/genericos" xmlns:tab="http://www.tce.pi.gov.br/sagres2019/xml/tabelasInternas">
    <aux:PrestacaoContas>
        <aux:codigoUnidGestora>201017</aux:codigoUnidGestora>
        <aux:nomeUnidGestora>PREFEITURA MUNICIPAL DE AVELINO LOPES</aux:nomeUnidGestora>
        <aux:cpfContador>72674350334</aux:cpfContador>
        <aux:cpfGestor>64378985853</aux:cpfGestor>
        <aux:anoReferencia>2019</aux:anoReferencia>
        <aux:mesReferencia>8</aux:mesReferencia>
        <aux:versaoXml>19</aux:versaoXml>
        <aux:diaInicPresContas>1</aux:diaInicPresContas>
        <aux:diaFinaPresContas>31</aux:diaFinaPresContas>
    </aux:PrestacaoContas>
   <aux:Servidor>
        <aux:matricula>000000000001509</aux:matricula>
        <aux:cpfServidor>00208007385</aux:cpfServidor>
        <aux:rgServidor>501139655</aux:rgServidor>
        <aux:orgaoExpedidor>SSP</aux:orgaoExpedidor>
                <aux:dataExpeCartDeIdentidade>2017-06-21</aux:dataExpeCartDeIdentidade>
        <aux:nomeServidor>UENESLEI ANGELINO DA SILVA</aux:nomeServidor>
        <aux:dataNascimento>1984-03-18</aux:dataNascimento>
        <aux:sexo>1</aux:sexo>
        <aux:tituloEleitor>000000000000000</aux:tituloEleitor>
        <aux:tipoEstaCivil>4</aux:tipoEstaCivil>
        <aux:pisPAsep>000013219299937</aux:pisPAsep>
        <aux:numeroOrgaoClasse>00000000</aux:numeroOrgaoClasse>
        <aux:cpfPai>99999999999</aux:cpfPai>
        <aux:nomePai>JOAO ANGELINO DA SILVA                            </aux:nomePai>
        <aux:cpfMae>99999999999</aux:cpfMae>
        <aux:nomeMae>NERCINA MARIA DA SILVA                            </aux:nomeMae>
        <aux:tipoCadastro>1</aux:tipoCadastro>
   </aux:Servidor>
   <aux:Servidor>
        <aux:matricula>000000000001510</aux:matricula>
        <aux:cpfServidor>53249003891</aux:cpfServidor>
        <aux:rgServidor>983395</aux:rgServidor>
        <aux:orgaoExpedidor>SSP</aux:orgaoExpedidor>
                <aux:dataExpeCartDeIdentidade>2015-06-04</aux:dataExpeCartDeIdentidade>
        <aux:nomeServidor>MILTON MAGALHAES DE CARVALHO</aux:nomeServidor>
        <aux:dataNascimento>1947-12-06</aux:dataNascimento>
        <aux:sexo>1</aux:sexo>
        <aux:tituloEleitor>000000000000000</aux:tituloEleitor>
        <aux:tipoEstaCivil>4</aux:tipoEstaCivil>
        <aux:pisPAsep>000010297586626</aux:pisPAsep>
        <aux:numeroOrgaoClasse>00000000</aux:numeroOrgaoClasse>
        <aux:cpfPai>99999999999</aux:cpfPai>
        <aux:nomePai>AGOSTINHO PEREIRA DE CARVALHO                     </aux:nomePai>
        <aux:cpfMae>99999999999</aux:cpfMae>
        <aux:nomeMae>EUNICE MAGALHAES DE CARVALHO                      </aux:nomeMae>
        <aux:tipoCadastro>1</aux:tipoCadastro>
   </aux:Servidor>
</aux:CadastrosAuxiliaresSagresFolha>