<?xml version="1.0" encoding="UTF-8"?><his:historicos xmlns:his="http://www.tce.pi.gov.br/sagres2019/xml/historicos" xmlns:gen="http://www.tce.pi.gov.br/sagres2019/xml/genericos" xmlns:tab="http://www.tce.pi.gov.br/sagres2019/xml/tabelasInternas" xmlns:aux="http://www.tce.pi.gov.br/sagres2019/xml/cadastrosAuxiliaresSagresFolha">
  <his:PrestacaoContas>
    <aux:codigoUnidGestora>201017</aux:codigoUnidGestora>
    <aux:nomeUnidGestora>PREFEITURA MUNICIPAL DE AVELINO LOPES</aux:nomeUnidGestora>
    <aux:cpfContador>72674350334</aux:cpfContador>
    <aux:cpfGestor>64378985853</aux:cpfGestor>
    <aux:anoReferencia>2019</aux:anoReferencia>
    <aux:mesReferencia>08</aux:mesReferencia>
    <aux:versaoXml>19</aux:versaoXml>
    <aux:diaInicPresContas>01</aux:diaInicPresContas>
    <aux:diaFinaPresContas>31</aux:diaFinaPresContas>
  </his:PrestacaoContas>
    <his:HistoricoPessoal>
       <his:matricula>000000000001509</his:matricula>
       <his:cpfServidor>00208007385</his:cpfServidor>
       <his:tipoEscolaridade>3</his:tipoEscolaridade>
       <his:dataAlteracao>2019-08-31</his:dataAlteracao>
       <his:endereco>
           <gen:logradouro>AVN EUTIMIO ALVES</gen:logradouro>
           <gen:numero>45</gen:numero>
           <gen:complemento>          </gen:complemento>
           <gen:bairro>BELO HORIZONTE                          </gen:bairro>
           <gen:numeroCep>64965000</gen:numeroCep>
           <gen:municipio>AVELINO LOPES</gen:municipio>
           <gen:estado>PI</gen:estado>
           <gen:telefoneFixo>          </gen:telefoneFixo>
           <gen:telefoneCelular>          </gen:telefoneCelular>
       </his:endereco>
       <his:dadosBancarios>
           <gen:codigoBanco>001</gen:codigoBanco>
           <gen:codigoAgencia>012092</gen:codigoAgencia>
           <gen:numeroContBancaria>000000000236136</gen:numeroContBancaria>
       </his:dadosBancarios>
    </his:HistoricoPessoal>
    <his:HistoricoPessoal>
       <his:matricula>000000000001510</his:matricula>
       <his:cpfServidor>53249003891</his:cpfServidor>
       <his:tipoEscolaridade>3</his:tipoEscolaridade>
       <his:dataAlteracao>2019-08-31</his:dataAlteracao>
       <his:endereco>
           <gen:logradouro>RUA 7 DE SETEMBRO</gen:logradouro>
           <gen:numero>0</gen:numero>
           <gen:complemento>SN        </gen:complemento>
           <gen:bairro>CENTRO                                  </gen:bairro>
           <gen:numeroCep>64965000</gen:numeroCep>
           <gen:municipio>AVELINO LOPES</gen:municipio>
           <gen:estado>PI</gen:estado>
           <gen:telefoneFixo>          </gen:telefoneFixo>
           <gen:telefoneCelular>          </gen:telefoneCelular>
       </his:endereco>
       <his:dadosBancarios>
           <gen:codigoBanco>001</gen:codigoBanco>
           <gen:codigoAgencia>012092</gen:codigoAgencia>
           <gen:numeroContBancaria>000000000182370</gen:numeroContBancaria>
       </his:dadosBancarios>
    </his:HistoricoPessoal>
  <his:HistoricoFuncional>
       <his:matricula>000000000001509</his:matricula>
    <his:cpfServidor>00208007385</his:cpfServidor>
    <his:tipoAtoPessoal>1001</his:tipoAtoPessoal>
    <his:dataMoviFuncional>2019-08-01</his:dataMoviFuncional>
    <his:informacoesAlteradas>
      <gen:atoTipo01>
        <gen:codigoCargo>00000062</gen:codigoCargo>
        <gen:codigoLotacao>000000000010001</gen:codigoLotacao>
        <gen:tipoRegiPrevidencia>1</gen:tipoRegiPrevidencia>
        <gen:tipoRegiTrabalho>0</gen:tipoRegiTrabalho>
        <gen:tipoVinculo>2</gen:tipoVinculo>
        <gen:dataNomeacao>2019-08-01</gen:dataNomeacao>
        <gen:dataExercicio>2019-08-01</gen:dataExercicio>
        <gen:dataPosse>2019-08-01</gen:dataPosse>
        <gen:numeroEdital>
          <gen:numero>000000</gen:numero>
          <gen:ano>2019</gen:ano>
        </gen:numeroEdital>
      </gen:atoTipo01>
    </his:informacoesAlteradas>
  </his:HistoricoFuncional>
  <his:HistoricoFuncional>
       <his:matricula>000000000001510</his:matricula>
    <his:cpfServidor>53249003891</his:cpfServidor>
    <his:tipoAtoPessoal>1001</his:tipoAtoPessoal>
    <his:dataMoviFuncional>2019-08-01</his:dataMoviFuncional>
    <his:informacoesAlteradas>
      <gen:atoTipo01>
        <gen:codigoCargo>60000017</gen:codigoCargo>
        <gen:codigoLotacao>000000000010001</gen:codigoLotacao>
        <gen:tipoRegiPrevidencia>1</gen:tipoRegiPrevidencia>
        <gen:tipoRegiTrabalho>0</gen:tipoRegiTrabalho>
        <gen:tipoVinculo>2</gen:tipoVinculo>
        <gen:dataNomeacao>2019-08-01</gen:dataNomeacao>
        <gen:dataExercicio>2019-08-01</gen:dataExercicio>
        <gen:dataPosse>2019-08-01</gen:dataPosse>
        <gen:numeroEdital>
          <gen:numero>000000</gen:numero>
          <gen:ano>2019</gen:ano>
        </gen:numeroEdital>
      </gen:atoTipo01>
    </his:informacoesAlteradas>
  </his:HistoricoFuncional>
  <his:HistoricoFuncional>
    <his:matricula>000000000002056</his:matricula>
    <his:cpfServidor>01125916397</his:cpfServidor>
    <his:tipoAtoPessoal>1012</his:tipoAtoPessoal>
    <his:dataMoviFuncional>2019-08-01</his:dataMoviFuncional>
    <his:informacoesAlteradas>
      <gen:atoTipo01>
        <gen:codigoCargo>20000006</gen:codigoCargo>
        <gen:codigoLotacao>000000000030001</gen:codigoLotacao>
        <gen:tipoRegiPrevidencia>1</gen:tipoRegiPrevidencia>
        <gen:tipoRegiTrabalho>0</gen:tipoRegiTrabalho>
        <gen:tipoVinculo>9</gen:tipoVinculo>
        <gen:dataNomeacao>2007-10-18</gen:dataNomeacao>
        <gen:dataExercicio>2007-10-18</gen:dataExercicio>
        <gen:dataPosse>2007-10-18</gen:dataPosse>
        <gen:numeroEdital>
          <gen:numero>000000</gen:numero>
          <gen:ano>2007</gen:ano>
        </gen:numeroEdital>
      </gen:atoTipo01>
    </his:informacoesAlteradas>
  </his:HistoricoFuncional>
  <his:HistoricoFuncional>
    <his:matricula>000000000006121</his:matricula>
    <his:cpfServidor>92406793320</his:cpfServidor>
    <his:tipoAtoPessoal>1012</his:tipoAtoPessoal>
    <his:dataMoviFuncional>2019-08-01</his:dataMoviFuncional>
    <his:informacoesAlteradas>
      <gen:atoTipo01>
        <gen:codigoCargo>60000002</gen:codigoCargo>
        <gen:codigoLotacao>000000000060003</gen:codigoLotacao>
        <gen:tipoRegiPrevidencia>1</gen:tipoRegiPrevidencia>
        <gen:tipoRegiTrabalho>0</gen:tipoRegiTrabalho>
        <gen:tipoVinculo>9</gen:tipoVinculo>
        <gen:dataNomeacao>2002-03-25</gen:dataNomeacao>
        <gen:dataExercicio>2002-03-25</gen:dataExercicio>
        <gen:dataPosse>2002-03-25</gen:dataPosse>
        <gen:numeroEdital>
          <gen:numero>000000</gen:numero>
          <gen:ano>2002</gen:ano>
        </gen:numeroEdital>
      </gen:atoTipo01>
    </his:informacoesAlteradas>
  </his:HistoricoFuncional>
  <his:HistoricoFuncional>
    <his:matricula>000000000006272</his:matricula>
    <his:cpfServidor>30569488869</his:cpfServidor>
    <his:tipoAtoPessoal>1010</his:tipoAtoPessoal>
    <his:dataMoviFuncional>2019-08-01</his:dataMoviFuncional>
    <his:informacoesAlteradas>
      <gen:atoTipo01>
        <gen:codigoCargo>60000003</gen:codigoCargo>
        <gen:codigoLotacao>000000000070400</gen:codigoLotacao>
        <gen:tipoRegiPrevidencia>1</gen:tipoRegiPrevidencia>
        <gen:tipoRegiTrabalho>0</gen:tipoRegiTrabalho>
        <gen:tipoVinculo>9</gen:tipoVinculo>
        <gen:dataNomeacao>2010-03-08</gen:dataNomeacao>
        <gen:dataExercicio>2010-03-08</gen:dataExercicio>
        <gen:dataPosse>2010-03-08</gen:dataPosse>
        <gen:numeroEdital>
          <gen:numero>000000</gen:numero>
          <gen:ano>2010</gen:ano>
        </gen:numeroEdital>
      </gen:atoTipo01>
    </his:informacoesAlteradas>
  </his:HistoricoFuncional>
  <his:HistoricoFuncional>
    <his:matricula>000000000006293</his:matricula>
    <his:cpfServidor>02291702343</his:cpfServidor>
    <his:tipoAtoPessoal>1010</his:tipoAtoPessoal>
    <his:dataMoviFuncional>2019-08-05</his:dataMoviFuncional>
    <his:informacoesAlteradas>
      <gen:atoTipo01>
        <gen:codigoCargo>60000003</gen:codigoCargo>
        <gen:codigoLotacao>000000000070400</gen:codigoLotacao>
        <gen:tipoRegiPrevidencia>1</gen:tipoRegiPrevidencia>
        <gen:tipoRegiTrabalho>0</gen:tipoRegiTrabalho>
        <gen:tipoVinculo>9</gen:tipoVinculo>
        <gen:dataNomeacao>2010-03-08</gen:dataNomeacao>
        <gen:dataExercicio>2010-03-08</gen:dataExercicio>
        <gen:dataPosse>2010-03-08</gen:dataPosse>
        <gen:numeroEdital>
          <gen:numero>000000</gen:numero>
          <gen:ano>2010</gen:ano>
        </gen:numeroEdital>
      </gen:atoTipo01>
    </his:informacoesAlteradas>
  </his:HistoricoFuncional>
  <his:HistoricoFuncional>
    <his:matricula>000000000006301</his:matricula>
    <his:cpfServidor>01944209301</his:cpfServidor>
    <his:tipoAtoPessoal>9017</his:tipoAtoPessoal>
    <his:dataMoviFuncional>2019-08-01</his:dataMoviFuncional>
    <his:informacoesAlteradas>
    </his:informacoesAlteradas>
  </his:HistoricoFuncional>
</his:historicos>