<?xml version="1.0" encoding="ISO-8859-1"?>
<!--********************************************-->
<!--* FIORILLI SOFTWARE LTDA                   *-->
<!--* SISTEMA INTEGRADO DE PESSOAL             *-->
<!--* GERADO 31/12/2024 14:41:01               *-->
<!--* VERSAO 7.5.405.27.18482/R                *-->
<!--* USUARIO PC WOLIVEIRA                     *-->
<!--* DOMINIO MCT                              *-->
<!--* NOME PC SERVER                           *-->
<!--* USUARIO SISTEMA diego                    *-->
<!--********************************************-->
<aux:CadastrosAuxiliaresSagresFolha xmlns:fol="http://www.tce.pi.gov.br/sagres2024/xml/folhaPagamento" xmlns:aux="http://www.tce.pi.gov.br/sagres2024/xml/cadastrosAuxiliaresSagresFolha" xmlns:gen="http://www.tce.pi.gov.br/sagres2024/xml/genericos" xmlns:tab="http://www.tce.pi.gov.br/sagres2024/xml/tabelasInternas">
  <aux:PrestacaoContas>
    <aux:codigoUnidGestora>201133</aux:codigoUnidGestora>
    <aux:nomeUnidGestora>P. M. DE MORRO CABECA NO TEMPO</aux:nomeUnidGestora>
    <aux:cpfContador>01340944332</aux:cpfContador>
    <aux:cpfGestor>82387796349</aux:cpfGestor>
    <aux:anoReferencia>2024</aux:anoReferencia>
    <aux:mesReferencia>11</aux:mesReferencia>
    <aux:versaoXml>19</aux:versaoXml>
    <aux:diaInicPresContas>1</aux:diaInicPresContas>
    <aux:diaFinaPresContas>30</aux:diaFinaPresContas>
  </aux:PrestacaoContas>
</aux:CadastrosAuxiliaresSagresFolha>
