<?xml version="1.0" encoding="utf-8"?>
<!--FIORILLI SOC. CIVIL LTDA - SOFTWARE-->
<!--ENVIADO POR: MARCELO-->
<!--VERSAO TCE-PI: 8.25.25.121-->
<!--VERSAO DIARIO RAZAO: 8.21.25.1968-->
<!--VERSAO EVENTOS: 2154-->
<aux:CadastrosAuxiliares xmlns:aux="http://www.tce.pi.gov.br/sagres2020/xml/cadastrosAuxiliares" xmlns:gen="http://www.tce.pi.gov.br/sagres2020/xml/genericos" xmlns:tab="http://www.tce.pi.gov.br/sagres2020/xml/tabelasInternas">
  <aux:PrestacaoContas>
    <aux:codigoUnidGestora>101017</aux:codigoUnidGestora>
    <aux:nomeUnidGestora>CAMARA MUNICIPAL DE AVELINO LOPES</aux:nomeUnidGestora>
    <aux:cpfContador>30912067349</aux:cpfContador>
    <aux:cpfGestor>78118425304</aux:cpfGestor>
    <aux:anoReferencia>2020</aux:anoReferencia>
    <aux:mesReferencia>08</aux:mesReferencia>
    <aux:versaoXml>0</aux:versaoXml>
    <aux:diaInicPresContas>01</aux:diaInicPresContas>
    <aux:diaFinaPresContas>31</aux:diaFinaPresContas>
  </aux:PrestacaoContas>
  <aux:ConciliacaoBancaria>
    <aux:codigoBanco>000</aux:codigoBanco>
    <aux:codigoAgencia>000000</aux:codigoAgencia>
    <aux:numeroContBancaria>000000000000</aux:numeroContBancaria>
    <aux:tipoContBancaria>0</aux:tipoContBancaria>
    <aux:numeroSequencial>00000790</aux:numeroSequencial>
    <aux:tipoConcBancaria>1</aux:tipoConcBancaria>
    <aux:descricaoSobrValoConciliado>SALDO EM 31 08 2020 CONFORME EXTRATO BANCARIO COMP</aux:descricaoSobrValoConciliado>
    <aux:dataFatoConciliado>2020-08-31</aux:dataFatoConciliado>
    <aux:numeroChequeDocumento>000000</aux:numeroChequeDocumento>
    <aux:numeroDocDebiAutomatico>00000000000</aux:numeroDocDebiAutomatico>
    <aux:valorConciliado>0000000000000.00</aux:valorConciliado>
  </aux:ConciliacaoBancaria>
  <aux:ConciliacaoBancaria>
    <aux:codigoBanco>104</aux:codigoBanco>
    <aux:codigoAgencia>001209</aux:codigoAgencia>
    <aux:numeroContBancaria>000000001111</aux:numeroContBancaria>
    <aux:tipoContBancaria>1</aux:tipoContBancaria>
    <aux:numeroSequencial>00000791</aux:numeroSequencial>
    <aux:tipoConcBancaria>1</aux:tipoConcBancaria>
    <aux:descricaoSobrValoConciliado>SALDO EM 31 08 2020 CONFORME EXTRATO BANCARIO COMP</aux:descricaoSobrValoConciliado>
    <aux:dataFatoConciliado>2020-08-31</aux:dataFatoConciliado>
    <aux:numeroChequeDocumento>000000</aux:numeroChequeDocumento>
    <aux:numeroDocDebiAutomatico>00000000000</aux:numeroDocDebiAutomatico>
    <aux:valorConciliado>0000000000000.00</aux:valorConciliado>
  </aux:ConciliacaoBancaria>
  <aux:ConciliacaoBancaria>
    <aux:codigoBanco>001</aux:codigoBanco>
    <aux:codigoAgencia>001209</aux:codigoAgencia>
    <aux:numeroContBancaria>000000020532</aux:numeroContBancaria>
    <aux:tipoContBancaria>1</aux:tipoContBancaria>
    <aux:numeroSequencial>00000792</aux:numeroSequencial>
    <aux:tipoConcBancaria>1</aux:tipoConcBancaria>
    <aux:descricaoSobrValoConciliado>SALDO EM 31 08 2020 CONFORME EXTRATO BANCARIO COMP</aux:descricaoSobrValoConciliado>
    <aux:dataFatoConciliado>2020-08-31</aux:dataFatoConciliado>
    <aux:numeroChequeDocumento>000000</aux:numeroChequeDocumento>
    <aux:numeroDocDebiAutomatico>00000000000</aux:numeroDocDebiAutomatico>
    <aux:valorConciliado>0000000000000.00</aux:valorConciliado>
  </aux:ConciliacaoBancaria>
  <aux:ConciliacaoBancaria>
    <aux:codigoBanco>001</aux:codigoBanco>
    <aux:codigoAgencia>001209</aux:codigoAgencia>
    <aux:numeroContBancaria>00000020532L</aux:numeroContBancaria>
    <aux:tipoContBancaria>2</aux:tipoContBancaria>
    <aux:numeroSequencial>00000793</aux:numeroSequencial>
    <aux:tipoConcBancaria>1</aux:tipoConcBancaria>
    <aux:descricaoSobrValoConciliado>SALDO EM 31 08 2020 CONFORME EXTRATO BANCARIO COMP</aux:descricaoSobrValoConciliado>
    <aux:dataFatoConciliado>2020-08-31</aux:dataFatoConciliado>
    <aux:numeroChequeDocumento>000000</aux:numeroChequeDocumento>
    <aux:numeroDocDebiAutomatico>00000000000</aux:numeroDocDebiAutomatico>
    <aux:valorConciliado>0000000000000.00</aux:valorConciliado>
  </aux:ConciliacaoBancaria>
  <aux:ConciliacaoBancaria>
    <aux:codigoBanco>036</aux:codigoBanco>
    <aux:codigoAgencia>001209</aux:codigoAgencia>
    <aux:numeroContBancaria>000000002121</aux:numeroContBancaria>
    <aux:tipoContBancaria>1</aux:tipoContBancaria>
    <aux:numeroSequencial>00000794</aux:numeroSequencial>
    <aux:tipoConcBancaria>1</aux:tipoConcBancaria>
    <aux:descricaoSobrValoConciliado>SALDO EM 31 08 2020 CONFORME EXTRATO BANCARIO COMP</aux:descricaoSobrValoConciliado>
    <aux:dataFatoConciliado>2020-08-31</aux:dataFatoConciliado>
    <aux:numeroChequeDocumento>000000</aux:numeroChequeDocumento>
    <aux:numeroDocDebiAutomatico>00000000000</aux:numeroDocDebiAutomatico>
    <aux:valorConciliado>0000000000000.00</aux:valorConciliado>
  </aux:ConciliacaoBancaria>
  <aux:Fornecedor>
    <aux:cpfCnpjCredor>14094255842</aux:cpfCnpjCredor>
    <aux:nomeDenoOuRazaJuridica>VICENTE CIRSO ROCHA</aux:nomeDenoOuRazaJuridica>
    <aux:endereco>
      <gen:logradouro>AVENIDA SERGIO GAMA</gen:logradouro>
      <gen:numero>0</gen:numero>
      <gen:complemento>SEM COMPLEMENTO</gen:complemento>
      <gen:bairro>CENTRO</gen:bairro>
      <gen:numeroCep>64965000</gen:numeroCep>
      <gen:municipio>AVELINO LOPES</gen:municipio>
      <gen:estado>PI</gen:estado>
      <gen:telefoneFixo>NAO INFORMADO</gen:telefoneFixo>
      <gen:telefoneCelular>NAO INFORMADO</gen:telefoneCelular>
    </aux:endereco>
    <aux:tipoCredor>1</aux:tipoCredor>
  </aux:Fornecedor>
</aux:CadastrosAuxiliares>
