<?xml version="1.0" encoding="UTF-8"?><aux:CadastrosAuxiliaresSagresFolha xmlns:aux="http://www.tce.pi.gov.br/sagres2020/xml/cadastrosAuxiliaresSagresFolha" xmlns:gen="http://www.tce.pi.gov.br/sagres2020/xml/genericos" xmlns:tab="http://www.tce.pi.gov.br/sagres2020/xml/tabelasInternas">
    <aux:PrestacaoContas>
        <aux:codigoUnidGestora>201017</aux:codigoUnidGestora>
        <aux:nomeUnidGestora>PREFEITURA MUNICIPAL DE AVELINO LOPES</aux:nomeUnidGestora>
        <aux:cpfContador>72674350334</aux:cpfContador>
        <aux:cpfGestor>64378985853</aux:cpfGestor>
        <aux:anoReferencia>2020</aux:anoReferencia>
        <aux:mesReferencia>11</aux:mesReferencia>
        <aux:versaoXml>19</aux:versaoXml>
        <aux:diaInicPresContas>1</aux:diaInicPresContas>
        <aux:diaFinaPresContas>30</aux:diaFinaPresContas>
    </aux:PrestacaoContas>
   <aux:Servidor>
        <aux:matricula>000000000006043</aux:matricula>
        <aux:cpfServidor>27437728320</aux:cpfServidor>
        <aux:rgServidor>703586</aux:rgServidor>
        <aux:orgaoExpedidor>SSP</aux:orgaoExpedidor>
                <aux:dataExpeCartDeIdentidade>2016-04-15</aux:dataExpeCartDeIdentidade>
        <aux:nomeServidor>SALVADOR MIRANDA DE SOUSA</aux:nomeServidor>
        <aux:dataNascimento>1966-02-22</aux:dataNascimento>
        <aux:sexo>1</aux:sexo>
        <aux:tituloEleitor>000000000000000</aux:tituloEleitor>
        <aux:tipoEstaCivil>2</aux:tipoEstaCivil>
        <aux:pisPAsep>000017017311033</aux:pisPAsep>
        <aux:numeroOrgaoClasse>00000000</aux:numeroOrgaoClasse>
        <aux:cpfPai>99999999999</aux:cpfPai>
        <aux:nomePai>                                                  </aux:nomePai>
        <aux:cpfMae>99999999999</aux:cpfMae>
        <aux:nomeMae>FLORIPES MIRANDA DE SOUSA                         </aux:nomeMae>
        <aux:tipoCadastro>1</aux:tipoCadastro>
   </aux:Servidor>
   <aux:Servidor>
        <aux:matricula>000000000006273</aux:matricula>
        <aux:cpfServidor>28707176368</aux:cpfServidor>
        <aux:rgServidor>314389</aux:rgServidor>
        <aux:orgaoExpedidor>SSP</aux:orgaoExpedidor>
                <aux:dataExpeCartDeIdentidade>1985-01-24</aux:dataExpeCartDeIdentidade>
        <aux:nomeServidor>ARESTIDES MEDEIROS DOS S FILHO</aux:nomeServidor>
        <aux:dataNascimento>1958-01-10</aux:dataNascimento>
        <aux:sexo>1</aux:sexo>
        <aux:tituloEleitor>000004336251546</aux:tituloEleitor>
        <aux:tipoEstaCivil>1</aux:tipoEstaCivil>
        <aux:pisPAsep>000019009830716</aux:pisPAsep>
        <aux:numeroOrgaoClasse>00000000</aux:numeroOrgaoClasse>
        <aux:cpfPai>99999999999</aux:cpfPai>
        <aux:nomePai>ARISTIDES MEDEIROS DOS SANTOS                     </aux:nomePai>
        <aux:cpfMae>99999999999</aux:cpfMae>
        <aux:nomeMae>MARIA RUBINA FERREIRA DE SOUSA                    </aux:nomeMae>
        <aux:tipoCadastro>1</aux:tipoCadastro>
   </aux:Servidor>
</aux:CadastrosAuxiliaresSagresFolha>