<?xml version="1.0" encoding="UTF-8"?><his:historicos xmlns:his="http://www.tce.pi.gov.br/sagres2020/xml/historicos" xmlns:gen="http://www.tce.pi.gov.br/sagres2020/xml/genericos" xmlns:tab="http://www.tce.pi.gov.br/sagres2020/xml/tabelasInternas" xmlns:aux="http://www.tce.pi.gov.br/sagres2020/xml/cadastrosAuxiliaresSagresFolha">
  <his:PrestacaoContas>
    <aux:codigoUnidGestora>201017</aux:codigoUnidGestora>
    <aux:nomeUnidGestora>PREFEITURA MUNICIPAL DE AVELINO LOPES</aux:nomeUnidGestora>
    <aux:cpfContador>72674350334</aux:cpfContador>
    <aux:cpfGestor>64378985853</aux:cpfGestor>
    <aux:anoReferencia>2020</aux:anoReferencia>
    <aux:mesReferencia>11</aux:mesReferencia>
    <aux:versaoXml>19</aux:versaoXml>
    <aux:diaInicPresContas>01</aux:diaInicPresContas>
    <aux:diaFinaPresContas>30</aux:diaFinaPresContas>
  </his:PrestacaoContas>
    <his:HistoricoPessoal>
       <his:matricula>000000000006043</his:matricula>
       <his:cpfServidor>27437728320</his:cpfServidor>
       <his:tipoEscolaridade>4</his:tipoEscolaridade>
       <his:dataAlteracao>2020-11-30</his:dataAlteracao>
       <his:endereco>
           <gen:logradouro>AV BOM JESUS</gen:logradouro>
           <gen:numero>0</gen:numero>
           <gen:complemento>SN        </gen:complemento>
           <gen:bairro>CENTRO                                  </gen:bairro>
           <gen:numeroCep>64965000</gen:numeroCep>
           <gen:municipio>AVELINO LOPES</gen:municipio>
           <gen:estado>PI</gen:estado>
           <gen:telefoneFixo>          </gen:telefoneFixo>
           <gen:telefoneCelular>          </gen:telefoneCelular>
       </his:endereco>
       <his:dadosBancarios>
           <gen:codigoBanco>001</gen:codigoBanco>
           <gen:codigoAgencia>012092</gen:codigoAgencia>
           <gen:numeroContBancaria>000000000071404</gen:numeroContBancaria>
       </his:dadosBancarios>
    </his:HistoricoPessoal>
    <his:HistoricoPessoal>
       <his:matricula>000000000006273</his:matricula>
       <his:cpfServidor>28707176368</his:cpfServidor>
       <his:tipoEscolaridade>4</his:tipoEscolaridade>
       <his:dataAlteracao>2020-11-30</his:dataAlteracao>
       <his:endereco>
           <gen:logradouro>PRACA NOSSA SENHORA DAS MERCEDES</gen:logradouro>
           <gen:numero>0</gen:numero>
           <gen:complemento>SN        </gen:complemento>
           <gen:bairro>CENTRO                                  </gen:bairro>
           <gen:numeroCep>64965000</gen:numeroCep>
           <gen:municipio>AVELINO LOPES</gen:municipio>
           <gen:estado>PI</gen:estado>
           <gen:telefoneFixo>          </gen:telefoneFixo>
           <gen:telefoneCelular>          </gen:telefoneCelular>
       </his:endereco>
       <his:dadosBancarios>
           <gen:codigoBanco>001</gen:codigoBanco>
           <gen:codigoAgencia>012092</gen:codigoAgencia>
           <gen:numeroContBancaria>000000000079685</gen:numeroContBancaria>
       </his:dadosBancarios>
    </his:HistoricoPessoal>
  <his:HistoricoFuncional>
       <his:matricula>000000000006043</his:matricula>
    <his:cpfServidor>27437728320</his:cpfServidor>
    <his:tipoAtoPessoal>1002</his:tipoAtoPessoal>
    <his:dataMoviFuncional>2020-11-17</his:dataMoviFuncional>
    <his:informacoesAlteradas>
      <gen:atoTipo01>
        <gen:codigoCargo>60000002</gen:codigoCargo>
        <gen:codigoLotacao>000000000060002</gen:codigoLotacao>
        <gen:tipoRegiPrevidencia>1</gen:tipoRegiPrevidencia>
        <gen:tipoRegiTrabalho>0</gen:tipoRegiTrabalho>
        <gen:tipoVinculo>9</gen:tipoVinculo>
        <gen:dataNomeacao>2002-08-01</gen:dataNomeacao>
        <gen:dataExercicio>2002-08-01</gen:dataExercicio>
        <gen:dataPosse>2002-08-01</gen:dataPosse>
        <gen:numeroEdital>
          <gen:numero>000000</gen:numero>
          <gen:ano>2002</gen:ano>
        </gen:numeroEdital>
      </gen:atoTipo01>
    </his:informacoesAlteradas>
  </his:HistoricoFuncional>
  <his:HistoricoFuncional>
       <his:matricula>000000000006273</his:matricula>
    <his:cpfServidor>28707176368</his:cpfServidor>
    <his:tipoAtoPessoal>1002</his:tipoAtoPessoal>
    <his:dataMoviFuncional>2020-11-01</his:dataMoviFuncional>
    <his:informacoesAlteradas>
      <gen:atoTipo01>
        <gen:codigoCargo>60000000</gen:codigoCargo>
        <gen:codigoLotacao>000000000060003</gen:codigoLotacao>
        <gen:tipoRegiPrevidencia>1</gen:tipoRegiPrevidencia>
        <gen:tipoRegiTrabalho>0</gen:tipoRegiTrabalho>
        <gen:tipoVinculo>9</gen:tipoVinculo>
        <gen:dataNomeacao>2010-03-08</gen:dataNomeacao>
        <gen:dataExercicio>2010-03-08</gen:dataExercicio>
        <gen:dataPosse>2010-03-08</gen:dataPosse>
        <gen:numeroEdital>
          <gen:numero>000000</gen:numero>
          <gen:ano>2010</gen:ano>
        </gen:numeroEdital>
      </gen:atoTipo01>
    </his:informacoesAlteradas>
  </his:HistoricoFuncional>
  <his:HistoricoFuncional>
    <his:matricula>000000000001458</his:matricula>
    <his:cpfServidor>28707176368</his:cpfServidor>
    <his:tipoAtoPessoal>2009</his:tipoAtoPessoal>
    <his:dataMoviFuncional>2020-11-01</his:dataMoviFuncional>
    <his:informacoesAlteradas>
    </his:informacoesAlteradas>
  </his:HistoricoFuncional>
  <his:HistoricoFuncional>
    <his:matricula>000000000001470</his:matricula>
    <his:cpfServidor>00746323883</his:cpfServidor>
    <his:tipoAtoPessoal>2009</his:tipoAtoPessoal>
    <his:dataMoviFuncional>2020-11-01</his:dataMoviFuncional>
    <his:informacoesAlteradas>
    </his:informacoesAlteradas>
  </his:HistoricoFuncional>
  <his:HistoricoFuncional>
    <his:matricula>000000000001497</his:matricula>
    <his:cpfServidor>43250505315</his:cpfServidor>
    <his:tipoAtoPessoal>2009</his:tipoAtoPessoal>
    <his:dataMoviFuncional>2020-11-30</his:dataMoviFuncional>
    <his:informacoesAlteradas>
    </his:informacoesAlteradas>
  </his:HistoricoFuncional>
  <his:HistoricoFuncional>
    <his:matricula>000000000001502</his:matricula>
    <his:cpfServidor>82096678153</his:cpfServidor>
    <his:tipoAtoPessoal>2009</his:tipoAtoPessoal>
    <his:dataMoviFuncional>2020-11-30</his:dataMoviFuncional>
    <his:informacoesAlteradas>
    </his:informacoesAlteradas>
  </his:HistoricoFuncional>
  <his:HistoricoFuncional>
    <his:matricula>000000000001504</his:matricula>
    <his:cpfServidor>00363746366</his:cpfServidor>
    <his:tipoAtoPessoal>2009</his:tipoAtoPessoal>
    <his:dataMoviFuncional>2020-11-01</his:dataMoviFuncional>
    <his:informacoesAlteradas>
    </his:informacoesAlteradas>
  </his:HistoricoFuncional>
  <his:HistoricoFuncional>
    <his:matricula>000000000001509</his:matricula>
    <his:cpfServidor>00208007385</his:cpfServidor>
    <his:tipoAtoPessoal>2009</his:tipoAtoPessoal>
    <his:dataMoviFuncional>2020-11-01</his:dataMoviFuncional>
    <his:informacoesAlteradas>
    </his:informacoesAlteradas>
  </his:HistoricoFuncional>
  <his:HistoricoFuncional>
    <his:matricula>000000000001510</his:matricula>
    <his:cpfServidor>53249003891</his:cpfServidor>
    <his:tipoAtoPessoal>2009</his:tipoAtoPessoal>
    <his:dataMoviFuncional>2020-11-01</his:dataMoviFuncional>
    <his:informacoesAlteradas>
    </his:informacoesAlteradas>
  </his:HistoricoFuncional>
  <his:HistoricoFuncional>
    <his:matricula>000000000001512</his:matricula>
    <his:cpfServidor>04464666892</his:cpfServidor>
    <his:tipoAtoPessoal>2006</his:tipoAtoPessoal>
    <his:dataMoviFuncional>2020-11-01</his:dataMoviFuncional>
    <his:informacoesAlteradas>
    </his:informacoesAlteradas>
  </his:HistoricoFuncional>
  <his:HistoricoFuncional>
    <his:matricula>000000000001513</his:matricula>
    <his:cpfServidor>55466680320</his:cpfServidor>
    <his:tipoAtoPessoal>2009</his:tipoAtoPessoal>
    <his:dataMoviFuncional>2020-11-01</his:dataMoviFuncional>
    <his:informacoesAlteradas>
    </his:informacoesAlteradas>
  </his:HistoricoFuncional>
  <his:HistoricoFuncional>
    <his:matricula>000000000001522</his:matricula>
    <his:cpfServidor>85945664502</his:cpfServidor>
    <his:tipoAtoPessoal>2009</his:tipoAtoPessoal>
    <his:dataMoviFuncional>2020-11-01</his:dataMoviFuncional>
    <his:informacoesAlteradas>
    </his:informacoesAlteradas>
  </his:HistoricoFuncional>
  <his:HistoricoFuncional>
    <his:matricula>000000000001523</his:matricula>
    <his:cpfServidor>09640248886</his:cpfServidor>
    <his:tipoAtoPessoal>2009</his:tipoAtoPessoal>
    <his:dataMoviFuncional>2020-11-01</his:dataMoviFuncional>
    <his:informacoesAlteradas>
    </his:informacoesAlteradas>
  </his:HistoricoFuncional>
  <his:HistoricoFuncional>
    <his:matricula>000000000001526</his:matricula>
    <his:cpfServidor>01224822390</his:cpfServidor>
    <his:tipoAtoPessoal>2009</his:tipoAtoPessoal>
    <his:dataMoviFuncional>2020-11-01</his:dataMoviFuncional>
    <his:informacoesAlteradas>
    </his:informacoesAlteradas>
  </his:HistoricoFuncional>
  <his:HistoricoFuncional>
    <his:matricula>000000000002022</his:matricula>
    <his:cpfServidor>70724725334</his:cpfServidor>
    <his:tipoAtoPessoal>1010</his:tipoAtoPessoal>
    <his:dataMoviFuncional>2020-11-01</his:dataMoviFuncional>
    <his:informacoesAlteradas>
      <gen:atoTipo01>
        <gen:codigoCargo>00000006</gen:codigoCargo>
        <gen:codigoLotacao>000000000020600</gen:codigoLotacao>
        <gen:tipoRegiPrevidencia>1</gen:tipoRegiPrevidencia>
        <gen:tipoRegiTrabalho>0</gen:tipoRegiTrabalho>
        <gen:tipoVinculo>9</gen:tipoVinculo>
        <gen:dataNomeacao>1993-10-25</gen:dataNomeacao>
        <gen:dataExercicio>1993-10-25</gen:dataExercicio>
        <gen:dataPosse>1993-10-25</gen:dataPosse>
        <gen:numeroEdital>
          <gen:numero>000000</gen:numero>
          <gen:ano>1993</gen:ano>
        </gen:numeroEdital>
      </gen:atoTipo01>
    </his:informacoesAlteradas>
  </his:HistoricoFuncional>
  <his:HistoricoFuncional>
    <his:matricula>000000000002245</his:matricula>
    <his:cpfServidor>00465527310</his:cpfServidor>
    <his:tipoAtoPessoal>2013</his:tipoAtoPessoal>
    <his:dataMoviFuncional>2020-11-30</his:dataMoviFuncional>
    <his:informacoesAlteradas>
    </his:informacoesAlteradas>
  </his:HistoricoFuncional>
  <his:HistoricoFuncional>
    <his:matricula>000000000006230</his:matricula>
    <his:cpfServidor>23307862391</his:cpfServidor>
    <his:tipoAtoPessoal>2005</his:tipoAtoPessoal>
    <his:dataMoviFuncional>2020-11-01</his:dataMoviFuncional>
    <his:informacoesAlteradas>
    </his:informacoesAlteradas>
  </his:HistoricoFuncional>
  <his:HistoricoFuncional>
    <his:matricula>000000000006405</his:matricula>
    <his:cpfServidor>73229296320</his:cpfServidor>
    <his:tipoAtoPessoal>2009</his:tipoAtoPessoal>
    <his:dataMoviFuncional>2020-11-30</his:dataMoviFuncional>
    <his:informacoesAlteradas>
    </his:informacoesAlteradas>
  </his:HistoricoFuncional>
  <his:HistoricoFuncional>
    <his:matricula>000000000006407</his:matricula>
    <his:cpfServidor>70724725334</his:cpfServidor>
    <his:tipoAtoPessoal>2005</his:tipoAtoPessoal>
    <his:dataMoviFuncional>2020-11-01</his:dataMoviFuncional>
    <his:informacoesAlteradas>
    </his:informacoesAlteradas>
  </his:HistoricoFuncional>
  <his:HistoricoFuncional>
    <his:matricula>000000000006408</his:matricula>
    <his:cpfServidor>02907139355</his:cpfServidor>
    <his:tipoAtoPessoal>2009</his:tipoAtoPessoal>
    <his:dataMoviFuncional>2020-11-01</his:dataMoviFuncional>
    <his:informacoesAlteradas>
    </his:informacoesAlteradas>
  </his:HistoricoFuncional>
</his:historicos>