<?xml version="1.0" encoding="utf-8"?>
<!--FIORILLI SOC. CIVIL LTDA - SOFTWARE-->
<!--ENVIADO POR: -->
<!--VERSAO TCE-PI: 8.25.25.211-->
<!--VERSAO DIARIO RAZAO: -->
<!--VERSAO EVENTOS: -->
<emp:EmpenhoseRP xmlns:emp="http://www.tce.pi.gov.br/sagres2022/xml/empenhoseRP" xmlns:gen="http://www.tce.pi.gov.br/sagres2022/xml/genericos" xmlns:tab="http://www.tce.pi.gov.br/sagres2022/xml/tabelasInternas" xmlns:aux="http://www.tce.pi.gov.br/sagres2022/xml/cadastrosAuxiliares">
  <emp:PrestacaoContas>
    <aux:codigoUnidGestora>101017</aux:codigoUnidGestora>
    <aux:nomeUnidGestora>CAMARA MUNICIPAL DE AVELINO LOPES</aux:nomeUnidGestora>
    <aux:cpfContador>27675215893</aux:cpfContador>
    <aux:cpfGestor>00545524512</aux:cpfGestor>
    <aux:anoReferencia>2022</aux:anoReferencia>
    <aux:mesReferencia>12</aux:mesReferencia>
    <aux:versaoXml>0</aux:versaoXml>
    <aux:diaInicPresContas>01</aux:diaInicPresContas>
    <aux:diaFinaPresContas>31</aux:diaFinaPresContas>
  </emp:PrestacaoContas>
  <emp:Empenho>
    <emp:codigoUnidOrcamentaria>010100</emp:codigoUnidOrcamentaria>
    <emp:codigoFuncao>1</emp:codigoFuncao>
    <emp:codigoSubFuncao>031</emp:codigoSubFuncao>
    <emp:codigoPrograma>0001</emp:codigoPrograma>
    <emp:codigoAcao>2001</emp:codigoAcao>
    <emp:codigoCateEconomica>3</emp:codigoCateEconomica>
    <emp:codigoNatuDespesa>3</emp:codigoNatuDespesa>
    <emp:codigoModaAplicacao>90</emp:codigoModaAplicacao>
    <emp:codigoElemDespesa>36</emp:codigoElemDespesa>
    <emp:fonteRecurso>
      <gen:ioc>1</gen:ioc>
      <gen:tipoFontRecurso>500</gen:tipoFontRecurso>
      <gen:tipoCompFontRecurso>9999</gen:tipoCompFontRecurso>
    </emp:fonteRecurso>
    <emp:codigoSubeDespesa>3606</emp:codigoSubeDespesa>
    <emp:anoEmisEmpenho>2022</emp:anoEmisEmpenho>
    <emp:numeroEmpenho>1201001</emp:numeroEmpenho>
    <emp:dataEmisEmpenho>2022-12-01</emp:dataEmisEmpenho>
    <emp:historicoEmpenho>VALOR EMPENHADO PARA PAGAMENTO REFERENTE A MANUTENCAO DE COMPUTADORES,MANUTENCAO DE IMPRESSORA E FORNECIMENTO DE INTERNET.</emp:historicoEmpenho>
    <emp:cpfOrdeDespesa>00545524512</emp:cpfOrdeDespesa>
    <emp:cpfCnpjCredor>01453379363</emp:cpfCnpjCredor>
    <emp:codigoAplicacao>999</emp:codigoAplicacao>
    <emp:tipoEmpenho>1</emp:tipoEmpenho>
    <emp:valorEmpenho>0000000000200.00</emp:valorEmpenho>
    <emp:numeroContTce></emp:numeroContTce>
  </emp:Empenho>
  <emp:Empenho>
    <emp:codigoUnidOrcamentaria>010100</emp:codigoUnidOrcamentaria>
    <emp:codigoFuncao>1</emp:codigoFuncao>
    <emp:codigoSubFuncao>031</emp:codigoSubFuncao>
    <emp:codigoPrograma>0001</emp:codigoPrograma>
    <emp:codigoAcao>2001</emp:codigoAcao>
    <emp:codigoCateEconomica>3</emp:codigoCateEconomica>
    <emp:codigoNatuDespesa>1</emp:codigoNatuDespesa>
    <emp:codigoModaAplicacao>90</emp:codigoModaAplicacao>
    <emp:codigoElemDespesa>11</emp:codigoElemDespesa>
    <emp:fonteRecurso>
      <gen:ioc>1</gen:ioc>
      <gen:tipoFontRecurso>500</gen:tipoFontRecurso>
      <gen:tipoCompFontRecurso>9999</gen:tipoCompFontRecurso>
    </emp:fonteRecurso>
    <emp:codigoSubeDespesa>1101</emp:codigoSubeDespesa>
    <emp:anoEmisEmpenho>2022</emp:anoEmisEmpenho>
    <emp:numeroEmpenho>1215001</emp:numeroEmpenho>
    <emp:dataEmisEmpenho>2022-12-15</emp:dataEmisEmpenho>
    <emp:historicoEmpenho>VALOR EMPENHADO DESTINADO AO PAGAMENTO DE FUNCIONARIOS DESTE ORGAO LEGISTATIVO.</emp:historicoEmpenho>
    <emp:cpfOrdeDespesa>00545524512</emp:cpfOrdeDespesa>
    <emp:cpfCnpjCredor>00000000000000</emp:cpfCnpjCredor>
    <emp:codigoAplicacao>999</emp:codigoAplicacao>
    <emp:tipoEmpenho>1</emp:tipoEmpenho>
    <emp:valorEmpenho>0000000000404.08</emp:valorEmpenho>
    <emp:numeroContTce></emp:numeroContTce>
  </emp:Empenho>
  <emp:Empenho>
    <emp:codigoUnidOrcamentaria>010100</emp:codigoUnidOrcamentaria>
    <emp:codigoFuncao>1</emp:codigoFuncao>
    <emp:codigoSubFuncao>031</emp:codigoSubFuncao>
    <emp:codigoPrograma>0001</emp:codigoPrograma>
    <emp:codigoAcao>2001</emp:codigoAcao>
    <emp:codigoCateEconomica>3</emp:codigoCateEconomica>
    <emp:codigoNatuDespesa>3</emp:codigoNatuDespesa>
    <emp:codigoModaAplicacao>90</emp:codigoModaAplicacao>
    <emp:codigoElemDespesa>30</emp:codigoElemDespesa>
    <emp:fonteRecurso>
      <gen:ioc>1</gen:ioc>
      <gen:tipoFontRecurso>500</gen:tipoFontRecurso>
      <gen:tipoCompFontRecurso>9999</gen:tipoCompFontRecurso>
    </emp:fonteRecurso>
    <emp:codigoSubeDespesa>3007</emp:codigoSubeDespesa>
    <emp:anoEmisEmpenho>2022</emp:anoEmisEmpenho>
    <emp:numeroEmpenho>1215002</emp:numeroEmpenho>
    <emp:dataEmisEmpenho>2022-12-15</emp:dataEmisEmpenho>
    <emp:historicoEmpenho>VALOR EMPENHADO PARA PAGAMENTO REFERENTE A AQUISICAO DE GENEROS ALIMENTICIOS PARA USO DESTE ORGAO.</emp:historicoEmpenho>
    <emp:cpfOrdeDespesa>00545524512</emp:cpfOrdeDespesa>
    <emp:cpfCnpjCredor>07700399000162</emp:cpfCnpjCredor>
    <emp:codigoAplicacao>999</emp:codigoAplicacao>
    <emp:tipoEmpenho>1</emp:tipoEmpenho>
    <emp:valorEmpenho>0000000000456.00</emp:valorEmpenho>
    <emp:numeroContTce></emp:numeroContTce>
  </emp:Empenho>
  <emp:Empenho>
    <emp:codigoUnidOrcamentaria>010100</emp:codigoUnidOrcamentaria>
    <emp:codigoFuncao>1</emp:codigoFuncao>
    <emp:codigoSubFuncao>031</emp:codigoSubFuncao>
    <emp:codigoPrograma>0001</emp:codigoPrograma>
    <emp:codigoAcao>2001</emp:codigoAcao>
    <emp:codigoCateEconomica>3</emp:codigoCateEconomica>
    <emp:codigoNatuDespesa>3</emp:codigoNatuDespesa>
    <emp:codigoModaAplicacao>90</emp:codigoModaAplicacao>
    <emp:codigoElemDespesa>14</emp:codigoElemDespesa>
    <emp:fonteRecurso>
      <gen:ioc>1</gen:ioc>
      <gen:tipoFontRecurso>500</gen:tipoFontRecurso>
      <gen:tipoCompFontRecurso>9999</gen:tipoCompFontRecurso>
    </emp:fonteRecurso>
    <emp:codigoSubeDespesa>1401</emp:codigoSubeDespesa>
    <emp:anoEmisEmpenho>2022</emp:anoEmisEmpenho>
    <emp:numeroEmpenho>1216001</emp:numeroEmpenho>
    <emp:dataEmisEmpenho>2022-12-16</emp:dataEmisEmpenho>
    <emp:historicoEmpenho>VALOR EMPENHADO PARA PAGAMENTO REFERENTE A DIARIAS A VEREADORES DESTE ORGAO.</emp:historicoEmpenho>
    <emp:cpfOrdeDespesa>00545524512</emp:cpfOrdeDespesa>
    <emp:cpfCnpjCredor>02211192300</emp:cpfCnpjCredor>
    <emp:codigoAplicacao>999</emp:codigoAplicacao>
    <emp:tipoEmpenho>1</emp:tipoEmpenho>
    <emp:valorEmpenho>0000000001696.80</emp:valorEmpenho>
    <emp:numeroContTce></emp:numeroContTce>
  </emp:Empenho>
  <emp:Empenho>
    <emp:codigoUnidOrcamentaria>010100</emp:codigoUnidOrcamentaria>
    <emp:codigoFuncao>1</emp:codigoFuncao>
    <emp:codigoSubFuncao>031</emp:codigoSubFuncao>
    <emp:codigoPrograma>0001</emp:codigoPrograma>
    <emp:codigoAcao>2001</emp:codigoAcao>
    <emp:codigoCateEconomica>3</emp:codigoCateEconomica>
    <emp:codigoNatuDespesa>3</emp:codigoNatuDespesa>
    <emp:codigoModaAplicacao>90</emp:codigoModaAplicacao>
    <emp:codigoElemDespesa>14</emp:codigoElemDespesa>
    <emp:fonteRecurso>
      <gen:ioc>1</gen:ioc>
      <gen:tipoFontRecurso>500</gen:tipoFontRecurso>
      <gen:tipoCompFontRecurso>9999</gen:tipoCompFontRecurso>
    </emp:fonteRecurso>
    <emp:codigoSubeDespesa>1401</emp:codigoSubeDespesa>
    <emp:anoEmisEmpenho>2022</emp:anoEmisEmpenho>
    <emp:numeroEmpenho>1216002</emp:numeroEmpenho>
    <emp:dataEmisEmpenho>2022-12-16</emp:dataEmisEmpenho>
    <emp:historicoEmpenho>VALOR EMPENHADO PARA PAGAMENTO REFERENTE A DIARIAS A VEREADORES DESTE ORGAO LEGISLATIVO.</emp:historicoEmpenho>
    <emp:cpfOrdeDespesa>00545524512</emp:cpfOrdeDespesa>
    <emp:cpfCnpjCredor>00545524512</emp:cpfCnpjCredor>
    <emp:codigoAplicacao>999</emp:codigoAplicacao>
    <emp:tipoEmpenho>1</emp:tipoEmpenho>
    <emp:valorEmpenho>0000000004848.00</emp:valorEmpenho>
    <emp:numeroContTce></emp:numeroContTce>
  </emp:Empenho>
  <emp:Empenho>
    <emp:codigoUnidOrcamentaria>010100</emp:codigoUnidOrcamentaria>
    <emp:codigoFuncao>1</emp:codigoFuncao>
    <emp:codigoSubFuncao>031</emp:codigoSubFuncao>
    <emp:codigoPrograma>0001</emp:codigoPrograma>
    <emp:codigoAcao>2001</emp:codigoAcao>
    <emp:codigoCateEconomica>3</emp:codigoCateEconomica>
    <emp:codigoNatuDespesa>1</emp:codigoNatuDespesa>
    <emp:codigoModaAplicacao>90</emp:codigoModaAplicacao>
    <emp:codigoElemDespesa>13</emp:codigoElemDespesa>
    <emp:fonteRecurso>
      <gen:ioc>1</gen:ioc>
      <gen:tipoFontRecurso>500</gen:tipoFontRecurso>
      <gen:tipoCompFontRecurso>9999</gen:tipoCompFontRecurso>
    </emp:fonteRecurso>
    <emp:codigoSubeDespesa>1302</emp:codigoSubeDespesa>
    <emp:anoEmisEmpenho>2022</emp:anoEmisEmpenho>
    <emp:numeroEmpenho>1216003</emp:numeroEmpenho>
    <emp:dataEmisEmpenho>2022-12-16</emp:dataEmisEmpenho>
    <emp:historicoEmpenho>VALOR EMPENHADO PARA PAGAMENTO REFERENTE AO PAGAMENTO DE INSS, PARTE PATRONAL CONFORME FOLHA DE PAGAMENTO DESTE ORGAO LEGISLATIVO</emp:historicoEmpenho>
    <emp:cpfOrdeDespesa>00545524512</emp:cpfOrdeDespesa>
    <emp:cpfCnpjCredor>00394460008126</emp:cpfCnpjCredor>
    <emp:codigoAplicacao>999</emp:codigoAplicacao>
    <emp:tipoEmpenho>1</emp:tipoEmpenho>
    <emp:valorEmpenho>0000000000254.52</emp:valorEmpenho>
    <emp:numeroContTce></emp:numeroContTce>
  </emp:Empenho>
  <emp:Empenho>
    <emp:codigoUnidOrcamentaria>010100</emp:codigoUnidOrcamentaria>
    <emp:codigoFuncao>1</emp:codigoFuncao>
    <emp:codigoSubFuncao>031</emp:codigoSubFuncao>
    <emp:codigoPrograma>0001</emp:codigoPrograma>
    <emp:codigoAcao>2001</emp:codigoAcao>
    <emp:codigoCateEconomica>3</emp:codigoCateEconomica>
    <emp:codigoNatuDespesa>1</emp:codigoNatuDespesa>
    <emp:codigoModaAplicacao>90</emp:codigoModaAplicacao>
    <emp:codigoElemDespesa>13</emp:codigoElemDespesa>
    <emp:fonteRecurso>
      <gen:ioc>1</gen:ioc>
      <gen:tipoFontRecurso>500</gen:tipoFontRecurso>
      <gen:tipoCompFontRecurso>9999</gen:tipoCompFontRecurso>
    </emp:fonteRecurso>
    <emp:codigoSubeDespesa>1302</emp:codigoSubeDespesa>
    <emp:anoEmisEmpenho>2022</emp:anoEmisEmpenho>
    <emp:numeroEmpenho>1216004</emp:numeroEmpenho>
    <emp:dataEmisEmpenho>2022-12-16</emp:dataEmisEmpenho>
    <emp:historicoEmpenho>VALOR EMPENHADO PARA PAGAMENTO REFERENTE AO PAGAMENTO DE INSS, PARTE PATRONAL CONFORME FOLHA DE PAGAMENTO DESTE ORGAO LEGISLATIVO</emp:historicoEmpenho>
    <emp:cpfOrdeDespesa>00545524512</emp:cpfOrdeDespesa>
    <emp:cpfCnpjCredor>00394460008126</emp:cpfCnpjCredor>
    <emp:codigoAplicacao>999</emp:codigoAplicacao>
    <emp:tipoEmpenho>1</emp:tipoEmpenho>
    <emp:valorEmpenho>0000000000763.56</emp:valorEmpenho>
    <emp:numeroContTce></emp:numeroContTce>
  </emp:Empenho>
  <emp:Empenho>
    <emp:codigoUnidOrcamentaria>010100</emp:codigoUnidOrcamentaria>
    <emp:codigoFuncao>1</emp:codigoFuncao>
    <emp:codigoSubFuncao>031</emp:codigoSubFuncao>
    <emp:codigoPrograma>0001</emp:codigoPrograma>
    <emp:codigoAcao>2001</emp:codigoAcao>
    <emp:codigoCateEconomica>3</emp:codigoCateEconomica>
    <emp:codigoNatuDespesa>1</emp:codigoNatuDespesa>
    <emp:codigoModaAplicacao>90</emp:codigoModaAplicacao>
    <emp:codigoElemDespesa>13</emp:codigoElemDespesa>
    <emp:fonteRecurso>
      <gen:ioc>1</gen:ioc>
      <gen:tipoFontRecurso>500</gen:tipoFontRecurso>
      <gen:tipoCompFontRecurso>9999</gen:tipoCompFontRecurso>
    </emp:fonteRecurso>
    <emp:codigoSubeDespesa>1302</emp:codigoSubeDespesa>
    <emp:anoEmisEmpenho>2022</emp:anoEmisEmpenho>
    <emp:numeroEmpenho>1216005</emp:numeroEmpenho>
    <emp:dataEmisEmpenho>2022-12-16</emp:dataEmisEmpenho>
    <emp:historicoEmpenho>VALOR EMPENHADO PARA PAGAMENTO REFERENTE AO PAGAMENTO DE INSS, PARTE PATRONAL CONFORME FOLHA DE PAGAMENTO DESTE ORGAO LEGISLATIVO</emp:historicoEmpenho>
    <emp:cpfOrdeDespesa>00545524512</emp:cpfOrdeDespesa>
    <emp:cpfCnpjCredor>00394460008126</emp:cpfCnpjCredor>
    <emp:codigoAplicacao>999</emp:codigoAplicacao>
    <emp:tipoEmpenho>1</emp:tipoEmpenho>
    <emp:valorEmpenho>0000000000254.52</emp:valorEmpenho>
    <emp:numeroContTce></emp:numeroContTce>
  </emp:Empenho>
  <emp:Empenho>
    <emp:codigoUnidOrcamentaria>010100</emp:codigoUnidOrcamentaria>
    <emp:codigoFuncao>1</emp:codigoFuncao>
    <emp:codigoSubFuncao>031</emp:codigoSubFuncao>
    <emp:codigoPrograma>0001</emp:codigoPrograma>
    <emp:codigoAcao>2001</emp:codigoAcao>
    <emp:codigoCateEconomica>3</emp:codigoCateEconomica>
    <emp:codigoNatuDespesa>3</emp:codigoNatuDespesa>
    <emp:codigoModaAplicacao>90</emp:codigoModaAplicacao>
    <emp:codigoElemDespesa>39</emp:codigoElemDespesa>
    <emp:fonteRecurso>
      <gen:ioc>1</gen:ioc>
      <gen:tipoFontRecurso>500</gen:tipoFontRecurso>
      <gen:tipoCompFontRecurso>9999</gen:tipoCompFontRecurso>
    </emp:fonteRecurso>
    <emp:codigoSubeDespesa>3959</emp:codigoSubeDespesa>
    <emp:anoEmisEmpenho>2022</emp:anoEmisEmpenho>
    <emp:numeroEmpenho>1216006</emp:numeroEmpenho>
    <emp:dataEmisEmpenho>2022-12-16</emp:dataEmisEmpenho>
    <emp:historicoEmpenho>VALOR EMPENHADO PARA PAGAMENTO REFERENTE A TARIFA BANCARIA, CONFORME EXTRATO EM ANEXO.</emp:historicoEmpenho>
    <emp:cpfOrdeDespesa>00545524512</emp:cpfOrdeDespesa>
    <emp:cpfCnpjCredor>00000000144940</emp:cpfCnpjCredor>
    <emp:codigoAplicacao>999</emp:codigoAplicacao>
    <emp:tipoEmpenho>1</emp:tipoEmpenho>
    <emp:valorEmpenho>0000000000033.00</emp:valorEmpenho>
    <emp:numeroContTce></emp:numeroContTce>
  </emp:Empenho>
  <emp:Empenho>
    <emp:codigoUnidOrcamentaria>010100</emp:codigoUnidOrcamentaria>
    <emp:codigoFuncao>1</emp:codigoFuncao>
    <emp:codigoSubFuncao>031</emp:codigoSubFuncao>
    <emp:codigoPrograma>0001</emp:codigoPrograma>
    <emp:codigoAcao>2001</emp:codigoAcao>
    <emp:codigoCateEconomica>3</emp:codigoCateEconomica>
    <emp:codigoNatuDespesa>3</emp:codigoNatuDespesa>
    <emp:codigoModaAplicacao>90</emp:codigoModaAplicacao>
    <emp:codigoElemDespesa>30</emp:codigoElemDespesa>
    <emp:fonteRecurso>
      <gen:ioc>1</gen:ioc>
      <gen:tipoFontRecurso>500</gen:tipoFontRecurso>
      <gen:tipoCompFontRecurso>9999</gen:tipoCompFontRecurso>
    </emp:fonteRecurso>
    <emp:codigoSubeDespesa>3007</emp:codigoSubeDespesa>
    <emp:anoEmisEmpenho>2022</emp:anoEmisEmpenho>
    <emp:numeroEmpenho>1219001</emp:numeroEmpenho>
    <emp:dataEmisEmpenho>2022-12-19</emp:dataEmisEmpenho>
    <emp:historicoEmpenho>VALOR EMPENHADO PARA PAGAMENTO REFERENTE A AQUISICAO DE GENEROS ALIMENTICIOS PARA USO DESTE ORGAO.</emp:historicoEmpenho>
    <emp:cpfOrdeDespesa>00545524512</emp:cpfOrdeDespesa>
    <emp:cpfCnpjCredor>07700399000162</emp:cpfCnpjCredor>
    <emp:codigoAplicacao>999</emp:codigoAplicacao>
    <emp:tipoEmpenho>1</emp:tipoEmpenho>
    <emp:valorEmpenho>0000000000514.00</emp:valorEmpenho>
    <emp:numeroContTce></emp:numeroContTce>
  </emp:Empenho>
  <emp:Empenho>
    <emp:codigoUnidOrcamentaria>010100</emp:codigoUnidOrcamentaria>
    <emp:codigoFuncao>1</emp:codigoFuncao>
    <emp:codigoSubFuncao>031</emp:codigoSubFuncao>
    <emp:codigoPrograma>0001</emp:codigoPrograma>
    <emp:codigoAcao>2001</emp:codigoAcao>
    <emp:codigoCateEconomica>3</emp:codigoCateEconomica>
    <emp:codigoNatuDespesa>3</emp:codigoNatuDespesa>
    <emp:codigoModaAplicacao>90</emp:codigoModaAplicacao>
    <emp:codigoElemDespesa>36</emp:codigoElemDespesa>
    <emp:fonteRecurso>
      <gen:ioc>1</gen:ioc>
      <gen:tipoFontRecurso>500</gen:tipoFontRecurso>
      <gen:tipoCompFontRecurso>9999</gen:tipoCompFontRecurso>
    </emp:fonteRecurso>
    <emp:codigoSubeDespesa>3622</emp:codigoSubeDespesa>
    <emp:anoEmisEmpenho>2022</emp:anoEmisEmpenho>
    <emp:numeroEmpenho>1219002</emp:numeroEmpenho>
    <emp:dataEmisEmpenho>2022-12-19</emp:dataEmisEmpenho>
    <emp:historicoEmpenho>VALOR EMPENHADO PARA PAGAMENTO REFERENTE A SERVICO PRESTADO COMO AUXILIAR DE SERVICOS GERAIS NA CAMARA MUNICIPAL DE AVELINO LOPES-PI.</emp:historicoEmpenho>
    <emp:cpfOrdeDespesa>00545524512</emp:cpfOrdeDespesa>
    <emp:cpfCnpjCredor>07149716342</emp:cpfCnpjCredor>
    <emp:codigoAplicacao>999</emp:codigoAplicacao>
    <emp:tipoEmpenho>1</emp:tipoEmpenho>
    <emp:valorEmpenho>0000000001212.00</emp:valorEmpenho>
    <emp:numeroContTce></emp:numeroContTce>
  </emp:Empenho>
  <emp:Empenho>
    <emp:codigoUnidOrcamentaria>010100</emp:codigoUnidOrcamentaria>
    <emp:codigoFuncao>1</emp:codigoFuncao>
    <emp:codigoSubFuncao>031</emp:codigoSubFuncao>
    <emp:codigoPrograma>0001</emp:codigoPrograma>
    <emp:codigoAcao>2001</emp:codigoAcao>
    <emp:codigoCateEconomica>3</emp:codigoCateEconomica>
    <emp:codigoNatuDespesa>3</emp:codigoNatuDespesa>
    <emp:codigoModaAplicacao>90</emp:codigoModaAplicacao>
    <emp:codigoElemDespesa>36</emp:codigoElemDespesa>
    <emp:fonteRecurso>
      <gen:ioc>1</gen:ioc>
      <gen:tipoFontRecurso>500</gen:tipoFontRecurso>
      <gen:tipoCompFontRecurso>9999</gen:tipoCompFontRecurso>
    </emp:fonteRecurso>
    <emp:codigoSubeDespesa>3620</emp:codigoSubeDespesa>
    <emp:anoEmisEmpenho>2022</emp:anoEmisEmpenho>
    <emp:numeroEmpenho>1219003</emp:numeroEmpenho>
    <emp:dataEmisEmpenho>2022-12-19</emp:dataEmisEmpenho>
    <emp:historicoEmpenho>VALOR EMPENHADO PARA PAGAMENTO REFERENTE A SERVICO DE CONFECCAO DE SALGADOS, BOLOS E DOCES PARA A CAMARA MUNICIPAL DE AVELINO LOPES.</emp:historicoEmpenho>
    <emp:cpfOrdeDespesa>00545524512</emp:cpfOrdeDespesa>
    <emp:cpfCnpjCredor>00983651345</emp:cpfCnpjCredor>
    <emp:codigoAplicacao>999</emp:codigoAplicacao>
    <emp:tipoEmpenho>1</emp:tipoEmpenho>
    <emp:valorEmpenho>0000000001000.00</emp:valorEmpenho>
    <emp:numeroContTce></emp:numeroContTce>
  </emp:Empenho>
  <emp:Empenho>
    <emp:codigoUnidOrcamentaria>010100</emp:codigoUnidOrcamentaria>
    <emp:codigoFuncao>1</emp:codigoFuncao>
    <emp:codigoSubFuncao>031</emp:codigoSubFuncao>
    <emp:codigoPrograma>0001</emp:codigoPrograma>
    <emp:codigoAcao>2001</emp:codigoAcao>
    <emp:codigoCateEconomica>3</emp:codigoCateEconomica>
    <emp:codigoNatuDespesa>3</emp:codigoNatuDespesa>
    <emp:codigoModaAplicacao>90</emp:codigoModaAplicacao>
    <emp:codigoElemDespesa>36</emp:codigoElemDespesa>
    <emp:fonteRecurso>
      <gen:ioc>1</gen:ioc>
      <gen:tipoFontRecurso>500</gen:tipoFontRecurso>
      <gen:tipoCompFontRecurso>9999</gen:tipoCompFontRecurso>
    </emp:fonteRecurso>
    <emp:codigoSubeDespesa>3606</emp:codigoSubeDespesa>
    <emp:anoEmisEmpenho>2022</emp:anoEmisEmpenho>
    <emp:numeroEmpenho>1219004</emp:numeroEmpenho>
    <emp:dataEmisEmpenho>2022-12-19</emp:dataEmisEmpenho>
    <emp:historicoEmpenho>VALOR EMPENHADO PARA PAGAMENTO REFERENTE A MANUTENCAO DE COMPUTADORES,MANUTENCAO DE IMPRESSORA E FORNECIMENTO DE INTERNET.</emp:historicoEmpenho>
    <emp:cpfOrdeDespesa>00545524512</emp:cpfOrdeDespesa>
    <emp:cpfCnpjCredor>01453379363</emp:cpfCnpjCredor>
    <emp:codigoAplicacao>999</emp:codigoAplicacao>
    <emp:tipoEmpenho>1</emp:tipoEmpenho>
    <emp:valorEmpenho>0000000000200.00</emp:valorEmpenho>
    <emp:numeroContTce></emp:numeroContTce>
  </emp:Empenho>
  <emp:Empenho>
    <emp:codigoUnidOrcamentaria>010100</emp:codigoUnidOrcamentaria>
    <emp:codigoFuncao>1</emp:codigoFuncao>
    <emp:codigoSubFuncao>031</emp:codigoSubFuncao>
    <emp:codigoPrograma>0001</emp:codigoPrograma>
    <emp:codigoAcao>2001</emp:codigoAcao>
    <emp:codigoCateEconomica>3</emp:codigoCateEconomica>
    <emp:codigoNatuDespesa>3</emp:codigoNatuDespesa>
    <emp:codigoModaAplicacao>90</emp:codigoModaAplicacao>
    <emp:codigoElemDespesa>14</emp:codigoElemDespesa>
    <emp:fonteRecurso>
      <gen:ioc>1</gen:ioc>
      <gen:tipoFontRecurso>500</gen:tipoFontRecurso>
      <gen:tipoCompFontRecurso>9999</gen:tipoCompFontRecurso>
    </emp:fonteRecurso>
    <emp:codigoSubeDespesa>1401</emp:codigoSubeDespesa>
    <emp:anoEmisEmpenho>2022</emp:anoEmisEmpenho>
    <emp:numeroEmpenho>1219005</emp:numeroEmpenho>
    <emp:dataEmisEmpenho>2022-12-19</emp:dataEmisEmpenho>
    <emp:historicoEmpenho>VALOR EMPENHADO PARA PAGAMENTO REFERENTE A DIARIAS A FUNCIONARIO DESTE ORGAO.</emp:historicoEmpenho>
    <emp:cpfOrdeDespesa>00545524512</emp:cpfOrdeDespesa>
    <emp:cpfCnpjCredor>44542538893</emp:cpfCnpjCredor>
    <emp:codigoAplicacao>999</emp:codigoAplicacao>
    <emp:tipoEmpenho>1</emp:tipoEmpenho>
    <emp:valorEmpenho>0000000003393.60</emp:valorEmpenho>
    <emp:numeroContTce></emp:numeroContTce>
  </emp:Empenho>
  <emp:Empenho>
    <emp:codigoUnidOrcamentaria>010100</emp:codigoUnidOrcamentaria>
    <emp:codigoFuncao>1</emp:codigoFuncao>
    <emp:codigoSubFuncao>031</emp:codigoSubFuncao>
    <emp:codigoPrograma>0001</emp:codigoPrograma>
    <emp:codigoAcao>2001</emp:codigoAcao>
    <emp:codigoCateEconomica>3</emp:codigoCateEconomica>
    <emp:codigoNatuDespesa>3</emp:codigoNatuDespesa>
    <emp:codigoModaAplicacao>90</emp:codigoModaAplicacao>
    <emp:codigoElemDespesa>14</emp:codigoElemDespesa>
    <emp:fonteRecurso>
      <gen:ioc>1</gen:ioc>
      <gen:tipoFontRecurso>500</gen:tipoFontRecurso>
      <gen:tipoCompFontRecurso>9999</gen:tipoCompFontRecurso>
    </emp:fonteRecurso>
    <emp:codigoSubeDespesa>1401</emp:codigoSubeDespesa>
    <emp:anoEmisEmpenho>2022</emp:anoEmisEmpenho>
    <emp:numeroEmpenho>1219006</emp:numeroEmpenho>
    <emp:dataEmisEmpenho>2022-12-19</emp:dataEmisEmpenho>
    <emp:historicoEmpenho>VALOR EMPENHADO PARA PAGAMENTO DE DIARIA DE VIAGEM A SERVICOS DESTE ORGAO.</emp:historicoEmpenho>
    <emp:cpfOrdeDespesa>00545524512</emp:cpfOrdeDespesa>
    <emp:cpfCnpjCredor>45183350310</emp:cpfCnpjCredor>
    <emp:codigoAplicacao>999</emp:codigoAplicacao>
    <emp:tipoEmpenho>1</emp:tipoEmpenho>
    <emp:valorEmpenho>0000000000848.40</emp:valorEmpenho>
    <emp:numeroContTce></emp:numeroContTce>
  </emp:Empenho>
  <emp:Empenho>
    <emp:codigoUnidOrcamentaria>010100</emp:codigoUnidOrcamentaria>
    <emp:codigoFuncao>1</emp:codigoFuncao>
    <emp:codigoSubFuncao>031</emp:codigoSubFuncao>
    <emp:codigoPrograma>0001</emp:codigoPrograma>
    <emp:codigoAcao>2001</emp:codigoAcao>
    <emp:codigoCateEconomica>3</emp:codigoCateEconomica>
    <emp:codigoNatuDespesa>3</emp:codigoNatuDespesa>
    <emp:codigoModaAplicacao>90</emp:codigoModaAplicacao>
    <emp:codigoElemDespesa>39</emp:codigoElemDespesa>
    <emp:fonteRecurso>
      <gen:ioc>1</gen:ioc>
      <gen:tipoFontRecurso>500</gen:tipoFontRecurso>
      <gen:tipoCompFontRecurso>9999</gen:tipoCompFontRecurso>
    </emp:fonteRecurso>
    <emp:codigoSubeDespesa>3959</emp:codigoSubeDespesa>
    <emp:anoEmisEmpenho>2022</emp:anoEmisEmpenho>
    <emp:numeroEmpenho>1219007</emp:numeroEmpenho>
    <emp:dataEmisEmpenho>2022-12-19</emp:dataEmisEmpenho>
    <emp:historicoEmpenho>VALOR EMPENHADO PARA PAGAMENTO REFERENTE A TARIFA BANCARIA, CONFORME EXTRATO EM ANEXO.</emp:historicoEmpenho>
    <emp:cpfOrdeDespesa>00545524512</emp:cpfOrdeDespesa>
    <emp:cpfCnpjCredor>00000000144940</emp:cpfCnpjCredor>
    <emp:codigoAplicacao>999</emp:codigoAplicacao>
    <emp:tipoEmpenho>1</emp:tipoEmpenho>
    <emp:valorEmpenho>0000000000077.00</emp:valorEmpenho>
    <emp:numeroContTce></emp:numeroContTce>
  </emp:Empenho>
  <emp:Empenho>
    <emp:codigoUnidOrcamentaria>010100</emp:codigoUnidOrcamentaria>
    <emp:codigoFuncao>1</emp:codigoFuncao>
    <emp:codigoSubFuncao>031</emp:codigoSubFuncao>
    <emp:codigoPrograma>0001</emp:codigoPrograma>
    <emp:codigoAcao>2001</emp:codigoAcao>
    <emp:codigoCateEconomica>3</emp:codigoCateEconomica>
    <emp:codigoNatuDespesa>1</emp:codigoNatuDespesa>
    <emp:codigoModaAplicacao>90</emp:codigoModaAplicacao>
    <emp:codigoElemDespesa>13</emp:codigoElemDespesa>
    <emp:fonteRecurso>
      <gen:ioc>1</gen:ioc>
      <gen:tipoFontRecurso>500</gen:tipoFontRecurso>
      <gen:tipoCompFontRecurso>9999</gen:tipoCompFontRecurso>
    </emp:fonteRecurso>
    <emp:codigoSubeDespesa>1302</emp:codigoSubeDespesa>
    <emp:anoEmisEmpenho>2022</emp:anoEmisEmpenho>
    <emp:numeroEmpenho>1220001</emp:numeroEmpenho>
    <emp:dataEmisEmpenho>2022-12-20</emp:dataEmisEmpenho>
    <emp:historicoEmpenho>VALOR EMPENHADO PARA PAGAMENTO REFERENTE AO PAGAMENTO DE INSS, PARTE PATRONAL CONFORME FOLHA DE PAGAMENTO DESTE ORGAO LEGISLATIVO</emp:historicoEmpenho>
    <emp:cpfOrdeDespesa>00545524512</emp:cpfOrdeDespesa>
    <emp:cpfCnpjCredor>00394460008126</emp:cpfCnpjCredor>
    <emp:codigoAplicacao>999</emp:codigoAplicacao>
    <emp:tipoEmpenho>1</emp:tipoEmpenho>
    <emp:valorEmpenho>0000000000254.52</emp:valorEmpenho>
    <emp:numeroContTce></emp:numeroContTce>
  </emp:Empenho>
  <emp:Empenho>
    <emp:codigoUnidOrcamentaria>010100</emp:codigoUnidOrcamentaria>
    <emp:codigoFuncao>1</emp:codigoFuncao>
    <emp:codigoSubFuncao>031</emp:codigoSubFuncao>
    <emp:codigoPrograma>0001</emp:codigoPrograma>
    <emp:codigoAcao>2001</emp:codigoAcao>
    <emp:codigoCateEconomica>3</emp:codigoCateEconomica>
    <emp:codigoNatuDespesa>1</emp:codigoNatuDespesa>
    <emp:codigoModaAplicacao>90</emp:codigoModaAplicacao>
    <emp:codigoElemDespesa>13</emp:codigoElemDespesa>
    <emp:fonteRecurso>
      <gen:ioc>1</gen:ioc>
      <gen:tipoFontRecurso>500</gen:tipoFontRecurso>
      <gen:tipoCompFontRecurso>9999</gen:tipoCompFontRecurso>
    </emp:fonteRecurso>
    <emp:codigoSubeDespesa>1302</emp:codigoSubeDespesa>
    <emp:anoEmisEmpenho>2022</emp:anoEmisEmpenho>
    <emp:numeroEmpenho>1220002</emp:numeroEmpenho>
    <emp:dataEmisEmpenho>2022-12-20</emp:dataEmisEmpenho>
    <emp:historicoEmpenho>VALOR EMPENHADO PARA PAGAMENTO REFERENTE AO PAGAMENTO DE INSS, PARTE PATRONAL CONFORME FOLHA DE PAGAMENTO DESTE ORGAO LEGISLATIVO</emp:historicoEmpenho>
    <emp:cpfOrdeDespesa>00545524512</emp:cpfOrdeDespesa>
    <emp:cpfCnpjCredor>00394460008126</emp:cpfCnpjCredor>
    <emp:codigoAplicacao>999</emp:codigoAplicacao>
    <emp:tipoEmpenho>1</emp:tipoEmpenho>
    <emp:valorEmpenho>0000000000839.92</emp:valorEmpenho>
    <emp:numeroContTce></emp:numeroContTce>
  </emp:Empenho>
  <emp:Empenho>
    <emp:codigoUnidOrcamentaria>010100</emp:codigoUnidOrcamentaria>
    <emp:codigoFuncao>1</emp:codigoFuncao>
    <emp:codigoSubFuncao>031</emp:codigoSubFuncao>
    <emp:codigoPrograma>0001</emp:codigoPrograma>
    <emp:codigoAcao>2001</emp:codigoAcao>
    <emp:codigoCateEconomica>3</emp:codigoCateEconomica>
    <emp:codigoNatuDespesa>1</emp:codigoNatuDespesa>
    <emp:codigoModaAplicacao>90</emp:codigoModaAplicacao>
    <emp:codigoElemDespesa>13</emp:codigoElemDespesa>
    <emp:fonteRecurso>
      <gen:ioc>1</gen:ioc>
      <gen:tipoFontRecurso>500</gen:tipoFontRecurso>
      <gen:tipoCompFontRecurso>9999</gen:tipoCompFontRecurso>
    </emp:fonteRecurso>
    <emp:codigoSubeDespesa>1302</emp:codigoSubeDespesa>
    <emp:anoEmisEmpenho>2022</emp:anoEmisEmpenho>
    <emp:numeroEmpenho>1220003</emp:numeroEmpenho>
    <emp:dataEmisEmpenho>2022-12-20</emp:dataEmisEmpenho>
    <emp:historicoEmpenho>VALOR EMPENHADO PARA PAGAMENTO REFERENTE AO PAGAMENTO DE INSS, PARTE PATRONAL CONFORME FOLHA DE PAGAMENTO DESTE ORGAO LEGISLATIVO</emp:historicoEmpenho>
    <emp:cpfOrdeDespesa>00545524512</emp:cpfOrdeDespesa>
    <emp:cpfCnpjCredor>00394460008126</emp:cpfCnpjCredor>
    <emp:codigoAplicacao>999</emp:codigoAplicacao>
    <emp:tipoEmpenho>1</emp:tipoEmpenho>
    <emp:valorEmpenho>0000000010017.00</emp:valorEmpenho>
    <emp:numeroContTce></emp:numeroContTce>
  </emp:Empenho>
  <emp:Empenho>
    <emp:codigoUnidOrcamentaria>010100</emp:codigoUnidOrcamentaria>
    <emp:codigoFuncao>1</emp:codigoFuncao>
    <emp:codigoSubFuncao>031</emp:codigoSubFuncao>
    <emp:codigoPrograma>0001</emp:codigoPrograma>
    <emp:codigoAcao>2001</emp:codigoAcao>
    <emp:codigoCateEconomica>3</emp:codigoCateEconomica>
    <emp:codigoNatuDespesa>3</emp:codigoNatuDespesa>
    <emp:codigoModaAplicacao>90</emp:codigoModaAplicacao>
    <emp:codigoElemDespesa>36</emp:codigoElemDespesa>
    <emp:fonteRecurso>
      <gen:ioc>1</gen:ioc>
      <gen:tipoFontRecurso>500</gen:tipoFontRecurso>
      <gen:tipoCompFontRecurso>9999</gen:tipoCompFontRecurso>
    </emp:fonteRecurso>
    <emp:codigoSubeDespesa>3620</emp:codigoSubeDespesa>
    <emp:anoEmisEmpenho>2022</emp:anoEmisEmpenho>
    <emp:numeroEmpenho>1223001</emp:numeroEmpenho>
    <emp:dataEmisEmpenho>2022-12-23</emp:dataEmisEmpenho>
    <emp:historicoEmpenho>VALOR EMPENHADO PARA PAGAMENTO REFERENTE A SERVICO DE CONFECCAO DE SALGADOS, BOLOS E DOCES PARA A CAMARA MUNICIPAL DE AVELINO LOPES.</emp:historicoEmpenho>
    <emp:cpfOrdeDespesa>00545524512</emp:cpfOrdeDespesa>
    <emp:cpfCnpjCredor>00983651345</emp:cpfCnpjCredor>
    <emp:codigoAplicacao>999</emp:codigoAplicacao>
    <emp:tipoEmpenho>1</emp:tipoEmpenho>
    <emp:valorEmpenho>0000000000273.38</emp:valorEmpenho>
    <emp:numeroContTce></emp:numeroContTce>
  </emp:Empenho>
  <emp:Empenho>
    <emp:codigoUnidOrcamentaria>010100</emp:codigoUnidOrcamentaria>
    <emp:codigoFuncao>1</emp:codigoFuncao>
    <emp:codigoSubFuncao>031</emp:codigoSubFuncao>
    <emp:codigoPrograma>0001</emp:codigoPrograma>
    <emp:codigoAcao>2001</emp:codigoAcao>
    <emp:codigoCateEconomica>3</emp:codigoCateEconomica>
    <emp:codigoNatuDespesa>3</emp:codigoNatuDespesa>
    <emp:codigoModaAplicacao>90</emp:codigoModaAplicacao>
    <emp:codigoElemDespesa>39</emp:codigoElemDespesa>
    <emp:fonteRecurso>
      <gen:ioc>1</gen:ioc>
      <gen:tipoFontRecurso>500</gen:tipoFontRecurso>
      <gen:tipoCompFontRecurso>9999</gen:tipoCompFontRecurso>
    </emp:fonteRecurso>
    <emp:codigoSubeDespesa>3968</emp:codigoSubeDespesa>
    <emp:anoEmisEmpenho>2022</emp:anoEmisEmpenho>
    <emp:numeroEmpenho>1230001</emp:numeroEmpenho>
    <emp:dataEmisEmpenho>2022-12-30</emp:dataEmisEmpenho>
    <emp:historicoEmpenho>REFERENTE A FORNECIMENTO MENSAL EDICOES DIARIAS DO DIARIO OFICIAL, PARA DISTRIBUICAO COM ENTIDADES-DE CLASSE E NAS REPARTICOES PUBLICAS DO MUNICIPIO-OBJETIVANDO FAVORECER O CONTROLE SOCIAL, CFE.-RECOMENDACAO DO MPF E DE ACORDO COM A LEI-(.452 97, DE 20,03.97.</emp:historicoEmpenho>
    <emp:cpfOrdeDespesa>00545524512</emp:cpfOrdeDespesa>
    <emp:cpfCnpjCredor>07989781000138</emp:cpfCnpjCredor>
    <emp:codigoAplicacao>999</emp:codigoAplicacao>
    <emp:tipoEmpenho>4</emp:tipoEmpenho>
    <emp:valorEmpenho>0000000000606.00</emp:valorEmpenho>
    <emp:numeroContTce></emp:numeroContTce>
  </emp:Empenho>
  <emp:Empenho>
    <emp:codigoUnidOrcamentaria>010100</emp:codigoUnidOrcamentaria>
    <emp:codigoFuncao>1</emp:codigoFuncao>
    <emp:codigoSubFuncao>031</emp:codigoSubFuncao>
    <emp:codigoPrograma>0001</emp:codigoPrograma>
    <emp:codigoAcao>2001</emp:codigoAcao>
    <emp:codigoCateEconomica>3</emp:codigoCateEconomica>
    <emp:codigoNatuDespesa>3</emp:codigoNatuDespesa>
    <emp:codigoModaAplicacao>50</emp:codigoModaAplicacao>
    <emp:codigoElemDespesa>41</emp:codigoElemDespesa>
    <emp:fonteRecurso>
      <gen:ioc>1</gen:ioc>
      <gen:tipoFontRecurso>500</gen:tipoFontRecurso>
      <gen:tipoCompFontRecurso>9999</gen:tipoCompFontRecurso>
    </emp:fonteRecurso>
    <emp:codigoSubeDespesa>4101</emp:codigoSubeDespesa>
    <emp:anoEmisEmpenho>2022</emp:anoEmisEmpenho>
    <emp:numeroEmpenho>1230002</emp:numeroEmpenho>
    <emp:dataEmisEmpenho>2022-12-30</emp:dataEmisEmpenho>
    <emp:historicoEmpenho>VALOR EMPENHADO PARA PAGAMENTO REFERENTE A CONTRIBUICOES.</emp:historicoEmpenho>
    <emp:cpfOrdeDespesa>00545524512</emp:cpfOrdeDespesa>
    <emp:cpfCnpjCredor>07217375000157</emp:cpfCnpjCredor>
    <emp:codigoAplicacao>999</emp:codigoAplicacao>
    <emp:tipoEmpenho>4</emp:tipoEmpenho>
    <emp:valorEmpenho>0000000000500.00</emp:valorEmpenho>
    <emp:numeroContTce></emp:numeroContTce>
  </emp:Empenho>
  <emp:Empenho>
    <emp:codigoUnidOrcamentaria>010100</emp:codigoUnidOrcamentaria>
    <emp:codigoFuncao>1</emp:codigoFuncao>
    <emp:codigoSubFuncao>031</emp:codigoSubFuncao>
    <emp:codigoPrograma>0001</emp:codigoPrograma>
    <emp:codigoAcao>1001</emp:codigoAcao>
    <emp:codigoCateEconomica>4</emp:codigoCateEconomica>
    <emp:codigoNatuDespesa>4</emp:codigoNatuDespesa>
    <emp:codigoModaAplicacao>90</emp:codigoModaAplicacao>
    <emp:codigoElemDespesa>51</emp:codigoElemDespesa>
    <emp:fonteRecurso>
      <gen:ioc>1</gen:ioc>
      <gen:tipoFontRecurso>500</gen:tipoFontRecurso>
      <gen:tipoCompFontRecurso>9999</gen:tipoCompFontRecurso>
    </emp:fonteRecurso>
    <emp:codigoSubeDespesa>5191</emp:codigoSubeDespesa>
    <emp:anoEmisEmpenho>2022</emp:anoEmisEmpenho>
    <emp:numeroEmpenho>1230003</emp:numeroEmpenho>
    <emp:dataEmisEmpenho>2022-12-30</emp:dataEmisEmpenho>
    <emp:historicoEmpenho>CONTRATACAO DE EMPRESA DE ENGENHARIA PARA REALIZACAO DE REFORMA NO PREDIO DA CAMARA MUNICIPAL DE AVELINO LOPES.</emp:historicoEmpenho>
    <emp:cpfOrdeDespesa>00545524512</emp:cpfOrdeDespesa>
    <emp:cpfCnpjCredor>20325215000190</emp:cpfCnpjCredor>
    <emp:codigoAplicacao>999</emp:codigoAplicacao>
    <emp:tipoEmpenho>4</emp:tipoEmpenho>
    <emp:valorEmpenho>0000000005799.13</emp:valorEmpenho>
    <emp:numeroContTce></emp:numeroContTce>
  </emp:Empenho>
  <emp:Retencao>
    <emp:codigoUnidOrcamentaria>010100</emp:codigoUnidOrcamentaria>
    <emp:anoEmisEmpenho>2022</emp:anoEmisEmpenho>
    <emp:numeroEmpenho>0118003</emp:numeroEmpenho>
    <emp:numeroDocuLiquidacao>0000012</emp:numeroDocuLiquidacao>
    <emp:tipoRetencao>9</emp:tipoRetencao>
    <emp:tipoOrigRetencao>2</emp:tipoOrigRetencao>
    <emp:cpfCnpjCredor>06554281000100</emp:cpfCnpjCredor>
    <emp:valorRetencao>0000000000305.40</emp:valorRetencao>
  </emp:Retencao>
  <emp:Retencao>
    <emp:codigoUnidOrcamentaria>010100</emp:codigoUnidOrcamentaria>
    <emp:anoEmisEmpenho>2022</emp:anoEmisEmpenho>
    <emp:numeroEmpenho>0118004</emp:numeroEmpenho>
    <emp:numeroDocuLiquidacao>0000012</emp:numeroDocuLiquidacao>
    <emp:tipoRetencao>9</emp:tipoRetencao>
    <emp:tipoOrigRetencao>2</emp:tipoOrigRetencao>
    <emp:cpfCnpjCredor>06554281000100</emp:cpfCnpjCredor>
    <emp:valorRetencao>0000000000090.90</emp:valorRetencao>
  </emp:Retencao>
  <emp:Retencao>
    <emp:codigoUnidOrcamentaria>010100</emp:codigoUnidOrcamentaria>
    <emp:anoEmisEmpenho>2022</emp:anoEmisEmpenho>
    <emp:numeroEmpenho>1117001</emp:numeroEmpenho>
    <emp:numeroDocuLiquidacao>0000002</emp:numeroDocuLiquidacao>
    <emp:tipoRetencao>2</emp:tipoRetencao>
    <emp:tipoOrigRetencao>2</emp:tipoOrigRetencao>
    <emp:cpfCnpjCredor>06554281000100</emp:cpfCnpjCredor>
    <emp:valorRetencao>0000000003617.23</emp:valorRetencao>
  </emp:Retencao>
  <emp:Retencao>
    <emp:codigoUnidOrcamentaria>010100</emp:codigoUnidOrcamentaria>
    <emp:anoEmisEmpenho>2022</emp:anoEmisEmpenho>
    <emp:numeroEmpenho>1117001</emp:numeroEmpenho>
    <emp:numeroDocuLiquidacao>0000002</emp:numeroDocuLiquidacao>
    <emp:tipoRetencao>9</emp:tipoRetencao>
    <emp:tipoOrigRetencao>2</emp:tipoOrigRetencao>
    <emp:cpfCnpjCredor>06554281000100</emp:cpfCnpjCredor>
    <emp:valorRetencao>0000000005203.53</emp:valorRetencao>
  </emp:Retencao>
  <emp:Retencao>
    <emp:codigoUnidOrcamentaria>010100</emp:codigoUnidOrcamentaria>
    <emp:anoEmisEmpenho>2022</emp:anoEmisEmpenho>
    <emp:numeroEmpenho>1117001</emp:numeroEmpenho>
    <emp:numeroDocuLiquidacao>0000002</emp:numeroDocuLiquidacao>
    <emp:tipoRetencao>18</emp:tipoRetencao>
    <emp:tipoOrigRetencao>2</emp:tipoOrigRetencao>
    <emp:cpfCnpjCredor>06554281000100</emp:cpfCnpjCredor>
    <emp:valorRetencao>0000000012330.12</emp:valorRetencao>
  </emp:Retencao>
  <emp:Retencao>
    <emp:codigoUnidOrcamentaria>010100</emp:codigoUnidOrcamentaria>
    <emp:anoEmisEmpenho>2022</emp:anoEmisEmpenho>
    <emp:numeroEmpenho>1117001</emp:numeroEmpenho>
    <emp:numeroDocuLiquidacao>0000002</emp:numeroDocuLiquidacao>
    <emp:tipoRetencao>19</emp:tipoRetencao>
    <emp:tipoOrigRetencao>2</emp:tipoOrigRetencao>
    <emp:cpfCnpjCredor>06554281000100</emp:cpfCnpjCredor>
    <emp:valorRetencao>0000000001129.12</emp:valorRetencao>
  </emp:Retencao>
</emp:EmpenhoseRP>
