<?xml version="1.0" encoding="UTF-8"?>
<aux:CadastrosAuxiliaresSagresFolha xmlns:aux="http://www.tce.pi.gov.br/sagres2019/xml/cadastrosAuxiliaresSagresFolha" xmlns:gen="http://www.tce.pi.gov.br/sagres2019/xml/genericos" xmlns:tab="http://www.tce.pi.gov.br/sagres2019/xml/tabelasInternas">
  <aux:PrestacaoContas>
    <aux:codigoUnidGestora>201133</aux:codigoUnidGestora>
    <aux:nomeUnidGestora>PREFEITURA MUNCIPAL DE MORRO C</aux:nomeUnidGestora>
    <aux:cpfContador>27675215893</aux:cpfContador>
    <aux:cpfGestor>16939900837</aux:cpfGestor>
    <aux:anoReferencia>2019</aux:anoReferencia>
    <aux:mesReferencia>7</aux:mesReferencia>
    <aux:versaoXml>19</aux:versaoXml>
    <aux:diaInicPresContas>1</aux:diaInicPresContas>
    <aux:diaFinaPresContas>31</aux:diaFinaPresContas>
  </aux:PrestacaoContas>
  <aux:Servidor>
    <aux:matricula>000000000000000</aux:matricula>
    <aux:cpfServidor>05370105308</aux:cpfServidor>
    <aux:rgServidor>3352026</aux:rgServidor>
    <aux:orgaoExpedidor>3352026</aux:orgaoExpedidor>
    <aux:dataExpeCartDeIdentidade>2009-08-04</aux:dataExpeCartDeIdentidade>
    <aux:nomeServidor>CLAUDIO ALVES NETO</aux:nomeServidor>
    <aux:dataNascimento>1993-09-18</aux:dataNascimento>
    <aux:sexo>1</aux:sexo>
    <aux:tituloEleitor>000000000000000</aux:tituloEleitor>
    <aux:tipoEstaCivil>1</aux:tipoEstaCivil>
    <aux:pisPAsep>000013409166083</aux:pisPAsep>
    <aux:numeroOrgaoClasse>00000000</aux:numeroOrgaoClasse>
    <aux:cpfPai>99999999999</aux:cpfPai>
    <aux:nomePai>PEDRO ALVES BORGES</aux:nomePai>
    <aux:cpfMae>99999999999</aux:cpfMae>
    <aux:nomeMae>MARIA ALVES BORGES</aux:nomeMae>
    <aux:tipoCadastro>1</aux:tipoCadastro>
  </aux:Servidor>
  <aux:Servidor>
    <aux:matricula>000000000000000</aux:matricula>
    <aux:cpfServidor>07124607302</aux:cpfServidor>
    <aux:rgServidor>2824258</aux:rgServidor>
    <aux:orgaoExpedidor>2824258</aux:orgaoExpedidor>
    <aux:dataExpeCartDeIdentidade>2006-03-04</aux:dataExpeCartDeIdentidade>
    <aux:nomeServidor>DINAU PEREIRA FIGUEREDO</aux:nomeServidor>
    <aux:dataNascimento>1998-07-01</aux:dataNascimento>
    <aux:sexo>1</aux:sexo>
    <aux:tituloEleitor>000000000000000</aux:tituloEleitor>
    <aux:tipoEstaCivil>2</aux:tipoEstaCivil>
    <aux:pisPAsep>000019058256742</aux:pisPAsep>
    <aux:numeroOrgaoClasse>00000000</aux:numeroOrgaoClasse>
    <aux:cpfPai>99999999999</aux:cpfPai>
    <aux:nomePai>VANDERLINO BATISTA DE FIGUEREDO</aux:nomePai>
    <aux:cpfMae>99999999999</aux:cpfMae>
    <aux:nomeMae>ZANEIDE PEREIRA DE FIGUEREDO</aux:nomeMae>
    <aux:tipoCadastro>1</aux:tipoCadastro>
  </aux:Servidor>
</aux:CadastrosAuxiliaresSagresFolha>
