<?xml version="1.0" encoding="UTF-8"?><aux:CadastrosAuxiliaresSagresFolha xmlns:aux="http://www.tce.pi.gov.br/sagres2019/xml/cadastrosAuxiliaresSagresFolha" xmlns:gen="http://www.tce.pi.gov.br/sagres2019/xml/genericos" xmlns:tab="http://www.tce.pi.gov.br/sagres2019/xml/tabelasInternas">
    <aux:PrestacaoContas>
        <aux:codigoUnidGestora>201017</aux:codigoUnidGestora>
        <aux:nomeUnidGestora>PREFEITURA MUNICIPAL DE AVELINO LOPES</aux:nomeUnidGestora>
        <aux:cpfContador>72674350334</aux:cpfContador>
        <aux:cpfGestor>64378985853</aux:cpfGestor>
        <aux:anoReferencia>2019</aux:anoReferencia>
        <aux:mesReferencia>2</aux:mesReferencia>
        <aux:versaoXml>19</aux:versaoXml>
        <aux:diaInicPresContas>1</aux:diaInicPresContas>
        <aux:diaFinaPresContas>28</aux:diaFinaPresContas>
    </aux:PrestacaoContas>
    <aux:Cargo>
        <aux:codigoCargo>00000071</aux:codigoCargo>
        <aux:nomeDoCargo>CHEFE DE SECAO ASSISTENCIA E ADMINISTRACAO DE RELA</aux:nomeDoCargo>
        <aux:cargaHoraria>40</aux:cargaHoraria>
        <aux:tipoEscolaridade>3</aux:tipoEscolaridade>
        <aux:tipoCargo>040</aux:tipoCargo>
        <aux:codigoCargoRhWeb>00000071</aux:codigoCargoRhWeb>
        <aux:vecimentoBaseOuSalario>998.00</aux:vecimentoBaseOuSalario>
    </aux:Cargo>
    <aux:Cargo>
        <aux:codigoCargo>60000019</aux:codigoCargo>
        <aux:nomeDoCargo>SUB SECRETARIO DE EDUCACAO                        </aux:nomeDoCargo>
        <aux:cargaHoraria>40</aux:cargaHoraria>
        <aux:tipoEscolaridade>3</aux:tipoEscolaridade>
        <aux:tipoCargo>105</aux:tipoCargo>
        <aux:codigoCargoRhWeb>60000019</aux:codigoCargoRhWeb>
        <aux:vecimentoBaseOuSalario>2700.00</aux:vecimentoBaseOuSalario>
    </aux:Cargo>
   <aux:Servidor>
        <aux:matricula>000000000001501</aux:matricula>
        <aux:cpfServidor>02211192300</aux:cpfServidor>
        <aux:rgServidor>386771972</aux:rgServidor>
        <aux:orgaoExpedidor>SSP</aux:orgaoExpedidor>
                <aux:dataExpeCartDeIdentidade>2015-04-29</aux:dataExpeCartDeIdentidade>
        <aux:nomeServidor>ANA PAULA DE CARVALHO ALVES BASTOS</aux:nomeServidor>
        <aux:dataNascimento>1994-11-21</aux:dataNascimento>
        <aux:sexo>2</aux:sexo>
        <aux:tituloEleitor>000000000000000</aux:tituloEleitor>
        <aux:tipoEstaCivil>1</aux:tipoEstaCivil>
        <aux:pisPAsep>000019052204600</aux:pisPAsep>
        <aux:numeroOrgaoClasse>00000000</aux:numeroOrgaoClasse>
        <aux:cpfPai>99999999999</aux:cpfPai>
        <aux:nomePai>HELVIDIO DE CARVALHO BASTOS                       </aux:nomePai>
        <aux:cpfMae>99999999999</aux:cpfMae>
        <aux:nomeMae>JOSIARA NEVES ALVES                               </aux:nomeMae>
        <aux:tipoCadastro>1</aux:tipoCadastro>
   </aux:Servidor>
   <aux:Servidor>
        <aux:matricula>000000000001502</aux:matricula>
        <aux:cpfServidor>82096678153</aux:cpfServidor>
        <aux:rgServidor>1697255</aux:rgServidor>
        <aux:orgaoExpedidor>SSP</aux:orgaoExpedidor>
                <aux:dataExpeCartDeIdentidade>1994-06-05</aux:dataExpeCartDeIdentidade>
        <aux:nomeServidor>ALESSANDRA DA CUNHA</aux:nomeServidor>
        <aux:dataNascimento>1976-10-24</aux:dataNascimento>
        <aux:sexo>2</aux:sexo>
        <aux:tituloEleitor>000000000000000</aux:tituloEleitor>
        <aux:tipoEstaCivil>1</aux:tipoEstaCivil>
        <aux:pisPAsep>000012909571272</aux:pisPAsep>
        <aux:numeroOrgaoClasse>00000000</aux:numeroOrgaoClasse>
        <aux:cpfPai>99999999999</aux:cpfPai>
        <aux:nomePai>                                                  </aux:nomePai>
        <aux:cpfMae>99999999999</aux:cpfMae>
        <aux:nomeMae>MARIA DO SOCORRO DA CUNHA                         </aux:nomeMae>
        <aux:tipoCadastro>1</aux:tipoCadastro>
   </aux:Servidor>
   <aux:Servidor>
        <aux:matricula>000000000002240</aux:matricula>
        <aux:cpfServidor>03475351439</aux:cpfServidor>
        <aux:rgServidor>556371380</aux:rgServidor>
        <aux:orgaoExpedidor>SSP</aux:orgaoExpedidor>
                <aux:dataExpeCartDeIdentidade>2011-07-19</aux:dataExpeCartDeIdentidade>
        <aux:nomeServidor>FABIANA SOARES MOURA DIOSTENES</aux:nomeServidor>
        <aux:dataNascimento>1980-03-25</aux:dataNascimento>
        <aux:sexo>2</aux:sexo>
        <aux:tituloEleitor>000000000000000</aux:tituloEleitor>
        <aux:tipoEstaCivil>1</aux:tipoEstaCivil>
        <aux:pisPAsep>000012780624444</aux:pisPAsep>
        <aux:numeroOrgaoClasse>00000000</aux:numeroOrgaoClasse>
        <aux:cpfPai>99999999999</aux:cpfPai>
        <aux:nomePai>JOSE BATISTA MOURA                                </aux:nomePai>
        <aux:cpfMae>99999999999</aux:cpfMae>
        <aux:nomeMae>CLEONICE SOARES MOURA                             </aux:nomeMae>
        <aux:tipoCadastro>1</aux:tipoCadastro>
   </aux:Servidor>
   <aux:Servidor>
        <aux:matricula>000000000002241</aux:matricula>
        <aux:cpfServidor>03474596330</aux:cpfServidor>
        <aux:rgServidor>2965019</aux:rgServidor>
        <aux:orgaoExpedidor>SSP</aux:orgaoExpedidor>
                <aux:dataExpeCartDeIdentidade>2006-12-18</aux:dataExpeCartDeIdentidade>
        <aux:nomeServidor>TAIS GONCALVES DA ROCHA</aux:nomeServidor>
        <aux:dataNascimento>1987-11-06</aux:dataNascimento>
        <aux:sexo>2</aux:sexo>
        <aux:tituloEleitor>000000000000000</aux:tituloEleitor>
        <aux:tipoEstaCivil>1</aux:tipoEstaCivil>
        <aux:pisPAsep>000019052758126</aux:pisPAsep>
        <aux:numeroOrgaoClasse>00000000</aux:numeroOrgaoClasse>
        <aux:cpfPai>99999999999</aux:cpfPai>
        <aux:nomePai>DIONALDO JOSE ROCHA                               </aux:nomePai>
        <aux:cpfMae>99999999999</aux:cpfMae>
        <aux:nomeMae>ELENA GONCALVES DA ROCHA                          </aux:nomeMae>
        <aux:tipoCadastro>1</aux:tipoCadastro>
   </aux:Servidor>
   <aux:Servidor>
        <aux:matricula>000000000006127</aux:matricula>
        <aux:cpfServidor>77517369334</aux:cpfServidor>
        <aux:rgServidor>2001824</aux:rgServidor>
        <aux:orgaoExpedidor>SSP</aux:orgaoExpedidor>
                <aux:dataExpeCartDeIdentidade>1998-07-27</aux:dataExpeCartDeIdentidade>
        <aux:nomeServidor>JOSIARA NEVES ALVES</aux:nomeServidor>
        <aux:dataNascimento>1978-04-04</aux:dataNascimento>
        <aux:sexo>2</aux:sexo>
        <aux:tituloEleitor>000000000000000</aux:tituloEleitor>
        <aux:tipoEstaCivil>1</aux:tipoEstaCivil>
        <aux:pisPAsep>000019017298793</aux:pisPAsep>
        <aux:numeroOrgaoClasse>00000000</aux:numeroOrgaoClasse>
        <aux:cpfPai>99999999999</aux:cpfPai>
        <aux:nomePai>                                                  </aux:nomePai>
        <aux:cpfMae>99999999999</aux:cpfMae>
        <aux:nomeMae>JACIRA MARIA DAS NEVES ALVES                      </aux:nomeMae>
        <aux:tipoCadastro>1</aux:tipoCadastro>
   </aux:Servidor>
</aux:CadastrosAuxiliaresSagresFolha>