<?xml version="1.0" encoding="utf-8"?>
<!--FIORILLI SOC. CIVIL LTDA - SOFTWARE-->
<!--ENVIADO POR: -->
<!--VERSAO TCE-PI: 8.25.29.253-->
<!--VERSAO DIARIO RAZAO: -->
<!--VERSAO EVENTOS: -->
<emp:EmpenhoseRP xmlns:emp="http://www.tce.pi.gov.br/sagres2023/xml/empenhoseRP" xmlns:gen="http://www.tce.pi.gov.br/sagres2023/xml/genericos" xmlns:tab="http://www.tce.pi.gov.br/sagres2023/xml/tabelasInternas" xmlns:aux="http://www.tce.pi.gov.br/sagres2023/xml/cadastrosAuxiliares">
  <emp:PrestacaoContas>
    <aux:codigoUnidGestora>201017</aux:codigoUnidGestora>
    <aux:nomeUnidGestora>PREFEITURA MUNICIPAL DE AVELINO LOPES</aux:nomeUnidGestora>
    <aux:cpfContador>52676668315</aux:cpfContador>
    <aux:cpfGestor>01726047377</aux:cpfGestor>
    <aux:anoReferencia>2023</aux:anoReferencia>
    <aux:mesReferencia>13</aux:mesReferencia>
    <aux:versaoXml>0</aux:versaoXml>
    <aux:diaInicPresContas>31</aux:diaInicPresContas>
    <aux:diaFinaPresContas>31</aux:diaFinaPresContas>
  </emp:PrestacaoContas>
  <emp:RestosApagar>
    <emp:codigoUnidOrcamentaria>021700</emp:codigoUnidOrcamentaria>
    <emp:codigoFuncao>4</emp:codigoFuncao>
    <emp:codigoSubFuncao>122</emp:codigoSubFuncao>
    <emp:codigoPrograma>0005</emp:codigoPrograma>
    <emp:codigoAcao>2040</emp:codigoAcao>
    <emp:codigoCateEconomica>3</emp:codigoCateEconomica>
    <emp:codigoNatuDespesa>3</emp:codigoNatuDespesa>
    <emp:codigoModaAplicacao>90</emp:codigoModaAplicacao>
    <emp:codigoElemDespesa>39</emp:codigoElemDespesa>
    <emp:codigoSubeDespesa>3912</emp:codigoSubeDespesa>
    <emp:fonteRecurso>
      <gen:ioc>1</gen:ioc>
      <gen:tipoFontRecurso>500</gen:tipoFontRecurso>
      <gen:tipoCompFontRecurso>9999</gen:tipoCompFontRecurso>
    </emp:fonteRecurso>
    <emp:anoEmisEmpenho>2023</emp:anoEmisEmpenho>
    <emp:numeroEmpenho>0922007</emp:numeroEmpenho>
    <emp:dataEmisEmpenho>2023-09-22</emp:dataEmisEmpenho>
    <emp:historicoEmpenho>VALOR EMPENHADO PARA PAGAMENTO DE DESPESA COM LOCACAO DE GERADOR DE ENERGIA.</emp:historicoEmpenho>
    <emp:cpfOrdeDespesa>01726047377</emp:cpfOrdeDespesa>
    <emp:cpfCnpjCredor>02186032000159</emp:cpfCnpjCredor>
    <emp:codigoAplicacao>999</emp:codigoAplicacao>
    <emp:tipoEmpenho>1</emp:tipoEmpenho>
    <emp:valorEmpenho>0000000022205.54</emp:valorEmpenho>
    <emp:tipoRestPagar>1</emp:tipoRestPagar>
    <emp:numeroContTce></emp:numeroContTce>
  </emp:RestosApagar>
  <emp:RestosApagar>
    <emp:codigoUnidOrcamentaria>022100</emp:codigoUnidOrcamentaria>
    <emp:codigoFuncao>8</emp:codigoFuncao>
    <emp:codigoSubFuncao>243</emp:codigoSubFuncao>
    <emp:codigoPrograma>0005</emp:codigoPrograma>
    <emp:codigoAcao>2144</emp:codigoAcao>
    <emp:codigoCateEconomica>3</emp:codigoCateEconomica>
    <emp:codigoNatuDespesa>1</emp:codigoNatuDespesa>
    <emp:codigoModaAplicacao>90</emp:codigoModaAplicacao>
    <emp:codigoElemDespesa>11</emp:codigoElemDespesa>
    <emp:codigoSubeDespesa>1143</emp:codigoSubeDespesa>
    <emp:fonteRecurso>
      <gen:ioc>1</gen:ioc>
      <gen:tipoFontRecurso>500</gen:tipoFontRecurso>
      <gen:tipoCompFontRecurso>9999</gen:tipoCompFontRecurso>
    </emp:fonteRecurso>
    <emp:anoEmisEmpenho>2023</emp:anoEmisEmpenho>
    <emp:numeroEmpenho>1205068</emp:numeroEmpenho>
    <emp:dataEmisEmpenho>2023-12-05</emp:dataEmisEmpenho>
    <emp:historicoEmpenho>VALOR EMPENHADO PARA PAGAMENTO DE DESPESA COM PESSOAL-13° SALARIO RECISAO-CONSELHO TUTELAR.</emp:historicoEmpenho>
    <emp:cpfOrdeDespesa>88729850304</emp:cpfOrdeDespesa>
    <emp:cpfCnpjCredor>00000000000000</emp:cpfCnpjCredor>
    <emp:codigoAplicacao>999</emp:codigoAplicacao>
    <emp:tipoEmpenho>1</emp:tipoEmpenho>
    <emp:valorEmpenho>0000000006600.00</emp:valorEmpenho>
    <emp:tipoRestPagar>1</emp:tipoRestPagar>
    <emp:numeroContTce></emp:numeroContTce>
  </emp:RestosApagar>
  <emp:RestosApagar>
    <emp:codigoUnidOrcamentaria>022101</emp:codigoUnidOrcamentaria>
    <emp:codigoFuncao>8</emp:codigoFuncao>
    <emp:codigoSubFuncao>244</emp:codigoSubFuncao>
    <emp:codigoPrograma>0016</emp:codigoPrograma>
    <emp:codigoAcao>2158</emp:codigoAcao>
    <emp:codigoCateEconomica>3</emp:codigoCateEconomica>
    <emp:codigoNatuDespesa>3</emp:codigoNatuDespesa>
    <emp:codigoModaAplicacao>90</emp:codigoModaAplicacao>
    <emp:codigoElemDespesa>30</emp:codigoElemDespesa>
    <emp:codigoSubeDespesa>3001</emp:codigoSubeDespesa>
    <emp:fonteRecurso>
      <gen:ioc>1</gen:ioc>
      <gen:tipoFontRecurso>660</gen:tipoFontRecurso>
      <gen:tipoCompFontRecurso>9999</gen:tipoCompFontRecurso>
    </emp:fonteRecurso>
    <emp:anoEmisEmpenho>2023</emp:anoEmisEmpenho>
    <emp:numeroEmpenho>0905008</emp:numeroEmpenho>
    <emp:dataEmisEmpenho>2023-09-05</emp:dataEmisEmpenho>
    <emp:historicoEmpenho>VALOR EMPENHADO PARA AQUISICAO DE COMBUSTIVEIS DESTINADOS A MANUTENCAO DAS ATIVIDADES MEIO DESTE ORGAO.</emp:historicoEmpenho>
    <emp:cpfOrdeDespesa>88729850304</emp:cpfOrdeDespesa>
    <emp:cpfCnpjCredor>12107863000141</emp:cpfCnpjCredor>
    <emp:codigoAplicacao>999</emp:codigoAplicacao>
    <emp:tipoEmpenho>1</emp:tipoEmpenho>
    <emp:valorEmpenho>0000000002812.00</emp:valorEmpenho>
    <emp:tipoRestPagar>1</emp:tipoRestPagar>
    <emp:numeroContTce></emp:numeroContTce>
  </emp:RestosApagar>
  <emp:RestosApagar>
    <emp:codigoUnidOrcamentaria>022101</emp:codigoUnidOrcamentaria>
    <emp:codigoFuncao>8</emp:codigoFuncao>
    <emp:codigoSubFuncao>244</emp:codigoSubFuncao>
    <emp:codigoPrograma>0016</emp:codigoPrograma>
    <emp:codigoAcao>2158</emp:codigoAcao>
    <emp:codigoCateEconomica>3</emp:codigoCateEconomica>
    <emp:codigoNatuDespesa>3</emp:codigoNatuDespesa>
    <emp:codigoModaAplicacao>90</emp:codigoModaAplicacao>
    <emp:codigoElemDespesa>30</emp:codigoElemDespesa>
    <emp:codigoSubeDespesa>3025</emp:codigoSubeDespesa>
    <emp:fonteRecurso>
      <gen:ioc>1</gen:ioc>
      <gen:tipoFontRecurso>660</gen:tipoFontRecurso>
      <gen:tipoCompFontRecurso>9999</gen:tipoCompFontRecurso>
    </emp:fonteRecurso>
    <emp:anoEmisEmpenho>2023</emp:anoEmisEmpenho>
    <emp:numeroEmpenho>0906017</emp:numeroEmpenho>
    <emp:dataEmisEmpenho>2023-09-06</emp:dataEmisEmpenho>
    <emp:historicoEmpenho>VALOR EMPENHADO PARA PAGAMENTO DE DESPESAS COM AQUISICAO DE PECAS PARA MANUTENCAO DE CONDICIONADORES DE AR SPLITS GELADEIRAS FREEZER PARA ATENDER AS NECESSIDADES DESTA SECRETARIA.</emp:historicoEmpenho>
    <emp:cpfOrdeDespesa>88729850304</emp:cpfOrdeDespesa>
    <emp:cpfCnpjCredor>40622430000160</emp:cpfCnpjCredor>
    <emp:codigoAplicacao>999</emp:codigoAplicacao>
    <emp:tipoEmpenho>1</emp:tipoEmpenho>
    <emp:valorEmpenho>0000000001564.00</emp:valorEmpenho>
    <emp:tipoRestPagar>1</emp:tipoRestPagar>
    <emp:numeroContTce></emp:numeroContTce>
  </emp:RestosApagar>
  <emp:RestosApagar>
    <emp:codigoUnidOrcamentaria>022101</emp:codigoUnidOrcamentaria>
    <emp:codigoFuncao>8</emp:codigoFuncao>
    <emp:codigoSubFuncao>244</emp:codigoSubFuncao>
    <emp:codigoPrograma>0016</emp:codigoPrograma>
    <emp:codigoAcao>2158</emp:codigoAcao>
    <emp:codigoCateEconomica>3</emp:codigoCateEconomica>
    <emp:codigoNatuDespesa>3</emp:codigoNatuDespesa>
    <emp:codigoModaAplicacao>90</emp:codigoModaAplicacao>
    <emp:codigoElemDespesa>39</emp:codigoElemDespesa>
    <emp:codigoSubeDespesa>3915</emp:codigoSubeDespesa>
    <emp:fonteRecurso>
      <gen:ioc>1</gen:ioc>
      <gen:tipoFontRecurso>660</gen:tipoFontRecurso>
      <gen:tipoCompFontRecurso>9999</gen:tipoCompFontRecurso>
    </emp:fonteRecurso>
    <emp:anoEmisEmpenho>2023</emp:anoEmisEmpenho>
    <emp:numeroEmpenho>0906018</emp:numeroEmpenho>
    <emp:dataEmisEmpenho>2023-09-06</emp:dataEmisEmpenho>
    <emp:historicoEmpenho>VALOR EMPENHADO PARA PAGAMENTO DE DESPESA COM MANUTENCAO E INSTALCOES DE AR CONDICIONADOS SPLITS GELADEIRAS FREEZER PARA ATENDER AS NECESSIDADES DESTA SECRETARIA.</emp:historicoEmpenho>
    <emp:cpfOrdeDespesa>88729850304</emp:cpfOrdeDespesa>
    <emp:cpfCnpjCredor>40622430000160</emp:cpfCnpjCredor>
    <emp:codigoAplicacao>999</emp:codigoAplicacao>
    <emp:tipoEmpenho>1</emp:tipoEmpenho>
    <emp:valorEmpenho>0000000000900.00</emp:valorEmpenho>
    <emp:tipoRestPagar>1</emp:tipoRestPagar>
    <emp:numeroContTce></emp:numeroContTce>
  </emp:RestosApagar>
  <emp:RestosApagar>
    <emp:codigoUnidOrcamentaria>010100</emp:codigoUnidOrcamentaria>
    <emp:codigoFuncao>1</emp:codigoFuncao>
    <emp:codigoSubFuncao>031</emp:codigoSubFuncao>
    <emp:codigoPrograma>0001</emp:codigoPrograma>
    <emp:codigoAcao>2001</emp:codigoAcao>
    <emp:codigoCateEconomica>3</emp:codigoCateEconomica>
    <emp:codigoNatuDespesa>1</emp:codigoNatuDespesa>
    <emp:codigoModaAplicacao>90</emp:codigoModaAplicacao>
    <emp:codigoElemDespesa>11</emp:codigoElemDespesa>
    <emp:codigoSubeDespesa>1101</emp:codigoSubeDespesa>
    <emp:fonteRecurso>
      <gen:ioc>1</gen:ioc>
      <gen:tipoFontRecurso>500</gen:tipoFontRecurso>
      <gen:tipoCompFontRecurso>9999</gen:tipoCompFontRecurso>
    </emp:fonteRecurso>
    <emp:anoEmisEmpenho>2023</emp:anoEmisEmpenho>
    <emp:numeroEmpenho>0116007</emp:numeroEmpenho>
    <emp:dataEmisEmpenho>2023-01-16</emp:dataEmisEmpenho>
    <emp:historicoEmpenho>VALOR EMPENHADO DESTINADO AO PAGAMENTO DE FUNCIONARIOS DESTE ORGAO LEGISLATIVO.</emp:historicoEmpenho>
    <emp:cpfOrdeDespesa>45183350310</emp:cpfOrdeDespesa>
    <emp:cpfCnpjCredor>00000000000000</emp:cpfCnpjCredor>
    <emp:codigoAplicacao>999</emp:codigoAplicacao>
    <emp:tipoEmpenho>2</emp:tipoEmpenho>
    <emp:valorEmpenho>0000000000699.79</emp:valorEmpenho>
    <emp:tipoRestPagar>2</emp:tipoRestPagar>
    <emp:numeroContTce></emp:numeroContTce>
  </emp:RestosApagar>
  <emp:RestosApagar>
    <emp:codigoUnidOrcamentaria>010100</emp:codigoUnidOrcamentaria>
    <emp:codigoFuncao>1</emp:codigoFuncao>
    <emp:codigoSubFuncao>031</emp:codigoSubFuncao>
    <emp:codigoPrograma>0001</emp:codigoPrograma>
    <emp:codigoAcao>2001</emp:codigoAcao>
    <emp:codigoCateEconomica>3</emp:codigoCateEconomica>
    <emp:codigoNatuDespesa>1</emp:codigoNatuDespesa>
    <emp:codigoModaAplicacao>90</emp:codigoModaAplicacao>
    <emp:codigoElemDespesa>11</emp:codigoElemDespesa>
    <emp:codigoSubeDespesa>1101</emp:codigoSubeDespesa>
    <emp:fonteRecurso>
      <gen:ioc>1</gen:ioc>
      <gen:tipoFontRecurso>500</gen:tipoFontRecurso>
      <gen:tipoCompFontRecurso>9999</gen:tipoCompFontRecurso>
    </emp:fonteRecurso>
    <emp:anoEmisEmpenho>2023</emp:anoEmisEmpenho>
    <emp:numeroEmpenho>0116008</emp:numeroEmpenho>
    <emp:dataEmisEmpenho>2023-01-16</emp:dataEmisEmpenho>
    <emp:historicoEmpenho>VALOR EMPENHADO DESTINADO AO PAGAMENTO DE FUNCIONARIOS DESTE ORGAO LEGISLATIVO.</emp:historicoEmpenho>
    <emp:cpfOrdeDespesa>45183350310</emp:cpfOrdeDespesa>
    <emp:cpfCnpjCredor>00000000000000</emp:cpfCnpjCredor>
    <emp:codigoAplicacao>999</emp:codigoAplicacao>
    <emp:tipoEmpenho>2</emp:tipoEmpenho>
    <emp:valorEmpenho>0000000000918.12</emp:valorEmpenho>
    <emp:tipoRestPagar>2</emp:tipoRestPagar>
    <emp:numeroContTce></emp:numeroContTce>
  </emp:RestosApagar>
  <emp:RestosApagar>
    <emp:codigoUnidOrcamentaria>010100</emp:codigoUnidOrcamentaria>
    <emp:codigoFuncao>1</emp:codigoFuncao>
    <emp:codigoSubFuncao>031</emp:codigoSubFuncao>
    <emp:codigoPrograma>0001</emp:codigoPrograma>
    <emp:codigoAcao>2001</emp:codigoAcao>
    <emp:codigoCateEconomica>3</emp:codigoCateEconomica>
    <emp:codigoNatuDespesa>3</emp:codigoNatuDespesa>
    <emp:codigoModaAplicacao>90</emp:codigoModaAplicacao>
    <emp:codigoElemDespesa>39</emp:codigoElemDespesa>
    <emp:codigoSubeDespesa>3913</emp:codigoSubeDespesa>
    <emp:fonteRecurso>
      <gen:ioc>1</gen:ioc>
      <gen:tipoFontRecurso>500</gen:tipoFontRecurso>
      <gen:tipoCompFontRecurso>9999</gen:tipoCompFontRecurso>
    </emp:fonteRecurso>
    <emp:anoEmisEmpenho>2023</emp:anoEmisEmpenho>
    <emp:numeroEmpenho>0602013</emp:numeroEmpenho>
    <emp:dataEmisEmpenho>2023-06-02</emp:dataEmisEmpenho>
    <emp:historicoEmpenho>CONTRATACAO DE EMPRESA PARA A PRESTACAO DE SERVICO DE LOCACAO DE VEICULO PARA USO EXCLUSIVO DA CAMARA MUNICIPAL DE AVELINO LOPES. CONFORME PROCESSO ADMINISTRATIVO N° 007 2023, MODALIDADE PREGAO ELETRONICO N° 001 2023 E EXTRATO DE CONTRATO N° 0206202301 2023.</emp:historicoEmpenho>
    <emp:cpfOrdeDespesa>45183350310</emp:cpfOrdeDespesa>
    <emp:cpfCnpjCredor>45734679000180</emp:cpfCnpjCredor>
    <emp:codigoAplicacao>999</emp:codigoAplicacao>
    <emp:tipoEmpenho>3</emp:tipoEmpenho>
    <emp:valorEmpenho>0000000035000.00</emp:valorEmpenho>
    <emp:tipoRestPagar>2</emp:tipoRestPagar>
    <emp:numeroContTce></emp:numeroContTce>
  </emp:RestosApagar>
  <emp:RestosApagar>
    <emp:codigoUnidOrcamentaria>010100</emp:codigoUnidOrcamentaria>
    <emp:codigoFuncao>1</emp:codigoFuncao>
    <emp:codigoSubFuncao>031</emp:codigoSubFuncao>
    <emp:codigoPrograma>0001</emp:codigoPrograma>
    <emp:codigoAcao>2001</emp:codigoAcao>
    <emp:codigoCateEconomica>3</emp:codigoCateEconomica>
    <emp:codigoNatuDespesa>3</emp:codigoNatuDespesa>
    <emp:codigoModaAplicacao>90</emp:codigoModaAplicacao>
    <emp:codigoElemDespesa>39</emp:codigoElemDespesa>
    <emp:codigoSubeDespesa>3957</emp:codigoSubeDespesa>
    <emp:fonteRecurso>
      <gen:ioc>1</gen:ioc>
      <gen:tipoFontRecurso>500</gen:tipoFontRecurso>
      <gen:tipoCompFontRecurso>9999</gen:tipoCompFontRecurso>
    </emp:fonteRecurso>
    <emp:anoEmisEmpenho>2023</emp:anoEmisEmpenho>
    <emp:numeroEmpenho>0828010</emp:numeroEmpenho>
    <emp:dataEmisEmpenho>2023-08-28</emp:dataEmisEmpenho>
    <emp:historicoEmpenho>CONTRATACAO DE EMPRESA PARA A PRESTACAO DO SERVICO DE CONSTRUCAO DE ACERVO DA CAMARA MUNICIPAL DE AVELINO LOPES-PI. CONFORME PROCESSO ADMINISTRATIVO N° 007 2023, MODALIDADE DISPENSA DE LICITACAO N° 003 2023 E EXRATAO DE CONTRATO N° 2808202301 2023.</emp:historicoEmpenho>
    <emp:cpfOrdeDespesa>45183350310</emp:cpfOrdeDespesa>
    <emp:cpfCnpjCredor>11481107000115</emp:cpfCnpjCredor>
    <emp:codigoAplicacao>999</emp:codigoAplicacao>
    <emp:tipoEmpenho>3</emp:tipoEmpenho>
    <emp:valorEmpenho>0000000009689.79</emp:valorEmpenho>
    <emp:tipoRestPagar>2</emp:tipoRestPagar>
    <emp:numeroContTce></emp:numeroContTce>
  </emp:RestosApagar>
  <emp:RestosApagar>
    <emp:codigoUnidOrcamentaria>021700</emp:codigoUnidOrcamentaria>
    <emp:codigoFuncao>4</emp:codigoFuncao>
    <emp:codigoSubFuncao>122</emp:codigoSubFuncao>
    <emp:codigoPrograma>0005</emp:codigoPrograma>
    <emp:codigoAcao>2040</emp:codigoAcao>
    <emp:codigoCateEconomica>3</emp:codigoCateEconomica>
    <emp:codigoNatuDespesa>3</emp:codigoNatuDespesa>
    <emp:codigoModaAplicacao>90</emp:codigoModaAplicacao>
    <emp:codigoElemDespesa>36</emp:codigoElemDespesa>
    <emp:codigoSubeDespesa>3627</emp:codigoSubeDespesa>
    <emp:fonteRecurso>
      <gen:ioc>1</gen:ioc>
      <gen:tipoFontRecurso>500</gen:tipoFontRecurso>
      <gen:tipoCompFontRecurso>9999</gen:tipoCompFontRecurso>
    </emp:fonteRecurso>
    <emp:anoEmisEmpenho>2023</emp:anoEmisEmpenho>
    <emp:numeroEmpenho>1130024</emp:numeroEmpenho>
    <emp:dataEmisEmpenho>2023-11-30</emp:dataEmisEmpenho>
    <emp:historicoEmpenho>VALOR EMPENHADO PARA PAGAMENTO DE DESPESA COM SERVICOS PRESTADOS DE VIGILANTE.</emp:historicoEmpenho>
    <emp:cpfOrdeDespesa>01726047377</emp:cpfOrdeDespesa>
    <emp:cpfCnpjCredor>83762540306</emp:cpfCnpjCredor>
    <emp:codigoAplicacao>999</emp:codigoAplicacao>
    <emp:tipoEmpenho>1</emp:tipoEmpenho>
    <emp:valorEmpenho>0000000000000.40</emp:valorEmpenho>
    <emp:tipoRestPagar>2</emp:tipoRestPagar>
    <emp:numeroContTce></emp:numeroContTce>
  </emp:RestosApagar>
  <emp:RestosApagar>
    <emp:codigoUnidOrcamentaria>022001</emp:codigoUnidOrcamentaria>
    <emp:codigoFuncao>10</emp:codigoFuncao>
    <emp:codigoSubFuncao>301</emp:codigoSubFuncao>
    <emp:codigoPrograma>0020</emp:codigoPrograma>
    <emp:codigoAcao>2160</emp:codigoAcao>
    <emp:codigoCateEconomica>3</emp:codigoCateEconomica>
    <emp:codigoNatuDespesa>3</emp:codigoNatuDespesa>
    <emp:codigoModaAplicacao>90</emp:codigoModaAplicacao>
    <emp:codigoElemDespesa>30</emp:codigoElemDespesa>
    <emp:codigoSubeDespesa>3001</emp:codigoSubeDespesa>
    <emp:fonteRecurso>
      <gen:ioc>1</gen:ioc>
      <gen:tipoFontRecurso>500</gen:tipoFontRecurso>
      <gen:tipoCompFontRecurso>9999</gen:tipoCompFontRecurso>
    </emp:fonteRecurso>
    <emp:anoEmisEmpenho>2023</emp:anoEmisEmpenho>
    <emp:numeroEmpenho>1228036</emp:numeroEmpenho>
    <emp:dataEmisEmpenho>2023-12-28</emp:dataEmisEmpenho>
    <emp:historicoEmpenho>VALOR EMPENHADO PARA AQUISICAO DE COMBUSTIVEIS DESTINADOS A MANUTENCAO DAS ATIVIDADES MEIO DESTE ORGAO.</emp:historicoEmpenho>
    <emp:cpfOrdeDespesa>56561024320</emp:cpfOrdeDespesa>
    <emp:cpfCnpjCredor>12107863000141</emp:cpfCnpjCredor>
    <emp:codigoAplicacao>300</emp:codigoAplicacao>
    <emp:tipoEmpenho>1</emp:tipoEmpenho>
    <emp:valorEmpenho>0000000011500.00</emp:valorEmpenho>
    <emp:tipoRestPagar>2</emp:tipoRestPagar>
    <emp:numeroContTce></emp:numeroContTce>
  </emp:RestosApagar>
  <emp:RestosApagar>
    <emp:codigoUnidOrcamentaria>022001</emp:codigoUnidOrcamentaria>
    <emp:codigoFuncao>10</emp:codigoFuncao>
    <emp:codigoSubFuncao>301</emp:codigoSubFuncao>
    <emp:codigoPrograma>0020</emp:codigoPrograma>
    <emp:codigoAcao>2160</emp:codigoAcao>
    <emp:codigoCateEconomica>3</emp:codigoCateEconomica>
    <emp:codigoNatuDespesa>3</emp:codigoNatuDespesa>
    <emp:codigoModaAplicacao>90</emp:codigoModaAplicacao>
    <emp:codigoElemDespesa>30</emp:codigoElemDespesa>
    <emp:codigoSubeDespesa>3001</emp:codigoSubeDespesa>
    <emp:fonteRecurso>
      <gen:ioc>1</gen:ioc>
      <gen:tipoFontRecurso>500</gen:tipoFontRecurso>
      <gen:tipoCompFontRecurso>9999</gen:tipoCompFontRecurso>
    </emp:fonteRecurso>
    <emp:anoEmisEmpenho>2023</emp:anoEmisEmpenho>
    <emp:numeroEmpenho>1228040</emp:numeroEmpenho>
    <emp:dataEmisEmpenho>2023-12-28</emp:dataEmisEmpenho>
    <emp:historicoEmpenho>VALOR EMPENHADO PARA PAGAMENTO DE DESPESA COM AQUISICAO DE COMBUSTIVEL PARA ATENDER AS NECESSIDADES DESTA SECRETARIA.</emp:historicoEmpenho>
    <emp:cpfOrdeDespesa>56561024320</emp:cpfOrdeDespesa>
    <emp:cpfCnpjCredor>69605939000186</emp:cpfCnpjCredor>
    <emp:codigoAplicacao>300</emp:codigoAplicacao>
    <emp:tipoEmpenho>1</emp:tipoEmpenho>
    <emp:valorEmpenho>0000000006217.02</emp:valorEmpenho>
    <emp:tipoRestPagar>2</emp:tipoRestPagar>
    <emp:numeroContTce></emp:numeroContTce>
  </emp:RestosApagar>
  <emp:RestosApagar>
    <emp:codigoUnidOrcamentaria>022001</emp:codigoUnidOrcamentaria>
    <emp:codigoFuncao>10</emp:codigoFuncao>
    <emp:codigoSubFuncao>301</emp:codigoSubFuncao>
    <emp:codigoPrograma>0020</emp:codigoPrograma>
    <emp:codigoAcao>2160</emp:codigoAcao>
    <emp:codigoCateEconomica>3</emp:codigoCateEconomica>
    <emp:codigoNatuDespesa>3</emp:codigoNatuDespesa>
    <emp:codigoModaAplicacao>90</emp:codigoModaAplicacao>
    <emp:codigoElemDespesa>30</emp:codigoElemDespesa>
    <emp:codigoSubeDespesa>3001</emp:codigoSubeDespesa>
    <emp:fonteRecurso>
      <gen:ioc>1</gen:ioc>
      <gen:tipoFontRecurso>500</gen:tipoFontRecurso>
      <gen:tipoCompFontRecurso>9999</gen:tipoCompFontRecurso>
    </emp:fonteRecurso>
    <emp:anoEmisEmpenho>2023</emp:anoEmisEmpenho>
    <emp:numeroEmpenho>1228041</emp:numeroEmpenho>
    <emp:dataEmisEmpenho>2023-12-28</emp:dataEmisEmpenho>
    <emp:historicoEmpenho>VALOR EMPENHADO PARA PAGAMENTO DE DESPESA COM AQUISICAO DE COMBUSTIVEL PARA ATENDER AS NECESSIDADES DA SEC DE SAUDE DO MUNICIPIO DE AVELINO LOPES-PI.</emp:historicoEmpenho>
    <emp:cpfOrdeDespesa>56561024320</emp:cpfOrdeDespesa>
    <emp:cpfCnpjCredor>08573595000186</emp:cpfCnpjCredor>
    <emp:codigoAplicacao>300</emp:codigoAplicacao>
    <emp:tipoEmpenho>1</emp:tipoEmpenho>
    <emp:valorEmpenho>0000000005318.94</emp:valorEmpenho>
    <emp:tipoRestPagar>2</emp:tipoRestPagar>
    <emp:numeroContTce></emp:numeroContTce>
  </emp:RestosApagar>
  <emp:RestosApagar>
    <emp:codigoUnidOrcamentaria>022001</emp:codigoUnidOrcamentaria>
    <emp:codigoFuncao>10</emp:codigoFuncao>
    <emp:codigoSubFuncao>301</emp:codigoSubFuncao>
    <emp:codigoPrograma>0020</emp:codigoPrograma>
    <emp:codigoAcao>2160</emp:codigoAcao>
    <emp:codigoCateEconomica>3</emp:codigoCateEconomica>
    <emp:codigoNatuDespesa>3</emp:codigoNatuDespesa>
    <emp:codigoModaAplicacao>90</emp:codigoModaAplicacao>
    <emp:codigoElemDespesa>30</emp:codigoElemDespesa>
    <emp:codigoSubeDespesa>3010</emp:codigoSubeDespesa>
    <emp:fonteRecurso>
      <gen:ioc>1</gen:ioc>
      <gen:tipoFontRecurso>500</gen:tipoFontRecurso>
      <gen:tipoCompFontRecurso>9999</gen:tipoCompFontRecurso>
    </emp:fonteRecurso>
    <emp:anoEmisEmpenho>2023</emp:anoEmisEmpenho>
    <emp:numeroEmpenho>1228039</emp:numeroEmpenho>
    <emp:dataEmisEmpenho>2023-12-28</emp:dataEmisEmpenho>
    <emp:historicoEmpenho>VALOR EMPENHADO PARA PAGAMENTO DE DESPESA COM AQUISICAO DE EQUIPAMENTOS ODONTOLOGICOS PARA ATENDER AS NECESSIDADES DA SECRETARIA DE SAUDE.</emp:historicoEmpenho>
    <emp:cpfOrdeDespesa>56561024320</emp:cpfOrdeDespesa>
    <emp:cpfCnpjCredor>35079010000149</emp:cpfCnpjCredor>
    <emp:codigoAplicacao>300</emp:codigoAplicacao>
    <emp:tipoEmpenho>1</emp:tipoEmpenho>
    <emp:valorEmpenho>0000000004275.00</emp:valorEmpenho>
    <emp:tipoRestPagar>2</emp:tipoRestPagar>
    <emp:numeroContTce></emp:numeroContTce>
  </emp:RestosApagar>
  <emp:RestosApagar>
    <emp:codigoUnidOrcamentaria>022001</emp:codigoUnidOrcamentaria>
    <emp:codigoFuncao>10</emp:codigoFuncao>
    <emp:codigoSubFuncao>301</emp:codigoSubFuncao>
    <emp:codigoPrograma>0020</emp:codigoPrograma>
    <emp:codigoAcao>2160</emp:codigoAcao>
    <emp:codigoCateEconomica>3</emp:codigoCateEconomica>
    <emp:codigoNatuDespesa>3</emp:codigoNatuDespesa>
    <emp:codigoModaAplicacao>90</emp:codigoModaAplicacao>
    <emp:codigoElemDespesa>30</emp:codigoElemDespesa>
    <emp:codigoSubeDespesa>3016</emp:codigoSubeDespesa>
    <emp:fonteRecurso>
      <gen:ioc>1</gen:ioc>
      <gen:tipoFontRecurso>500</gen:tipoFontRecurso>
      <gen:tipoCompFontRecurso>9999</gen:tipoCompFontRecurso>
    </emp:fonteRecurso>
    <emp:anoEmisEmpenho>2023</emp:anoEmisEmpenho>
    <emp:numeroEmpenho>1228037</emp:numeroEmpenho>
    <emp:dataEmisEmpenho>2023-12-28</emp:dataEmisEmpenho>
    <emp:historicoEmpenho>VALOR EMPENHADO PARA AQUISICAO DE MATERIAL DE EXPEDIENTE PARA USO DESTE ORGAO.</emp:historicoEmpenho>
    <emp:cpfOrdeDespesa>56561024320</emp:cpfOrdeDespesa>
    <emp:cpfCnpjCredor>36597340000199</emp:cpfCnpjCredor>
    <emp:codigoAplicacao>300</emp:codigoAplicacao>
    <emp:tipoEmpenho>1</emp:tipoEmpenho>
    <emp:valorEmpenho>0000000002633.15</emp:valorEmpenho>
    <emp:tipoRestPagar>2</emp:tipoRestPagar>
    <emp:numeroContTce></emp:numeroContTce>
  </emp:RestosApagar>
  <emp:RestosApagar>
    <emp:codigoUnidOrcamentaria>022001</emp:codigoUnidOrcamentaria>
    <emp:codigoFuncao>10</emp:codigoFuncao>
    <emp:codigoSubFuncao>301</emp:codigoSubFuncao>
    <emp:codigoPrograma>0020</emp:codigoPrograma>
    <emp:codigoAcao>2160</emp:codigoAcao>
    <emp:codigoCateEconomica>3</emp:codigoCateEconomica>
    <emp:codigoNatuDespesa>3</emp:codigoNatuDespesa>
    <emp:codigoModaAplicacao>90</emp:codigoModaAplicacao>
    <emp:codigoElemDespesa>39</emp:codigoElemDespesa>
    <emp:codigoSubeDespesa>3905</emp:codigoSubeDespesa>
    <emp:fonteRecurso>
      <gen:ioc>1</gen:ioc>
      <gen:tipoFontRecurso>500</gen:tipoFontRecurso>
      <gen:tipoCompFontRecurso>9999</gen:tipoCompFontRecurso>
    </emp:fonteRecurso>
    <emp:anoEmisEmpenho>2023</emp:anoEmisEmpenho>
    <emp:numeroEmpenho>1228038</emp:numeroEmpenho>
    <emp:dataEmisEmpenho>2023-12-28</emp:dataEmisEmpenho>
    <emp:historicoEmpenho>VALOR EMPENHADO PARA PAGAMENTO DE DESPESA COM ASSESSORIA E CONSULTORIA EM SAUDE.</emp:historicoEmpenho>
    <emp:cpfOrdeDespesa>56561024320</emp:cpfOrdeDespesa>
    <emp:cpfCnpjCredor>31021875000101</emp:cpfCnpjCredor>
    <emp:codigoAplicacao>300</emp:codigoAplicacao>
    <emp:tipoEmpenho>1</emp:tipoEmpenho>
    <emp:valorEmpenho>0000000003000.00</emp:valorEmpenho>
    <emp:tipoRestPagar>2</emp:tipoRestPagar>
    <emp:numeroContTce></emp:numeroContTce>
  </emp:RestosApagar>
  <emp:RestosApagar>
    <emp:codigoUnidOrcamentaria>022001</emp:codigoUnidOrcamentaria>
    <emp:codigoFuncao>10</emp:codigoFuncao>
    <emp:codigoSubFuncao>301</emp:codigoSubFuncao>
    <emp:codigoPrograma>0020</emp:codigoPrograma>
    <emp:codigoAcao>2160</emp:codigoAcao>
    <emp:codigoCateEconomica>3</emp:codigoCateEconomica>
    <emp:codigoNatuDespesa>3</emp:codigoNatuDespesa>
    <emp:codigoModaAplicacao>90</emp:codigoModaAplicacao>
    <emp:codigoElemDespesa>39</emp:codigoElemDespesa>
    <emp:codigoSubeDespesa>3916</emp:codigoSubeDespesa>
    <emp:fonteRecurso>
      <gen:ioc>1</gen:ioc>
      <gen:tipoFontRecurso>500</gen:tipoFontRecurso>
      <gen:tipoCompFontRecurso>9999</gen:tipoCompFontRecurso>
    </emp:fonteRecurso>
    <emp:anoEmisEmpenho>2023</emp:anoEmisEmpenho>
    <emp:numeroEmpenho>1228042</emp:numeroEmpenho>
    <emp:dataEmisEmpenho>2023-12-28</emp:dataEmisEmpenho>
    <emp:historicoEmpenho>VALOR EMPENHADO PARA PAGAMENTO DE DESPESA COM SERVICOS MECANICOS EM VEICULOS PARA ATENDER AS NECESSIDADES DESTE ORGAO.</emp:historicoEmpenho>
    <emp:cpfOrdeDespesa>56561024320</emp:cpfOrdeDespesa>
    <emp:cpfCnpjCredor>23948683000109</emp:cpfCnpjCredor>
    <emp:codigoAplicacao>300</emp:codigoAplicacao>
    <emp:tipoEmpenho>1</emp:tipoEmpenho>
    <emp:valorEmpenho>0000000006460.00</emp:valorEmpenho>
    <emp:tipoRestPagar>2</emp:tipoRestPagar>
    <emp:numeroContTce></emp:numeroContTce>
  </emp:RestosApagar>
  <emp:RestosApagar>
    <emp:codigoUnidOrcamentaria>022001</emp:codigoUnidOrcamentaria>
    <emp:codigoFuncao>10</emp:codigoFuncao>
    <emp:codigoSubFuncao>301</emp:codigoSubFuncao>
    <emp:codigoPrograma>0020</emp:codigoPrograma>
    <emp:codigoAcao>2160</emp:codigoAcao>
    <emp:codigoCateEconomica>3</emp:codigoCateEconomica>
    <emp:codigoNatuDespesa>3</emp:codigoNatuDespesa>
    <emp:codigoModaAplicacao>90</emp:codigoModaAplicacao>
    <emp:codigoElemDespesa>39</emp:codigoElemDespesa>
    <emp:codigoSubeDespesa>3944</emp:codigoSubeDespesa>
    <emp:fonteRecurso>
      <gen:ioc>1</gen:ioc>
      <gen:tipoFontRecurso>500</gen:tipoFontRecurso>
      <gen:tipoCompFontRecurso>9999</gen:tipoCompFontRecurso>
    </emp:fonteRecurso>
    <emp:anoEmisEmpenho>2023</emp:anoEmisEmpenho>
    <emp:numeroEmpenho>1228043</emp:numeroEmpenho>
    <emp:dataEmisEmpenho>2023-12-28</emp:dataEmisEmpenho>
    <emp:historicoEmpenho>VALOR EMPENHADO PARA PAGAMENTO DE DESPESA COM SERVICOS GRAFICOS PARA ATENDER AS NECESSIDADES DESTA SECRETARIA.</emp:historicoEmpenho>
    <emp:cpfOrdeDespesa>56561024320</emp:cpfOrdeDespesa>
    <emp:cpfCnpjCredor>00874281000101</emp:cpfCnpjCredor>
    <emp:codigoAplicacao>300</emp:codigoAplicacao>
    <emp:tipoEmpenho>1</emp:tipoEmpenho>
    <emp:valorEmpenho>0000000006060.00</emp:valorEmpenho>
    <emp:tipoRestPagar>2</emp:tipoRestPagar>
    <emp:numeroContTce></emp:numeroContTce>
  </emp:RestosApagar>
  <emp:RestosApagar>
    <emp:codigoUnidOrcamentaria>022101</emp:codigoUnidOrcamentaria>
    <emp:codigoFuncao>8</emp:codigoFuncao>
    <emp:codigoSubFuncao>244</emp:codigoSubFuncao>
    <emp:codigoPrograma>0016</emp:codigoPrograma>
    <emp:codigoAcao>2150</emp:codigoAcao>
    <emp:codigoCateEconomica>3</emp:codigoCateEconomica>
    <emp:codigoNatuDespesa>3</emp:codigoNatuDespesa>
    <emp:codigoModaAplicacao>90</emp:codigoModaAplicacao>
    <emp:codigoElemDespesa>30</emp:codigoElemDespesa>
    <emp:codigoSubeDespesa>3007</emp:codigoSubeDespesa>
    <emp:fonteRecurso>
      <gen:ioc>1</gen:ioc>
      <gen:tipoFontRecurso>500</gen:tipoFontRecurso>
      <gen:tipoCompFontRecurso>9999</gen:tipoCompFontRecurso>
    </emp:fonteRecurso>
    <emp:anoEmisEmpenho>2023</emp:anoEmisEmpenho>
    <emp:numeroEmpenho>1206020</emp:numeroEmpenho>
    <emp:dataEmisEmpenho>2023-12-06</emp:dataEmisEmpenho>
    <emp:historicoEmpenho>VALOR EMPENHADO PARA PAGAMENTO DE DESPESA COM AQUISICAO DE GENEROS ALIMENTICIOS.</emp:historicoEmpenho>
    <emp:cpfOrdeDespesa>88729850304</emp:cpfOrdeDespesa>
    <emp:cpfCnpjCredor>24123769000165</emp:cpfCnpjCredor>
    <emp:codigoAplicacao>999</emp:codigoAplicacao>
    <emp:tipoEmpenho>1</emp:tipoEmpenho>
    <emp:valorEmpenho>0000000000000.05</emp:valorEmpenho>
    <emp:tipoRestPagar>2</emp:tipoRestPagar>
    <emp:numeroContTce></emp:numeroContTce>
  </emp:RestosApagar>
  <emp:RestosApagar>
    <emp:codigoUnidOrcamentaria>022101</emp:codigoUnidOrcamentaria>
    <emp:codigoFuncao>8</emp:codigoFuncao>
    <emp:codigoSubFuncao>244</emp:codigoSubFuncao>
    <emp:codigoPrograma>0016</emp:codigoPrograma>
    <emp:codigoAcao>2150</emp:codigoAcao>
    <emp:codigoCateEconomica>3</emp:codigoCateEconomica>
    <emp:codigoNatuDespesa>3</emp:codigoNatuDespesa>
    <emp:codigoModaAplicacao>90</emp:codigoModaAplicacao>
    <emp:codigoElemDespesa>48</emp:codigoElemDespesa>
    <emp:codigoSubeDespesa>4890</emp:codigoSubeDespesa>
    <emp:fonteRecurso>
      <gen:ioc>1</gen:ioc>
      <gen:tipoFontRecurso>500</gen:tipoFontRecurso>
      <gen:tipoCompFontRecurso>9999</gen:tipoCompFontRecurso>
    </emp:fonteRecurso>
    <emp:anoEmisEmpenho>2023</emp:anoEmisEmpenho>
    <emp:numeroEmpenho>0830004</emp:numeroEmpenho>
    <emp:dataEmisEmpenho>2023-08-30</emp:dataEmisEmpenho>
    <emp:historicoEmpenho>REFERENTE A AUXILIO FINANCEIRO CONCEDIDO A PESSOA CARENTE DE MEIOS PARA SUPRIR A NECESSIDADE CONFIGURADA NO PEDIDO DE AJUDA.</emp:historicoEmpenho>
    <emp:cpfOrdeDespesa>88729850304</emp:cpfOrdeDespesa>
    <emp:cpfCnpjCredor>00000000000000</emp:cpfCnpjCredor>
    <emp:codigoAplicacao>999</emp:codigoAplicacao>
    <emp:tipoEmpenho>1</emp:tipoEmpenho>
    <emp:valorEmpenho>0000000001000.00</emp:valorEmpenho>
    <emp:tipoRestPagar>2</emp:tipoRestPagar>
    <emp:numeroContTce></emp:numeroContTce>
  </emp:RestosApagar>
  <emp:RestosApagar>
    <emp:codigoUnidOrcamentaria>022101</emp:codigoUnidOrcamentaria>
    <emp:codigoFuncao>8</emp:codigoFuncao>
    <emp:codigoSubFuncao>244</emp:codigoSubFuncao>
    <emp:codigoPrograma>0016</emp:codigoPrograma>
    <emp:codigoAcao>2150</emp:codigoAcao>
    <emp:codigoCateEconomica>3</emp:codigoCateEconomica>
    <emp:codigoNatuDespesa>3</emp:codigoNatuDespesa>
    <emp:codigoModaAplicacao>90</emp:codigoModaAplicacao>
    <emp:codigoElemDespesa>48</emp:codigoElemDespesa>
    <emp:codigoSubeDespesa>4890</emp:codigoSubeDespesa>
    <emp:fonteRecurso>
      <gen:ioc>1</gen:ioc>
      <gen:tipoFontRecurso>500</gen:tipoFontRecurso>
      <gen:tipoCompFontRecurso>9999</gen:tipoCompFontRecurso>
    </emp:fonteRecurso>
    <emp:anoEmisEmpenho>2023</emp:anoEmisEmpenho>
    <emp:numeroEmpenho>0830005</emp:numeroEmpenho>
    <emp:dataEmisEmpenho>2023-08-30</emp:dataEmisEmpenho>
    <emp:historicoEmpenho>VALOR EMPENHADO PARA PAGAMENTO DE AUXILIO FINANCEIRO PARA PESSOA CARENTE CONFORME PARECER SOCIAL.</emp:historicoEmpenho>
    <emp:cpfOrdeDespesa>88729850304</emp:cpfOrdeDespesa>
    <emp:cpfCnpjCredor>00000000000000</emp:cpfCnpjCredor>
    <emp:codigoAplicacao>999</emp:codigoAplicacao>
    <emp:tipoEmpenho>1</emp:tipoEmpenho>
    <emp:valorEmpenho>0000000001000.00</emp:valorEmpenho>
    <emp:tipoRestPagar>2</emp:tipoRestPagar>
    <emp:numeroContTce></emp:numeroContTce>
  </emp:RestosApagar>
  <emp:RestosApagar>
    <emp:codigoUnidOrcamentaria>022101</emp:codigoUnidOrcamentaria>
    <emp:codigoFuncao>8</emp:codigoFuncao>
    <emp:codigoSubFuncao>244</emp:codigoSubFuncao>
    <emp:codigoPrograma>0016</emp:codigoPrograma>
    <emp:codigoAcao>2158</emp:codigoAcao>
    <emp:codigoCateEconomica>3</emp:codigoCateEconomica>
    <emp:codigoNatuDespesa>3</emp:codigoNatuDespesa>
    <emp:codigoModaAplicacao>90</emp:codigoModaAplicacao>
    <emp:codigoElemDespesa>36</emp:codigoElemDespesa>
    <emp:codigoSubeDespesa>3627</emp:codigoSubeDespesa>
    <emp:fonteRecurso>
      <gen:ioc>1</gen:ioc>
      <gen:tipoFontRecurso>660</gen:tipoFontRecurso>
      <gen:tipoCompFontRecurso>9999</gen:tipoCompFontRecurso>
    </emp:fonteRecurso>
    <emp:anoEmisEmpenho>2023</emp:anoEmisEmpenho>
    <emp:numeroEmpenho>0228031</emp:numeroEmpenho>
    <emp:dataEmisEmpenho>2023-02-28</emp:dataEmisEmpenho>
    <emp:historicoEmpenho>VALOR EMPENHADO PARA PAGAMENTO DE DESPESA COMO CORDENADORA DO SCFV PARA ATENDER AS NECESSIDADES DA SEC DE ASSISTENCIA SOCIAL DO MUNICIPIO DE AVELINO LOPES-PI.</emp:historicoEmpenho>
    <emp:cpfOrdeDespesa>88729850304</emp:cpfOrdeDespesa>
    <emp:cpfCnpjCredor>03040809342</emp:cpfCnpjCredor>
    <emp:codigoAplicacao>999</emp:codigoAplicacao>
    <emp:tipoEmpenho>1</emp:tipoEmpenho>
    <emp:valorEmpenho>0000000001302.00</emp:valorEmpenho>
    <emp:tipoRestPagar>2</emp:tipoRestPagar>
    <emp:numeroContTce></emp:numeroContTce>
  </emp:RestosApagar>
  <emp:RestosApagar>
    <emp:codigoUnidOrcamentaria>022101</emp:codigoUnidOrcamentaria>
    <emp:codigoFuncao>8</emp:codigoFuncao>
    <emp:codigoSubFuncao>244</emp:codigoSubFuncao>
    <emp:codigoPrograma>0016</emp:codigoPrograma>
    <emp:codigoAcao>2158</emp:codigoAcao>
    <emp:codigoCateEconomica>3</emp:codigoCateEconomica>
    <emp:codigoNatuDespesa>3</emp:codigoNatuDespesa>
    <emp:codigoModaAplicacao>90</emp:codigoModaAplicacao>
    <emp:codigoElemDespesa>39</emp:codigoElemDespesa>
    <emp:codigoSubeDespesa>3915</emp:codigoSubeDespesa>
    <emp:fonteRecurso>
      <gen:ioc>1</gen:ioc>
      <gen:tipoFontRecurso>660</gen:tipoFontRecurso>
      <gen:tipoCompFontRecurso>9999</gen:tipoCompFontRecurso>
    </emp:fonteRecurso>
    <emp:anoEmisEmpenho>2023</emp:anoEmisEmpenho>
    <emp:numeroEmpenho>0616004</emp:numeroEmpenho>
    <emp:dataEmisEmpenho>2023-06-16</emp:dataEmisEmpenho>
    <emp:historicoEmpenho>VALOR EMPENHADO PARA PAGAMENTO DE DESPESAS COM MANUTENCAO DE CONDICIONADORES DE AR SPLITS GELADEIRAS FREEZER PARA ATENDER AS NECESSIDADES DESTA SECRETARIA.</emp:historicoEmpenho>
    <emp:cpfOrdeDespesa>88729850304</emp:cpfOrdeDespesa>
    <emp:cpfCnpjCredor>40622430000160</emp:cpfCnpjCredor>
    <emp:codigoAplicacao>999</emp:codigoAplicacao>
    <emp:tipoEmpenho>1</emp:tipoEmpenho>
    <emp:valorEmpenho>0000000000000.90</emp:valorEmpenho>
    <emp:tipoRestPagar>2</emp:tipoRestPagar>
    <emp:numeroContTce></emp:numeroContTce>
  </emp:RestosApagar>
</emp:EmpenhoseRP>
