<?xml version="1.0" encoding="UTF-8"?>
<aux:CadastrosAuxiliaresSagresFolha xmlns:aux="http://www.tce.pi.gov.br/sagres2019/xml/cadastrosAuxiliaresSagresFolha" xmlns:gen="http://www.tce.pi.gov.br/sagres2019/xml/genericos" xmlns:tab="http://www.tce.pi.gov.br/sagres2019/xml/tabelasInternas">
  <aux:PrestacaoContas>
    <aux:codigoUnidGestora>201133</aux:codigoUnidGestora>
    <aux:nomeUnidGestora>PREFEITURA MUNCIPAL DE MORRO C</aux:nomeUnidGestora>
    <aux:cpfContador>27675215893</aux:cpfContador>
    <aux:cpfGestor>16939900837</aux:cpfGestor>
    <aux:anoReferencia>2019</aux:anoReferencia>
    <aux:mesReferencia>8</aux:mesReferencia>
    <aux:versaoXml>19</aux:versaoXml>
    <aux:diaInicPresContas>1</aux:diaInicPresContas>
    <aux:diaFinaPresContas>31</aux:diaFinaPresContas>
  </aux:PrestacaoContas>
 <aux:Servidor>
    <aux:matricula>000000000000000</aux:matricula>
    <aux:cpfServidor>89923855104</aux:cpfServidor>
    <aux:rgServidor>4510689</aux:rgServidor>
    <aux:orgaoExpedidor>4510689</aux:orgaoExpedidor>
    <aux:dataExpeCartDeIdentidade>2016-12-12</aux:dataExpeCartDeIdentidade>
    <aux:nomeServidor>RAIMUNDO MENDES FERNANDES</aux:nomeServidor>
    <aux:dataNascimento>1978-10-30</aux:dataNascimento>
    <aux:sexo>1</aux:sexo>
    <aux:tituloEleitor>000025062991597</aux:tituloEleitor>
    <aux:tipoEstaCivil>1</aux:tipoEstaCivil>
    <aux:pisPAsep>000012729183274</aux:pisPAsep>
    <aux:numeroOrgaoClasse>00000000</aux:numeroOrgaoClasse>
    <aux:cpfPai>99999999999</aux:cpfPai>
    <aux:nomePai>RENATO MENDES DO ROSARIO</aux:nomePai>
    <aux:cpfMae>99999999999</aux:cpfMae>
    <aux:nomeMae>MARIA ONITA FERNANDES DO ROSARIO</aux:nomeMae>
    <aux:tipoCadastro>1</aux:tipoCadastro>
  </aux:Servidor>
  <aux:Servidor>
    <aux:matricula>000000000000000</aux:matricula>
    <aux:cpfServidor>07142473320</aux:cpfServidor>
    <aux:rgServidor>3909759</aux:rgServidor>
    <aux:orgaoExpedidor>3909759</aux:orgaoExpedidor>
    <aux:dataExpeCartDeIdentidade>2013-09-25</aux:dataExpeCartDeIdentidade>
    <aux:nomeServidor>LEIA RIBEIRO DOS SANTOS</aux:nomeServidor>
    <aux:dataNascimento>1996-08-03</aux:dataNascimento>
    <aux:sexo>2</aux:sexo>
    <aux:tituloEleitor>000000000000000</aux:tituloEleitor>
    <aux:tipoEstaCivil>1</aux:tipoEstaCivil>
    <aux:pisPAsep>000016389227761</aux:pisPAsep>
    <aux:numeroOrgaoClasse>00000000</aux:numeroOrgaoClasse>
    <aux:cpfPai>99999999999</aux:cpfPai>
    <aux:nomePai>IVANEUTON RIBEIRO DOS SANTOS</aux:nomePai>
    <aux:cpfMae>99999999999</aux:cpfMae>
    <aux:nomeMae>GENILZA RIBEIRO DOS SANTOS</aux:nomeMae>
    <aux:tipoCadastro>1</aux:tipoCadastro>
  </aux:Servidor>
  </aux:CadastrosAuxiliaresSagresFolha>
