<?xml version="1.0" encoding="UTF-8"?><aux:CadastrosAuxiliaresSagresFolha xmlns:aux="http://www.tce.pi.gov.br/sagres2020/xml/cadastrosAuxiliaresSagresFolha" xmlns:gen="http://www.tce.pi.gov.br/sagres2020/xml/genericos" xmlns:tab="http://www.tce.pi.gov.br/sagres2020/xml/tabelasInternas">
    <aux:PrestacaoContas>
        <aux:codigoUnidGestora>201017</aux:codigoUnidGestora>
        <aux:nomeUnidGestora>PREFEITURA MUNICIPAL DE AVELINO LOPES</aux:nomeUnidGestora>
        <aux:cpfContador>72674350334</aux:cpfContador>
        <aux:cpfGestor>64378985853</aux:cpfGestor>
        <aux:anoReferencia>2020</aux:anoReferencia>
        <aux:mesReferencia>6</aux:mesReferencia>
        <aux:versaoXml>19</aux:versaoXml>
        <aux:diaInicPresContas>1</aux:diaInicPresContas>
        <aux:diaFinaPresContas>30</aux:diaFinaPresContas>
    </aux:PrestacaoContas>
    <aux:Cargo>
        <aux:codigoCargo>00000058</aux:codigoCargo>
        <aux:nomeDoCargo>DIRETOR DEPARTAMENTO DE AGRICULTURA               </aux:nomeDoCargo>
        <aux:cargaHoraria>40</aux:cargaHoraria>
        <aux:tipoEscolaridade>3</aux:tipoEscolaridade>
        <aux:tipoCargo>051</aux:tipoCargo>
        <aux:codigoCargoRhWeb>      58</aux:codigoCargoRhWeb>
        <aux:vecimentoBaseOuSalario>2700.00</aux:vecimentoBaseOuSalario>
    </aux:Cargo>
   <aux:lotacao>
        <aux:codigoLotacao>000000000010200</aux:codigoLotacao>
        <aux:nomeLotacao>DEPARTAMENTO MUNICIPAL DE AGRICULTURA</aux:nomeLotacao>
        <aux:codigoUnidOrcamentaria>020700</aux:codigoUnidOrcamentaria>
   </aux:lotacao>
   <aux:Servidor>
        <aux:matricula>000000000001526</aux:matricula>
        <aux:cpfServidor>01224822390</aux:cpfServidor>
        <aux:rgServidor>578950777</aux:rgServidor>
        <aux:orgaoExpedidor>SSP</aux:orgaoExpedidor>
                <aux:dataExpeCartDeIdentidade>2013-10-10</aux:dataExpeCartDeIdentidade>
        <aux:nomeServidor>RICARLOS MARQUES DE SANTANA</aux:nomeServidor>
        <aux:dataNascimento>1985-05-21</aux:dataNascimento>
        <aux:sexo>1</aux:sexo>
        <aux:tituloEleitor>000000000000000</aux:tituloEleitor>
        <aux:tipoEstaCivil>1</aux:tipoEstaCivil>
        <aux:pisPAsep>000013442227851</aux:pisPAsep>
        <aux:numeroOrgaoClasse>00000000</aux:numeroOrgaoClasse>
        <aux:cpfPai>99999999999</aux:cpfPai>
        <aux:nomePai>ORNELINO DE SANTANA SOUSA                         </aux:nomePai>
        <aux:cpfMae>99999999999</aux:cpfMae>
        <aux:nomeMae>EDICINA MARQUES DE SANTANA                        </aux:nomeMae>
        <aux:tipoCadastro>1</aux:tipoCadastro>
   </aux:Servidor>
</aux:CadastrosAuxiliaresSagresFolha>