<?xml version="1.0" encoding="UTF-8"?>
<aux:CadastrosAuxiliaresSagresFolha xmlns:aux="http://www.tce.pi.gov.br/sagres2019/xml/cadastrosAuxiliaresSagresFolha" xmlns:gen="http://www.tce.pi.gov.br/sagres2019/xml/genericos" xmlns:tab="http://www.tce.pi.gov.br/sagres2019/xml/tabelasInternas">
  <aux:PrestacaoContas>
    <aux:codigoUnidGestora>201133</aux:codigoUnidGestora>
    <aux:nomeUnidGestora>PREFEITURA MUNCIPAL DE MORRO C</aux:nomeUnidGestora>
    <aux:cpfContador>27675215893</aux:cpfContador>
    <aux:cpfGestor>16939900837</aux:cpfGestor>
    <aux:anoReferencia>2019</aux:anoReferencia>
    <aux:mesReferencia>2</aux:mesReferencia>
    <aux:versaoXml>19</aux:versaoXml>
    <aux:diaInicPresContas>1</aux:diaInicPresContas>
    <aux:diaFinaPresContas>28</aux:diaFinaPresContas>
  </aux:PrestacaoContas>
  <aux:Servidor>
    <aux:matricula>000000000000836</aux:matricula>
    <aux:cpfServidor>08805285323</aux:cpfServidor>
    <aux:rgServidor>524951494</aux:rgServidor>
    <aux:orgaoExpedidor>524951494</aux:orgaoExpedidor>
    <aux:dataExpeCartDeIdentidade>2000-03-01</aux:dataExpeCartDeIdentidade>
    <aux:nomeServidor>GUTHIERRES DIAS DUARTE</aux:nomeServidor>
    <aux:dataNascimento>2000-01-27</aux:dataNascimento>
    <aux:sexo>1</aux:sexo>
    <aux:tituloEleitor>000044299671520</aux:tituloEleitor>
    <aux:tipoEstaCivil>1</aux:tipoEstaCivil>
    <aux:pisPAsep>000019061554058</aux:pisPAsep>
    <aux:numeroOrgaoClasse>00000000</aux:numeroOrgaoClasse>
    <aux:cpfPai>99999999999</aux:cpfPai>
    <aux:nomePai>SIDINEI DUARTE DA SILVA</aux:nomePai>
    <aux:cpfMae>99999999999</aux:cpfMae>
    <aux:nomeMae>ILDETE DIAS DA COSTA</aux:nomeMae>
    <aux:tipoCadastro>1</aux:tipoCadastro>
  </aux:Servidor>
  <aux:Servidor>
    <aux:matricula>000000000000837</aux:matricula>
    <aux:cpfServidor>06620036325</aux:cpfServidor>
    <aux:rgServidor>571406142</aux:rgServidor>
    <aux:orgaoExpedidor>571406142</aux:orgaoExpedidor>
    <aux:dataExpeCartDeIdentidade>2013-03-07</aux:dataExpeCartDeIdentidade>
    <aux:nomeServidor>MAXIMILLIAN DA SILVA FERNANDES</aux:nomeServidor>
    <aux:dataNascimento>1995-12-09</aux:dataNascimento>
    <aux:sexo>1</aux:sexo>
    <aux:tituloEleitor>000042164451511</aux:tituloEleitor>
    <aux:tipoEstaCivil>1</aux:tipoEstaCivil>
    <aux:pisPAsep>000019061554007</aux:pisPAsep>
    <aux:numeroOrgaoClasse>00000000</aux:numeroOrgaoClasse>
    <aux:cpfPai>99999999999</aux:cpfPai>
    <aux:nomePai>JACONIAS MENDES FERNANDES</aux:nomePai>
    <aux:cpfMae>99999999999</aux:cpfMae>
    <aux:nomeMae>EDINEIA DUARTE DA SILVA FERNANDES</aux:nomeMae>
    <aux:tipoCadastro>1</aux:tipoCadastro>
  </aux:Servidor>
  <aux:Servidor>
    <aux:matricula>000000000000835</aux:matricula>
    <aux:cpfServidor>43768426807</aux:cpfServidor>
    <aux:rgServidor>545352587</aux:rgServidor>
    <aux:orgaoExpedidor>545352587</aux:orgaoExpedidor>
    <aux:dataExpeCartDeIdentidade>2010-08-02</aux:dataExpeCartDeIdentidade>
    <aux:nomeServidor>INGRID FERREIRA ALVES</aux:nomeServidor>
    <aux:dataNascimento>1994-12-19</aux:dataNascimento>
    <aux:sexo>1</aux:sexo>
    <aux:tituloEleitor>000000000000000</aux:tituloEleitor>
    <aux:tipoEstaCivil>1</aux:tipoEstaCivil>
    <aux:pisPAsep>000016200703184</aux:pisPAsep>
    <aux:numeroOrgaoClasse>00000000</aux:numeroOrgaoClasse>
    <aux:cpfPai>99999999999</aux:cpfPai>
    <aux:nomePai>ADELCIO FERREIRA DE SOUSA</aux:nomePai>
    <aux:cpfMae>99999999999</aux:cpfMae>
    <aux:nomeMae>CLAUDEMIRA ANGELICA ALVES</aux:nomeMae>
    <aux:tipoCadastro>1</aux:tipoCadastro>
  </aux:Servidor>
  <aux:Servidor>
    <aux:matricula>000000000000345</aux:matricula>
    <aux:cpfServidor>01393971326</aux:cpfServidor>
    <aux:rgServidor>2286492</aux:rgServidor>
    <aux:orgaoExpedidor>2286492</aux:orgaoExpedidor>
    <aux:dataExpeCartDeIdentidade>1999-12-30</aux:dataExpeCartDeIdentidade>
    <aux:nomeServidor>GENILSON MOREIRA DUARTE</aux:nomeServidor>
    <aux:dataNascimento>1980-06-30</aux:dataNascimento>
    <aux:sexo>1</aux:sexo>
    <aux:tituloEleitor>000025775071538</aux:tituloEleitor>
    <aux:tipoEstaCivil>1</aux:tipoEstaCivil>
    <aux:pisPAsep>000016267995837</aux:pisPAsep>
    <aux:numeroOrgaoClasse>00000000</aux:numeroOrgaoClasse>
    <aux:cpfPai>99999999999</aux:cpfPai>
    <aux:nomePai>WILSON MOREIRA DUARTE</aux:nomePai>
    <aux:cpfMae>99999999999</aux:cpfMae>
    <aux:nomeMae>ZULEIDE NOGUEIRA LOURENCO</aux:nomeMae>
    <aux:tipoCadastro>1</aux:tipoCadastro>
  </aux:Servidor>
</aux:CadastrosAuxiliaresSagresFolha>
