<?xml version="1.0" encoding="UTF-8"?>
<his:historicos xmlns:his="http://www.tce.pi.gov.br/sagres2019/xml/historicos" xmlns:gen="http://www.tce.pi.gov.br/sagres2019/xml/genericos" xmlns:tab="http://www.tce.pi.gov.br/sagres2019/xml/tabelasInternas" xmlns:aux="http://www.tce.pi.gov.br/sagres2019/xml/cadastrosAuxiliaresSagresFolha">
	<his:PrestacaoContas>
		<aux:codigoUnidGestora>201133</aux:codigoUnidGestora>
		<aux:nomeUnidGestora>PREFEITURA MUNCIPAL DE MORRO C</aux:nomeUnidGestora>
		<aux:cpfContador>27675215893</aux:cpfContador>
		<aux:cpfGestor>16939900837</aux:cpfGestor>
		<aux:anoReferencia>2019</aux:anoReferencia>
		<aux:mesReferencia>2</aux:mesReferencia>
		<aux:versaoXml>19</aux:versaoXml>
		<aux:diaInicPresContas>1</aux:diaInicPresContas>
		<aux:diaFinaPresContas>28</aux:diaFinaPresContas>
	</his:PrestacaoContas>
	<his:HistoricoPessoal>
		<his:matricula>000000000000836</his:matricula>
		<his:cpfServidor>08805285323</his:cpfServidor>
		<his:tipoEscolaridade>3</his:tipoEscolaridade>
		<his:dataAlteracao>2019-02-01</his:dataAlteracao>
		<his:endereco>
			<gen:logradouro>RUA ABRAAO ALVES</gen:logradouro>
			<gen:numero>479</gen:numero>
			<gen:complemento>SEM COMPLEMENTO</gen:complemento>
			<gen:bairro>CENTRO</gen:bairro>
			<gen:numeroCep>64968000</gen:numeroCep>
			<gen:municipio>MORRO CABECA NO TEMP</gen:municipio>
			<gen:estado>PI</gen:estado>
			<gen:telefoneFixo>8935710022</gen:telefoneFixo>
			<gen:telefoneCelular></gen:telefoneCelular>
		</his:endereco>
		<his:dadosBancarios>
			<gen:codigoBanco>001</gen:codigoBanco>
			<gen:codigoAgencia>120902</gen:codigoAgencia>
			<gen:numeroContBancaria>227250</gen:numeroContBancaria>
		</his:dadosBancarios>
	</his:HistoricoPessoal>
	<his:HistoricoPessoal>
		<his:matricula>000000000000837</his:matricula>
		<his:cpfServidor>06620036325</his:cpfServidor>
		<his:tipoEscolaridade>3</his:tipoEscolaridade>
		<his:dataAlteracao>2019-02-01</his:dataAlteracao>
		<his:endereco>
			<gen:logradouro>RUA BOM JESUS</gen:logradouro>
			<gen:numero>100</gen:numero>
			<gen:complemento>SEM COMPLEMENTO</gen:complemento>
			<gen:bairro>CENTRO</gen:bairro>
			<gen:numeroCep>64968000</gen:numeroCep>
			<gen:municipio>MORRO CABECA NO TEMP</gen:municipio>
			<gen:estado>PI</gen:estado>
			<gen:telefoneFixo>8935710022</gen:telefoneFixo>
			<gen:telefoneCelular></gen:telefoneCelular>
		</his:endereco>
		<his:dadosBancarios>
			<gen:codigoBanco>104</gen:codigoBanco>
			<gen:codigoAgencia>440400</gen:codigoAgencia>
			<gen:numeroContBancaria>9999</gen:numeroContBancaria>
		</his:dadosBancarios>
	</his:HistoricoPessoal>
	<his:HistoricoPessoal>
		<his:matricula>000000000000835</his:matricula>
		<his:cpfServidor>43768426807</his:cpfServidor>
		<his:tipoEscolaridade>3</his:tipoEscolaridade>
		<his:dataAlteracao>2019-02-01</his:dataAlteracao>
		<his:endereco>
			<gen:logradouro>ABRAO ALVES</gen:logradouro>
			<gen:numero>100</gen:numero>
			<gen:complemento>SEM COMPLEMENTO</gen:complemento>
			<gen:bairro>CENTRO</gen:bairro>
			<gen:numeroCep>64968000</gen:numeroCep>
			<gen:municipio>MORRO CABECA NO TEMP</gen:municipio>
			<gen:estado>PI</gen:estado>
			<gen:telefoneFixo>8935710022</gen:telefoneFixo>
			<gen:telefoneCelular></gen:telefoneCelular>
		</his:endereco>
		<his:dadosBancarios>
			<gen:codigoBanco>104</gen:codigoBanco>
			<gen:codigoAgencia>278004</gen:codigoAgencia>
			<gen:numeroContBancaria>26610</gen:numeroContBancaria>
		</his:dadosBancarios>
	</his:HistoricoPessoal>
	<his:HistoricoPessoal>
		<his:matricula>000000000000345</his:matricula>
		<his:cpfServidor>01393971326</his:cpfServidor>
		<his:tipoEscolaridade>3</his:tipoEscolaridade>
		<his:dataAlteracao>2019-02-01</his:dataAlteracao>
		<his:endereco>
			<gen:logradouro>AV BOM JESUS</gen:logradouro>
			<gen:numero>100</gen:numero>
			<gen:complemento>SEM COMPLEMENTO</gen:complemento>
			<gen:bairro>CENTRO</gen:bairro>
			<gen:numeroCep>64968000</gen:numeroCep>
			<gen:municipio>MORRO CABECA NO TEMPO</gen:municipio>
			<gen:estado>PI</gen:estado>
			<gen:telefoneFixo>8935710022</gen:telefoneFixo>
			<gen:telefoneCelular></gen:telefoneCelular>
		</his:endereco>
		<his:dadosBancarios>
			<gen:codigoBanco>104</gen:codigoBanco>
			<gen:codigoAgencia>278004</gen:codigoAgencia>
			<gen:numeroContBancaria>192715</gen:numeroContBancaria>
		</his:dadosBancarios>
	</his:HistoricoPessoal>
	<his:HistoricoFuncional>
		<his:matricula>000000000000836</his:matricula>
		<his:cpfServidor>08805285323</his:cpfServidor>
		<his:tipoAtoPessoal>1002</his:tipoAtoPessoal>
		<his:dataMoviFuncional>2019-02-01</his:dataMoviFuncional>
		<his:informacoesAlteradas>
			<gen:atoTipo01>
				<gen:codigoCargo>00000154</gen:codigoCargo>
				<gen:codigoLotacao>000000000000052</gen:codigoLotacao>
				<gen:tipoRegiPrevidencia>1</gen:tipoRegiPrevidencia>
				<gen:tipoRegiTrabalho>0</gen:tipoRegiTrabalho>
				<gen:tipoVinculo>2</gen:tipoVinculo>
				<gen:dataNomeacao>2019-02-05</gen:dataNomeacao>
				<gen:dataExercicio>2019-02-05</gen:dataExercicio>
				<gen:dataPosse>2019-02-05</gen:dataPosse>
				<gen:numeroEdital>
					<gen:numero>000001</gen:numero>
					<gen:ano>2019</gen:ano>
				</gen:numeroEdital>
			</gen:atoTipo01>
		</his:informacoesAlteradas>
	</his:HistoricoFuncional>
	<his:HistoricoFuncional>
		<his:matricula>000000000000837</his:matricula>
		<his:cpfServidor>06620036325</his:cpfServidor>
		<his:tipoAtoPessoal>1002</his:tipoAtoPessoal>
		<his:dataMoviFuncional>2019-02-01</his:dataMoviFuncional>
		<his:informacoesAlteradas>
			<gen:atoTipo01>
				<gen:codigoCargo>00000164</gen:codigoCargo>
				<gen:codigoLotacao>000000000000052</gen:codigoLotacao>
				<gen:tipoRegiPrevidencia>1</gen:tipoRegiPrevidencia>
				<gen:tipoRegiTrabalho>0</gen:tipoRegiTrabalho>
				<gen:tipoVinculo>2</gen:tipoVinculo>
				<gen:dataNomeacao>2019-02-05</gen:dataNomeacao>
				<gen:dataExercicio>2019-02-05</gen:dataExercicio>
				<gen:dataPosse>2019-02-05</gen:dataPosse>
				<gen:numeroEdital>
					<gen:numero>000001</gen:numero>
					<gen:ano>2019</gen:ano>
				</gen:numeroEdital>
			</gen:atoTipo01>
		</his:informacoesAlteradas>
	</his:HistoricoFuncional>
	<his:HistoricoFuncional>
		<his:matricula>000000000000075</his:matricula>
		<his:cpfServidor>80748252304</his:cpfServidor>
		<his:tipoAtoPessoal>1002</his:tipoAtoPessoal>
		<his:dataMoviFuncional>2019-02-01</his:dataMoviFuncional>
		<his:informacoesAlteradas>
			<gen:atoTipo01>
				<gen:codigoCargo>00000114</gen:codigoCargo>
				<gen:codigoLotacao>000000000000027</gen:codigoLotacao>
				<gen:tipoRegiPrevidencia>1</gen:tipoRegiPrevidencia>
				<gen:tipoRegiTrabalho>0</gen:tipoRegiTrabalho>
				<gen:tipoVinculo>9</gen:tipoVinculo>
				<gen:dataNomeacao>1997-09-01</gen:dataNomeacao>
				<gen:dataExercicio>1997-09-01</gen:dataExercicio>
				<gen:dataPosse>1997-09-01</gen:dataPosse>
				<gen:numeroEdital>
					<gen:numero>000001</gen:numero>
					<gen:ano>1997</gen:ano>
				</gen:numeroEdital>
			</gen:atoTipo01>
		</his:informacoesAlteradas>
	</his:HistoricoFuncional>
	<his:HistoricoFuncional>
		<his:matricula>000000000000835</his:matricula>
		<his:cpfServidor>43768426807</his:cpfServidor>
		<his:tipoAtoPessoal>1002</his:tipoAtoPessoal>
		<his:dataMoviFuncional>2019-02-01</his:dataMoviFuncional>
		<his:informacoesAlteradas>
			<gen:atoTipo01>
				<gen:codigoCargo>00000118</gen:codigoCargo>
				<gen:codigoLotacao>000000000000038</gen:codigoLotacao>
				<gen:tipoRegiPrevidencia>1</gen:tipoRegiPrevidencia>
				<gen:tipoRegiTrabalho>0</gen:tipoRegiTrabalho>
				<gen:tipoVinculo>2</gen:tipoVinculo>
				<gen:dataNomeacao>2019-02-01</gen:dataNomeacao>
				<gen:dataExercicio>2019-02-01</gen:dataExercicio>
				<gen:dataPosse>2019-02-01</gen:dataPosse>
				<gen:numeroEdital>
					<gen:numero>000001</gen:numero>
					<gen:ano>2019</gen:ano>
				</gen:numeroEdital>
			</gen:atoTipo01>
		</his:informacoesAlteradas>
	</his:HistoricoFuncional>
	<his:HistoricoFuncional>
		<his:matricula>000000000000345</his:matricula>
		<his:cpfServidor>01393971326</his:cpfServidor>
		<his:tipoAtoPessoal>1002</his:tipoAtoPessoal>
		<his:dataMoviFuncional>2019-02-01</his:dataMoviFuncional>
		<his:informacoesAlteradas>
			<gen:atoTipo01>
				<gen:codigoCargo>00000180</gen:codigoCargo>
				<gen:codigoLotacao>000000000000040</gen:codigoLotacao>
				<gen:tipoRegiPrevidencia>1</gen:tipoRegiPrevidencia>
				<gen:tipoRegiTrabalho>0</gen:tipoRegiTrabalho>
				<gen:tipoVinculo>2</gen:tipoVinculo>
				<gen:dataNomeacao>2019-02-08</gen:dataNomeacao>
				<gen:dataExercicio>2019-02-08</gen:dataExercicio>
				<gen:dataPosse>2019-02-08</gen:dataPosse>
				<gen:numeroEdital>
					<gen:numero>000001</gen:numero>
					<gen:ano>2019</gen:ano>
				</gen:numeroEdital>
			</gen:atoTipo01>
		</his:informacoesAlteradas>
	</his:HistoricoFuncional>
</his:historicos>
