<?xml version="1.0" encoding="UTF-8"?><aux:CadastrosAuxiliaresSagresFolha xmlns:aux="http://www.tce.pi.gov.br/sagres2019/xml/cadastrosAuxiliaresSagresFolha" xmlns:gen="http://www.tce.pi.gov.br/sagres2019/xml/genericos" xmlns:tab="http://www.tce.pi.gov.br/sagres2019/xml/tabelasInternas">
    <aux:PrestacaoContas>
        <aux:codigoUnidGestora>201017</aux:codigoUnidGestora>
        <aux:nomeUnidGestora>PREFEITURA MUNICIPAL DE AVELINO LOPES</aux:nomeUnidGestora>
        <aux:cpfContador>72674350334</aux:cpfContador>
        <aux:cpfGestor>64378985853</aux:cpfGestor>
        <aux:anoReferencia>2019</aux:anoReferencia>
        <aux:mesReferencia>5</aux:mesReferencia>
        <aux:versaoXml>19</aux:versaoXml>
        <aux:diaInicPresContas>1</aux:diaInicPresContas>
        <aux:diaFinaPresContas>31</aux:diaFinaPresContas>
    </aux:PrestacaoContas>
    <aux:Cargo>
        <aux:codigoCargo>00000058</aux:codigoCargo>
        <aux:nomeDoCargo>DIRETOR DEPARTAMENTO DE AGRICULTURA               </aux:nomeDoCargo>
        <aux:cargaHoraria>40</aux:cargaHoraria>
        <aux:tipoEscolaridade>3</aux:tipoEscolaridade>
        <aux:tipoCargo>051</aux:tipoCargo>
        <aux:codigoCargoRhWeb>00000058</aux:codigoCargoRhWeb>
        <aux:vecimentoBaseOuSalario>2700.00</aux:vecimentoBaseOuSalario>
    </aux:Cargo>
</aux:CadastrosAuxiliaresSagresFolha>