<?xml version="1.0" encoding="UTF-8"?><his:historicos xmlns:his="http://www.tce.pi.gov.br/sagres2019/xml/historicos" xmlns:gen="http://www.tce.pi.gov.br/sagres2019/xml/genericos" xmlns:tab="http://www.tce.pi.gov.br/sagres2019/xml/tabelasInternas" xmlns:aux="http://www.tce.pi.gov.br/sagres2019/xml/cadastrosAuxiliaresSagresFolha">
  <his:PrestacaoContas>
    <aux:codigoUnidGestora>201017</aux:codigoUnidGestora>
    <aux:nomeUnidGestora>PREFEITURA MUNICIPAL DE AVELINO LOPES</aux:nomeUnidGestora>
    <aux:cpfContador>72674350334</aux:cpfContador>
    <aux:cpfGestor>64378985853</aux:cpfGestor>
    <aux:anoReferencia>2019</aux:anoReferencia>
    <aux:mesReferencia>05</aux:mesReferencia>
    <aux:versaoXml>19</aux:versaoXml>
    <aux:diaInicPresContas>01</aux:diaInicPresContas>
    <aux:diaFinaPresContas>31</aux:diaFinaPresContas>
  </his:PrestacaoContas>
  <his:HistoricoFuncional>
    <his:matricula>000000000001427</his:matricula>
    <his:cpfServidor>01027079369</his:cpfServidor>
    <his:tipoAtoPessoal>2013</his:tipoAtoPessoal>
    <his:dataMoviFuncional>2019-05-31</his:dataMoviFuncional>
    <his:informacoesAlteradas>
    </his:informacoesAlteradas>
  </his:HistoricoFuncional>
  <his:HistoricoFuncional>
    <his:matricula>000000000002041</his:matricula>
    <his:cpfServidor>88748510300</his:cpfServidor>
    <his:tipoAtoPessoal>9017</his:tipoAtoPessoal>
    <his:dataMoviFuncional>2019-05-01</his:dataMoviFuncional>
    <his:informacoesAlteradas>
    </his:informacoesAlteradas>
  </his:HistoricoFuncional>
  <his:HistoricoFuncional>
    <his:matricula>000000000006081</his:matricula>
    <his:cpfServidor>82414270349</his:cpfServidor>
    <his:tipoAtoPessoal>9017</his:tipoAtoPessoal>
    <his:dataMoviFuncional>2019-05-31</his:dataMoviFuncional>
    <his:informacoesAlteradas>
    </his:informacoesAlteradas>
  </his:HistoricoFuncional>
  <his:HistoricoFuncional>
    <his:matricula>000000000006197</his:matricula>
    <his:cpfServidor>71642048100</his:cpfServidor>
    <his:tipoAtoPessoal>9015</his:tipoAtoPessoal>
    <his:dataMoviFuncional>2019-05-01</his:dataMoviFuncional>
    <his:informacoesAlteradas>
    </his:informacoesAlteradas>
  </his:HistoricoFuncional>
  <his:HistoricoFuncional>
    <his:matricula>000000000006235</his:matricula>
    <his:cpfServidor>60542780100</his:cpfServidor>
    <his:tipoAtoPessoal>9015</his:tipoAtoPessoal>
    <his:dataMoviFuncional>2019-05-01</his:dataMoviFuncional>
    <his:informacoesAlteradas>
    </his:informacoesAlteradas>
  </his:HistoricoFuncional>
  <his:HistoricoFuncional>
    <his:matricula>000000000006295</his:matricula>
    <his:cpfServidor>00545524512</his:cpfServidor>
    <his:tipoAtoPessoal>2005</his:tipoAtoPessoal>
    <his:dataMoviFuncional>2019-05-31</his:dataMoviFuncional>
    <his:informacoesAlteradas>
    </his:informacoesAlteradas>
  </his:HistoricoFuncional>
  <his:HistoricoFuncional>
    <his:matricula>000000000006303</his:matricula>
    <his:cpfServidor>03735310362</his:cpfServidor>
    <his:tipoAtoPessoal>1012</his:tipoAtoPessoal>
    <his:dataMoviFuncional>2019-05-27</his:dataMoviFuncional>
    <his:informacoesAlteradas>
      <gen:atoTipo01>
        <gen:codigoCargo>60000005</gen:codigoCargo>
        <gen:codigoLotacao>000000000070003</gen:codigoLotacao>
        <gen:tipoRegiPrevidencia>1</gen:tipoRegiPrevidencia>
        <gen:tipoRegiTrabalho>0</gen:tipoRegiTrabalho>
        <gen:tipoVinculo>9</gen:tipoVinculo>
        <gen:dataNomeacao>2010-03-08</gen:dataNomeacao>
        <gen:dataExercicio>2010-03-08</gen:dataExercicio>
        <gen:dataPosse>2010-03-08</gen:dataPosse>
        <gen:numeroEdital>
          <gen:numero>000000</gen:numero>
          <gen:ano>2010</gen:ano>
        </gen:numeroEdital>
      </gen:atoTipo01>
    </his:informacoesAlteradas>
  </his:HistoricoFuncional>
</his:historicos>