<?xml version="1.0" encoding="ISO-8859-1"?>
<!--********************************************-->
<!--* FIORILLI SOFTWARE LTDA                   *-->
<!--* SISTEMA INTEGRADO DE PESSOAL             *-->
<!--* GERADO 13/05/2024 17:53:17               *-->
<!--* VERSAO 7.5.388.22.17718/R                *-->
<!--* USUARIO PC EMANOEL                       *-->
<!--* DOMINIO DESKTOP-M7BKEIV                  *-->
<!--* NOME PC DESKTOP-M7BKEIV                  *-->
<!--* USUARIO SISTEMA EMANOEL                  *-->
<!--********************************************-->
<aux:CadastrosAuxiliaresSagresFolha xmlns:fol="http://www.tce.pi.gov.br/sagres2024/xml/folhaPagamento" xmlns:aux="http://www.tce.pi.gov.br/sagres2024/xml/cadastrosAuxiliaresSagresFolha" xmlns:gen="http://www.tce.pi.gov.br/sagres2024/xml/genericos" xmlns:tab="http://www.tce.pi.gov.br/sagres2024/xml/tabelasInternas">
  <aux:PrestacaoContas>
    <aux:codigoUnidGestora>201017</aux:codigoUnidGestora>
    <aux:nomeUnidGestora>P. M. DE AVELINO LOPES</aux:nomeUnidGestora>
    <aux:cpfContador>00000000000</aux:cpfContador>
    <aux:cpfGestor>01726047377</aux:cpfGestor>
    <aux:anoReferencia>2024</aux:anoReferencia>
    <aux:mesReferencia>3</aux:mesReferencia>
    <aux:versaoXml>19</aux:versaoXml>
    <aux:diaInicPresContas>1</aux:diaInicPresContas>
    <aux:diaFinaPresContas>31</aux:diaFinaPresContas>
  </aux:PrestacaoContas>
  <aux:Servidor>
    <aux:matricula>000000000200645</aux:matricula>
    <aux:cpfServidor>07952170309</aux:cpfServidor>
    <aux:rgServidor>4193592</aux:rgServidor>
    <aux:orgaoExpedidor>SSPPI</aux:orgaoExpedidor>
    <aux:dataExpeCartDeIdentidade>2015-03-10</aux:dataExpeCartDeIdentidade>
    <aux:nomeServidor>LUDIMILA DE SOUSA SANTANA</aux:nomeServidor>
    <aux:dataNascimento>2004-09-06</aux:dataNascimento>
    <aux:sexo>2</aux:sexo>
    <aux:tituloEleitor>000046872261546</aux:tituloEleitor>
    <aux:tipoEstaCivil>1</aux:tipoEstaCivil>
    <aux:pisPAsep>000016500368828</aux:pisPAsep>
    <aux:numeroOrgaoClasse>00000000</aux:numeroOrgaoClasse>
    <aux:cpfPai>99999999999</aux:cpfPai>
    <aux:nomePai>MARGIO PROSPERO DE SANTANA</aux:nomePai>
    <aux:cpfMae>99999999999</aux:cpfMae>
    <aux:nomeMae>PAULA MARIA DE SOUSA</aux:nomeMae>
  </aux:Servidor>
  <aux:Servidor>
    <aux:matricula>000000000200646</aux:matricula>
    <aux:cpfServidor>03779924374</aux:cpfServidor>
    <aux:rgServidor>2998280</aux:rgServidor>
    <aux:orgaoExpedidor>SSPPI</aux:orgaoExpedidor>
    <aux:dataExpeCartDeIdentidade>2019-01-17</aux:dataExpeCartDeIdentidade>
    <aux:nomeServidor>RUTHREGE RIBEIRO REAL</aux:nomeServidor>
    <aux:dataNascimento>1996-10-26</aux:dataNascimento>
    <aux:sexo>2</aux:sexo>
    <aux:tituloEleitor>000042402671503</aux:tituloEleitor>
    <aux:tipoEstaCivil>1</aux:tipoEstaCivil>
    <aux:pisPAsep>000020189880443</aux:pisPAsep>
    <aux:numeroOrgaoClasse>00000000</aux:numeroOrgaoClasse>
    <aux:cpfPai>25775487885</aux:cpfPai>
    <aux:nomePai>NAZON JO�O RIBEIRO FILHO</aux:nomePai>
    <aux:cpfMae>99999999999</aux:cpfMae>
    <aux:nomeMae>KITERIA NOGUEIRA REAL</aux:nomeMae>
  </aux:Servidor>
  <aux:Servidor>
    <aux:matricula>000000000200647</aux:matricula>
    <aux:cpfServidor>06846855319</aux:cpfServidor>
    <aux:rgServidor>3398473</aux:rgServidor>
    <aux:orgaoExpedidor>SSPPI</aux:orgaoExpedidor>
    <aux:dataExpeCartDeIdentidade>2021-02-09</aux:dataExpeCartDeIdentidade>
    <aux:nomeServidor>ARTENIZA VERISSIMO DUARTE</aux:nomeServidor>
    <aux:dataNascimento>1994-06-23</aux:dataNascimento>
    <aux:sexo>2</aux:sexo>
    <aux:tituloEleitor>000000000000000</aux:tituloEleitor>
    <aux:tipoEstaCivil>1</aux:tipoEstaCivil>
    <aux:pisPAsep>000016019554504</aux:pisPAsep>
    <aux:numeroOrgaoClasse>00000000</aux:numeroOrgaoClasse>
    <aux:cpfPai>99999999999</aux:cpfPai>
    <aux:nomePai>JUVENILDO VERISSIMO DUARTE</aux:nomePai>
    <aux:cpfMae>99999999999</aux:cpfMae>
    <aux:nomeMae>ORLENE MARIA DUARTE</aux:nomeMae>
  </aux:Servidor>
  <aux:Servidor>
    <aux:matricula>000000000200649</aux:matricula>
    <aux:cpfServidor>03844053123</aux:cpfServidor>
    <aux:rgServidor>2830505</aux:rgServidor>
    <aux:orgaoExpedidor>SSPPI</aux:orgaoExpedidor>
    <aux:dataExpeCartDeIdentidade>2006-07-24</aux:dataExpeCartDeIdentidade>
    <aux:nomeServidor>LUCELIA SANTOS ROCHA</aux:nomeServidor>
    <aux:dataNascimento>1993-11-17</aux:dataNascimento>
    <aux:sexo>1</aux:sexo>
    <aux:tituloEleitor>000063705751031</aux:tituloEleitor>
    <aux:tipoEstaCivil>2</aux:tipoEstaCivil>
    <aux:pisPAsep>000016381645319</aux:pisPAsep>
    <aux:numeroOrgaoClasse>00000000</aux:numeroOrgaoClasse>
    <aux:cpfPai>99999999999</aux:cpfPai>
    <aux:nomePai>GERALDO DIAS ROCHA</aux:nomePai>
    <aux:cpfMae>99999999999</aux:cpfMae>
    <aux:nomeMae>SALVADORA CORREIA SANTOS ROCHA</aux:nomeMae>
  </aux:Servidor>
  <aux:Servidor>
    <aux:matricula>000000000200650</aux:matricula>
    <aux:cpfServidor>06524400372</aux:cpfServidor>
    <aux:rgServidor>8105182</aux:rgServidor>
    <aux:orgaoExpedidor>SSPPI</aux:orgaoExpedidor>
    <aux:dataExpeCartDeIdentidade>2019-12-09</aux:dataExpeCartDeIdentidade>
    <aux:nomeServidor>JAZON NUNES DOS SANTOS</aux:nomeServidor>
    <aux:dataNascimento>1944-07-25</aux:dataNascimento>
    <aux:sexo>2</aux:sexo>
    <aux:tituloEleitor>000000000000000</aux:tituloEleitor>
    <aux:tipoEstaCivil>1</aux:tipoEstaCivil>
    <aux:pisPAsep>000010292121420</aux:pisPAsep>
    <aux:numeroOrgaoClasse>00000000</aux:numeroOrgaoClasse>
    <aux:cpfPai>99999999999</aux:cpfPai>
    <aux:nomePai>DAN DE SOUSA NUNES</aux:nomePai>
    <aux:cpfMae>99999999999</aux:cpfMae>
    <aux:nomeMae>DAN DE SOUSA NUNES</aux:nomeMae>
  </aux:Servidor>
  <aux:Servidor>
    <aux:matricula>000000000200651</aux:matricula>
    <aux:cpfServidor>82256802353</aux:cpfServidor>
    <aux:rgServidor>325852868</aux:rgServidor>
    <aux:orgaoExpedidor>SSPSP</aux:orgaoExpedidor>
    <aux:dataExpeCartDeIdentidade>1996-08-02</aux:dataExpeCartDeIdentidade>
    <aux:nomeServidor>SOLANGE LOPES DOS SANTOS SOUSA</aux:nomeServidor>
    <aux:dataNascimento>1975-10-26</aux:dataNascimento>
    <aux:sexo>2</aux:sexo>
    <aux:tituloEleitor>000000000000000</aux:tituloEleitor>
    <aux:tipoEstaCivil>1</aux:tipoEstaCivil>
    <aux:pisPAsep>000017070865560</aux:pisPAsep>
    <aux:numeroOrgaoClasse>00000000</aux:numeroOrgaoClasse>
    <aux:cpfPai>99999999999</aux:cpfPai>
    <aux:nomePai>VALDIMIRO MARQUES DA SILVA</aux:nomePai>
    <aux:cpfMae>99999999999</aux:cpfMae>
    <aux:nomeMae>MARIA LOPES DOS SANTOS</aux:nomeMae>
  </aux:Servidor>
  <aux:Servidor>
    <aux:matricula>000000000200652</aux:matricula>
    <aux:cpfServidor>07008170343</aux:cpfServidor>
    <aux:rgServidor>3872839</aux:rgServidor>
    <aux:orgaoExpedidor>SSPPI</aux:orgaoExpedidor>
    <aux:dataExpeCartDeIdentidade>2017-12-01</aux:dataExpeCartDeIdentidade>
    <aux:nomeServidor>DELMA FERREIRA DE SOUSA COUTO</aux:nomeServidor>
    <aux:dataNascimento>1998-01-24</aux:dataNascimento>
    <aux:sexo>2</aux:sexo>
    <aux:tituloEleitor>000000000000000</aux:tituloEleitor>
    <aux:tipoEstaCivil>1</aux:tipoEstaCivil>
    <aux:pisPAsep>000021290613445</aux:pisPAsep>
    <aux:numeroOrgaoClasse>00000000</aux:numeroOrgaoClasse>
    <aux:cpfPai>99999999999</aux:cpfPai>
    <aux:nomePai>JIDEOELCIO FERREIRA DE SOUSA</aux:nomePai>
    <aux:cpfMae>99999999999</aux:cpfMae>
    <aux:nomeMae>LEIDACI MARIA DE SOUSA</aux:nomeMae>
  </aux:Servidor>
  <aux:Dependente>
    <aux:matricula>000000000200651</aux:matricula>
    <aux:cpfServidor>82256802353</aux:cpfServidor>
    <aux:nomeDependente>DAVID LOPES DOS SANTOS</aux:nomeDependente>
    <aux:cpfDependente>08185649383</aux:cpfDependente>
    <aux:tipoRelaParentesco>3</aux:tipoRelaParentesco>
    <aux:dataInclusaoDependente>2024-03-28</aux:dataInclusaoDependente>
    <aux:invalidoIncapaz>0</aux:invalidoIncapaz>
    <aux:dataNascimento>2001-10-09</aux:dataNascimento>
  </aux:Dependente>
  <aux:Dependente>
    <aux:matricula>000000000200651</aux:matricula>
    <aux:cpfServidor>82256802353</aux:cpfServidor>
    <aux:nomeDependente>DARVIM LOPES DE SOUSA</aux:nomeDependente>
    <aux:cpfDependente>08214133335</aux:cpfDependente>
    <aux:tipoRelaParentesco>3</aux:tipoRelaParentesco>
    <aux:dataInclusaoDependente>2024-03-28</aux:dataInclusaoDependente>
    <aux:invalidoIncapaz>0</aux:invalidoIncapaz>
    <aux:dataNascimento>2007-11-08</aux:dataNascimento>
  </aux:Dependente>
</aux:CadastrosAuxiliaresSagresFolha>
