<?xml version="1.0" encoding="ISO-8859-1"?>
<!--********************************************-->
<!--* FIORILLI SOFTWARE LTDA                   *-->
<!--* SISTEMA INTEGRADO DE PESSOAL             *-->
<!--* GERADO 31/07/2024 09:30:33               *-->
<!--* VERSAO 7.5.394.36.18044/R                *-->
<!--* USUARIO PC EMANOEL                       *-->
<!--* DOMINIO DESKTOP-M7BKEIV                  *-->
<!--* NOME PC DESKTOP-M7BKEIV                  *-->
<!--* USUARIO SISTEMA EMANOEL                  *-->
<!--********************************************-->
<his:historicos xmlns:his="http://www.tce.pi.gov.br/sagres2024/xml/historicos" xmlns:aux="http://www.tce.pi.gov.br/sagres2024/xml/cadastrosAuxiliaresSagresFolha" xmlns:gen="http://www.tce.pi.gov.br/sagres2024/xml/genericos" xmlns:tab="http://www.tce.pi.gov.br/sagres2024/xml/tabelasInternas">
  <his:PrestacaoContas>
    <aux:codigoUnidGestora>201017</aux:codigoUnidGestora>
    <aux:nomeUnidGestora>P. M. DE AVELINO LOPES</aux:nomeUnidGestora>
    <aux:cpfContador>00000000000</aux:cpfContador>
    <aux:cpfGestor>01726047377</aux:cpfGestor>
    <aux:anoReferencia>2024</aux:anoReferencia>
    <aux:mesReferencia>6</aux:mesReferencia>
    <aux:versaoXml>19</aux:versaoXml>
    <aux:diaInicPresContas>1</aux:diaInicPresContas>
    <aux:diaFinaPresContas>30</aux:diaFinaPresContas>
  </his:PrestacaoContas>
  <his:HistoricoPessoal>
    <his:matricula>000000000200671</his:matricula>
    <his:cpfServidor>90856465372</his:cpfServidor>
    <his:tipoEscolaridade>3</his:tipoEscolaridade>
    <his:dataAlteracao>2024-06-01</his:dataAlteracao>
    <his:endereco>
      <gen:logradouro>FLORIANO PEIXOTO</gen:logradouro>
      <gen:numero>141</gen:numero>
      <gen:complemento>Sem Complemento</gen:complemento>
      <gen:bairro>CENTRO</gen:bairro>
      <gen:numeroCep>64965000</gen:numeroCep>
      <gen:municipio>Avelino Lopes</gen:municipio>
      <gen:estado>PI</gen:estado>
      <gen:telefoneFixo></gen:telefoneFixo>
      <gen:telefoneCelular></gen:telefoneCelular>
    </his:endereco>
    <his:dadosBancarios>
      <gen:codigoBanco>001</gen:codigoBanco>
      <gen:codigoAgencia>1209</gen:codigoAgencia>
      <gen:numeroContBancaria>865680</gen:numeroContBancaria>
    </his:dadosBancarios>
  </his:HistoricoPessoal>
  <his:HistoricoFuncional>
    <his:matricula>000000000200671</his:matricula>
    <his:cpfServidor>90856465372</his:cpfServidor>
    <his:tipoAtoPessoal>11021</his:tipoAtoPessoal>
    <his:dataMoviFuncional>2024-06-01</his:dataMoviFuncional>
    <his:informacoesAlteradas>
      <gen:atoTipo01>
        <gen:codigoCargo>00000418</gen:codigoCargo>
        <gen:codigoLotacao>000000000200005</gen:codigoLotacao>
        <gen:tipoRegiPrevidencia>1</gen:tipoRegiPrevidencia>
        <gen:tipoRegiTrabalho>0</gen:tipoRegiTrabalho>
        <gen:tipoVinculo>2</gen:tipoVinculo>
        <gen:dataNomeacao>2024-06-01</gen:dataNomeacao>
        <gen:dataExercicio>2024-06-01</gen:dataExercicio>
        <gen:dataPosse>2024-06-01</gen:dataPosse>
        <gen:numeroEdital>
          <gen:numero>000000</gen:numero>
          <gen:ano>2024</gen:ano>
        </gen:numeroEdital>
      </gen:atoTipo01>
    </his:informacoesAlteradas>
  </his:HistoricoFuncional>
  <his:HistoricoFuncional>
    <his:matricula>000000000200572</his:matricula>
    <his:cpfServidor>05841318365</his:cpfServidor>
    <his:tipoAtoPessoal>21021</his:tipoAtoPessoal>
    <his:dataMoviFuncional>2024-06-01</his:dataMoviFuncional>
    <his:informacoesAlteradas/>
  </his:HistoricoFuncional>
  <his:HistoricoFuncional>
    <his:matricula>000000000200667</his:matricula>
    <his:cpfServidor>05327955397</his:cpfServidor>
    <his:tipoAtoPessoal>21021</his:tipoAtoPessoal>
    <his:dataMoviFuncional>2024-06-01</his:dataMoviFuncional>
    <his:informacoesAlteradas/>
  </his:HistoricoFuncional>
  <his:HistoricoFuncional>
    <his:matricula>000000000100292</his:matricula>
    <his:cpfServidor>01034777300</his:cpfServidor>
    <his:tipoAtoPessoal>93041</his:tipoAtoPessoal>
    <his:dataMoviFuncional>2024-06-27</his:dataMoviFuncional>
    <his:informacoesAlteradas>
      <gen:atoTipo02>
        <gen:codigoLotacao>000000000000380</gen:codigoLotacao>
      </gen:atoTipo02>
    </his:informacoesAlteradas>
  </his:HistoricoFuncional>
</his:historicos>
