<?xml version="1.0" encoding="UTF-8"?><aux:CadastrosAuxiliaresSagresFolha xmlns:aux="http://www.tce.pi.gov.br/sagres2020/xml/cadastrosAuxiliaresSagresFolha" xmlns:gen="http://www.tce.pi.gov.br/sagres2020/xml/genericos" xmlns:tab="http://www.tce.pi.gov.br/sagres2020/xml/tabelasInternas">
    <aux:PrestacaoContas>
        <aux:codigoUnidGestora>201017</aux:codigoUnidGestora>
        <aux:nomeUnidGestora>PREFEITURA MUNICIPAL DE AVELINO LOPES</aux:nomeUnidGestora>
        <aux:cpfContador>72674350334</aux:cpfContador>
        <aux:cpfGestor>64378985853</aux:cpfGestor>
        <aux:anoReferencia>2020</aux:anoReferencia>
        <aux:mesReferencia>9</aux:mesReferencia>
        <aux:versaoXml>19</aux:versaoXml>
        <aux:diaInicPresContas>1</aux:diaInicPresContas>
        <aux:diaFinaPresContas>30</aux:diaFinaPresContas>
    </aux:PrestacaoContas>
   <aux:Servidor>
        <aux:matricula>000000000006197</aux:matricula>
        <aux:cpfServidor>71642048100</aux:cpfServidor>
        <aux:rgServidor>2169396</aux:rgServidor>
        <aux:orgaoExpedidor>SSP</aux:orgaoExpedidor>
                <aux:dataExpeCartDeIdentidade>2002-12-23</aux:dataExpeCartDeIdentidade>
        <aux:nomeServidor>JANAINA N DA S SANTANA</aux:nomeServidor>
        <aux:dataNascimento>1981-05-05</aux:dataNascimento>
        <aux:sexo>2</aux:sexo>
        <aux:tituloEleitor>000000000000000</aux:tituloEleitor>
        <aux:tipoEstaCivil>1</aux:tipoEstaCivil>
        <aux:pisPAsep>000019020720735</aux:pisPAsep>
        <aux:numeroOrgaoClasse>00000000</aux:numeroOrgaoClasse>
        <aux:cpfPai>99999999999</aux:cpfPai>
        <aux:nomePai>                                                  </aux:nomePai>
        <aux:cpfMae>99999999999</aux:cpfMae>
        <aux:nomeMae>MARIA NUNES DA SILVA                              </aux:nomeMae>
        <aux:tipoCadastro>1</aux:tipoCadastro>
   </aux:Servidor>
</aux:CadastrosAuxiliaresSagresFolha>