<?xml version="1.0" encoding="ISO-8859-1"?>
<!--********************************************-->
<!--* FIORILLI SOFTWARE LTDA                   *-->
<!--* SISTEMA INTEGRADO DE PESSOAL             *-->
<!--* GERADO 30/11/2022 16:59:52               *-->
<!--* VERSAO 7.5.352.22.15949/R                *-->
<!--* USUARIO PC JONATAS.SILVA                 *-->
<!--* DOMINIO DCFIORILLI                       *-->
<!--* NOME PC PICONTREINA8                     *-->
<!--* USUARIO SISTEMA diego                    *-->
<!--********************************************-->
<aux:CadastrosAuxiliaresSagresFolha xmlns:fol="http://www.tce.pi.gov.br/sagres2022/xml/folhaPagamento" xmlns:aux="http://www.tce.pi.gov.br/sagres2022/xml/cadastrosAuxiliaresSagresFolha" xmlns:gen="http://www.tce.pi.gov.br/sagres2022/xml/genericos" xmlns:tab="http://www.tce.pi.gov.br/sagres2022/xml/tabelasInternas">
  <aux:PrestacaoContas>
    <aux:codigoUnidGestora>201133</aux:codigoUnidGestora>
    <aux:nomeUnidGestora>P. M. DE MORRO CABECA NO TEMPO</aux:nomeUnidGestora>
    <aux:cpfContador>01340944332</aux:cpfContador>
    <aux:cpfGestor>82387796349</aux:cpfGestor>
    <aux:anoReferencia>2022</aux:anoReferencia>
    <aux:mesReferencia>9</aux:mesReferencia>
    <aux:versaoXml>19</aux:versaoXml>
    <aux:diaInicPresContas>1</aux:diaInicPresContas>
    <aux:diaFinaPresContas>30</aux:diaFinaPresContas>
  </aux:PrestacaoContas>
  <aux:Servidor>
    <aux:matricula>000000000000647</aux:matricula>
    <aux:cpfServidor>05863258322</aux:cpfServidor>
    <aux:rgServidor>3447834</aux:rgServidor>
    <aux:orgaoExpedidor>SSPPI</aux:orgaoExpedidor>
    <aux:dataExpeCartDeIdentidade>2010-04-28</aux:dataExpeCartDeIdentidade>
    <aux:nomeServidor>ROMARIO ALFRES NOGUEIRA</aux:nomeServidor>
    <aux:dataNascimento>1992-01-30</aux:dataNascimento>
    <aux:sexo>1</aux:sexo>
    <aux:tituloEleitor>000038718771546</aux:tituloEleitor>
    <aux:tipoEstaCivil>2</aux:tipoEstaCivil>
    <aux:pisPAsep>000015868673275</aux:pisPAsep>
    <aux:numeroOrgaoClasse>00000000</aux:numeroOrgaoClasse>
    <aux:cpfPai>16093132838</aux:cpfPai>
    <aux:nomePai>VANDERLEI AFRE APONOCENO</aux:nomePai>
    <aux:cpfMae>01471606341</aux:cpfMae>
    <aux:nomeMae>DOURILENE ALVES NOGUEIRA</aux:nomeMae>
  </aux:Servidor>
  <aux:Servidor>
    <aux:matricula>000000000000648</aux:matricula>
    <aux:cpfServidor>62281962350</aux:cpfServidor>
    <aux:rgServidor>4259408</aux:rgServidor>
    <aux:orgaoExpedidor>SSPPI</aux:orgaoExpedidor>
    <aux:dataExpeCartDeIdentidade>2015-08-10</aux:dataExpeCartDeIdentidade>
    <aux:nomeServidor>KETLHEN MENDES DIAS</aux:nomeServidor>
    <aux:dataNascimento>2003-09-13</aux:dataNascimento>
    <aux:sexo>2</aux:sexo>
    <aux:tituloEleitor>000047091221538</aux:tituloEleitor>
    <aux:tipoEstaCivil>1</aux:tipoEstaCivil>
    <aux:pisPAsep>000016498571102</aux:pisPAsep>
    <aux:numeroOrgaoClasse>00000000</aux:numeroOrgaoClasse>
    <aux:cpfPai>02590371330</aux:cpfPai>
    <aux:nomePai>OBENES ALVES DIAS</aux:nomePai>
    <aux:cpfMae>01471607313</aux:cpfMae>
    <aux:nomeMae>JOSEANE MENDES DIAS</aux:nomeMae>
  </aux:Servidor>
</aux:CadastrosAuxiliaresSagresFolha>
