<?xml version="1.0" encoding="utf-8"?>
<!--FIORILLI SOC. CIVIL LTDA - SOFTWARE-->
<!--ENVIADO POR: STANLLEY_AOS_SOFTWARE-->
<!--VERSAO TCE-PI: 8.25.25.148-->
<!--VERSAO DIARIO RAZAO: 8.25.25.2094-->
<!--VERSAO EVENTOS: 2291-->
<aux:CadastrosAuxiliares xmlns:aux="http://www.tce.pi.gov.br/sagres2021/xml/cadastrosAuxiliares" xmlns:gen="http://www.tce.pi.gov.br/sagres2021/xml/genericos" xmlns:tab="http://www.tce.pi.gov.br/sagres2021/xml/tabelasInternas">
  <aux:PrestacaoContas>
    <aux:codigoUnidGestora>101017</aux:codigoUnidGestora>
    <aux:nomeUnidGestora>CAMARA MUNICIPAL DE AVELINO LOPES</aux:nomeUnidGestora>
    <aux:cpfContador>70919992315</aux:cpfContador>
    <aux:cpfGestor>00545524512</aux:cpfGestor>
    <aux:anoReferencia>2021</aux:anoReferencia>
    <aux:mesReferencia>01</aux:mesReferencia>
    <aux:versaoXml>0</aux:versaoXml>
    <aux:diaInicPresContas>01</aux:diaInicPresContas>
    <aux:diaFinaPresContas>31</aux:diaFinaPresContas>
  </aux:PrestacaoContas>
  <aux:Orcamento>
    <aux:anoVigeLoa>2021</aux:anoVigeLoa>
    <aux:dataPublLoa>2020-12-19</aux:dataPublLoa>
    <aux:percentualAutoSuplLoa>55</aux:percentualAutoSuplLoa>
    <aux:numeroLoa>0004772021</aux:numeroLoa>
    <aux:dataPublLdo>2020-12-19</aux:dataPublLdo>
    <aux:numeroLdo>
      <gen:numero>000476</gen:numero>
      <gen:ano>2021</gen:ano>
    </aux:numeroLdo>
    <aux:numeroLeiPpa>
      <gen:numero>000421</gen:numero>
      <gen:ano>2021</gen:ano>
    </aux:numeroLeiPpa>
    <aux:dataPublPpa>2018-01-19</aux:dataPublPpa>
    <aux:numeroLeiAltePpa>
      <gen:numero>000421</gen:numero>
      <gen:ano>2021</gen:ano>
    </aux:numeroLeiAltePpa>
    <aux:dataPublAltePpa>2018-01-19</aux:dataPublAltePpa>
    <aux:valorRecePrevista>0000027042950.00</aux:valorRecePrevista>
    <aux:valorDespFixada>0000027042950.00</aux:valorDespFixada>
    <aux:metaResuPrimEmValoCorrente>0000000000000.00</aux:metaResuPrimEmValoCorrente>
    <aux:metaResuNomiEmValoCorrente>0000000000000.00</aux:metaResuNomiEmValoCorrente>
  </aux:Orcamento>
  <aux:UnidadeOrcamentaria>
    <aux:codigoUnidOrcamentaria>010100</aux:codigoUnidOrcamentaria>
    <aux:nomeUnidOrcamentaria>CAMARA MUNICIPAL</aux:nomeUnidOrcamentaria>
    <aux:tipoUnidOrcamentaria>1</aux:tipoUnidOrcamentaria>
  </aux:UnidadeOrcamentaria>
  <aux:UnidadeOrcamentaria>
    <aux:codigoUnidOrcamentaria>020100</aux:codigoUnidOrcamentaria>
    <aux:nomeUnidOrcamentaria>GABINETE DO PREFEITO</aux:nomeUnidOrcamentaria>
    <aux:tipoUnidOrcamentaria>9</aux:tipoUnidOrcamentaria>
  </aux:UnidadeOrcamentaria>
  <aux:UnidadeOrcamentaria>
    <aux:codigoUnidOrcamentaria>020200</aux:codigoUnidOrcamentaria>
    <aux:nomeUnidOrcamentaria>SECRETARIA MUNICIPAL DE ADMINISTRACAO</aux:nomeUnidOrcamentaria>
    <aux:tipoUnidOrcamentaria>9</aux:tipoUnidOrcamentaria>
  </aux:UnidadeOrcamentaria>
  <aux:UnidadeOrcamentaria>
    <aux:codigoUnidOrcamentaria>020300</aux:codigoUnidOrcamentaria>
    <aux:nomeUnidOrcamentaria>SECRETARIA MUNICIPAL DE EDUCACAO</aux:nomeUnidOrcamentaria>
    <aux:tipoUnidOrcamentaria>9</aux:tipoUnidOrcamentaria>
  </aux:UnidadeOrcamentaria>
  <aux:UnidadeOrcamentaria>
    <aux:codigoUnidOrcamentaria>020301</aux:codigoUnidOrcamentaria>
    <aux:nomeUnidOrcamentaria>FUNDO DE MANUT. E DES. DO ENSINO BASICO-FUNDEB</aux:nomeUnidOrcamentaria>
    <aux:tipoUnidOrcamentaria>9</aux:tipoUnidOrcamentaria>
  </aux:UnidadeOrcamentaria>
  <aux:UnidadeOrcamentaria>
    <aux:codigoUnidOrcamentaria>020401</aux:codigoUnidOrcamentaria>
    <aux:nomeUnidOrcamentaria>SECRET. SAUDE FUNDO MUNICIPAL DE SAUDE</aux:nomeUnidOrcamentaria>
    <aux:tipoUnidOrcamentaria>9</aux:tipoUnidOrcamentaria>
  </aux:UnidadeOrcamentaria>
  <aux:UnidadeOrcamentaria>
    <aux:codigoUnidOrcamentaria>020500</aux:codigoUnidOrcamentaria>
    <aux:nomeUnidOrcamentaria>SECRETARIA MUNICIPAL DE ASSISTENCIA SOCIAL</aux:nomeUnidOrcamentaria>
    <aux:tipoUnidOrcamentaria>9</aux:tipoUnidOrcamentaria>
  </aux:UnidadeOrcamentaria>
  <aux:UnidadeOrcamentaria>
    <aux:codigoUnidOrcamentaria>020501</aux:codigoUnidOrcamentaria>
    <aux:nomeUnidOrcamentaria>FUNDO MUNICIPAL DE ASSISTENCIA SOCIAL</aux:nomeUnidOrcamentaria>
    <aux:tipoUnidOrcamentaria>9</aux:tipoUnidOrcamentaria>
  </aux:UnidadeOrcamentaria>
  <aux:UnidadeOrcamentaria>
    <aux:codigoUnidOrcamentaria>020600</aux:codigoUnidOrcamentaria>
    <aux:nomeUnidOrcamentaria>SECRETARIA MUNICIPAL DE FINANCAS</aux:nomeUnidOrcamentaria>
    <aux:tipoUnidOrcamentaria>6</aux:tipoUnidOrcamentaria>
  </aux:UnidadeOrcamentaria>
  <aux:UnidadeOrcamentaria>
    <aux:codigoUnidOrcamentaria>020700</aux:codigoUnidOrcamentaria>
    <aux:nomeUnidOrcamentaria>SECRETARIA MUNICIPAL DE AGRICULTURA</aux:nomeUnidOrcamentaria>
    <aux:tipoUnidOrcamentaria>9</aux:tipoUnidOrcamentaria>
  </aux:UnidadeOrcamentaria>
  <aux:UnidadeOrcamentaria>
    <aux:codigoUnidOrcamentaria>020800</aux:codigoUnidOrcamentaria>
    <aux:nomeUnidOrcamentaria>SECRETARIA MUNICIPAL DE OBRAS</aux:nomeUnidOrcamentaria>
    <aux:tipoUnidOrcamentaria>9</aux:tipoUnidOrcamentaria>
  </aux:UnidadeOrcamentaria>
  <aux:UnidadeOrcamentaria>
    <aux:codigoUnidOrcamentaria>020900</aux:codigoUnidOrcamentaria>
    <aux:nomeUnidOrcamentaria>SECRETARIA MUNICIPAL DO MEIO AMBIENTE</aux:nomeUnidOrcamentaria>
    <aux:tipoUnidOrcamentaria>9</aux:tipoUnidOrcamentaria>
  </aux:UnidadeOrcamentaria>
  <aux:UnidadeOrcamentaria>
    <aux:codigoUnidOrcamentaria>021000</aux:codigoUnidOrcamentaria>
    <aux:nomeUnidOrcamentaria>CONTROLADORIA GERAL DO MUNICIPIO</aux:nomeUnidOrcamentaria>
    <aux:tipoUnidOrcamentaria>9</aux:tipoUnidOrcamentaria>
  </aux:UnidadeOrcamentaria>
  <aux:UnidadeOrcamentaria>
    <aux:codigoUnidOrcamentaria>021200</aux:codigoUnidOrcamentaria>
    <aux:nomeUnidOrcamentaria>SECRETARIA MUNICIPAL DE CULTURA ESPORTE E LAZER</aux:nomeUnidOrcamentaria>
    <aux:tipoUnidOrcamentaria>9</aux:tipoUnidOrcamentaria>
  </aux:UnidadeOrcamentaria>
  <aux:UnidadeOrcamentaria>
    <aux:codigoUnidOrcamentaria>909999</aux:codigoUnidOrcamentaria>
    <aux:nomeUnidOrcamentaria>RESERVA DE CONTINGENCIA</aux:nomeUnidOrcamentaria>
    <aux:tipoUnidOrcamentaria>9</aux:tipoUnidOrcamentaria>
  </aux:UnidadeOrcamentaria>
  <aux:Programa>
    <aux:codigoPrograma>0001</aux:codigoPrograma>
    <aux:denominacaoPrograma>PROCESSO LEGISLATIVO</aux:denominacaoPrograma>
    <aux:descricaoObjePrograma>NADA INFORMADO</aux:descricaoObjePrograma>
  </aux:Programa>
  <aux:Programa>
    <aux:codigoPrograma>0002</aux:codigoPrograma>
    <aux:denominacaoPrograma>PROGRAMA DE FORMACAO DO PATRIMONIO DO SERVIDOR PUBLICO</aux:denominacaoPrograma>
    <aux:descricaoObjePrograma>NADA INFORMADO</aux:descricaoObjePrograma>
  </aux:Programa>
  <aux:Programa>
    <aux:codigoPrograma>0005</aux:codigoPrograma>
    <aux:denominacaoPrograma>GESTAO ADMINISTRATIVA</aux:denominacaoPrograma>
    <aux:descricaoObjePrograma>NADA INFORMADO</aux:descricaoObjePrograma>
  </aux:Programa>
  <aux:Programa>
    <aux:codigoPrograma>0009</aux:codigoPrograma>
    <aux:denominacaoPrograma>CONTROLE E ACOMPANHAMENTO DA DIVIDA</aux:denominacaoPrograma>
    <aux:descricaoObjePrograma>NADA INFORMADO</aux:descricaoObjePrograma>
  </aux:Programa>
  <aux:Programa>
    <aux:codigoPrograma>0011</aux:codigoPrograma>
    <aux:denominacaoPrograma>PROTECAO A POPULACAO E AO PATRIMONIO PUBLICO</aux:denominacaoPrograma>
    <aux:descricaoObjePrograma>NADA INFORMADO</aux:descricaoObjePrograma>
  </aux:Programa>
  <aux:Programa>
    <aux:codigoPrograma>0014</aux:codigoPrograma>
    <aux:denominacaoPrograma>PROTECAO SOCIAL ESPECIAL</aux:denominacaoPrograma>
    <aux:descricaoObjePrograma>NADA INFORMADO</aux:descricaoObjePrograma>
  </aux:Programa>
  <aux:Programa>
    <aux:codigoPrograma>0016</aux:codigoPrograma>
    <aux:denominacaoPrograma>PROTECAO SOCIAL BASICA</aux:denominacaoPrograma>
    <aux:descricaoObjePrograma>NADA INFORMADO</aux:descricaoObjePrograma>
  </aux:Programa>
  <aux:Programa>
    <aux:codigoPrograma>0020</aux:codigoPrograma>
    <aux:denominacaoPrograma>GESTAO E EXPANSAO DO SISTEMA DE SAUDE</aux:denominacaoPrograma>
    <aux:descricaoObjePrograma>NADA INFORMADO</aux:descricaoObjePrograma>
  </aux:Programa>
  <aux:Programa>
    <aux:codigoPrograma>0025</aux:codigoPrograma>
    <aux:denominacaoPrograma>PROGRAMAS ESPECIAIS DE SAUDE</aux:denominacaoPrograma>
    <aux:descricaoObjePrograma>NADA INFORMADO</aux:descricaoObjePrograma>
  </aux:Programa>
  <aux:Programa>
    <aux:codigoPrograma>0030</aux:codigoPrograma>
    <aux:denominacaoPrograma>GESTAO E EXPANSAO DO ENSINO FUNDAMENTAL</aux:denominacaoPrograma>
    <aux:descricaoObjePrograma>NADA INFORMADO</aux:descricaoObjePrograma>
  </aux:Programa>
  <aux:Programa>
    <aux:codigoPrograma>0032</aux:codigoPrograma>
    <aux:denominacaoPrograma>PROGRAMAS ESPECIAIS DE EDUCACAO</aux:denominacaoPrograma>
    <aux:descricaoObjePrograma>NADA INFORMADO</aux:descricaoObjePrograma>
  </aux:Programa>
  <aux:Programa>
    <aux:codigoPrograma>0035</aux:codigoPrograma>
    <aux:denominacaoPrograma>GESTAO E EXPANSAO DO ENSINO INFANTIL</aux:denominacaoPrograma>
    <aux:descricaoObjePrograma>NADA INFORMADO</aux:descricaoObjePrograma>
  </aux:Programa>
  <aux:Programa>
    <aux:codigoPrograma>0038</aux:codigoPrograma>
    <aux:denominacaoPrograma>APOIO E ESTIMULO AS ATIVIDADES CULTURAIS</aux:denominacaoPrograma>
    <aux:descricaoObjePrograma>NADA INFORMADO</aux:descricaoObjePrograma>
  </aux:Programa>
  <aux:Programa>
    <aux:codigoPrograma>0040</aux:codigoPrograma>
    <aux:denominacaoPrograma>SERVICOS DE UTILIDADE PUBLICA</aux:denominacaoPrograma>
    <aux:descricaoObjePrograma>NADA INFORMADO</aux:descricaoObjePrograma>
  </aux:Programa>
  <aux:Programa>
    <aux:codigoPrograma>0043</aux:codigoPrograma>
    <aux:denominacaoPrograma>CIDADE URBANIZADA</aux:denominacaoPrograma>
    <aux:descricaoObjePrograma>NADA INFORMADO</aux:descricaoObjePrograma>
  </aux:Programa>
  <aux:Programa>
    <aux:codigoPrograma>0044</aux:codigoPrograma>
    <aux:denominacaoPrograma>PROGRAMA DE MELHORIA HABITACIONAL</aux:denominacaoPrograma>
    <aux:descricaoObjePrograma>NADA INFORMADO</aux:descricaoObjePrograma>
  </aux:Programa>
  <aux:Programa>
    <aux:codigoPrograma>0051</aux:codigoPrograma>
    <aux:denominacaoPrograma>PROGRAMA DE SANEAMENTO BASICO</aux:denominacaoPrograma>
    <aux:descricaoObjePrograma>NADA INFORMADO</aux:descricaoObjePrograma>
  </aux:Programa>
  <aux:Programa>
    <aux:codigoPrograma>0053</aux:codigoPrograma>
    <aux:denominacaoPrograma>PROGRAMA DE PROTECAO AO MEIO AMBIENTE</aux:denominacaoPrograma>
    <aux:descricaoObjePrograma>NADA INFORMADO</aux:descricaoObjePrograma>
  </aux:Programa>
  <aux:Programa>
    <aux:codigoPrograma>0054</aux:codigoPrograma>
    <aux:denominacaoPrograma>PRESERV. E APROV. DE RECURSOS HIDRICOS</aux:denominacaoPrograma>
    <aux:descricaoObjePrograma>NADA INFORMADO</aux:descricaoObjePrograma>
  </aux:Programa>
  <aux:Programa>
    <aux:codigoPrograma>0055</aux:codigoPrograma>
    <aux:denominacaoPrograma>PROMOCAO AGROPECUARIA</aux:denominacaoPrograma>
    <aux:descricaoObjePrograma>NADA INFORMADO</aux:descricaoObjePrograma>
  </aux:Programa>
  <aux:Programa>
    <aux:codigoPrograma>0060</aux:codigoPrograma>
    <aux:denominacaoPrograma>DESENVOLVIMENTO AGRARIO</aux:denominacaoPrograma>
    <aux:descricaoObjePrograma>NADA INFORMADO</aux:descricaoObjePrograma>
  </aux:Programa>
  <aux:Programa>
    <aux:codigoPrograma>0070</aux:codigoPrograma>
    <aux:denominacaoPrograma>EXPANSAO E MELHORIA DA REDE RODOVIARIA MUNICIPAL</aux:denominacaoPrograma>
    <aux:descricaoObjePrograma>NADA INFORMADO</aux:descricaoObjePrograma>
  </aux:Programa>
  <aux:Programa>
    <aux:codigoPrograma>0073</aux:codigoPrograma>
    <aux:denominacaoPrograma>INCENTIVO AO ESPORTE AMADOR</aux:denominacaoPrograma>
    <aux:descricaoObjePrograma>NADA INFORMADO</aux:descricaoObjePrograma>
  </aux:Programa>
  <aux:Programa>
    <aux:codigoPrograma>0074</aux:codigoPrograma>
    <aux:denominacaoPrograma>ADMINISTRACAO SUSTENTAVEL DO PATRIMONIO PUBLICO</aux:denominacaoPrograma>
    <aux:descricaoObjePrograma>NADA INFORMADO</aux:descricaoObjePrograma>
  </aux:Programa>
  <aux:Programa>
    <aux:codigoPrograma>9999</aux:codigoPrograma>
    <aux:denominacaoPrograma>RESERVA DE CONTINGENCIA</aux:denominacaoPrograma>
    <aux:descricaoObjePrograma>NADA INFORMADO</aux:descricaoObjePrograma>
  </aux:Programa>
  <aux:Acao>
    <aux:codigoAcao>0001</aux:codigoAcao>
    <aux:denominacaoAcao>ENCARGOS COM O PARCELAMENTO DA DIVIDA</aux:denominacaoAcao>
    <aux:tipoAcao>0</aux:tipoAcao>
  </aux:Acao>
  <aux:Acao>
    <aux:codigoAcao>0002</aux:codigoAcao>
    <aux:denominacaoAcao>ENCARGOS COM O PASEP</aux:denominacaoAcao>
    <aux:tipoAcao>0</aux:tipoAcao>
  </aux:Acao>
  <aux:Acao>
    <aux:codigoAcao>1001</aux:codigoAcao>
    <aux:denominacaoAcao>CONSTRUCAO, REF. E AMPL. DO PREDIO DA CAMARA</aux:denominacaoAcao>
    <aux:tipoAcao>1</aux:tipoAcao>
  </aux:Acao>
  <aux:Acao>
    <aux:codigoAcao>1041</aux:codigoAcao>
    <aux:denominacaoAcao>CONSTRUCAO, REST.E AMPL.DO PREDIO DA PREFEITURA</aux:denominacaoAcao>
    <aux:tipoAcao>1</aux:tipoAcao>
  </aux:Acao>
  <aux:Acao>
    <aux:codigoAcao>1100</aux:codigoAcao>
    <aux:denominacaoAcao>VENCIMENTOS E VANTAGENS FIXAS-PESSOAL CIVIL</aux:denominacaoAcao>
    <aux:tipoAcao>1</aux:tipoAcao>
  </aux:Acao>
  <aux:Acao>
    <aux:codigoAcao>1147</aux:codigoAcao>
    <aux:denominacaoAcao>CONSTRUCAO E AMPL. DO PREDIO DO CONSELHO TUTELAR</aux:denominacaoAcao>
    <aux:tipoAcao>1</aux:tipoAcao>
  </aux:Acao>
  <aux:Acao>
    <aux:codigoAcao>1157</aux:codigoAcao>
    <aux:denominacaoAcao>REFORMA E MELHORIAS EM UNIDADES HABITACIONAIS</aux:denominacaoAcao>
    <aux:tipoAcao>1</aux:tipoAcao>
  </aux:Acao>
  <aux:Acao>
    <aux:codigoAcao>1160</aux:codigoAcao>
    <aux:denominacaoAcao>CONSTRUCAO, AMPL. E RECUP. DE UNIDADES DE SAUDE</aux:denominacaoAcao>
    <aux:tipoAcao>1</aux:tipoAcao>
  </aux:Acao>
  <aux:Acao>
    <aux:codigoAcao>1196</aux:codigoAcao>
    <aux:denominacaoAcao>AQUISICAO DE UNIDADE MOVEL DE SAUDE</aux:denominacaoAcao>
    <aux:tipoAcao>1</aux:tipoAcao>
  </aux:Acao>
  <aux:Acao>
    <aux:codigoAcao>1200</aux:codigoAcao>
    <aux:denominacaoAcao>CONST. AMPL. E RECUPERACAO DE UNIDADES ESCOLARES</aux:denominacaoAcao>
    <aux:tipoAcao>1</aux:tipoAcao>
  </aux:Acao>
  <aux:Acao>
    <aux:codigoAcao>1201</aux:codigoAcao>
    <aux:denominacaoAcao>CONSTR. AMPL. E RECUP. DE UNIDADES ESCOLARES-40% FUNDEB</aux:denominacaoAcao>
    <aux:tipoAcao>1</aux:tipoAcao>
  </aux:Acao>
  <aux:Acao>
    <aux:codigoAcao>1209</aux:codigoAcao>
    <aux:denominacaoAcao>AQUISICAO DE VEICULOS DESTINADOS A EDUCACAO</aux:denominacaoAcao>
    <aux:tipoAcao>1</aux:tipoAcao>
  </aux:Acao>
  <aux:Acao>
    <aux:codigoAcao>1300</aux:codigoAcao>
    <aux:denominacaoAcao>OBRIGACOES PATRONAIS</aux:denominacaoAcao>
    <aux:tipoAcao>1</aux:tipoAcao>
  </aux:Acao>
  <aux:Acao>
    <aux:codigoAcao>1320</aux:codigoAcao>
    <aux:denominacaoAcao>CONST.E REC.DE CALCAMENTOS E OUTROS PAV.</aux:denominacaoAcao>
    <aux:tipoAcao>1</aux:tipoAcao>
  </aux:Acao>
  <aux:Acao>
    <aux:codigoAcao>1322</aux:codigoAcao>
    <aux:denominacaoAcao>CONSTRUCAO E RECUPERACAO DE PRACAS E JARDINS</aux:denominacaoAcao>
    <aux:tipoAcao>1</aux:tipoAcao>
  </aux:Acao>
  <aux:Acao>
    <aux:codigoAcao>1326</aux:codigoAcao>
    <aux:denominacaoAcao>CONSTRUCAO, AMPL.E REFORMA DE MATADOURO</aux:denominacaoAcao>
    <aux:tipoAcao>1</aux:tipoAcao>
  </aux:Acao>
  <aux:Acao>
    <aux:codigoAcao>1327</aux:codigoAcao>
    <aux:denominacaoAcao>ABERTURA DE RUAS, AVENIDAS E OUTROS LOGRADOUROS</aux:denominacaoAcao>
    <aux:tipoAcao>1</aux:tipoAcao>
  </aux:Acao>
  <aux:Acao>
    <aux:codigoAcao>1450</aux:codigoAcao>
    <aux:denominacaoAcao>IMPLATACAO E AMPL. DE SISTEMAS DE ABASTECIMENTO D AGUA</aux:denominacaoAcao>
    <aux:tipoAcao>1</aux:tipoAcao>
  </aux:Acao>
  <aux:Acao>
    <aux:codigoAcao>1451</aux:codigoAcao>
    <aux:denominacaoAcao>CONSTRUCAO E REST. DE GALERIAS E ESGOTOS</aux:denominacaoAcao>
    <aux:tipoAcao>1</aux:tipoAcao>
  </aux:Acao>
  <aux:Acao>
    <aux:codigoAcao>1457</aux:codigoAcao>
    <aux:denominacaoAcao>CONSTRUCAO DE POCOS E RESERVATORIOS DE AGUA</aux:denominacaoAcao>
    <aux:tipoAcao>1</aux:tipoAcao>
  </aux:Acao>
  <aux:Acao>
    <aux:codigoAcao>1481</aux:codigoAcao>
    <aux:denominacaoAcao>MANUT. DAS ACOES DE PRESERV. E DEFESA DO MEIO AMBIENTE</aux:denominacaoAcao>
    <aux:tipoAcao>1</aux:tipoAcao>
  </aux:Acao>
  <aux:Acao>
    <aux:codigoAcao>1485</aux:codigoAcao>
    <aux:denominacaoAcao>PROJETOS ESPECIAIS DE PRESERV. E DEFESA DO MEIO AMBIENTE</aux:denominacaoAcao>
    <aux:tipoAcao>1</aux:tipoAcao>
  </aux:Acao>
  <aux:Acao>
    <aux:codigoAcao>1487</aux:codigoAcao>
    <aux:denominacaoAcao>CONSTRUCAO, AMPL. E REF. DE ACUDES E BARRAGENS</aux:denominacaoAcao>
    <aux:tipoAcao>1</aux:tipoAcao>
  </aux:Acao>
  <aux:Acao>
    <aux:codigoAcao>1500</aux:codigoAcao>
    <aux:denominacaoAcao>CONSTRUCAO E REF. AMPL DE MERCADOS E FEIRAS</aux:denominacaoAcao>
    <aux:tipoAcao>1</aux:tipoAcao>
  </aux:Acao>
  <aux:Acao>
    <aux:codigoAcao>1523</aux:codigoAcao>
    <aux:denominacaoAcao>CCONSTRUCAO, AMPL.. E REF. DE ACUDES E BARRAGENS</aux:denominacaoAcao>
    <aux:tipoAcao>1</aux:tipoAcao>
  </aux:Acao>
  <aux:Acao>
    <aux:codigoAcao>1531</aux:codigoAcao>
    <aux:denominacaoAcao>AQUISICAO DE TRATORES E EQUIPAMENTO AGRICOLAS</aux:denominacaoAcao>
    <aux:tipoAcao>1</aux:tipoAcao>
  </aux:Acao>
  <aux:Acao>
    <aux:codigoAcao>1590</aux:codigoAcao>
    <aux:denominacaoAcao>CONSTRUCAO, AMPL. E REF. DE REDE DE ENERGIA ELETRICA</aux:denominacaoAcao>
    <aux:tipoAcao>1</aux:tipoAcao>
  </aux:Acao>
  <aux:Acao>
    <aux:codigoAcao>1611</aux:codigoAcao>
    <aux:denominacaoAcao>CONSTRUCAO OU REFORMA DE PONTES E BUEIROS</aux:denominacaoAcao>
    <aux:tipoAcao>1</aux:tipoAcao>
  </aux:Acao>
  <aux:Acao>
    <aux:codigoAcao>1613</aux:codigoAcao>
    <aux:denominacaoAcao>CONSTRUCAO E RECUPERACAO DE ESTRADAS VICINAIS</aux:denominacaoAcao>
    <aux:tipoAcao>1</aux:tipoAcao>
  </aux:Acao>
  <aux:Acao>
    <aux:codigoAcao>1650</aux:codigoAcao>
    <aux:denominacaoAcao>CONSTRUCAO, REF E AMPL. DE QUADRAS ESPORTIVAS</aux:denominacaoAcao>
    <aux:tipoAcao>1</aux:tipoAcao>
  </aux:Acao>
  <aux:Acao>
    <aux:codigoAcao>1651</aux:codigoAcao>
    <aux:denominacaoAcao>CONSTRUCAO, AMPL. E REF. DOS CAMPOS DE FUTEBOL</aux:denominacaoAcao>
    <aux:tipoAcao>1</aux:tipoAcao>
  </aux:Acao>
  <aux:Acao>
    <aux:codigoAcao>1652</aux:codigoAcao>
    <aux:denominacaoAcao>DESAPROPRIACAO DE IMOVEIS</aux:denominacaoAcao>
    <aux:tipoAcao>1</aux:tipoAcao>
  </aux:Acao>
  <aux:Acao>
    <aux:codigoAcao>2001</aux:codigoAcao>
    <aux:denominacaoAcao>MANUTENCAO E FUNCIONAMENTO DA CAMARA MUNICIPAL</aux:denominacaoAcao>
    <aux:tipoAcao>2</aux:tipoAcao>
  </aux:Acao>
  <aux:Acao>
    <aux:codigoAcao>2040</aux:codigoAcao>
    <aux:denominacaoAcao>MANUTENCAO DOS SERVICOS DE ADMINISTRACAO GERAL</aux:denominacaoAcao>
    <aux:tipoAcao>2</aux:tipoAcao>
  </aux:Acao>
  <aux:Acao>
    <aux:codigoAcao>2041</aux:codigoAcao>
    <aux:denominacaoAcao>MANUTENCAO DO GABINETE DO PREFEITO</aux:denominacaoAcao>
    <aux:tipoAcao>2</aux:tipoAcao>
  </aux:Acao>
  <aux:Acao>
    <aux:codigoAcao>2047</aux:codigoAcao>
    <aux:denominacaoAcao>ENCARGOS COM ASSIST.JURIDICA, TECNICA E ADMINISTRATIVA</aux:denominacaoAcao>
    <aux:tipoAcao>2</aux:tipoAcao>
  </aux:Acao>
  <aux:Acao>
    <aux:codigoAcao>2049</aux:codigoAcao>
    <aux:denominacaoAcao>ENCARGOS COM A JUNTA DO SERVICO MILITAR</aux:denominacaoAcao>
    <aux:tipoAcao>2</aux:tipoAcao>
  </aux:Acao>
  <aux:Acao>
    <aux:codigoAcao>2081</aux:codigoAcao>
    <aux:denominacaoAcao>MANUTENCAO DAS ATIVIDADES DA GESTAO FINANCEIRA</aux:denominacaoAcao>
    <aux:tipoAcao>2</aux:tipoAcao>
  </aux:Acao>
  <aux:Acao>
    <aux:codigoAcao>2082</aux:codigoAcao>
    <aux:denominacaoAcao>MANUTENAO DAS ATIVIDADES DE CONTROLE INTERNO</aux:denominacaoAcao>
    <aux:tipoAcao>2</aux:tipoAcao>
  </aux:Acao>
  <aux:Acao>
    <aux:codigoAcao>2100</aux:codigoAcao>
    <aux:denominacaoAcao>APOIO AS ACOES DE POLICIAMENTO E SEGURANCA PUBLICA</aux:denominacaoAcao>
    <aux:tipoAcao>2</aux:tipoAcao>
  </aux:Acao>
  <aux:Acao>
    <aux:codigoAcao>2101</aux:codigoAcao>
    <aux:denominacaoAcao>IMPLANTACAO E MANUTENCAO DA DEFESA CIVIL</aux:denominacaoAcao>
    <aux:tipoAcao>2</aux:tipoAcao>
  </aux:Acao>
  <aux:Acao>
    <aux:codigoAcao>2120</aux:codigoAcao>
    <aux:denominacaoAcao>MANUTENCAO DAS ATIVIDADES DE PROTECAO AO IDOSO</aux:denominacaoAcao>
    <aux:tipoAcao>2</aux:tipoAcao>
  </aux:Acao>
  <aux:Acao>
    <aux:codigoAcao>2125</aux:codigoAcao>
    <aux:denominacaoAcao>MANUTENCAO DAS HORTAS COMUNITARIAS</aux:denominacaoAcao>
    <aux:tipoAcao>2</aux:tipoAcao>
  </aux:Acao>
  <aux:Acao>
    <aux:codigoAcao>2126</aux:codigoAcao>
    <aux:denominacaoAcao>BENEFICIOS EVENTUAIS EMERGENCIAIS</aux:denominacaoAcao>
    <aux:tipoAcao>2</aux:tipoAcao>
  </aux:Acao>
  <aux:Acao>
    <aux:codigoAcao>2130</aux:codigoAcao>
    <aux:denominacaoAcao>MANUTENCAO DAS ATIV. DE PROTECAO AO DEFICIENTE</aux:denominacaoAcao>
    <aux:tipoAcao>2</aux:tipoAcao>
  </aux:Acao>
  <aux:Acao>
    <aux:codigoAcao>2136</aux:codigoAcao>
    <aux:denominacaoAcao>MANUTENCAO DAS ATIVIDADES SOCIAIS EM CHECHES</aux:denominacaoAcao>
    <aux:tipoAcao>2</aux:tipoAcao>
  </aux:Acao>
  <aux:Acao>
    <aux:codigoAcao>2140</aux:codigoAcao>
    <aux:denominacaoAcao>MANUT. DOS BENEFICIOS DE PROTECAO CONTINUADA-BPC</aux:denominacaoAcao>
    <aux:tipoAcao>2</aux:tipoAcao>
  </aux:Acao>
  <aux:Acao>
    <aux:codigoAcao>2142</aux:codigoAcao>
    <aux:denominacaoAcao>MANUT. DAS ACOES DO PROGR. BOLSA FAMILIA-IGD-BF</aux:denominacaoAcao>
    <aux:tipoAcao>2</aux:tipoAcao>
  </aux:Acao>
  <aux:Acao>
    <aux:codigoAcao>2143</aux:codigoAcao>
    <aux:denominacaoAcao>FUNDO DOS DIREITOS DA CRIANCA E DO ADOLESCENTE</aux:denominacaoAcao>
    <aux:tipoAcao>2</aux:tipoAcao>
  </aux:Acao>
  <aux:Acao>
    <aux:codigoAcao>2144</aux:codigoAcao>
    <aux:denominacaoAcao>MANUTENCAO DAS ATIVIDADES DO CONSELHO TUTELAR</aux:denominacaoAcao>
    <aux:tipoAcao>2</aux:tipoAcao>
  </aux:Acao>
  <aux:Acao>
    <aux:codigoAcao>2146</aux:codigoAcao>
    <aux:denominacaoAcao>PROGRAMA DE ASSISTENCIA A GESTANTES CARENTES</aux:denominacaoAcao>
    <aux:tipoAcao>2</aux:tipoAcao>
  </aux:Acao>
  <aux:Acao>
    <aux:codigoAcao>2147</aux:codigoAcao>
    <aux:denominacaoAcao>MANUTENCAO DOS SERVICOS FUNERARIOS</aux:denominacaoAcao>
    <aux:tipoAcao>2</aux:tipoAcao>
  </aux:Acao>
  <aux:Acao>
    <aux:codigoAcao>2148</aux:codigoAcao>
    <aux:denominacaoAcao>TRANSFERENCIA DE REC. DO IGD-SUAS</aux:denominacaoAcao>
    <aux:tipoAcao>2</aux:tipoAcao>
  </aux:Acao>
  <aux:Acao>
    <aux:codigoAcao>2149</aux:codigoAcao>
    <aux:denominacaoAcao>MANUTENCAO DAS ACOES DO PROGRAMA PETI-PVMC</aux:denominacaoAcao>
    <aux:tipoAcao>2</aux:tipoAcao>
  </aux:Acao>
  <aux:Acao>
    <aux:codigoAcao>2150</aux:codigoAcao>
    <aux:denominacaoAcao>MANUTENCAO DOS SERVICOS DE ASSISTENCIA SOCIAL</aux:denominacaoAcao>
    <aux:tipoAcao>2</aux:tipoAcao>
  </aux:Acao>
  <aux:Acao>
    <aux:codigoAcao>2158</aux:codigoAcao>
    <aux:denominacaoAcao>PROGRAMA DE PROT. SOCIAL BASICA</aux:denominacaoAcao>
    <aux:tipoAcao>2</aux:tipoAcao>
  </aux:Acao>
  <aux:Acao>
    <aux:codigoAcao>2159</aux:codigoAcao>
    <aux:denominacaoAcao>PROGRAMA DE PROTECAO SOCIAL VARIAVEL</aux:denominacaoAcao>
    <aux:tipoAcao>2</aux:tipoAcao>
  </aux:Acao>
  <aux:Acao>
    <aux:codigoAcao>2160</aux:codigoAcao>
    <aux:denominacaoAcao>MANUTENCAO DOS SERVICOS MUNICIPAIS DE SAUDE</aux:denominacaoAcao>
    <aux:tipoAcao>2</aux:tipoAcao>
  </aux:Acao>
  <aux:Acao>
    <aux:codigoAcao>2182</aux:codigoAcao>
    <aux:denominacaoAcao>ACOES DE VIGILANCIA SANITARIA</aux:denominacaoAcao>
    <aux:tipoAcao>2</aux:tipoAcao>
  </aux:Acao>
  <aux:Acao>
    <aux:codigoAcao>2184</aux:codigoAcao>
    <aux:denominacaoAcao>ACOES DE ASSISTENCIA FARMACEUTICA BASICA</aux:denominacaoAcao>
    <aux:tipoAcao>2</aux:tipoAcao>
  </aux:Acao>
  <aux:Acao>
    <aux:codigoAcao>2185</aux:codigoAcao>
    <aux:denominacaoAcao>ACOES DE PROGR. DE AG. COMUNITARIA DE SAUDE-PACS</aux:denominacaoAcao>
    <aux:tipoAcao>2</aux:tipoAcao>
  </aux:Acao>
  <aux:Acao>
    <aux:codigoAcao>2186</aux:codigoAcao>
    <aux:denominacaoAcao>ACOES DO PROGRAMA DE SAUDE DA FAMILIA-PSF</aux:denominacaoAcao>
    <aux:tipoAcao>2</aux:tipoAcao>
  </aux:Acao>
  <aux:Acao>
    <aux:codigoAcao>2188</aux:codigoAcao>
    <aux:denominacaoAcao>ACOES DO PROGRAMA DE INCENTIVO A SAUDE BUCAL</aux:denominacaoAcao>
    <aux:tipoAcao>2</aux:tipoAcao>
  </aux:Acao>
  <aux:Acao>
    <aux:codigoAcao>2189</aux:codigoAcao>
    <aux:denominacaoAcao>ACOES DO PROGRAMA PPI  ECD</aux:denominacaoAcao>
    <aux:tipoAcao>2</aux:tipoAcao>
  </aux:Acao>
  <aux:Acao>
    <aux:codigoAcao>2190</aux:codigoAcao>
    <aux:denominacaoAcao>CAMPANHA EDUCACIONAL E PREVENTIVA DE SAUDE PUBLICA</aux:denominacaoAcao>
    <aux:tipoAcao>2</aux:tipoAcao>
  </aux:Acao>
  <aux:Acao>
    <aux:codigoAcao>2191</aux:codigoAcao>
    <aux:denominacaoAcao>CAMPANHA EDUCATIVA E PREVENTIVA DE SAUDE PUBLICA</aux:denominacaoAcao>
    <aux:tipoAcao>2</aux:tipoAcao>
  </aux:Acao>
  <aux:Acao>
    <aux:codigoAcao>2199</aux:codigoAcao>
    <aux:denominacaoAcao>PROTECAO SOCIAL BASICA AO JOVEM</aux:denominacaoAcao>
    <aux:tipoAcao>2</aux:tipoAcao>
  </aux:Acao>
  <aux:Acao>
    <aux:codigoAcao>2200</aux:codigoAcao>
    <aux:denominacaoAcao>JUROS SOBRE A DIVIDA POR CONTRATO</aux:denominacaoAcao>
    <aux:tipoAcao>2</aux:tipoAcao>
  </aux:Acao>
  <aux:Acao>
    <aux:codigoAcao>2201</aux:codigoAcao>
    <aux:denominacaoAcao>REMUNER. DO MAGISTERIO-ENSINO FUNDAMENTAL-60% FUNDEB</aux:denominacaoAcao>
    <aux:tipoAcao>2</aux:tipoAcao>
  </aux:Acao>
  <aux:Acao>
    <aux:codigoAcao>2202</aux:codigoAcao>
    <aux:denominacaoAcao>MANUTENCAO E DESENVOLVIMENTO DO ENSINO FUNDAMENTAL</aux:denominacaoAcao>
    <aux:tipoAcao>2</aux:tipoAcao>
  </aux:Acao>
  <aux:Acao>
    <aux:codigoAcao>2203</aux:codigoAcao>
    <aux:denominacaoAcao>MANUT. E DESEN. DO ENSINO FUNDAMENTAL-40% FUNDEB</aux:denominacaoAcao>
    <aux:tipoAcao>2</aux:tipoAcao>
  </aux:Acao>
  <aux:Acao>
    <aux:codigoAcao>2240</aux:codigoAcao>
    <aux:denominacaoAcao>ACOES DO PROGRAMA NAC. DE ALIM. ESCOLAR-PNAE</aux:denominacaoAcao>
    <aux:tipoAcao>2</aux:tipoAcao>
  </aux:Acao>
  <aux:Acao>
    <aux:codigoAcao>2241</aux:codigoAcao>
    <aux:denominacaoAcao>ACOES DO PROGRAMA DINHEIRO DIR. NA ESCOLA-PDDE</aux:denominacaoAcao>
    <aux:tipoAcao>2</aux:tipoAcao>
  </aux:Acao>
  <aux:Acao>
    <aux:codigoAcao>2246</aux:codigoAcao>
    <aux:denominacaoAcao>ACOES DO PROGRAMA SALARIO EDUCACAO-QSE</aux:denominacaoAcao>
    <aux:tipoAcao>2</aux:tipoAcao>
  </aux:Acao>
  <aux:Acao>
    <aux:codigoAcao>2248</aux:codigoAcao>
    <aux:denominacaoAcao>ACOES DO PROGRAMA PNATE</aux:denominacaoAcao>
    <aux:tipoAcao>2</aux:tipoAcao>
  </aux:Acao>
  <aux:Acao>
    <aux:codigoAcao>2253</aux:codigoAcao>
    <aux:denominacaoAcao>MANUTENCAO DO ENSINO SUPERIOR</aux:denominacaoAcao>
    <aux:tipoAcao>2</aux:tipoAcao>
  </aux:Acao>
  <aux:Acao>
    <aux:codigoAcao>2257</aux:codigoAcao>
    <aux:denominacaoAcao>PROEJA-REM. DO MAGISTERIO-60% FUNDEB</aux:denominacaoAcao>
    <aux:tipoAcao>2</aux:tipoAcao>
  </aux:Acao>
  <aux:Acao>
    <aux:codigoAcao>2258</aux:codigoAcao>
    <aux:denominacaoAcao>PROEJA-MANUT. E DESENV. DO ENSINO-40% FUNDEB</aux:denominacaoAcao>
    <aux:tipoAcao>2</aux:tipoAcao>
  </aux:Acao>
  <aux:Acao>
    <aux:codigoAcao>2260</aux:codigoAcao>
    <aux:denominacaoAcao>MANUTENCAO E DESENVOLVIMENTO DO ENSINO INFANTIL</aux:denominacaoAcao>
    <aux:tipoAcao>2</aux:tipoAcao>
  </aux:Acao>
  <aux:Acao>
    <aux:codigoAcao>2262</aux:codigoAcao>
    <aux:denominacaoAcao>REMUN. DO MAGISTERIO-ENSINO INFANTIL-60% FUNDEB</aux:denominacaoAcao>
    <aux:tipoAcao>2</aux:tipoAcao>
  </aux:Acao>
  <aux:Acao>
    <aux:codigoAcao>2263</aux:codigoAcao>
    <aux:denominacaoAcao>MANUT. E DESENV. DO ENSINO INFANTIL-40% FUNDEB</aux:denominacaoAcao>
    <aux:tipoAcao>2</aux:tipoAcao>
  </aux:Acao>
  <aux:Acao>
    <aux:codigoAcao>2270</aux:codigoAcao>
    <aux:denominacaoAcao>MANUTENCAO E DESENVOLVIMENTO DO ENSINO ESPECIAL</aux:denominacaoAcao>
    <aux:tipoAcao>2</aux:tipoAcao>
  </aux:Acao>
  <aux:Acao>
    <aux:codigoAcao>2272</aux:codigoAcao>
    <aux:denominacaoAcao>REMUN. DO MAGISTERIO-ENSINO ESPECIAL-60% FUNDEB</aux:denominacaoAcao>
    <aux:tipoAcao>2</aux:tipoAcao>
  </aux:Acao>
  <aux:Acao>
    <aux:codigoAcao>2273</aux:codigoAcao>
    <aux:denominacaoAcao>MANUT. E DESENV. DO ENSINO ESPECIAL-40% FUNDEB</aux:denominacaoAcao>
    <aux:tipoAcao>2</aux:tipoAcao>
  </aux:Acao>
  <aux:Acao>
    <aux:codigoAcao>2290</aux:codigoAcao>
    <aux:denominacaoAcao>MANUTENCAO E DESENV. DAS ATIVIDADES CULTURAIS</aux:denominacaoAcao>
    <aux:tipoAcao>2</aux:tipoAcao>
  </aux:Acao>
  <aux:Acao>
    <aux:codigoAcao>2291</aux:codigoAcao>
    <aux:denominacaoAcao>MANUTENCAO DA BIBLIOTECA PUBLICA MUNICIPAL</aux:denominacaoAcao>
    <aux:tipoAcao>2</aux:tipoAcao>
  </aux:Acao>
  <aux:Acao>
    <aux:codigoAcao>2320</aux:codigoAcao>
    <aux:denominacaoAcao>MANUTENCAO ADMINISTRATIVA DA SEC. DE OBRAS</aux:denominacaoAcao>
    <aux:tipoAcao>2</aux:tipoAcao>
  </aux:Acao>
  <aux:Acao>
    <aux:codigoAcao>2323</aux:codigoAcao>
    <aux:denominacaoAcao>MANUTENCAO DA REDE DE ABASTECIMENTO DE AGUA</aux:denominacaoAcao>
    <aux:tipoAcao>2</aux:tipoAcao>
  </aux:Acao>
  <aux:Acao>
    <aux:codigoAcao>2330</aux:codigoAcao>
    <aux:denominacaoAcao>CONSTRUCAO, REF. E AMPL. DE ACUDES E BARRAGENS</aux:denominacaoAcao>
    <aux:tipoAcao>2</aux:tipoAcao>
  </aux:Acao>
  <aux:Acao>
    <aux:codigoAcao>2350</aux:codigoAcao>
    <aux:denominacaoAcao>ARBORIZACAO DA CIDADE</aux:denominacaoAcao>
    <aux:tipoAcao>2</aux:tipoAcao>
  </aux:Acao>
  <aux:Acao>
    <aux:codigoAcao>2451</aux:codigoAcao>
    <aux:denominacaoAcao>MANUTENCAO DOS SERVICOS DE LIMPESA PUBLICA</aux:denominacaoAcao>
    <aux:tipoAcao>2</aux:tipoAcao>
  </aux:Acao>
  <aux:Acao>
    <aux:codigoAcao>2481</aux:codigoAcao>
    <aux:denominacaoAcao>MANUT. DAS ACOES DE PRESERV. E DEFESA DO MEIO AMBIENTE</aux:denominacaoAcao>
    <aux:tipoAcao>2</aux:tipoAcao>
  </aux:Acao>
  <aux:Acao>
    <aux:codigoAcao>2500</aux:codigoAcao>
    <aux:denominacaoAcao>MANUTENCAO DAS ATIV. DE PRODUCAO E ABASTECIMENTO</aux:denominacaoAcao>
    <aux:tipoAcao>2</aux:tipoAcao>
  </aux:Acao>
  <aux:Acao>
    <aux:codigoAcao>2501</aux:codigoAcao>
    <aux:denominacaoAcao>MANUTENCAO DO MERCADOS, FEIRAS E MATADOUROS PUBLICOS</aux:denominacaoAcao>
    <aux:tipoAcao>2</aux:tipoAcao>
  </aux:Acao>
  <aux:Acao>
    <aux:codigoAcao>2506</aux:codigoAcao>
    <aux:denominacaoAcao>APOIO A PRODUCAO AGRICOLA DO MUNICIPIO</aux:denominacaoAcao>
    <aux:tipoAcao>2</aux:tipoAcao>
  </aux:Acao>
  <aux:Acao>
    <aux:codigoAcao>2590</aux:codigoAcao>
    <aux:denominacaoAcao>MANUTENCAO DA ILUMINACAO PUBLICA E DE ORGAO MUNICIPAIS</aux:denominacaoAcao>
    <aux:tipoAcao>2</aux:tipoAcao>
  </aux:Acao>
  <aux:Acao>
    <aux:codigoAcao>2650</aux:codigoAcao>
    <aux:denominacaoAcao>MANUTENCAO DAS ATIVIDADES ESPORTIVAS</aux:denominacaoAcao>
    <aux:tipoAcao>2</aux:tipoAcao>
  </aux:Acao>
  <aux:Acao>
    <aux:codigoAcao>2651</aux:codigoAcao>
    <aux:denominacaoAcao>REALIZACAO DE CONCURSO PUBLICO</aux:denominacaoAcao>
    <aux:tipoAcao>2</aux:tipoAcao>
  </aux:Acao>
  <aux:Acao>
    <aux:codigoAcao>7100</aux:codigoAcao>
    <aux:denominacaoAcao>PRINCIPAL DA DIVIDA CONTRATUAL RESGATADA</aux:denominacaoAcao>
    <aux:tipoAcao>2</aux:tipoAcao>
  </aux:Acao>
  <aux:Acao>
    <aux:codigoAcao>9999</aux:codigoAcao>
    <aux:denominacaoAcao>RESERVA DE CONTINGENCIA</aux:denominacaoAcao>
    <aux:tipoAcao>0</aux:tipoAcao>
  </aux:Acao>
  <aux:CadastroContaBancaria>
    <aux:codigoBanco>000</aux:codigoBanco>
    <aux:codigoAgencia>000000</aux:codigoAgencia>
    <aux:numeroContBancaria>000000000000</aux:numeroContBancaria>
    <aux:tipoContBancaria>0</aux:tipoContBancaria>
    <aux:descricaoContBancaria>CONTA CAIXA</aux:descricaoContBancaria>
  </aux:CadastroContaBancaria>
  <aux:CadastroContaBancaria>
    <aux:codigoBanco>104</aux:codigoBanco>
    <aux:codigoAgencia>001209</aux:codigoAgencia>
    <aux:numeroContBancaria>000000001111</aux:numeroContBancaria>
    <aux:tipoContBancaria>1</aux:tipoContBancaria>
    <aux:descricaoContBancaria>CAMARA AVEL. LOP</aux:descricaoContBancaria>
  </aux:CadastroContaBancaria>
  <aux:CadastroContaBancaria>
    <aux:codigoBanco>001</aux:codigoBanco>
    <aux:codigoAgencia>001209</aux:codigoAgencia>
    <aux:numeroContBancaria>000000020532</aux:numeroContBancaria>
    <aux:tipoContBancaria>1</aux:tipoContBancaria>
    <aux:descricaoContBancaria>CAMARA AV. LP</aux:descricaoContBancaria>
  </aux:CadastroContaBancaria>
  <aux:CadastroContaBancaria>
    <aux:codigoBanco>036</aux:codigoBanco>
    <aux:codigoAgencia>001209</aux:codigoAgencia>
    <aux:numeroContBancaria>000000002121</aux:numeroContBancaria>
    <aux:tipoContBancaria>1</aux:tipoContBancaria>
    <aux:descricaoContBancaria>CAMARA AVEL. LOP</aux:descricaoContBancaria>
  </aux:CadastroContaBancaria>
  <aux:Decreto>
    <aux:numeroDecreto>
      <gen:numero>000004</gen:numero>
      <gen:ano>2021</gen:ano>
    </aux:numeroDecreto>
    <aux:numeroLeiQueAutorizou>
      <gen:numero>000477</gen:numero>
      <gen:ano>2021</gen:ano>
    </aux:numeroLeiQueAutorizou>
    <aux:dataDecreto>2021-01-18</aux:dataDecreto>
    <aux:dataPublDecreto>2021-01-18</aux:dataPublDecreto>
    <aux:tipoPublicacao>1</aux:tipoPublicacao>
  </aux:Decreto>
  <aux:ConciliacaoBancaria>
    <aux:codigoBanco>000</aux:codigoBanco>
    <aux:codigoAgencia>000000</aux:codigoAgencia>
    <aux:numeroContBancaria>000000000000</aux:numeroContBancaria>
    <aux:tipoContBancaria>0</aux:tipoContBancaria>
    <aux:numeroSequencial>00029757</aux:numeroSequencial>
    <aux:tipoConcBancaria>1</aux:tipoConcBancaria>
    <aux:descricaoSobrValoConciliado>SALDO EM 31 01 2021 CONFORME EXTRATO BANCARIO COMP</aux:descricaoSobrValoConciliado>
    <aux:dataFatoConciliado>2021-01-31</aux:dataFatoConciliado>
    <aux:numeroChequeDocumento>000000</aux:numeroChequeDocumento>
    <aux:numeroDocDebiAutomatico>00000000000</aux:numeroDocDebiAutomatico>
    <aux:valorConciliado>0000000000000.00</aux:valorConciliado>
  </aux:ConciliacaoBancaria>
  <aux:ConciliacaoBancaria>
    <aux:codigoBanco>104</aux:codigoBanco>
    <aux:codigoAgencia>001209</aux:codigoAgencia>
    <aux:numeroContBancaria>000000001111</aux:numeroContBancaria>
    <aux:tipoContBancaria>1</aux:tipoContBancaria>
    <aux:numeroSequencial>00029758</aux:numeroSequencial>
    <aux:tipoConcBancaria>1</aux:tipoConcBancaria>
    <aux:descricaoSobrValoConciliado>SALDO EM 31 01 2021 CONFORME EXTRATO BANCARIO COMP</aux:descricaoSobrValoConciliado>
    <aux:dataFatoConciliado>2021-01-31</aux:dataFatoConciliado>
    <aux:numeroChequeDocumento>000000</aux:numeroChequeDocumento>
    <aux:numeroDocDebiAutomatico>00000000000</aux:numeroDocDebiAutomatico>
    <aux:valorConciliado>0000000000000.00</aux:valorConciliado>
  </aux:ConciliacaoBancaria>
  <aux:ConciliacaoBancaria>
    <aux:codigoBanco>001</aux:codigoBanco>
    <aux:codigoAgencia>001209</aux:codigoAgencia>
    <aux:numeroContBancaria>000000020532</aux:numeroContBancaria>
    <aux:tipoContBancaria>1</aux:tipoContBancaria>
    <aux:numeroSequencial>00029759</aux:numeroSequencial>
    <aux:tipoConcBancaria>1</aux:tipoConcBancaria>
    <aux:descricaoSobrValoConciliado>SALDO EM 31 01 2021 CONFORME EXTRATO BANCARIO COMP</aux:descricaoSobrValoConciliado>
    <aux:dataFatoConciliado>2021-01-31</aux:dataFatoConciliado>
    <aux:numeroChequeDocumento>000000</aux:numeroChequeDocumento>
    <aux:numeroDocDebiAutomatico>00000000000</aux:numeroDocDebiAutomatico>
    <aux:valorConciliado>0000000000000.00</aux:valorConciliado>
  </aux:ConciliacaoBancaria>
  <aux:ConciliacaoBancaria>
    <aux:codigoBanco>036</aux:codigoBanco>
    <aux:codigoAgencia>001209</aux:codigoAgencia>
    <aux:numeroContBancaria>000000002121</aux:numeroContBancaria>
    <aux:tipoContBancaria>1</aux:tipoContBancaria>
    <aux:numeroSequencial>00029760</aux:numeroSequencial>
    <aux:tipoConcBancaria>1</aux:tipoConcBancaria>
    <aux:descricaoSobrValoConciliado>SALDO EM 31 01 2021 CONFORME EXTRATO BANCARIO COMP</aux:descricaoSobrValoConciliado>
    <aux:dataFatoConciliado>2021-01-31</aux:dataFatoConciliado>
    <aux:numeroChequeDocumento>000000</aux:numeroChequeDocumento>
    <aux:numeroDocDebiAutomatico>00000000000</aux:numeroDocDebiAutomatico>
    <aux:valorConciliado>0000000000000.00</aux:valorConciliado>
  </aux:ConciliacaoBancaria>
  <aux:Fornecedor>
    <aux:cpfCnpjCredor>00000000000000</aux:cpfCnpjCredor>
    <aux:nomeDenoOuRazaJuridica>FOLHA DE PAGAMENTO</aux:nomeDenoOuRazaJuridica>
    <aux:endereco>
      <gen:logradouro>SEM ENDERECO</gen:logradouro>
      <gen:numero>000</gen:numero>
      <gen:complemento>SEM COMPLEMENTO</gen:complemento>
      <gen:bairro>CENTRO</gen:bairro>
      <gen:numeroCep>00000000</gen:numeroCep>
      <gen:municipio>AVELINO LOPES</gen:municipio>
      <gen:estado>PI</gen:estado>
      <gen:telefoneFixo>0000-0000</gen:telefoneFixo>
      <gen:telefoneCelular>0000-0000</gen:telefoneCelular>
    </aux:endereco>
    <aux:tipoCredor>3</aux:tipoCredor>
    <aux:identificadorFornEstrangeiro>00000000000000000000000000000000000000000000</aux:identificadorFornEstrangeiro>
  </aux:Fornecedor>
  <aux:Fornecedor>
    <aux:cpfCnpjCredor>00000000000191</aux:cpfCnpjCredor>
    <aux:nomeDenoOuRazaJuridica>BANCO DO BRASIL S.A</aux:nomeDenoOuRazaJuridica>
    <aux:endereco>
      <gen:logradouro>NAO INFORMADO</gen:logradouro>
      <gen:numero>0</gen:numero>
      <gen:complemento>SEM COMPLEMENTO</gen:complemento>
      <gen:bairro>CENTRO</gen:bairro>
      <gen:numeroCep>00000000</gen:numeroCep>
      <gen:municipio>CURIMATA</gen:municipio>
      <gen:estado>PI</gen:estado>
      <gen:telefoneFixo>NAO INFORMADO</gen:telefoneFixo>
      <gen:telefoneCelular>NAO INFORMADO</gen:telefoneCelular>
    </aux:endereco>
    <aux:tipoCredor>2</aux:tipoCredor>
    <aux:identificadorFornEstrangeiro>00000000000000000000000000000000000000000000</aux:identificadorFornEstrangeiro>
  </aux:Fornecedor>
  <aux:Fornecedor>
    <aux:cpfCnpjCredor>00545524512</aux:cpfCnpjCredor>
    <aux:nomeDenoOuRazaJuridica>KLEBER DIAS DO COUTO</aux:nomeDenoOuRazaJuridica>
    <aux:endereco>
      <gen:logradouro>NAO INFORMADO</gen:logradouro>
      <gen:numero>0</gen:numero>
      <gen:complemento>SEM COMPLEMENTO</gen:complemento>
      <gen:bairro>NAO INFORMADO</gen:bairro>
      <gen:numeroCep>00000000</gen:numeroCep>
      <gen:municipio>AVELINO LOPES</gen:municipio>
      <gen:estado>PI</gen:estado>
      <gen:telefoneFixo>NAO INFORMADO</gen:telefoneFixo>
      <gen:telefoneCelular>NAO INFORMADO</gen:telefoneCelular>
    </aux:endereco>
    <aux:tipoCredor>1</aux:tipoCredor>
    <aux:identificadorFornEstrangeiro>00000000000000000000000000000000000000000000</aux:identificadorFornEstrangeiro>
  </aux:Fornecedor>
  <aux:Fornecedor>
    <aux:cpfCnpjCredor>01453379363</aux:cpfCnpjCredor>
    <aux:nomeDenoOuRazaJuridica>RODRIGO REINALDO DE SANTANA</aux:nomeDenoOuRazaJuridica>
    <aux:endereco>
      <gen:logradouro>AV. SERGIO GAMA</gen:logradouro>
      <gen:numero>0</gen:numero>
      <gen:complemento>SEM COMPLEMENTO</gen:complemento>
      <gen:bairro>CENTRO</gen:bairro>
      <gen:numeroCep>00000000</gen:numeroCep>
      <gen:municipio>AVELINO LOPES</gen:municipio>
      <gen:estado>PI</gen:estado>
      <gen:telefoneFixo>NAO INFORMADO</gen:telefoneFixo>
      <gen:telefoneCelular>NAO INFORMADO</gen:telefoneCelular>
    </aux:endereco>
    <aux:tipoCredor>1</aux:tipoCredor>
    <aux:identificadorFornEstrangeiro>00000000000000000000000000000000000000000000</aux:identificadorFornEstrangeiro>
  </aux:Fornecedor>
  <aux:Fornecedor>
    <aux:cpfCnpjCredor>02211192300</aux:cpfCnpjCredor>
    <aux:nomeDenoOuRazaJuridica>ANA PAULA DE CARVALHO ALVES BASTOS E OUTROS</aux:nomeDenoOuRazaJuridica>
    <aux:endereco>
      <gen:logradouro>AV. BOM JESUS</gen:logradouro>
      <gen:numero>0</gen:numero>
      <gen:complemento>SEM COMPLEMENTO</gen:complemento>
      <gen:bairro>CENTRO</gen:bairro>
      <gen:numeroCep>00000000</gen:numeroCep>
      <gen:municipio>AVELINO LOPES</gen:municipio>
      <gen:estado>PI</gen:estado>
      <gen:telefoneFixo>NAO INFORMADO</gen:telefoneFixo>
      <gen:telefoneCelular>NAO INFORMADO</gen:telefoneCelular>
    </aux:endereco>
    <aux:tipoCredor>1</aux:tipoCredor>
    <aux:identificadorFornEstrangeiro>00000000000000000000000000000000000000000000</aux:identificadorFornEstrangeiro>
  </aux:Fornecedor>
  <aux:Fornecedor>
    <aux:cpfCnpjCredor>02355717338</aux:cpfCnpjCredor>
    <aux:nomeDenoOuRazaJuridica>SARAH PEREIRA DE CARVALHO</aux:nomeDenoOuRazaJuridica>
    <aux:endereco>
      <gen:logradouro>NAO INFORMADO</gen:logradouro>
      <gen:numero>0</gen:numero>
      <gen:complemento>SEM COMPLEMENTO</gen:complemento>
      <gen:bairro>NAO INFORMADO</gen:bairro>
      <gen:numeroCep>00000000</gen:numeroCep>
      <gen:municipio>AVELINO LOPES</gen:municipio>
      <gen:estado>PI</gen:estado>
      <gen:telefoneFixo>NAO INFORMADO</gen:telefoneFixo>
      <gen:telefoneCelular>NAO INFORMADO</gen:telefoneCelular>
    </aux:endereco>
    <aux:tipoCredor>1</aux:tipoCredor>
    <aux:identificadorFornEstrangeiro>00000000000000000000000000000000000000000000</aux:identificadorFornEstrangeiro>
  </aux:Fornecedor>
  <aux:Fornecedor>
    <aux:cpfCnpjCredor>02591658323</aux:cpfCnpjCredor>
    <aux:nomeDenoOuRazaJuridica>MARCUS VINICIUS DIAS DA SILVA</aux:nomeDenoOuRazaJuridica>
    <aux:endereco>
      <gen:logradouro>RUA MESTRE MARCOLINO</gen:logradouro>
      <gen:numero>240</gen:numero>
      <gen:complemento>SEM COMPLEMENTO</gen:complemento>
      <gen:bairro>CENTRO</gen:bairro>
      <gen:numeroCep>00000000</gen:numeroCep>
      <gen:municipio>CURIMATA</gen:municipio>
      <gen:estado>PI</gen:estado>
      <gen:telefoneFixo>NAO INFORMADO</gen:telefoneFixo>
      <gen:telefoneCelular>NAO INFORMADO</gen:telefoneCelular>
    </aux:endereco>
    <aux:tipoCredor>1</aux:tipoCredor>
    <aux:identificadorFornEstrangeiro>00000000000000000000000000000000000000000000</aux:identificadorFornEstrangeiro>
  </aux:Fornecedor>
  <aux:Fornecedor>
    <aux:cpfCnpjCredor>05973918000130</aux:cpfCnpjCredor>
    <aux:nomeDenoOuRazaJuridica>SINDICATO DOS SER. PUBLICOS MUN. DE AVELINO LOPES</aux:nomeDenoOuRazaJuridica>
    <aux:endereco>
      <gen:logradouro>PRACAS NSA. SRA. DAS MERCES</gen:logradouro>
      <gen:numero>0</gen:numero>
      <gen:complemento>SEM COMPLEMENTO</gen:complemento>
      <gen:bairro>NAO INFORMADO</gen:bairro>
      <gen:numeroCep>00000000</gen:numeroCep>
      <gen:municipio>AVELINO LOPES</gen:municipio>
      <gen:estado>PI</gen:estado>
      <gen:telefoneFixo>NAO INFORMADO</gen:telefoneFixo>
      <gen:telefoneCelular>NAO INFORMADO</gen:telefoneCelular>
    </aux:endereco>
    <aux:tipoCredor>2</aux:tipoCredor>
    <aux:identificadorFornEstrangeiro>00000000000000000000000000000000000000000000</aux:identificadorFornEstrangeiro>
  </aux:Fornecedor>
  <aux:Fornecedor>
    <aux:cpfCnpjCredor>06840748000189</aux:cpfCnpjCredor>
    <aux:nomeDenoOuRazaJuridica>EQUATORIAL PIAUI DISTRIBUIDORA DE ENERGIA S A</aux:nomeDenoOuRazaJuridica>
    <aux:endereco>
      <gen:logradouro>AVENIDA MARANHAO</gen:logradouro>
      <gen:numero>759</gen:numero>
      <gen:complemento>SEM COMPLEMENTO</gen:complemento>
      <gen:bairro>CENTRO SUL</gen:bairro>
      <gen:numeroCep>64001010</gen:numeroCep>
      <gen:municipio>TERESINA</gen:municipio>
      <gen:estado>PI</gen:estado>
      <gen:telefoneFixo>NAO INFORMADO</gen:telefoneFixo>
      <gen:telefoneCelular>NAO INFORMADO</gen:telefoneCelular>
    </aux:endereco>
    <aux:tipoCredor>2</aux:tipoCredor>
    <aux:identificadorFornEstrangeiro>00000000000000000000000000000000000000000000</aux:identificadorFornEstrangeiro>
  </aux:Fornecedor>
  <aux:Fornecedor>
    <aux:cpfCnpjCredor>07149716342</aux:cpfCnpjCredor>
    <aux:nomeDenoOuRazaJuridica>MIKAEL MATEUS MARQUES DUARTE</aux:nomeDenoOuRazaJuridica>
    <aux:endereco>
      <gen:logradouro>RUA FRANCISCO EVARISTO DE PAIVA</gen:logradouro>
      <gen:numero>0</gen:numero>
      <gen:complemento>SEM COMPLEMENTO</gen:complemento>
      <gen:bairro>NAO INFORMADO</gen:bairro>
      <gen:numeroCep>00000000</gen:numeroCep>
      <gen:municipio>AVELINO LOPES</gen:municipio>
      <gen:estado>PI</gen:estado>
      <gen:telefoneFixo>NAO INFORMADO</gen:telefoneFixo>
      <gen:telefoneCelular>NAO INFORMADO</gen:telefoneCelular>
    </aux:endereco>
    <aux:tipoCredor>1</aux:tipoCredor>
    <aux:identificadorFornEstrangeiro>00000000000000000000000000000000000000000000</aux:identificadorFornEstrangeiro>
  </aux:Fornecedor>
  <aux:Fornecedor>
    <aux:cpfCnpjCredor>07989781000138</aux:cpfCnpjCredor>
    <aux:nomeDenoOuRazaJuridica>DIARIO OFICIAL DOS MUNICIIPIOS LTDA</aux:nomeDenoOuRazaJuridica>
    <aux:endereco>
      <gen:logradouro>RUA GOV. ARTHUR DE VASCONCELOS</gen:logradouro>
      <gen:numero>173</gen:numero>
      <gen:complemento>SEM COMPLEMENTO</gen:complemento>
      <gen:bairro>CENTRO</gen:bairro>
      <gen:numeroCep>00000000</gen:numeroCep>
      <gen:municipio>TERESINA</gen:municipio>
      <gen:estado>PI</gen:estado>
      <gen:telefoneFixo>NAO INFORMADO</gen:telefoneFixo>
      <gen:telefoneCelular>NAO INFORMADO</gen:telefoneCelular>
    </aux:endereco>
    <aux:tipoCredor>2</aux:tipoCredor>
    <aux:identificadorFornEstrangeiro>00000000000000000000000000000000000000000000</aux:identificadorFornEstrangeiro>
  </aux:Fornecedor>
  <aux:Fornecedor>
    <aux:cpfCnpjCredor>23624174000120</aux:cpfCnpjCredor>
    <aux:nomeDenoOuRazaJuridica>MUNICIPIO DE AVELINO LOPES-CAMARA MUNICIPAL</aux:nomeDenoOuRazaJuridica>
    <aux:endereco>
      <gen:logradouro>PC MERCADO</gen:logradouro>
      <gen:numero>02</gen:numero>
      <gen:complemento>SEM COMPLEMENTO</gen:complemento>
      <gen:bairro>CENTRO</gen:bairro>
      <gen:numeroCep>64965000</gen:numeroCep>
      <gen:municipio>AVELINO LOPES</gen:municipio>
      <gen:estado>PI</gen:estado>
      <gen:telefoneFixo>NAO INFORMADO</gen:telefoneFixo>
      <gen:telefoneCelular>NAO INFORMADO</gen:telefoneCelular>
    </aux:endereco>
    <aux:tipoCredor>2</aux:tipoCredor>
    <aux:identificadorFornEstrangeiro>00000000000000000000000000000000000000000000</aux:identificadorFornEstrangeiro>
  </aux:Fornecedor>
  <aux:Fornecedor>
    <aux:cpfCnpjCredor>26822360000162</aux:cpfCnpjCredor>
    <aux:nomeDenoOuRazaJuridica>FRANCISCO ADERNE CHAVES FILHO-ESCRITORIO CONTABI</aux:nomeDenoOuRazaJuridica>
    <aux:endereco>
      <gen:logradouro>RUA GABRIEL FERREIRA</gen:logradouro>
      <gen:numero>555</gen:numero>
      <gen:complemento>SEM COMPLEMENTO</gen:complemento>
      <gen:bairro>CENTRO</gen:bairro>
      <gen:numeroCep>00000000</gen:numeroCep>
      <gen:municipio>TERESINA</gen:municipio>
      <gen:estado>PI</gen:estado>
      <gen:telefoneFixo>NAO INFORMADO</gen:telefoneFixo>
      <gen:telefoneCelular>NAO INFORMADO</gen:telefoneCelular>
    </aux:endereco>
    <aux:tipoCredor>2</aux:tipoCredor>
    <aux:identificadorFornEstrangeiro>00000000000000000000000000000000000000000000</aux:identificadorFornEstrangeiro>
  </aux:Fornecedor>
  <aux:Fornecedor>
    <aux:cpfCnpjCredor>27817858810</aux:cpfCnpjCredor>
    <aux:nomeDenoOuRazaJuridica>SELIA RIBEIRO DOS SANTOS NASCIMENTO</aux:nomeDenoOuRazaJuridica>
    <aux:endereco>
      <gen:logradouro>PC NOSSA SENHORA DAS MERCES</gen:logradouro>
      <gen:numero>0</gen:numero>
      <gen:complemento>SEM COMPLEMENTO</gen:complemento>
      <gen:bairro>CENTRO</gen:bairro>
      <gen:numeroCep>64965000</gen:numeroCep>
      <gen:municipio>AVELINO LOPES</gen:municipio>
      <gen:estado>PI</gen:estado>
      <gen:telefoneFixo>NAO INFORMADO</gen:telefoneFixo>
      <gen:telefoneCelular>NAO INFORMADO</gen:telefoneCelular>
    </aux:endereco>
    <aux:tipoCredor>1</aux:tipoCredor>
    <aux:identificadorFornEstrangeiro>00000000000000000000000000000000000000000000</aux:identificadorFornEstrangeiro>
  </aux:Fornecedor>
  <aux:Fornecedor>
    <aux:cpfCnpjCredor>29979036000140</aux:cpfCnpjCredor>
    <aux:nomeDenoOuRazaJuridica>INSTITUTO NACIONAL DA SEGURIDADE SOCIAL-INSS</aux:nomeDenoOuRazaJuridica>
    <aux:endereco>
      <gen:logradouro>NAO INFORMADO</gen:logradouro>
      <gen:numero>0</gen:numero>
      <gen:complemento>SEM COMPLEMENTO</gen:complemento>
      <gen:bairro>NAO INFORMADO</gen:bairro>
      <gen:numeroCep>00000000</gen:numeroCep>
      <gen:municipio>CURIMATA</gen:municipio>
      <gen:estado>PI</gen:estado>
      <gen:telefoneFixo>NAO INFORMADO</gen:telefoneFixo>
      <gen:telefoneCelular>NAO INFORMADO</gen:telefoneCelular>
    </aux:endereco>
    <aux:tipoCredor>2</aux:tipoCredor>
    <aux:identificadorFornEstrangeiro>00000000000000000000000000000000000000000000</aux:identificadorFornEstrangeiro>
  </aux:Fornecedor>
  <aux:Fornecedor>
    <aux:cpfCnpjCredor>71501967304</aux:cpfCnpjCredor>
    <aux:nomeDenoOuRazaJuridica>HELVIDIO DE CCARVALHO BASTOS</aux:nomeDenoOuRazaJuridica>
    <aux:endereco>
      <gen:logradouro>AV. BOM JESUS</gen:logradouro>
      <gen:numero>0000</gen:numero>
      <gen:complemento>SEM COMPLEMENTO</gen:complemento>
      <gen:bairro>CENTRO</gen:bairro>
      <gen:numeroCep>64695000</gen:numeroCep>
      <gen:municipio>AVELINO LOPES</gen:municipio>
      <gen:estado>PI</gen:estado>
      <gen:telefoneFixo>NAO INFORMADO</gen:telefoneFixo>
      <gen:telefoneCelular>NAO INFORMADO</gen:telefoneCelular>
    </aux:endereco>
    <aux:tipoCredor>1</aux:tipoCredor>
    <aux:identificadorFornEstrangeiro>00000000000000000000000000000000000000000000</aux:identificadorFornEstrangeiro>
  </aux:Fornecedor>
  <aux:AgentePolitico>
    <aux:cpfAgenPolitico>01726047377</aux:cpfAgenPolitico>
    <aux:numeroRgAgenPolitico>01492165565</aux:numeroRgAgenPolitico>
    <aux:orgaoExpedidor>SSP BA</aux:orgaoExpedidor>
    <aux:nome>AMINADAB PEREIRA DE SOUSA NETO</aux:nome>
    <aux:email>CONTABILIDADESETOR2021@GMAIL.COM</aux:email>
    <aux:tipoAgenPolitico>1</aux:tipoAgenPolitico>
  </aux:AgentePolitico>
  <aux:AgentePolitico>
    <aux:cpfAgenPolitico>00812895371</aux:cpfAgenPolitico>
    <aux:numeroRgAgenPolitico>00002381841</aux:numeroRgAgenPolitico>
    <aux:orgaoExpedidor>SSP PI</aux:orgaoExpedidor>
    <aux:nome>TELMA NERES ALEXANDRE</aux:nome>
    <aux:email>CONTABILIDADESETOR2021@GMAIL.COM</aux:email>
    <aux:tipoAgenPolitico>5</aux:tipoAgenPolitico>
  </aux:AgentePolitico>
  <aux:AgentePolitico>
    <aux:cpfAgenPolitico>82423784368</aux:cpfAgenPolitico>
    <aux:numeroRgAgenPolitico>00001576876</aux:numeroRgAgenPolitico>
    <aux:orgaoExpedidor>SSP PI</aux:orgaoExpedidor>
    <aux:nome>ANDERSON GAMA E SILVA</aux:nome>
    <aux:email>CONTABILIDADESETOR2021@GMAIL.COM</aux:email>
    <aux:tipoAgenPolitico>5</aux:tipoAgenPolitico>
  </aux:AgentePolitico>
  <aux:AgentePolitico>
    <aux:cpfAgenPolitico>47363088349</aux:cpfAgenPolitico>
    <aux:numeroRgAgenPolitico>00001241606</aux:numeroRgAgenPolitico>
    <aux:orgaoExpedidor>SSP PI</aux:orgaoExpedidor>
    <aux:nome>FLAVIO JOSE ALVES</aux:nome>
    <aux:email>CONTABILIDADESETOR2021@GMAIL.COM</aux:email>
    <aux:tipoAgenPolitico>5</aux:tipoAgenPolitico>
  </aux:AgentePolitico>
  <aux:AgentePolitico>
    <aux:cpfAgenPolitico>02050736380</aux:cpfAgenPolitico>
    <aux:numeroRgAgenPolitico>00012359715</aux:numeroRgAgenPolitico>
    <aux:orgaoExpedidor>SSP PI</aux:orgaoExpedidor>
    <aux:nome>LUAN DIAS PROSPERO</aux:nome>
    <aux:email>CONTABILIDADESETOR2021@GMAIL.COM</aux:email>
    <aux:tipoAgenPolitico>5</aux:tipoAgenPolitico>
  </aux:AgentePolitico>
  <aux:AgentePolitico>
    <aux:cpfAgenPolitico>88729850304</aux:cpfAgenPolitico>
    <aux:numeroRgAgenPolitico>00000879943</aux:numeroRgAgenPolitico>
    <aux:orgaoExpedidor>SSP PI</aux:orgaoExpedidor>
    <aux:nome>EVERSON FERNANDES DE SOUSA</aux:nome>
    <aux:email>CONTABILIDADESETOR2021@GMAIL.COM</aux:email>
    <aux:tipoAgenPolitico>5</aux:tipoAgenPolitico>
  </aux:AgentePolitico>
  <aux:AgentePolitico>
    <aux:cpfAgenPolitico>00545524512</aux:cpfAgenPolitico>
    <aux:numeroRgAgenPolitico>01149118008</aux:numeroRgAgenPolitico>
    <aux:orgaoExpedidor>SSP-BA</aux:orgaoExpedidor>
    <aux:nome>KLEBER DIAS DO COUTO</aux:nome>
    <aux:email>CONTABILIDADESETOR2021@GMAIL.COM</aux:email>
    <aux:tipoAgenPolitico>4</aux:tipoAgenPolitico>
  </aux:AgentePolitico>
  <aux:Ordenador>
    <aux:cpfAgenPolitico>82423784368</aux:cpfAgenPolitico>
    <aux:codigoUnidOrcamentaria>909999</aux:codigoUnidOrcamentaria>
    <aux:numeroAtoQueNomeOrdenador>
      <gen:numero>000001</gen:numero>
      <gen:ano>2021</gen:ano>
    </aux:numeroAtoQueNomeOrdenador>
    <aux:dataInicOuFimVigencia>2021-01-01</aux:dataInicOuFimVigencia>
    <aux:tipoDataVigencia>1</aux:tipoDataVigencia>
  </aux:Ordenador>
  <aux:Ordenador>
    <aux:cpfAgenPolitico>82423784368</aux:cpfAgenPolitico>
    <aux:codigoUnidOrcamentaria>021000</aux:codigoUnidOrcamentaria>
    <aux:numeroAtoQueNomeOrdenador>
      <gen:numero>000001</gen:numero>
      <gen:ano>2021</gen:ano>
    </aux:numeroAtoQueNomeOrdenador>
    <aux:dataInicOuFimVigencia>2021-01-01</aux:dataInicOuFimVigencia>
    <aux:tipoDataVigencia>1</aux:tipoDataVigencia>
  </aux:Ordenador>
  <aux:Ordenador>
    <aux:cpfAgenPolitico>82423784368</aux:cpfAgenPolitico>
    <aux:codigoUnidOrcamentaria>020100</aux:codigoUnidOrcamentaria>
    <aux:numeroAtoQueNomeOrdenador>
      <gen:numero>000001</gen:numero>
      <gen:ano>2021</gen:ano>
    </aux:numeroAtoQueNomeOrdenador>
    <aux:dataInicOuFimVigencia>2021-01-01</aux:dataInicOuFimVigencia>
    <aux:tipoDataVigencia>1</aux:tipoDataVigencia>
  </aux:Ordenador>
  <aux:Ordenador>
    <aux:cpfAgenPolitico>82423784368</aux:cpfAgenPolitico>
    <aux:codigoUnidOrcamentaria>020200</aux:codigoUnidOrcamentaria>
    <aux:numeroAtoQueNomeOrdenador>
      <gen:numero>000001</gen:numero>
      <gen:ano>2021</gen:ano>
    </aux:numeroAtoQueNomeOrdenador>
    <aux:dataInicOuFimVigencia>2021-01-01</aux:dataInicOuFimVigencia>
    <aux:tipoDataVigencia>1</aux:tipoDataVigencia>
  </aux:Ordenador>
  <aux:Ordenador>
    <aux:cpfAgenPolitico>82423784368</aux:cpfAgenPolitico>
    <aux:codigoUnidOrcamentaria>021200</aux:codigoUnidOrcamentaria>
    <aux:numeroAtoQueNomeOrdenador>
      <gen:numero>000001</gen:numero>
      <gen:ano>2021</gen:ano>
    </aux:numeroAtoQueNomeOrdenador>
    <aux:dataInicOuFimVigencia>2021-01-01</aux:dataInicOuFimVigencia>
    <aux:tipoDataVigencia>1</aux:tipoDataVigencia>
  </aux:Ordenador>
  <aux:Ordenador>
    <aux:cpfAgenPolitico>82423784368</aux:cpfAgenPolitico>
    <aux:codigoUnidOrcamentaria>020300</aux:codigoUnidOrcamentaria>
    <aux:numeroAtoQueNomeOrdenador>
      <gen:numero>000001</gen:numero>
      <gen:ano>2021</gen:ano>
    </aux:numeroAtoQueNomeOrdenador>
    <aux:dataInicOuFimVigencia>2021-01-01</aux:dataInicOuFimVigencia>
    <aux:tipoDataVigencia>1</aux:tipoDataVigencia>
  </aux:Ordenador>
  <aux:Ordenador>
    <aux:cpfAgenPolitico>82423784368</aux:cpfAgenPolitico>
    <aux:codigoUnidOrcamentaria>020500</aux:codigoUnidOrcamentaria>
    <aux:numeroAtoQueNomeOrdenador>
      <gen:numero>000001</gen:numero>
      <gen:ano>2021</gen:ano>
    </aux:numeroAtoQueNomeOrdenador>
    <aux:dataInicOuFimVigencia>2021-01-01</aux:dataInicOuFimVigencia>
    <aux:tipoDataVigencia>1</aux:tipoDataVigencia>
  </aux:Ordenador>
  <aux:Ordenador>
    <aux:cpfAgenPolitico>82423784368</aux:cpfAgenPolitico>
    <aux:codigoUnidOrcamentaria>020600</aux:codigoUnidOrcamentaria>
    <aux:numeroAtoQueNomeOrdenador>
      <gen:numero>000001</gen:numero>
      <gen:ano>2021</gen:ano>
    </aux:numeroAtoQueNomeOrdenador>
    <aux:dataInicOuFimVigencia>2021-01-01</aux:dataInicOuFimVigencia>
    <aux:tipoDataVigencia>1</aux:tipoDataVigencia>
  </aux:Ordenador>
  <aux:Ordenador>
    <aux:cpfAgenPolitico>82423784368</aux:cpfAgenPolitico>
    <aux:codigoUnidOrcamentaria>020700</aux:codigoUnidOrcamentaria>
    <aux:numeroAtoQueNomeOrdenador>
      <gen:numero>000001</gen:numero>
      <gen:ano>2021</gen:ano>
    </aux:numeroAtoQueNomeOrdenador>
    <aux:dataInicOuFimVigencia>2021-01-01</aux:dataInicOuFimVigencia>
    <aux:tipoDataVigencia>1</aux:tipoDataVigencia>
  </aux:Ordenador>
  <aux:Ordenador>
    <aux:cpfAgenPolitico>82423784368</aux:cpfAgenPolitico>
    <aux:codigoUnidOrcamentaria>020800</aux:codigoUnidOrcamentaria>
    <aux:numeroAtoQueNomeOrdenador>
      <gen:numero>000001</gen:numero>
      <gen:ano>2021</gen:ano>
    </aux:numeroAtoQueNomeOrdenador>
    <aux:dataInicOuFimVigencia>2021-01-01</aux:dataInicOuFimVigencia>
    <aux:tipoDataVigencia>1</aux:tipoDataVigencia>
  </aux:Ordenador>
  <aux:Ordenador>
    <aux:cpfAgenPolitico>82423784368</aux:cpfAgenPolitico>
    <aux:codigoUnidOrcamentaria>020900</aux:codigoUnidOrcamentaria>
    <aux:numeroAtoQueNomeOrdenador>
      <gen:numero>000001</gen:numero>
      <gen:ano>2021</gen:ano>
    </aux:numeroAtoQueNomeOrdenador>
    <aux:dataInicOuFimVigencia>2021-01-01</aux:dataInicOuFimVigencia>
    <aux:tipoDataVigencia>1</aux:tipoDataVigencia>
  </aux:Ordenador>
  <aux:Ordenador>
    <aux:cpfAgenPolitico>88729850304</aux:cpfAgenPolitico>
    <aux:codigoUnidOrcamentaria>020501</aux:codigoUnidOrcamentaria>
    <aux:numeroAtoQueNomeOrdenador>
      <gen:numero>000001</gen:numero>
      <gen:ano>2021</gen:ano>
    </aux:numeroAtoQueNomeOrdenador>
    <aux:dataInicOuFimVigencia>2021-01-01</aux:dataInicOuFimVigencia>
    <aux:tipoDataVigencia>1</aux:tipoDataVigencia>
  </aux:Ordenador>
  <aux:Ordenador>
    <aux:cpfAgenPolitico>00545524512</aux:cpfAgenPolitico>
    <aux:codigoUnidOrcamentaria>010100</aux:codigoUnidOrcamentaria>
    <aux:numeroAtoQueNomeOrdenador>
      <gen:numero>000001</gen:numero>
      <gen:ano>2021</gen:ano>
    </aux:numeroAtoQueNomeOrdenador>
    <aux:dataInicOuFimVigencia>2021-01-01</aux:dataInicOuFimVigencia>
    <aux:tipoDataVigencia>1</aux:tipoDataVigencia>
  </aux:Ordenador>
  <aux:Ordenador>
    <aux:cpfAgenPolitico>02050736380</aux:cpfAgenPolitico>
    <aux:codigoUnidOrcamentaria>020401</aux:codigoUnidOrcamentaria>
    <aux:numeroAtoQueNomeOrdenador>
      <gen:numero>000001</gen:numero>
      <gen:ano>2021</gen:ano>
    </aux:numeroAtoQueNomeOrdenador>
    <aux:dataInicOuFimVigencia>2021-01-01</aux:dataInicOuFimVigencia>
    <aux:tipoDataVigencia>1</aux:tipoDataVigencia>
  </aux:Ordenador>
  <aux:Ordenador>
    <aux:cpfAgenPolitico>47363088349</aux:cpfAgenPolitico>
    <aux:codigoUnidOrcamentaria>020301</aux:codigoUnidOrcamentaria>
    <aux:numeroAtoQueNomeOrdenador>
      <gen:numero>000001</gen:numero>
      <gen:ano>2021</gen:ano>
    </aux:numeroAtoQueNomeOrdenador>
    <aux:dataInicOuFimVigencia>2021-01-01</aux:dataInicOuFimVigencia>
    <aux:tipoDataVigencia>1</aux:tipoDataVigencia>
  </aux:Ordenador>
  <aux:Gestor>
    <aux:cpfAgenPolitico>00545524512</aux:cpfAgenPolitico>
    <aux:codigoUnidOrcamentaria>010100</aux:codigoUnidOrcamentaria>
    <aux:numeroAtoQueNomeGestor>
      <gen:numero>000001</gen:numero>
      <gen:ano>2021</gen:ano>
    </aux:numeroAtoQueNomeGestor>
    <aux:tipoDataVigencia>1</aux:tipoDataVigencia>
    <aux:dataInicOuFimVigencia>2021-01-01</aux:dataInicOuFimVigencia>
  </aux:Gestor>
  <aux:Gestor>
    <aux:cpfAgenPolitico>82423784368</aux:cpfAgenPolitico>
    <aux:codigoUnidOrcamentaria>020100</aux:codigoUnidOrcamentaria>
    <aux:numeroAtoQueNomeGestor>
      <gen:numero>000001</gen:numero>
      <gen:ano>2021</gen:ano>
    </aux:numeroAtoQueNomeGestor>
    <aux:tipoDataVigencia>1</aux:tipoDataVigencia>
    <aux:dataInicOuFimVigencia>2021-01-01</aux:dataInicOuFimVigencia>
  </aux:Gestor>
  <aux:Gestor>
    <aux:cpfAgenPolitico>82423784368</aux:cpfAgenPolitico>
    <aux:codigoUnidOrcamentaria>020200</aux:codigoUnidOrcamentaria>
    <aux:numeroAtoQueNomeGestor>
      <gen:numero>000001</gen:numero>
      <gen:ano>2021</gen:ano>
    </aux:numeroAtoQueNomeGestor>
    <aux:tipoDataVigencia>1</aux:tipoDataVigencia>
    <aux:dataInicOuFimVigencia>2021-01-01</aux:dataInicOuFimVigencia>
  </aux:Gestor>
  <aux:Gestor>
    <aux:cpfAgenPolitico>82423784368</aux:cpfAgenPolitico>
    <aux:codigoUnidOrcamentaria>020300</aux:codigoUnidOrcamentaria>
    <aux:numeroAtoQueNomeGestor>
      <gen:numero>000001</gen:numero>
      <gen:ano>2021</gen:ano>
    </aux:numeroAtoQueNomeGestor>
    <aux:tipoDataVigencia>1</aux:tipoDataVigencia>
    <aux:dataInicOuFimVigencia>2021-01-01</aux:dataInicOuFimVigencia>
  </aux:Gestor>
  <aux:Gestor>
    <aux:cpfAgenPolitico>47363088349</aux:cpfAgenPolitico>
    <aux:codigoUnidOrcamentaria>020301</aux:codigoUnidOrcamentaria>
    <aux:numeroAtoQueNomeGestor>
      <gen:numero>000001</gen:numero>
      <gen:ano>2021</gen:ano>
    </aux:numeroAtoQueNomeGestor>
    <aux:tipoDataVigencia>1</aux:tipoDataVigencia>
    <aux:dataInicOuFimVigencia>2021-01-01</aux:dataInicOuFimVigencia>
  </aux:Gestor>
  <aux:Gestor>
    <aux:cpfAgenPolitico>02050736380</aux:cpfAgenPolitico>
    <aux:codigoUnidOrcamentaria>020401</aux:codigoUnidOrcamentaria>
    <aux:numeroAtoQueNomeGestor>
      <gen:numero>000001</gen:numero>
      <gen:ano>2021</gen:ano>
    </aux:numeroAtoQueNomeGestor>
    <aux:tipoDataVigencia>1</aux:tipoDataVigencia>
    <aux:dataInicOuFimVigencia>2021-01-01</aux:dataInicOuFimVigencia>
  </aux:Gestor>
  <aux:Gestor>
    <aux:cpfAgenPolitico>82423784368</aux:cpfAgenPolitico>
    <aux:codigoUnidOrcamentaria>020500</aux:codigoUnidOrcamentaria>
    <aux:numeroAtoQueNomeGestor>
      <gen:numero>000001</gen:numero>
      <gen:ano>2021</gen:ano>
    </aux:numeroAtoQueNomeGestor>
    <aux:tipoDataVigencia>1</aux:tipoDataVigencia>
    <aux:dataInicOuFimVigencia>2021-01-01</aux:dataInicOuFimVigencia>
  </aux:Gestor>
  <aux:Gestor>
    <aux:cpfAgenPolitico>88729850304</aux:cpfAgenPolitico>
    <aux:codigoUnidOrcamentaria>020501</aux:codigoUnidOrcamentaria>
    <aux:numeroAtoQueNomeGestor>
      <gen:numero>000001</gen:numero>
      <gen:ano>2021</gen:ano>
    </aux:numeroAtoQueNomeGestor>
    <aux:tipoDataVigencia>1</aux:tipoDataVigencia>
    <aux:dataInicOuFimVigencia>2021-01-01</aux:dataInicOuFimVigencia>
  </aux:Gestor>
  <aux:Gestor>
    <aux:cpfAgenPolitico>82423784368</aux:cpfAgenPolitico>
    <aux:codigoUnidOrcamentaria>020600</aux:codigoUnidOrcamentaria>
    <aux:numeroAtoQueNomeGestor>
      <gen:numero>000001</gen:numero>
      <gen:ano>2021</gen:ano>
    </aux:numeroAtoQueNomeGestor>
    <aux:tipoDataVigencia>1</aux:tipoDataVigencia>
    <aux:dataInicOuFimVigencia>2021-01-01</aux:dataInicOuFimVigencia>
  </aux:Gestor>
  <aux:Gestor>
    <aux:cpfAgenPolitico>82423784368</aux:cpfAgenPolitico>
    <aux:codigoUnidOrcamentaria>020700</aux:codigoUnidOrcamentaria>
    <aux:numeroAtoQueNomeGestor>
      <gen:numero>000001</gen:numero>
      <gen:ano>2021</gen:ano>
    </aux:numeroAtoQueNomeGestor>
    <aux:tipoDataVigencia>1</aux:tipoDataVigencia>
    <aux:dataInicOuFimVigencia>2021-01-01</aux:dataInicOuFimVigencia>
  </aux:Gestor>
  <aux:Gestor>
    <aux:cpfAgenPolitico>82423784368</aux:cpfAgenPolitico>
    <aux:codigoUnidOrcamentaria>020800</aux:codigoUnidOrcamentaria>
    <aux:numeroAtoQueNomeGestor>
      <gen:numero>000001</gen:numero>
      <gen:ano>2021</gen:ano>
    </aux:numeroAtoQueNomeGestor>
    <aux:tipoDataVigencia>1</aux:tipoDataVigencia>
    <aux:dataInicOuFimVigencia>2021-01-01</aux:dataInicOuFimVigencia>
  </aux:Gestor>
  <aux:Gestor>
    <aux:cpfAgenPolitico>82423784368</aux:cpfAgenPolitico>
    <aux:codigoUnidOrcamentaria>020900</aux:codigoUnidOrcamentaria>
    <aux:numeroAtoQueNomeGestor>
      <gen:numero>000001</gen:numero>
      <gen:ano>2021</gen:ano>
    </aux:numeroAtoQueNomeGestor>
    <aux:tipoDataVigencia>1</aux:tipoDataVigencia>
    <aux:dataInicOuFimVigencia>2021-01-01</aux:dataInicOuFimVigencia>
  </aux:Gestor>
  <aux:Gestor>
    <aux:cpfAgenPolitico>82423784368</aux:cpfAgenPolitico>
    <aux:codigoUnidOrcamentaria>021000</aux:codigoUnidOrcamentaria>
    <aux:numeroAtoQueNomeGestor>
      <gen:numero>000001</gen:numero>
      <gen:ano>2021</gen:ano>
    </aux:numeroAtoQueNomeGestor>
    <aux:tipoDataVigencia>1</aux:tipoDataVigencia>
    <aux:dataInicOuFimVigencia>2021-01-01</aux:dataInicOuFimVigencia>
  </aux:Gestor>
  <aux:Gestor>
    <aux:cpfAgenPolitico>82423784368</aux:cpfAgenPolitico>
    <aux:codigoUnidOrcamentaria>021200</aux:codigoUnidOrcamentaria>
    <aux:numeroAtoQueNomeGestor>
      <gen:numero>000001</gen:numero>
      <gen:ano>2021</gen:ano>
    </aux:numeroAtoQueNomeGestor>
    <aux:tipoDataVigencia>1</aux:tipoDataVigencia>
    <aux:dataInicOuFimVigencia>2021-01-01</aux:dataInicOuFimVigencia>
  </aux:Gestor>
  <aux:Gestor>
    <aux:cpfAgenPolitico>82423784368</aux:cpfAgenPolitico>
    <aux:codigoUnidOrcamentaria>909999</aux:codigoUnidOrcamentaria>
    <aux:numeroAtoQueNomeGestor>
      <gen:numero>000001</gen:numero>
      <gen:ano>2021</gen:ano>
    </aux:numeroAtoQueNomeGestor>
    <aux:tipoDataVigencia>1</aux:tipoDataVigencia>
    <aux:dataInicOuFimVigencia>2021-01-01</aux:dataInicOuFimVigencia>
  </aux:Gestor>
</aux:CadastrosAuxiliares>
