<?xml version="1.0" encoding="utf-8"?>
<!--FIORILLI SOC. CIVIL LTDA - SOFTWARE-->
<!--ENVIADO POR: Wesley Oliveira-->
<!--VERSAO TCE-PI: 8.25.25.204-->
<!--VERSAO DIARIO RAZAO: 8.25.25.2342-->
<!--VERSAO EVENTOS: 2592-->
<emp:EmpenhoseRP xmlns:emp="http://www.tce.pi.gov.br/sagres2022/xml/empenhoseRP" xmlns:gen="http://www.tce.pi.gov.br/sagres2022/xml/genericos" xmlns:tab="http://www.tce.pi.gov.br/sagres2022/xml/tabelasInternas" xmlns:aux="http://www.tce.pi.gov.br/sagres2022/xml/cadastrosAuxiliares">
  <emp:PrestacaoContas>
    <aux:codigoUnidGestora>101017</aux:codigoUnidGestora>
    <aux:nomeUnidGestora>CAMARA MUNICIPAL DE AVELINO LOPES</aux:nomeUnidGestora>
    <aux:cpfContador>27675215893</aux:cpfContador>
    <aux:cpfGestor>00545524512</aux:cpfGestor>
    <aux:anoReferencia>2022</aux:anoReferencia>
    <aux:mesReferencia>10</aux:mesReferencia>
    <aux:versaoXml>0</aux:versaoXml>
    <aux:diaInicPresContas>01</aux:diaInicPresContas>
    <aux:diaFinaPresContas>31</aux:diaFinaPresContas>
  </emp:PrestacaoContas>
  <emp:Empenho>
    <emp:codigoUnidOrcamentaria>010100</emp:codigoUnidOrcamentaria>
    <emp:codigoFuncao>1</emp:codigoFuncao>
    <emp:codigoSubFuncao>031</emp:codigoSubFuncao>
    <emp:codigoPrograma>0001</emp:codigoPrograma>
    <emp:codigoAcao>2001</emp:codigoAcao>
    <emp:codigoCateEconomica>3</emp:codigoCateEconomica>
    <emp:codigoNatuDespesa>1</emp:codigoNatuDespesa>
    <emp:codigoModaAplicacao>90</emp:codigoModaAplicacao>
    <emp:codigoElemDespesa>11</emp:codigoElemDespesa>
    <emp:fonteRecurso>
      <gen:ioc>1</gen:ioc>
      <gen:tipoFontRecurso>500</gen:tipoFontRecurso>
      <gen:tipoCompFontRecurso>9999</gen:tipoCompFontRecurso>
    </emp:fonteRecurso>
    <emp:codigoSubeDespesa>1143</emp:codigoSubeDespesa>
    <emp:anoEmisEmpenho>2022</emp:anoEmisEmpenho>
    <emp:numeroEmpenho>1017001</emp:numeroEmpenho>
    <emp:dataEmisEmpenho>2022-10-17</emp:dataEmisEmpenho>
    <emp:historicoEmpenho>VALOR EMPENHADO DESTINADO AO PAGAMENTO DE 13° DE FUNCIONARIOS DESTE ORGAO LEGISTATIVO.</emp:historicoEmpenho>
    <emp:cpfOrdeDespesa>00545524512</emp:cpfOrdeDespesa>
    <emp:cpfCnpjCredor>00000000000000</emp:cpfCnpjCredor>
    <emp:codigoAplicacao>999</emp:codigoAplicacao>
    <emp:tipoEmpenho>1</emp:tipoEmpenho>
    <emp:valorEmpenho>0000000003636.00</emp:valorEmpenho>
    <emp:numeroContTce></emp:numeroContTce>
  </emp:Empenho>
  <emp:Empenho>
    <emp:codigoUnidOrcamentaria>010100</emp:codigoUnidOrcamentaria>
    <emp:codigoFuncao>1</emp:codigoFuncao>
    <emp:codigoSubFuncao>031</emp:codigoSubFuncao>
    <emp:codigoPrograma>0001</emp:codigoPrograma>
    <emp:codigoAcao>2001</emp:codigoAcao>
    <emp:codigoCateEconomica>3</emp:codigoCateEconomica>
    <emp:codigoNatuDespesa>1</emp:codigoNatuDespesa>
    <emp:codigoModaAplicacao>90</emp:codigoModaAplicacao>
    <emp:codigoElemDespesa>11</emp:codigoElemDespesa>
    <emp:fonteRecurso>
      <gen:ioc>1</gen:ioc>
      <gen:tipoFontRecurso>500</gen:tipoFontRecurso>
      <gen:tipoCompFontRecurso>9999</gen:tipoCompFontRecurso>
    </emp:fonteRecurso>
    <emp:codigoSubeDespesa>1143</emp:codigoSubeDespesa>
    <emp:anoEmisEmpenho>2022</emp:anoEmisEmpenho>
    <emp:numeroEmpenho>1017002</emp:numeroEmpenho>
    <emp:dataEmisEmpenho>2022-10-17</emp:dataEmisEmpenho>
    <emp:historicoEmpenho>VALOR EMPENHADO DESTINADO AO PAGAMENTO DE 13° DE FUNCIONARIOS DESTE ORGAO LEGISTATIVO.</emp:historicoEmpenho>
    <emp:cpfOrdeDespesa>00545524512</emp:cpfOrdeDespesa>
    <emp:cpfCnpjCredor>00000000000000</emp:cpfCnpjCredor>
    <emp:codigoAplicacao>999</emp:codigoAplicacao>
    <emp:tipoEmpenho>1</emp:tipoEmpenho>
    <emp:valorEmpenho>0000000001212.00</emp:valorEmpenho>
    <emp:numeroContTce></emp:numeroContTce>
  </emp:Empenho>
  <emp:Empenho>
    <emp:codigoUnidOrcamentaria>010100</emp:codigoUnidOrcamentaria>
    <emp:codigoFuncao>1</emp:codigoFuncao>
    <emp:codigoSubFuncao>031</emp:codigoSubFuncao>
    <emp:codigoPrograma>0001</emp:codigoPrograma>
    <emp:codigoAcao>2001</emp:codigoAcao>
    <emp:codigoCateEconomica>3</emp:codigoCateEconomica>
    <emp:codigoNatuDespesa>3</emp:codigoNatuDespesa>
    <emp:codigoModaAplicacao>90</emp:codigoModaAplicacao>
    <emp:codigoElemDespesa>36</emp:codigoElemDespesa>
    <emp:fonteRecurso>
      <gen:ioc>1</gen:ioc>
      <gen:tipoFontRecurso>500</gen:tipoFontRecurso>
      <gen:tipoCompFontRecurso>9999</gen:tipoCompFontRecurso>
    </emp:fonteRecurso>
    <emp:codigoSubeDespesa>3622</emp:codigoSubeDespesa>
    <emp:anoEmisEmpenho>2022</emp:anoEmisEmpenho>
    <emp:numeroEmpenho>1020001</emp:numeroEmpenho>
    <emp:dataEmisEmpenho>2022-10-20</emp:dataEmisEmpenho>
    <emp:historicoEmpenho>VALOR EMPENHADO PARA PAGAMENTO REFERENTE A SERVICO PRESTADO COMO AUXILIAR DE SERVICOS GERAIS NA CAMARA MUNICIPAL DE AVELINO LOPES-PI.</emp:historicoEmpenho>
    <emp:cpfOrdeDespesa>00545524512</emp:cpfOrdeDespesa>
    <emp:cpfCnpjCredor>07149716342</emp:cpfCnpjCredor>
    <emp:codigoAplicacao>999</emp:codigoAplicacao>
    <emp:tipoEmpenho>1</emp:tipoEmpenho>
    <emp:valorEmpenho>0000000001212.00</emp:valorEmpenho>
    <emp:numeroContTce></emp:numeroContTce>
  </emp:Empenho>
  <emp:Empenho>
    <emp:codigoUnidOrcamentaria>010100</emp:codigoUnidOrcamentaria>
    <emp:codigoFuncao>1</emp:codigoFuncao>
    <emp:codigoSubFuncao>031</emp:codigoSubFuncao>
    <emp:codigoPrograma>0001</emp:codigoPrograma>
    <emp:codigoAcao>2001</emp:codigoAcao>
    <emp:codigoCateEconomica>3</emp:codigoCateEconomica>
    <emp:codigoNatuDespesa>3</emp:codigoNatuDespesa>
    <emp:codigoModaAplicacao>90</emp:codigoModaAplicacao>
    <emp:codigoElemDespesa>36</emp:codigoElemDespesa>
    <emp:fonteRecurso>
      <gen:ioc>1</gen:ioc>
      <gen:tipoFontRecurso>500</gen:tipoFontRecurso>
      <gen:tipoCompFontRecurso>9999</gen:tipoCompFontRecurso>
    </emp:fonteRecurso>
    <emp:codigoSubeDespesa>3620</emp:codigoSubeDespesa>
    <emp:anoEmisEmpenho>2022</emp:anoEmisEmpenho>
    <emp:numeroEmpenho>1020002</emp:numeroEmpenho>
    <emp:dataEmisEmpenho>2022-10-20</emp:dataEmisEmpenho>
    <emp:historicoEmpenho>VALOR EMPENHADO PARA PAGAMENTO REFERENTE A SERVICO DE CONFECCAO DE SALGADOS, BOLOS E DOCES PARA A CAMARA MUNICIPAL DE AVELINO LOPES.</emp:historicoEmpenho>
    <emp:cpfOrdeDespesa>00545524512</emp:cpfOrdeDespesa>
    <emp:cpfCnpjCredor>00983651345</emp:cpfCnpjCredor>
    <emp:codigoAplicacao>999</emp:codigoAplicacao>
    <emp:tipoEmpenho>1</emp:tipoEmpenho>
    <emp:valorEmpenho>0000000001500.00</emp:valorEmpenho>
    <emp:numeroContTce></emp:numeroContTce>
  </emp:Empenho>
  <emp:Empenho>
    <emp:codigoUnidOrcamentaria>010100</emp:codigoUnidOrcamentaria>
    <emp:codigoFuncao>1</emp:codigoFuncao>
    <emp:codigoSubFuncao>031</emp:codigoSubFuncao>
    <emp:codigoPrograma>0001</emp:codigoPrograma>
    <emp:codigoAcao>2001</emp:codigoAcao>
    <emp:codigoCateEconomica>3</emp:codigoCateEconomica>
    <emp:codigoNatuDespesa>3</emp:codigoNatuDespesa>
    <emp:codigoModaAplicacao>90</emp:codigoModaAplicacao>
    <emp:codigoElemDespesa>39</emp:codigoElemDespesa>
    <emp:fonteRecurso>
      <gen:ioc>1</gen:ioc>
      <gen:tipoFontRecurso>500</gen:tipoFontRecurso>
      <gen:tipoCompFontRecurso>9999</gen:tipoCompFontRecurso>
    </emp:fonteRecurso>
    <emp:codigoSubeDespesa>3959</emp:codigoSubeDespesa>
    <emp:anoEmisEmpenho>2022</emp:anoEmisEmpenho>
    <emp:numeroEmpenho>1020003</emp:numeroEmpenho>
    <emp:dataEmisEmpenho>2022-10-20</emp:dataEmisEmpenho>
    <emp:historicoEmpenho>VALOR EMPENHADO PARA PAGAMENTO REFERENTE A TARIFA BANCARIA, CONFORME EXTRATO EM ANEXO.</emp:historicoEmpenho>
    <emp:cpfOrdeDespesa>00545524512</emp:cpfOrdeDespesa>
    <emp:cpfCnpjCredor>00000000144940</emp:cpfCnpjCredor>
    <emp:codigoAplicacao>999</emp:codigoAplicacao>
    <emp:tipoEmpenho>1</emp:tipoEmpenho>
    <emp:valorEmpenho>0000000000110.00</emp:valorEmpenho>
    <emp:numeroContTce></emp:numeroContTce>
  </emp:Empenho>
  <emp:Empenho>
    <emp:codigoUnidOrcamentaria>010100</emp:codigoUnidOrcamentaria>
    <emp:codigoFuncao>1</emp:codigoFuncao>
    <emp:codigoSubFuncao>031</emp:codigoSubFuncao>
    <emp:codigoPrograma>0001</emp:codigoPrograma>
    <emp:codigoAcao>2001</emp:codigoAcao>
    <emp:codigoCateEconomica>3</emp:codigoCateEconomica>
    <emp:codigoNatuDespesa>3</emp:codigoNatuDespesa>
    <emp:codigoModaAplicacao>90</emp:codigoModaAplicacao>
    <emp:codigoElemDespesa>30</emp:codigoElemDespesa>
    <emp:fonteRecurso>
      <gen:ioc>1</gen:ioc>
      <gen:tipoFontRecurso>500</gen:tipoFontRecurso>
      <gen:tipoCompFontRecurso>9999</gen:tipoCompFontRecurso>
    </emp:fonteRecurso>
    <emp:codigoSubeDespesa>3007</emp:codigoSubeDespesa>
    <emp:anoEmisEmpenho>2022</emp:anoEmisEmpenho>
    <emp:numeroEmpenho>1021001</emp:numeroEmpenho>
    <emp:dataEmisEmpenho>2022-10-21</emp:dataEmisEmpenho>
    <emp:historicoEmpenho>VALOR EMPENHADO PARA PAGAMENTO REFERENTE A AQUISICAO DE GENEROS ALIMENTICIOS PARA USO DESTE ORGAO.</emp:historicoEmpenho>
    <emp:cpfOrdeDespesa>00545524512</emp:cpfOrdeDespesa>
    <emp:cpfCnpjCredor>07700399000162</emp:cpfCnpjCredor>
    <emp:codigoAplicacao>999</emp:codigoAplicacao>
    <emp:tipoEmpenho>1</emp:tipoEmpenho>
    <emp:valorEmpenho>0000000000585.50</emp:valorEmpenho>
    <emp:numeroContTce></emp:numeroContTce>
  </emp:Empenho>
  <emp:Empenho>
    <emp:codigoUnidOrcamentaria>010100</emp:codigoUnidOrcamentaria>
    <emp:codigoFuncao>1</emp:codigoFuncao>
    <emp:codigoSubFuncao>031</emp:codigoSubFuncao>
    <emp:codigoPrograma>0001</emp:codigoPrograma>
    <emp:codigoAcao>2001</emp:codigoAcao>
    <emp:codigoCateEconomica>3</emp:codigoCateEconomica>
    <emp:codigoNatuDespesa>3</emp:codigoNatuDespesa>
    <emp:codigoModaAplicacao>90</emp:codigoModaAplicacao>
    <emp:codigoElemDespesa>36</emp:codigoElemDespesa>
    <emp:fonteRecurso>
      <gen:ioc>1</gen:ioc>
      <gen:tipoFontRecurso>500</gen:tipoFontRecurso>
      <gen:tipoCompFontRecurso>9999</gen:tipoCompFontRecurso>
    </emp:fonteRecurso>
    <emp:codigoSubeDespesa>3606</emp:codigoSubeDespesa>
    <emp:anoEmisEmpenho>2022</emp:anoEmisEmpenho>
    <emp:numeroEmpenho>1021002</emp:numeroEmpenho>
    <emp:dataEmisEmpenho>2022-10-21</emp:dataEmisEmpenho>
    <emp:historicoEmpenho>VALOR EMPENHADO PARA PAGAMENTO REFERENTE A MANUTENCAO DE COMPUTADORES,MANUTENCAO DE IMPRESSORA E FORNECIMENTO DE INTERNET.</emp:historicoEmpenho>
    <emp:cpfOrdeDespesa>00545524512</emp:cpfOrdeDespesa>
    <emp:cpfCnpjCredor>01453379363</emp:cpfCnpjCredor>
    <emp:codigoAplicacao>999</emp:codigoAplicacao>
    <emp:tipoEmpenho>1</emp:tipoEmpenho>
    <emp:valorEmpenho>0000000000400.00</emp:valorEmpenho>
    <emp:numeroContTce></emp:numeroContTce>
  </emp:Empenho>
  <emp:Empenho>
    <emp:codigoUnidOrcamentaria>010100</emp:codigoUnidOrcamentaria>
    <emp:codigoFuncao>1</emp:codigoFuncao>
    <emp:codigoSubFuncao>031</emp:codigoSubFuncao>
    <emp:codigoPrograma>0001</emp:codigoPrograma>
    <emp:codigoAcao>2001</emp:codigoAcao>
    <emp:codigoCateEconomica>3</emp:codigoCateEconomica>
    <emp:codigoNatuDespesa>3</emp:codigoNatuDespesa>
    <emp:codigoModaAplicacao>90</emp:codigoModaAplicacao>
    <emp:codigoElemDespesa>14</emp:codigoElemDespesa>
    <emp:fonteRecurso>
      <gen:ioc>1</gen:ioc>
      <gen:tipoFontRecurso>500</gen:tipoFontRecurso>
      <gen:tipoCompFontRecurso>9999</gen:tipoCompFontRecurso>
    </emp:fonteRecurso>
    <emp:codigoSubeDespesa>1401</emp:codigoSubeDespesa>
    <emp:anoEmisEmpenho>2022</emp:anoEmisEmpenho>
    <emp:numeroEmpenho>1021003</emp:numeroEmpenho>
    <emp:dataEmisEmpenho>2022-10-21</emp:dataEmisEmpenho>
    <emp:historicoEmpenho>VALOR EMPENHADO PARA PAGAMENTO REFERENTE A DIARIAS A VEREADORES DESTE ORGAO.</emp:historicoEmpenho>
    <emp:cpfOrdeDespesa>00545524512</emp:cpfOrdeDespesa>
    <emp:cpfCnpjCredor>02211192300</emp:cpfCnpjCredor>
    <emp:codigoAplicacao>999</emp:codigoAplicacao>
    <emp:tipoEmpenho>1</emp:tipoEmpenho>
    <emp:valorEmpenho>0000000001696.80</emp:valorEmpenho>
    <emp:numeroContTce></emp:numeroContTce>
  </emp:Empenho>
  <emp:Empenho>
    <emp:codigoUnidOrcamentaria>010100</emp:codigoUnidOrcamentaria>
    <emp:codigoFuncao>1</emp:codigoFuncao>
    <emp:codigoSubFuncao>031</emp:codigoSubFuncao>
    <emp:codigoPrograma>0001</emp:codigoPrograma>
    <emp:codigoAcao>2001</emp:codigoAcao>
    <emp:codigoCateEconomica>3</emp:codigoCateEconomica>
    <emp:codigoNatuDespesa>3</emp:codigoNatuDespesa>
    <emp:codigoModaAplicacao>90</emp:codigoModaAplicacao>
    <emp:codigoElemDespesa>14</emp:codigoElemDespesa>
    <emp:fonteRecurso>
      <gen:ioc>1</gen:ioc>
      <gen:tipoFontRecurso>500</gen:tipoFontRecurso>
      <gen:tipoCompFontRecurso>9999</gen:tipoCompFontRecurso>
    </emp:fonteRecurso>
    <emp:codigoSubeDespesa>1401</emp:codigoSubeDespesa>
    <emp:anoEmisEmpenho>2022</emp:anoEmisEmpenho>
    <emp:numeroEmpenho>1021004</emp:numeroEmpenho>
    <emp:dataEmisEmpenho>2022-10-21</emp:dataEmisEmpenho>
    <emp:historicoEmpenho>VALOR EMPENHADO PARA PAGAMENTO DE DIARIA DE VIAGEM A SERVICOS DESTE ORGAO.</emp:historicoEmpenho>
    <emp:cpfOrdeDespesa>00545524512</emp:cpfOrdeDespesa>
    <emp:cpfCnpjCredor>45183350310</emp:cpfCnpjCredor>
    <emp:codigoAplicacao>999</emp:codigoAplicacao>
    <emp:tipoEmpenho>1</emp:tipoEmpenho>
    <emp:valorEmpenho>0000000002545.20</emp:valorEmpenho>
    <emp:numeroContTce></emp:numeroContTce>
  </emp:Empenho>
  <emp:Empenho>
    <emp:codigoUnidOrcamentaria>010100</emp:codigoUnidOrcamentaria>
    <emp:codigoFuncao>1</emp:codigoFuncao>
    <emp:codigoSubFuncao>031</emp:codigoSubFuncao>
    <emp:codigoPrograma>0001</emp:codigoPrograma>
    <emp:codigoAcao>2001</emp:codigoAcao>
    <emp:codigoCateEconomica>3</emp:codigoCateEconomica>
    <emp:codigoNatuDespesa>3</emp:codigoNatuDespesa>
    <emp:codigoModaAplicacao>90</emp:codigoModaAplicacao>
    <emp:codigoElemDespesa>14</emp:codigoElemDespesa>
    <emp:fonteRecurso>
      <gen:ioc>1</gen:ioc>
      <gen:tipoFontRecurso>500</gen:tipoFontRecurso>
      <gen:tipoCompFontRecurso>9999</gen:tipoCompFontRecurso>
    </emp:fonteRecurso>
    <emp:codigoSubeDespesa>1401</emp:codigoSubeDespesa>
    <emp:anoEmisEmpenho>2022</emp:anoEmisEmpenho>
    <emp:numeroEmpenho>1021005</emp:numeroEmpenho>
    <emp:dataEmisEmpenho>2022-10-21</emp:dataEmisEmpenho>
    <emp:historicoEmpenho>VALOR EMPENHADO PARA PAGAMENTO REFERENTE A DIARIAS A FUNCIONARIO DESTE ORGAO.</emp:historicoEmpenho>
    <emp:cpfOrdeDespesa>00545524512</emp:cpfOrdeDespesa>
    <emp:cpfCnpjCredor>44542538893</emp:cpfCnpjCredor>
    <emp:codigoAplicacao>999</emp:codigoAplicacao>
    <emp:tipoEmpenho>1</emp:tipoEmpenho>
    <emp:valorEmpenho>0000000003393.60</emp:valorEmpenho>
    <emp:numeroContTce></emp:numeroContTce>
  </emp:Empenho>
  <emp:Empenho>
    <emp:codigoUnidOrcamentaria>010100</emp:codigoUnidOrcamentaria>
    <emp:codigoFuncao>1</emp:codigoFuncao>
    <emp:codigoSubFuncao>031</emp:codigoSubFuncao>
    <emp:codigoPrograma>0001</emp:codigoPrograma>
    <emp:codigoAcao>2001</emp:codigoAcao>
    <emp:codigoCateEconomica>3</emp:codigoCateEconomica>
    <emp:codigoNatuDespesa>3</emp:codigoNatuDespesa>
    <emp:codigoModaAplicacao>90</emp:codigoModaAplicacao>
    <emp:codigoElemDespesa>39</emp:codigoElemDespesa>
    <emp:fonteRecurso>
      <gen:ioc>1</gen:ioc>
      <gen:tipoFontRecurso>500</gen:tipoFontRecurso>
      <gen:tipoCompFontRecurso>9999</gen:tipoCompFontRecurso>
    </emp:fonteRecurso>
    <emp:codigoSubeDespesa>3959</emp:codigoSubeDespesa>
    <emp:anoEmisEmpenho>2022</emp:anoEmisEmpenho>
    <emp:numeroEmpenho>1021006</emp:numeroEmpenho>
    <emp:dataEmisEmpenho>2022-10-21</emp:dataEmisEmpenho>
    <emp:historicoEmpenho>VALOR EMPENHADO PARA PAGAMENTO REFERENTE A TARIFA BANCARIA, CONFORME EXTRATO EM ANEXO.</emp:historicoEmpenho>
    <emp:cpfOrdeDespesa>00545524512</emp:cpfOrdeDespesa>
    <emp:cpfCnpjCredor>00000000144940</emp:cpfCnpjCredor>
    <emp:codigoAplicacao>999</emp:codigoAplicacao>
    <emp:tipoEmpenho>1</emp:tipoEmpenho>
    <emp:valorEmpenho>0000000000022.00</emp:valorEmpenho>
    <emp:numeroContTce></emp:numeroContTce>
  </emp:Empenho>
  <emp:Retencao>
    <emp:codigoUnidOrcamentaria>010100</emp:codigoUnidOrcamentaria>
    <emp:anoEmisEmpenho>2022</emp:anoEmisEmpenho>
    <emp:numeroEmpenho>0118001</emp:numeroEmpenho>
    <emp:numeroDocuLiquidacao>0000010</emp:numeroDocuLiquidacao>
    <emp:tipoRetencao>2</emp:tipoRetencao>
    <emp:tipoOrigRetencao>2</emp:tipoOrigRetencao>
    <emp:cpfCnpjCredor>06554281000100</emp:cpfCnpjCredor>
    <emp:valorRetencao>0000000003617.23</emp:valorRetencao>
  </emp:Retencao>
  <emp:Retencao>
    <emp:codigoUnidOrcamentaria>010100</emp:codigoUnidOrcamentaria>
    <emp:anoEmisEmpenho>2022</emp:anoEmisEmpenho>
    <emp:numeroEmpenho>0118001</emp:numeroEmpenho>
    <emp:numeroDocuLiquidacao>0000010</emp:numeroDocuLiquidacao>
    <emp:tipoRetencao>9</emp:tipoRetencao>
    <emp:tipoOrigRetencao>2</emp:tipoOrigRetencao>
    <emp:cpfCnpjCredor>06554281000100</emp:cpfCnpjCredor>
    <emp:valorRetencao>0000000005203.53</emp:valorRetencao>
  </emp:Retencao>
  <emp:Retencao>
    <emp:codigoUnidOrcamentaria>010100</emp:codigoUnidOrcamentaria>
    <emp:anoEmisEmpenho>2022</emp:anoEmisEmpenho>
    <emp:numeroEmpenho>0118001</emp:numeroEmpenho>
    <emp:numeroDocuLiquidacao>0000010</emp:numeroDocuLiquidacao>
    <emp:tipoRetencao>18</emp:tipoRetencao>
    <emp:tipoOrigRetencao>2</emp:tipoOrigRetencao>
    <emp:cpfCnpjCredor>06554281000100</emp:cpfCnpjCredor>
    <emp:valorRetencao>0000000012330.12</emp:valorRetencao>
  </emp:Retencao>
  <emp:Retencao>
    <emp:codigoUnidOrcamentaria>010100</emp:codigoUnidOrcamentaria>
    <emp:anoEmisEmpenho>2022</emp:anoEmisEmpenho>
    <emp:numeroEmpenho>0118001</emp:numeroEmpenho>
    <emp:numeroDocuLiquidacao>0000010</emp:numeroDocuLiquidacao>
    <emp:tipoRetencao>19</emp:tipoRetencao>
    <emp:tipoOrigRetencao>2</emp:tipoOrigRetencao>
    <emp:cpfCnpjCredor>06554281000100</emp:cpfCnpjCredor>
    <emp:valorRetencao>0000000001129.12</emp:valorRetencao>
  </emp:Retencao>
  <emp:Retencao>
    <emp:codigoUnidOrcamentaria>010100</emp:codigoUnidOrcamentaria>
    <emp:anoEmisEmpenho>2022</emp:anoEmisEmpenho>
    <emp:numeroEmpenho>0118003</emp:numeroEmpenho>
    <emp:numeroDocuLiquidacao>0000010</emp:numeroDocuLiquidacao>
    <emp:tipoRetencao>9</emp:tipoRetencao>
    <emp:tipoOrigRetencao>2</emp:tipoOrigRetencao>
    <emp:cpfCnpjCredor>06554281000100</emp:cpfCnpjCredor>
    <emp:valorRetencao>0000000000305.40</emp:valorRetencao>
  </emp:Retencao>
  <emp:Retencao>
    <emp:codigoUnidOrcamentaria>010100</emp:codigoUnidOrcamentaria>
    <emp:anoEmisEmpenho>2022</emp:anoEmisEmpenho>
    <emp:numeroEmpenho>0118003</emp:numeroEmpenho>
    <emp:numeroDocuLiquidacao>0000010</emp:numeroDocuLiquidacao>
    <emp:tipoRetencao>18</emp:tipoRetencao>
    <emp:tipoOrigRetencao>2</emp:tipoOrigRetencao>
    <emp:cpfCnpjCredor>06554281000100</emp:cpfCnpjCredor>
    <emp:valorRetencao>0000000000412.28</emp:valorRetencao>
  </emp:Retencao>
  <emp:Retencao>
    <emp:codigoUnidOrcamentaria>010100</emp:codigoUnidOrcamentaria>
    <emp:anoEmisEmpenho>2022</emp:anoEmisEmpenho>
    <emp:numeroEmpenho>0118004</emp:numeroEmpenho>
    <emp:numeroDocuLiquidacao>0000010</emp:numeroDocuLiquidacao>
    <emp:tipoRetencao>9</emp:tipoRetencao>
    <emp:tipoOrigRetencao>2</emp:tipoOrigRetencao>
    <emp:cpfCnpjCredor>06554281000100</emp:cpfCnpjCredor>
    <emp:valorRetencao>0000000000090.90</emp:valorRetencao>
  </emp:Retencao>
  <emp:Retencao>
    <emp:codigoUnidOrcamentaria>010100</emp:codigoUnidOrcamentaria>
    <emp:anoEmisEmpenho>2022</emp:anoEmisEmpenho>
    <emp:numeroEmpenho>1017001</emp:numeroEmpenho>
    <emp:numeroDocuLiquidacao>0000001</emp:numeroDocuLiquidacao>
    <emp:tipoRetencao>9</emp:tipoRetencao>
    <emp:tipoOrigRetencao>2</emp:tipoOrigRetencao>
    <emp:cpfCnpjCredor>06554281000100</emp:cpfCnpjCredor>
    <emp:valorRetencao>0000000000272.70</emp:valorRetencao>
  </emp:Retencao>
  <emp:Retencao>
    <emp:codigoUnidOrcamentaria>010100</emp:codigoUnidOrcamentaria>
    <emp:anoEmisEmpenho>2022</emp:anoEmisEmpenho>
    <emp:numeroEmpenho>1017002</emp:numeroEmpenho>
    <emp:numeroDocuLiquidacao>0000001</emp:numeroDocuLiquidacao>
    <emp:tipoRetencao>2</emp:tipoRetencao>
    <emp:tipoOrigRetencao>2</emp:tipoOrigRetencao>
    <emp:cpfCnpjCredor>06554281000100</emp:cpfCnpjCredor>
    <emp:valorRetencao>0000000000090.90</emp:valorRetencao>
  </emp:Retencao>
</emp:EmpenhoseRP>
