<?xml version="1.0" encoding="UTF-8"?><aux:CadastrosAuxiliaresSagresFolha xmlns:aux="http://www.tce.pi.gov.br/sagres2019/xml/cadastrosAuxiliaresSagresFolha" xmlns:gen="http://www.tce.pi.gov.br/sagres2019/xml/genericos" xmlns:tab="http://www.tce.pi.gov.br/sagres2019/xml/tabelasInternas">
    <aux:PrestacaoContas>
        <aux:codigoUnidGestora>201017</aux:codigoUnidGestora>
        <aux:nomeUnidGestora>PREFEITURA MUNICIPAL DE AVELINO LOPES</aux:nomeUnidGestora>
        <aux:cpfContador>72674350334</aux:cpfContador>
        <aux:cpfGestor>64378985853</aux:cpfGestor>
        <aux:anoReferencia>2019</aux:anoReferencia>
        <aux:mesReferencia>6</aux:mesReferencia>
        <aux:versaoXml>19</aux:versaoXml>
        <aux:diaInicPresContas>1</aux:diaInicPresContas>
        <aux:diaFinaPresContas>30</aux:diaFinaPresContas>
    </aux:PrestacaoContas>
   <aux:lotacao>
        <aux:codigoLotacao>000000000020008</aux:codigoLotacao>
        <aux:nomeLotacao>SECRETARIA MUN DE SAUDE - COORD ZOONOSES</aux:nomeLotacao>
        <aux:codigoUnidOrcamentaria>020401</aux:codigoUnidOrcamentaria>
   </aux:lotacao>
   <aux:Servidor>
        <aux:matricula>000000000001508</aux:matricula>
        <aux:cpfServidor>57765596349</aux:cpfServidor>
        <aux:rgServidor>1279426</aux:rgServidor>
        <aux:orgaoExpedidor>SSP</aux:orgaoExpedidor>
                <aux:dataExpeCartDeIdentidade>2012-05-09</aux:dataExpeCartDeIdentidade>
        <aux:nomeServidor>JOARIA PRACA E SILVA SANTOS</aux:nomeServidor>
        <aux:dataNascimento>1974-08-28</aux:dataNascimento>
        <aux:sexo>2</aux:sexo>
        <aux:tituloEleitor>000000000000000</aux:tituloEleitor>
        <aux:tipoEstaCivil>1</aux:tipoEstaCivil>
        <aux:pisPAsep>000016226862220</aux:pisPAsep>
        <aux:numeroOrgaoClasse>00000000</aux:numeroOrgaoClasse>
        <aux:cpfPai>99999999999</aux:cpfPai>
        <aux:nomePai>JONAS RODRIGUES DA SILVA                          </aux:nomePai>
        <aux:cpfMae>99999999999</aux:cpfMae>
        <aux:nomeMae>MARIA DA CONCEICAO PRACA E SILVA                  </aux:nomeMae>
        <aux:tipoCadastro>1</aux:tipoCadastro>
   </aux:Servidor>
</aux:CadastrosAuxiliaresSagresFolha>