<?xml version="1.0" encoding="ISO-8859-1"?>
<!--********************************************-->
<!--* FIORILLI SOFTWARE LTDA                   *-->
<!--* SISTEMA INTEGRADO DE PESSOAL             *-->
<!--* GERADO 22/03/2023 10:08:48               *-->
<!--* VERSAO 7.5.360.34.16212/R                *-->
<!--* USUARIO PC FOLHA                         *-->
<!--* DOMINIO CABECANOTEMPO                    *-->
<!--* NOME PC WIN-3C3PFK9TB18                  *-->
<!--* USUARIO SISTEMA diego                    *-->
<!--********************************************-->
<his:historicos xmlns:his="http://www.tce.pi.gov.br/sagres2022/xml/historicos" xmlns:aux="http://www.tce.pi.gov.br/sagres2022/xml/cadastrosAuxiliaresSagresFolha" xmlns:gen="http://www.tce.pi.gov.br/sagres2022/xml/genericos" xmlns:tab="http://www.tce.pi.gov.br/sagres2022/xml/tabelasInternas">
  <his:PrestacaoContas>
    <aux:codigoUnidGestora>201133</aux:codigoUnidGestora>
    <aux:nomeUnidGestora>P. M. DE MORRO CABECA NO TEMPO</aux:nomeUnidGestora>
    <aux:cpfContador>01340944332</aux:cpfContador>
    <aux:cpfGestor>82387796349</aux:cpfGestor>
    <aux:anoReferencia>2022</aux:anoReferencia>
    <aux:mesReferencia>13</aux:mesReferencia>
    <aux:versaoXml>19</aux:versaoXml>
    <aux:diaInicPresContas>1</aux:diaInicPresContas>
    <aux:diaFinaPresContas>31</aux:diaFinaPresContas>
  </his:PrestacaoContas>
  <his:HistoricoFuncional>
    <his:matricula>000000000000212</his:matricula>
    <his:cpfServidor>07140381305</his:cpfServidor>
    <his:tipoAtoPessoal>93051</his:tipoAtoPessoal>
    <his:dataMoviFuncional>2022-12-20</his:dataMoviFuncional>
    <his:informacoesAlteradas>
      <gen:atoTipo01>
        <gen:codigoCargo>00000068</gen:codigoCargo>
        <gen:codigoLotacao>000000000600002</gen:codigoLotacao>
        <gen:tipoRegiPrevidencia>1</gen:tipoRegiPrevidencia>
        <gen:tipoRegiTrabalho>0</gen:tipoRegiTrabalho>
        <gen:tipoVinculo>1</gen:tipoVinculo>
        <gen:dataNomeacao>2020-01-10</gen:dataNomeacao>
        <gen:dataExercicio>2020-01-10</gen:dataExercicio>
        <gen:dataPosse>2020-01-10</gen:dataPosse>
        <gen:numeroEdital>
          <gen:numero>000000</gen:numero>
          <gen:ano>2022</gen:ano>
        </gen:numeroEdital>
      </gen:atoTipo01>
    </his:informacoesAlteradas>
  </his:HistoricoFuncional>
  <his:HistoricoFuncional>
    <his:matricula>000000000000472</his:matricula>
    <his:cpfServidor>01122803311</his:cpfServidor>
    <his:tipoAtoPessoal>93051</his:tipoAtoPessoal>
    <his:dataMoviFuncional>2022-12-20</his:dataMoviFuncional>
    <his:informacoesAlteradas>
      <gen:atoTipo01>
        <gen:codigoCargo>00000158</gen:codigoCargo>
        <gen:codigoLotacao>000000000400002</gen:codigoLotacao>
        <gen:tipoRegiPrevidencia>1</gen:tipoRegiPrevidencia>
        <gen:tipoRegiTrabalho>0</gen:tipoRegiTrabalho>
        <gen:tipoVinculo>9</gen:tipoVinculo>
        <gen:dataNomeacao>2013-03-13</gen:dataNomeacao>
        <gen:dataExercicio>2013-03-13</gen:dataExercicio>
        <gen:dataPosse>2013-03-13</gen:dataPosse>
        <gen:numeroEdital>
          <gen:numero>000000</gen:numero>
          <gen:ano>2022</gen:ano>
        </gen:numeroEdital>
      </gen:atoTipo01>
    </his:informacoesAlteradas>
  </his:HistoricoFuncional>
  <his:HistoricoFuncional>
    <his:matricula>000000000000474</his:matricula>
    <his:cpfServidor>88729850304</his:cpfServidor>
    <his:tipoAtoPessoal>93051</his:tipoAtoPessoal>
    <his:dataMoviFuncional>2022-12-20</his:dataMoviFuncional>
    <his:informacoesAlteradas>
      <gen:atoTipo01>
        <gen:codigoCargo>00000008</gen:codigoCargo>
        <gen:codigoLotacao>000000000400002</gen:codigoLotacao>
        <gen:tipoRegiPrevidencia>1</gen:tipoRegiPrevidencia>
        <gen:tipoRegiTrabalho>0</gen:tipoRegiTrabalho>
        <gen:tipoVinculo>9</gen:tipoVinculo>
        <gen:dataNomeacao>2013-03-13</gen:dataNomeacao>
        <gen:dataExercicio>2013-03-13</gen:dataExercicio>
        <gen:dataPosse>2013-03-13</gen:dataPosse>
        <gen:numeroEdital>
          <gen:numero>000000</gen:numero>
          <gen:ano>2022</gen:ano>
        </gen:numeroEdital>
      </gen:atoTipo01>
    </his:informacoesAlteradas>
  </his:HistoricoFuncional>
  <his:HistoricoFuncional>
    <his:matricula>000000000000483</his:matricula>
    <his:cpfServidor>94984697334</his:cpfServidor>
    <his:tipoAtoPessoal>93051</his:tipoAtoPessoal>
    <his:dataMoviFuncional>2022-12-20</his:dataMoviFuncional>
    <his:informacoesAlteradas>
      <gen:atoTipo01>
        <gen:codigoCargo>00000006</gen:codigoCargo>
        <gen:codigoLotacao>000000000400002</gen:codigoLotacao>
        <gen:tipoRegiPrevidencia>1</gen:tipoRegiPrevidencia>
        <gen:tipoRegiTrabalho>0</gen:tipoRegiTrabalho>
        <gen:tipoVinculo>9</gen:tipoVinculo>
        <gen:dataNomeacao>2013-03-13</gen:dataNomeacao>
        <gen:dataExercicio>2013-03-13</gen:dataExercicio>
        <gen:dataPosse>2013-03-13</gen:dataPosse>
        <gen:numeroEdital>
          <gen:numero>000000</gen:numero>
          <gen:ano>2022</gen:ano>
        </gen:numeroEdital>
      </gen:atoTipo01>
    </his:informacoesAlteradas>
  </his:HistoricoFuncional>
  <his:HistoricoFuncional>
    <his:matricula>000000000000488</his:matricula>
    <his:cpfServidor>03593652307</his:cpfServidor>
    <his:tipoAtoPessoal>93051</his:tipoAtoPessoal>
    <his:dataMoviFuncional>2022-12-20</his:dataMoviFuncional>
    <his:informacoesAlteradas>
      <gen:atoTipo01>
        <gen:codigoCargo>00000052</gen:codigoCargo>
        <gen:codigoLotacao>000000000400003</gen:codigoLotacao>
        <gen:tipoRegiPrevidencia>1</gen:tipoRegiPrevidencia>
        <gen:tipoRegiTrabalho>0</gen:tipoRegiTrabalho>
        <gen:tipoVinculo>9</gen:tipoVinculo>
        <gen:dataNomeacao>2013-03-13</gen:dataNomeacao>
        <gen:dataExercicio>2013-03-13</gen:dataExercicio>
        <gen:dataPosse>2013-03-13</gen:dataPosse>
        <gen:numeroEdital>
          <gen:numero>000000</gen:numero>
          <gen:ano>2022</gen:ano>
        </gen:numeroEdital>
      </gen:atoTipo01>
    </his:informacoesAlteradas>
  </his:HistoricoFuncional>
</his:historicos>
