<?xml version="1.0" encoding="utf-8"?>
<!--FIORILLI SOC. CIVIL LTDA - SOFTWARE-->
<!--ENVIADO POR: Wesley Oliveira-->
<!--VERSAO TCE-PI: 8.25.25.192-->
<!--VERSAO DIARIO RAZAO: 8.25.25.2286-->
<!--VERSAO EVENTOS: 2521-->
<aux:CadastrosAuxiliares xmlns:aux="http://www.tce.pi.gov.br/sagres2022/xml/cadastrosAuxiliares" xmlns:gen="http://www.tce.pi.gov.br/sagres2022/xml/genericos" xmlns:tab="http://www.tce.pi.gov.br/sagres2022/xml/tabelasInternas">
  <aux:PrestacaoContas>
    <aux:codigoUnidGestora>101017</aux:codigoUnidGestora>
    <aux:nomeUnidGestora>CAMARA MUNICIPAL DE AVELINO LOPES</aux:nomeUnidGestora>
    <aux:cpfContador>27675215893</aux:cpfContador>
    <aux:cpfGestor>00545524512</aux:cpfGestor>
    <aux:anoReferencia>2022</aux:anoReferencia>
    <aux:mesReferencia>04</aux:mesReferencia>
    <aux:versaoXml>0</aux:versaoXml>
    <aux:diaInicPresContas>01</aux:diaInicPresContas>
    <aux:diaFinaPresContas>30</aux:diaFinaPresContas>
  </aux:PrestacaoContas>
  <aux:ConciliacaoBancaria>
    <aux:codigoBanco>000</aux:codigoBanco>
    <aux:codigoAgencia>0000</aux:codigoAgencia>
    <aux:numeroContBancaria>0000000000</aux:numeroContBancaria>
    <aux:tipoContBancaria>0</aux:tipoContBancaria>
    <aux:numeroSequencial>00000085</aux:numeroSequencial>
    <aux:tipoConcBancaria>1</aux:tipoConcBancaria>
    <aux:descricaoSobrValoConciliado>SALDO EM 30 04 2022 CONFORME EXTRATO BANCARIO COMP</aux:descricaoSobrValoConciliado>
    <aux:dataFatoConciliado>2022-04-30</aux:dataFatoConciliado>
    <aux:numeroChequeDocumento>000000</aux:numeroChequeDocumento>
    <aux:numeroDocDebiAutomatico>00000000000</aux:numeroDocDebiAutomatico>
    <aux:valorConciliado>0000000000000.00</aux:valorConciliado>
  </aux:ConciliacaoBancaria>
  <aux:ConciliacaoBancaria>
    <aux:codigoBanco>001</aux:codigoBanco>
    <aux:codigoAgencia>1209</aux:codigoAgencia>
    <aux:numeroContBancaria>0000020532</aux:numeroContBancaria>
    <aux:tipoContBancaria>1</aux:tipoContBancaria>
    <aux:numeroSequencial>00000086</aux:numeroSequencial>
    <aux:tipoConcBancaria>1</aux:tipoConcBancaria>
    <aux:descricaoSobrValoConciliado>SALDO EM 30 04 2022 CONFORME EXTRATO BANCARIO COMP</aux:descricaoSobrValoConciliado>
    <aux:dataFatoConciliado>2022-04-30</aux:dataFatoConciliado>
    <aux:numeroChequeDocumento>000000</aux:numeroChequeDocumento>
    <aux:numeroDocDebiAutomatico>00000000000</aux:numeroDocDebiAutomatico>
    <aux:valorConciliado>0000000000000.00</aux:valorConciliado>
  </aux:ConciliacaoBancaria>
  <aux:Fornecedor>
    <aux:cpfCnpjCredor>02211192300</aux:cpfCnpjCredor>
    <aux:nomeDenoOuRazaJuridica>ANA PAULA DE CARVALHO ALVES BASTOS</aux:nomeDenoOuRazaJuridica>
    <aux:endereco>
      <gen:logradouro>NAO INFORMADO</gen:logradouro>
      <gen:numero>0</gen:numero>
      <gen:complemento>SEM COMPLEMENTO</gen:complemento>
      <gen:bairro>NAO INFORMADO</gen:bairro>
      <gen:numeroCep>64965000</gen:numeroCep>
      <gen:municipio>AVELINO LOPES</gen:municipio>
      <gen:estado>PI</gen:estado>
      <gen:telefoneFixo>NAO INFORMADO</gen:telefoneFixo>
      <gen:telefoneCelular>NAO INFORMADO</gen:telefoneCelular>
    </aux:endereco>
    <aux:tipoCredor>1</aux:tipoCredor>
    <aux:identificadorFornEstrangeiro>00000000000000000000000000000000000000000000</aux:identificadorFornEstrangeiro>
  </aux:Fornecedor>
  <aux:Fornecedor>
    <aux:cpfCnpjCredor>03505670502</aux:cpfCnpjCredor>
    <aux:nomeDenoOuRazaJuridica>EDINEUTON ERMELINO CELSO</aux:nomeDenoOuRazaJuridica>
    <aux:endereco>
      <gen:logradouro>NAO INFORMADO</gen:logradouro>
      <gen:numero>0</gen:numero>
      <gen:complemento>SEM COMPLEMENTO</gen:complemento>
      <gen:bairro>NAO INFORMADO</gen:bairro>
      <gen:numeroCep>64965000</gen:numeroCep>
      <gen:municipio>AVELINO LOPES</gen:municipio>
      <gen:estado>PI</gen:estado>
      <gen:telefoneFixo>NAO INFORMADO</gen:telefoneFixo>
      <gen:telefoneCelular>NAO INFORMADO</gen:telefoneCelular>
    </aux:endereco>
    <aux:tipoCredor>1</aux:tipoCredor>
    <aux:identificadorFornEstrangeiro>00000000000000000000000000000000000000000000</aux:identificadorFornEstrangeiro>
  </aux:Fornecedor>
</aux:CadastrosAuxiliares>
