<?xml version="1.0" encoding="ISO-8859-1"?>
<!--**********************************-->
<!--* FIORILLI SOFTWARE LTDA         *-->
<!--* SISTEMA INTEGRADO DE PESSOAL   *-->
<!--* GERADO 22/11/2021 20:13:13     *-->
<!--* VERSAO 7.5.325.15.15111/R      *-->
<!--* USUARIO CLIENTE                *-->
<!--* DOMINIO DESKTOP-EFAV3O1        *-->
<!--* NOME PC DESKTOP-EFAV3O1        *-->
<!--**********************************-->
<aux:CadastrosAuxiliaresSagresFolha xmlns:fol="http://www.tce.pi.gov.br/sagres2021/xml/folhaPagamento" xmlns:aux="http://www.tce.pi.gov.br/sagres2021/xml/cadastrosAuxiliaresSagresFolha" xmlns:gen="http://www.tce.pi.gov.br/sagres2021/xml/genericos" xmlns:tab="http://www.tce.pi.gov.br/sagres2021/xml/tabelasInternas">
  <aux:PrestacaoContas>
    <aux:codigoUnidGestora>201017</aux:codigoUnidGestora>
    <aux:nomeUnidGestora>P. M. DE AVELINO LOPES</aux:nomeUnidGestora>
    <aux:cpfContador>00000000000</aux:cpfContador>
    <aux:cpfGestor>01726047377</aux:cpfGestor>
    <aux:anoReferencia>2021</aux:anoReferencia>
    <aux:mesReferencia>9</aux:mesReferencia>
    <aux:versaoXml>19</aux:versaoXml>
    <aux:diaInicPresContas>1</aux:diaInicPresContas>
    <aux:diaFinaPresContas>30</aux:diaFinaPresContas>
  </aux:PrestacaoContas>
  <aux:Cargo>
    <aux:codigoCargo>00000407</aux:codigoCargo>
    <aux:nomeDoCargo>SECRETARIO MUNICIPAL DE MEIO AMBIENTE</aux:nomeDoCargo>
    <aux:cargaHoraria>40</aux:cargaHoraria>
    <aux:tipoEscolaridade>0</aux:tipoEscolaridade>
    <aux:codigoCargoRhWeb>00000000</aux:codigoCargoRhWeb>
    <aux:codigoCargoRhWeb>00000000</aux:codigoCargoRhWeb>
    <aux:codigoCargoRhWeb>00000000</aux:codigoCargoRhWeb>
    <aux:vecimentoBaseOuSalario>0.00</aux:vecimentoBaseOuSalario>
    <aux:tipoOcupacao>111415</aux:tipoOcupacao>
    <aux:naturezaCargo>3</aux:naturezaCargo>
  </aux:Cargo>
  <aux:Cargo>
    <aux:codigoCargo>00000410</aux:codigoCargo>
    <aux:nomeDoCargo>DIRETOR DE DEPARTAMENTO DE VIGILANCIA A SAUDE</aux:nomeDoCargo>
    <aux:cargaHoraria>40</aux:cargaHoraria>
    <aux:tipoEscolaridade>0</aux:tipoEscolaridade>
    <aux:codigoCargoRhWeb>00000000</aux:codigoCargoRhWeb>
    <aux:codigoCargoRhWeb>00000000</aux:codigoCargoRhWeb>
    <aux:codigoCargoRhWeb>00000000</aux:codigoCargoRhWeb>
    <aux:vecimentoBaseOuSalario>0.00</aux:vecimentoBaseOuSalario>
    <aux:tipoOcupacao>111415</aux:tipoOcupacao>
    <aux:naturezaCargo>3</aux:naturezaCargo>
  </aux:Cargo>
  <aux:lotacao>
    <aux:codigoLotacao>000000000009280</aux:codigoLotacao>
    <aux:nomeLotacao>SEC MUN DE MEIO AMBIENTE</aux:nomeLotacao>
  </aux:lotacao>
</aux:CadastrosAuxiliaresSagresFolha>
