<?xml version="1.0" encoding="utf-8"?>
<!--FIORILLI SOC. CIVIL LTDA - SOFTWARE-->
<!--ENVIADO POR: Wesley Pereira de Oliveira-->
<!--VERSAO TCE-PI: 8.25.29.263-->
<!--VERSAO DIARIO RAZAO: 8.25.29.2776-->
<!--VERSAO EVENTOS: 2923-->
<aux:CadastrosAuxiliares xmlns:aux="http://www.tce.pi.gov.br/sagres2024/xml/cadastrosAuxiliares" xmlns:gen="http://www.tce.pi.gov.br/sagres2024/xml/genericos" xmlns:tab="http://www.tce.pi.gov.br/sagres2024/xml/tabelasInternas">
  <aux:PrestacaoContas>
    <aux:codigoUnidGestora>101017</aux:codigoUnidGestora>
    <aux:nomeUnidGestora>CAMARA MUNICIPAL</aux:nomeUnidGestora>
    <aux:cpfContador>27675215893</aux:cpfContador>
    <aux:cpfGestor>45183350310</aux:cpfGestor>
    <aux:anoReferencia>2024</aux:anoReferencia>
    <aux:mesReferencia>05</aux:mesReferencia>
    <aux:versaoXml>0</aux:versaoXml>
    <aux:diaInicPresContas>01</aux:diaInicPresContas>
    <aux:diaFinaPresContas>31</aux:diaFinaPresContas>
  </aux:PrestacaoContas>
  <aux:Decreto>
    <aux:numeroDecreto>
      <gen:numero>000026</gen:numero>
      <gen:ano>2024</gen:ano>
    </aux:numeroDecreto>
    <aux:numeroLeiQueAutorizou>
      <gen:numero>000486</gen:numero>
      <gen:ano>2024</gen:ano>
    </aux:numeroLeiQueAutorizou>
    <aux:dataDecreto>2024-05-02</aux:dataDecreto>
    <aux:dataPublDecreto>2024-05-02</aux:dataPublDecreto>
    <aux:tipoPublicacao>2</aux:tipoPublicacao>
  </aux:Decreto>
  <aux:Decreto>
    <aux:numeroDecreto>
      <gen:numero>000028</gen:numero>
      <gen:ano>2024</gen:ano>
    </aux:numeroDecreto>
    <aux:numeroLeiQueAutorizou>
      <gen:numero>000486</gen:numero>
      <gen:ano>2024</gen:ano>
    </aux:numeroLeiQueAutorizou>
    <aux:dataDecreto>2024-05-22</aux:dataDecreto>
    <aux:dataPublDecreto>2024-05-22</aux:dataPublDecreto>
    <aux:tipoPublicacao>2</aux:tipoPublicacao>
  </aux:Decreto>
  <aux:ConciliacaoBancaria>
    <aux:codigoBanco>000</aux:codigoBanco>
    <aux:codigoAgencia>0000</aux:codigoAgencia>
    <aux:numeroContBancaria>0000000000</aux:numeroContBancaria>
    <aux:tipoContBancaria>0</aux:tipoContBancaria>
    <aux:numeroSequencial>00032014</aux:numeroSequencial>
    <aux:tipoConcBancaria>1</aux:tipoConcBancaria>
    <aux:descricaoSobrValoConciliado>SALDO EM 31 05 2024 CONFORME EXTRATO BANCARIO COMP</aux:descricaoSobrValoConciliado>
    <aux:dataFatoConciliado>2024-05-31</aux:dataFatoConciliado>
    <aux:numeroChequeDocumento>000000</aux:numeroChequeDocumento>
    <aux:numeroDocDebiAutomatico>00000000000</aux:numeroDocDebiAutomatico>
    <aux:valorConciliado>0000000000000.00</aux:valorConciliado>
    <aux:saldoExtrBancNoUltiDiaMes>0000000000100.67</aux:saldoExtrBancNoUltiDiaMes>
    <aux:saldoContNoUltiDiaMes>0000000000100.67</aux:saldoContNoUltiDiaMes>
  </aux:ConciliacaoBancaria>
  <aux:ConciliacaoBancaria>
    <aux:codigoBanco>104</aux:codigoBanco>
    <aux:codigoAgencia>1209</aux:codigoAgencia>
    <aux:numeroContBancaria>0000001111</aux:numeroContBancaria>
    <aux:tipoContBancaria>1</aux:tipoContBancaria>
    <aux:numeroSequencial>00032015</aux:numeroSequencial>
    <aux:tipoConcBancaria>1</aux:tipoConcBancaria>
    <aux:descricaoSobrValoConciliado>SALDO EM 31 05 2024 CONFORME EXTRATO BANCARIO COMP</aux:descricaoSobrValoConciliado>
    <aux:dataFatoConciliado>2024-05-31</aux:dataFatoConciliado>
    <aux:numeroChequeDocumento>000000</aux:numeroChequeDocumento>
    <aux:numeroDocDebiAutomatico>00000000000</aux:numeroDocDebiAutomatico>
    <aux:valorConciliado>0000000000000.00</aux:valorConciliado>
    <aux:saldoExtrBancNoUltiDiaMes>0000000000000.00</aux:saldoExtrBancNoUltiDiaMes>
    <aux:saldoContNoUltiDiaMes>0000000000000.00</aux:saldoContNoUltiDiaMes>
  </aux:ConciliacaoBancaria>
  <aux:ConciliacaoBancaria>
    <aux:codigoBanco>001</aux:codigoBanco>
    <aux:codigoAgencia>1209</aux:codigoAgencia>
    <aux:numeroContBancaria>0000020532</aux:numeroContBancaria>
    <aux:tipoContBancaria>1</aux:tipoContBancaria>
    <aux:numeroSequencial>00032016</aux:numeroSequencial>
    <aux:tipoConcBancaria>1</aux:tipoConcBancaria>
    <aux:descricaoSobrValoConciliado>SALDO EM 31 05 2024 CONFORME EXTRATO BANCARIO COMP</aux:descricaoSobrValoConciliado>
    <aux:dataFatoConciliado>2024-05-31</aux:dataFatoConciliado>
    <aux:numeroChequeDocumento>000000</aux:numeroChequeDocumento>
    <aux:numeroDocDebiAutomatico>00000000000</aux:numeroDocDebiAutomatico>
    <aux:valorConciliado>0000000000000.00</aux:valorConciliado>
    <aux:saldoExtrBancNoUltiDiaMes>0000000000000.00</aux:saldoExtrBancNoUltiDiaMes>
    <aux:saldoContNoUltiDiaMes>0000000000000.00</aux:saldoContNoUltiDiaMes>
  </aux:ConciliacaoBancaria>
  <aux:ConciliacaoBancaria>
    <aux:codigoBanco>001</aux:codigoBanco>
    <aux:codigoAgencia>1209</aux:codigoAgencia>
    <aux:numeroContBancaria>0000205320</aux:numeroContBancaria>
    <aux:tipoContBancaria>2</aux:tipoContBancaria>
    <aux:numeroSequencial>00032017</aux:numeroSequencial>
    <aux:tipoConcBancaria>1</aux:tipoConcBancaria>
    <aux:descricaoSobrValoConciliado>SALDO EM 31 05 2024 CONFORME EXTRATO BANCARIO COMP</aux:descricaoSobrValoConciliado>
    <aux:dataFatoConciliado>2024-05-31</aux:dataFatoConciliado>
    <aux:numeroChequeDocumento>000000</aux:numeroChequeDocumento>
    <aux:numeroDocDebiAutomatico>00000000000</aux:numeroDocDebiAutomatico>
    <aux:valorConciliado>0000000000000.00</aux:valorConciliado>
    <aux:saldoExtrBancNoUltiDiaMes>0000000064529.79</aux:saldoExtrBancNoUltiDiaMes>
    <aux:saldoContNoUltiDiaMes>0000000064529.79</aux:saldoContNoUltiDiaMes>
  </aux:ConciliacaoBancaria>
  <aux:ConciliacaoBancaria>
    <aux:codigoBanco>036</aux:codigoBanco>
    <aux:codigoAgencia>1209</aux:codigoAgencia>
    <aux:numeroContBancaria>0000002121</aux:numeroContBancaria>
    <aux:tipoContBancaria>1</aux:tipoContBancaria>
    <aux:numeroSequencial>00032018</aux:numeroSequencial>
    <aux:tipoConcBancaria>1</aux:tipoConcBancaria>
    <aux:descricaoSobrValoConciliado>SALDO EM 31 05 2024 CONFORME EXTRATO BANCARIO COMP</aux:descricaoSobrValoConciliado>
    <aux:dataFatoConciliado>2024-05-31</aux:dataFatoConciliado>
    <aux:numeroChequeDocumento>000000</aux:numeroChequeDocumento>
    <aux:numeroDocDebiAutomatico>00000000000</aux:numeroDocDebiAutomatico>
    <aux:valorConciliado>0000000000000.00</aux:valorConciliado>
    <aux:saldoExtrBancNoUltiDiaMes>0000000000000.00</aux:saldoExtrBancNoUltiDiaMes>
    <aux:saldoContNoUltiDiaMes>0000000000000.00</aux:saldoContNoUltiDiaMes>
  </aux:ConciliacaoBancaria>
  <aux:Fornecedor>
    <aux:cpfCnpjCredor>13986622837</aux:cpfCnpjCredor>
    <aux:nomeDenoOuRazaJuridica>MARINEITO PROSPERO DE SOUSA</aux:nomeDenoOuRazaJuridica>
    <aux:endereco>
      <gen:logradouro>AV. SERGIO GAMA</gen:logradouro>
      <gen:numero>44</gen:numero>
      <gen:complemento>SEM COMPLEMENTO</gen:complemento>
      <gen:bairro>CENTRO</gen:bairro>
      <gen:numeroCep>64965000</gen:numeroCep>
      <gen:municipio>AVELINO LOPES</gen:municipio>
      <gen:estado>PI</gen:estado>
      <gen:telefoneFixo>NAO INFORMADO</gen:telefoneFixo>
      <gen:telefoneCelular>NAO INFORMADO</gen:telefoneCelular>
    </aux:endereco>
    <aux:tipoCredor>1</aux:tipoCredor>
    <aux:identificadorFornEstrangeiro>00000000000000000000000000000000000000000000</aux:identificadorFornEstrangeiro>
  </aux:Fornecedor>
  <aux:Fornecedor>
    <aux:cpfCnpjCredor>50086700000119</aux:cpfCnpjCredor>
    <aux:nomeDenoOuRazaJuridica>50.086.700 ORISVALDO RIBEIRO DO VAL</aux:nomeDenoOuRazaJuridica>
    <aux:endereco>
      <gen:logradouro>RUA DA GLORIA</gen:logradouro>
      <gen:numero>0</gen:numero>
      <gen:complemento>SEM COMPLEMENTO</gen:complemento>
      <gen:bairro>CENTRO</gen:bairro>
      <gen:numeroCep>64965000</gen:numeroCep>
      <gen:municipio>AVELINO LOPES</gen:municipio>
      <gen:estado>PI</gen:estado>
      <gen:telefoneFixo>NAO INFORMADO</gen:telefoneFixo>
      <gen:telefoneCelular>NAO INFORMADO</gen:telefoneCelular>
    </aux:endereco>
    <aux:tipoCredor>2</aux:tipoCredor>
    <aux:identificadorFornEstrangeiro>00000000000000000000000000000000000000000000</aux:identificadorFornEstrangeiro>
  </aux:Fornecedor>
</aux:CadastrosAuxiliares>
