<?xml version="1.0" encoding="ISO-8859-1"?>
<!--**********************************-->
<!--* FIORILLI SOFTWARE LTDA         *-->
<!--* SISTEMA INTEGRADO DE PESSOAL   *-->
<!--* GERADO 27/05/2022 11:19:45     *-->
<!--* VERSAO 7.5.339.39.15552/R      *-->
<!--* USUARIO EMANOEL                *-->
<!--* DOMINIO DESKTOP-IU998HT        *-->
<!--* NOME PC DESKTOP-IU998HT        *-->
<!--**********************************-->
<aux:CadastrosAuxiliaresSagresFolha xmlns:fol="http://www.tce.pi.gov.br/sagres2022/xml/folhaPagamento" xmlns:aux="http://www.tce.pi.gov.br/sagres2022/xml/cadastrosAuxiliaresSagresFolha" xmlns:gen="http://www.tce.pi.gov.br/sagres2022/xml/genericos" xmlns:tab="http://www.tce.pi.gov.br/sagres2022/xml/tabelasInternas">
  <aux:PrestacaoContas>
    <aux:codigoUnidGestora>201017</aux:codigoUnidGestora>
    <aux:nomeUnidGestora>P. M. DE AVELINO LOPES</aux:nomeUnidGestora>
    <aux:cpfContador>00000000000</aux:cpfContador>
    <aux:cpfGestor>01726047377</aux:cpfGestor>
    <aux:anoReferencia>2022</aux:anoReferencia>
    <aux:mesReferencia>3</aux:mesReferencia>
    <aux:versaoXml>19</aux:versaoXml>
    <aux:diaInicPresContas>1</aux:diaInicPresContas>
    <aux:diaFinaPresContas>31</aux:diaFinaPresContas>
  </aux:PrestacaoContas>
  <aux:Servidor>
    <aux:matricula>000000000200595</aux:matricula>
    <aux:cpfServidor>06680472326</aux:cpfServidor>
    <aux:rgServidor>3735405</aux:rgServidor>
    <aux:orgaoExpedidor>SSPPI</aux:orgaoExpedidor>
    <aux:dataExpeCartDeIdentidade>2000-06-15</aux:dataExpeCartDeIdentidade>
    <aux:nomeServidor>PABLO PEREIRA RODRIGUES</aux:nomeServidor>
    <aux:dataNascimento>2000-06-15</aux:dataNascimento>
    <aux:sexo>1</aux:sexo>
    <aux:tituloEleitor>000000000000000</aux:tituloEleitor>
    <aux:tipoEstaCivil>1</aux:tipoEstaCivil>
    <aux:pisPAsep>000016642216335</aux:pisPAsep>
    <aux:numeroOrgaoClasse>00000000</aux:numeroOrgaoClasse>
    <aux:cpfPai>99999999999</aux:cpfPai>
    <aux:nomePai>JOSE MILSON RODRIGUES</aux:nomePai>
    <aux:cpfMae>99999999999</aux:cpfMae>
    <aux:nomeMae>ILZENIA PEREIRA DE SOUSA RODRIGUES</aux:nomeMae>
  </aux:Servidor>
  <aux:Servidor>
    <aux:matricula>000000000200596</aux:matricula>
    <aux:cpfServidor>05072340309</aux:cpfServidor>
    <aux:rgServidor>3168055</aux:rgServidor>
    <aux:orgaoExpedidor>SSPPI</aux:orgaoExpedidor>
    <aux:dataExpeCartDeIdentidade>2008-04-22</aux:dataExpeCartDeIdentidade>
    <aux:nomeServidor>MISAEL DAS VIRGENS SANTANA</aux:nomeServidor>
    <aux:dataNascimento>1992-04-07</aux:dataNascimento>
    <aux:sexo>1</aux:sexo>
    <aux:tituloEleitor>000038719011503</aux:tituloEleitor>
    <aux:tipoEstaCivil>1</aux:tipoEstaCivil>
    <aux:pisPAsep>000016575975322</aux:pisPAsep>
    <aux:numeroOrgaoClasse>00000000</aux:numeroOrgaoClasse>
    <aux:cpfPai>99999999999</aux:cpfPai>
    <aux:nomePai>OBISALAO ALBERTO DE SANTANA</aux:nomePai>
    <aux:cpfMae>99999999999</aux:cpfMae>
    <aux:nomeMae>MARIA DAS VIRGENS DE SANTANA</aux:nomeMae>
  </aux:Servidor>
  <aux:Servidor>
    <aux:matricula>000000000200597</aux:matricula>
    <aux:cpfServidor>04574365307</aux:cpfServidor>
    <aux:rgServidor>2826762</aux:rgServidor>
    <aux:orgaoExpedidor>SSPI</aux:orgaoExpedidor>
    <aux:dataExpeCartDeIdentidade>2006-02-15</aux:dataExpeCartDeIdentidade>
    <aux:nomeServidor>TIAGO DE SOUSA VERISSIMO</aux:nomeServidor>
    <aux:dataNascimento>1989-11-02</aux:dataNascimento>
    <aux:sexo>1</aux:sexo>
    <aux:tituloEleitor>000000000000000</aux:tituloEleitor>
    <aux:tipoEstaCivil>1</aux:tipoEstaCivil>
    <aux:pisPAsep>000016567982617</aux:pisPAsep>
    <aux:numeroOrgaoClasse>00000000</aux:numeroOrgaoClasse>
    <aux:cpfPai>99999999999</aux:cpfPai>
    <aux:nomePai>Sem Nome</aux:nomePai>
    <aux:cpfMae>99999999999</aux:cpfMae>
    <aux:nomeMae>Sem Nome</aux:nomeMae>
  </aux:Servidor>
  <aux:Servidor>
    <aux:matricula>000000000200599</aux:matricula>
    <aux:cpfServidor>04845348314</aux:cpfServidor>
    <aux:rgServidor>3279142</aux:rgServidor>
    <aux:orgaoExpedidor>SSPPI</aux:orgaoExpedidor>
    <aux:dataExpeCartDeIdentidade>2009-01-14</aux:dataExpeCartDeIdentidade>
    <aux:nomeServidor>UEVELTON ALVES SANTANA</aux:nomeServidor>
    <aux:dataNascimento>1990-09-13</aux:dataNascimento>
    <aux:sexo>1</aux:sexo>
    <aux:tituloEleitor>000000000000000</aux:tituloEleitor>
    <aux:tipoEstaCivil>1</aux:tipoEstaCivil>
    <aux:pisPAsep>000026904920325</aux:pisPAsep>
    <aux:numeroOrgaoClasse>00000000</aux:numeroOrgaoClasse>
    <aux:cpfPai>99999999999</aux:cpfPai>
    <aux:nomePai>ANTONIO RAUL DE SANTANA</aux:nomePai>
    <aux:cpfMae>99999999999</aux:cpfMae>
    <aux:nomeMae>IVANEIDE ALVES DE SANTANA</aux:nomeMae>
  </aux:Servidor>
</aux:CadastrosAuxiliaresSagresFolha>
