<?xml version="1.0" encoding="ISO-8859-1"?>
<!--**********************************-->
<!--* FIORILLI SOFTWARE LTDA         *-->
<!--* SISTEMA INTEGRADO DE PESSOAL   *-->
<!--* GERADO 27/05/2022 11:19:46     *-->
<!--* VERSAO 7.5.339.39.15552/R      *-->
<!--* USUARIO EMANOEL                *-->
<!--* DOMINIO DESKTOP-IU998HT        *-->
<!--* NOME PC DESKTOP-IU998HT        *-->
<!--**********************************-->
<his:historicos xmlns:his="http://www.tce.pi.gov.br/sagres2022/xml/historicos" xmlns:aux="http://www.tce.pi.gov.br/sagres2022/xml/cadastrosAuxiliaresSagresFolha" xmlns:gen="http://www.tce.pi.gov.br/sagres2022/xml/genericos" xmlns:tab="http://www.tce.pi.gov.br/sagres2022/xml/tabelasInternas">
  <his:PrestacaoContas>
    <aux:codigoUnidGestora>201017</aux:codigoUnidGestora>
    <aux:nomeUnidGestora>P. M. DE AVELINO LOPES</aux:nomeUnidGestora>
    <aux:cpfContador>00000000000</aux:cpfContador>
    <aux:cpfGestor>01726047377</aux:cpfGestor>
    <aux:anoReferencia>2022</aux:anoReferencia>
    <aux:mesReferencia>3</aux:mesReferencia>
    <aux:versaoXml>19</aux:versaoXml>
    <aux:diaInicPresContas>1</aux:diaInicPresContas>
    <aux:diaFinaPresContas>31</aux:diaFinaPresContas>
  </his:PrestacaoContas>
  <his:HistoricoPessoal>
    <his:matricula>000000000200595</his:matricula>
    <his:cpfServidor>06680472326</his:cpfServidor>
    <his:tipoEscolaridade>5</his:tipoEscolaridade>
    <his:dataAlteracao>2022-03-01</his:dataAlteracao>
    <his:endereco>
      <gen:logradouro>RUA QUINZE DE NOVEMBRO</gen:logradouro>
      <gen:numero>224</gen:numero>
      <gen:complemento>Sem Complemento</gen:complemento>
      <gen:bairro>CENTRO</gen:bairro>
      <gen:numeroCep>64965000</gen:numeroCep>
      <gen:municipio>Avelino Lopes</gen:municipio>
      <gen:estado>PI</gen:estado>
      <gen:telefoneFixo></gen:telefoneFixo>
      <gen:telefoneCelular></gen:telefoneCelular>
    </his:endereco>
    <his:dadosBancarios>
      <gen:codigoBanco>001</gen:codigoBanco>
      <gen:codigoAgencia>1209</gen:codigoAgencia>
      <gen:numeroContBancaria>263923</gen:numeroContBancaria>
    </his:dadosBancarios>
  </his:HistoricoPessoal>
  <his:HistoricoPessoal>
    <his:matricula>000000000200596</his:matricula>
    <his:cpfServidor>05072340309</his:cpfServidor>
    <his:tipoEscolaridade>3</his:tipoEscolaridade>
    <his:dataAlteracao>2022-03-01</his:dataAlteracao>
    <his:endereco>
      <gen:logradouro>VALE DO GAVIAO</gen:logradouro>
      <gen:numero>0</gen:numero>
      <gen:complemento>Sem Complemento</gen:complemento>
      <gen:bairro>CENTRO</gen:bairro>
      <gen:numeroCep>64965000</gen:numeroCep>
      <gen:municipio>Avelino Lopes</gen:municipio>
      <gen:estado>PI</gen:estado>
      <gen:telefoneFixo></gen:telefoneFixo>
      <gen:telefoneCelular></gen:telefoneCelular>
    </his:endereco>
    <his:dadosBancarios>
      <gen:codigoBanco>001</gen:codigoBanco>
      <gen:codigoAgencia>1209</gen:codigoAgencia>
      <gen:numeroContBancaria>169617</gen:numeroContBancaria>
    </his:dadosBancarios>
  </his:HistoricoPessoal>
  <his:HistoricoPessoal>
    <his:matricula>000000000200597</his:matricula>
    <his:cpfServidor>04574365307</his:cpfServidor>
    <his:tipoEscolaridade>0</his:tipoEscolaridade>
    <his:dataAlteracao>2022-03-01</his:dataAlteracao>
    <his:endereco>
      <gen:logradouro>avenida bom jesus</gen:logradouro>
      <gen:numero>1</gen:numero>
      <gen:complemento>Sem Complemento</gen:complemento>
      <gen:bairro>centro</gen:bairro>
      <gen:numeroCep>64965000</gen:numeroCep>
      <gen:municipio>Avelino Lopes</gen:municipio>
      <gen:estado>PI</gen:estado>
      <gen:telefoneFixo></gen:telefoneFixo>
      <gen:telefoneCelular></gen:telefoneCelular>
    </his:endereco>
    <his:dadosBancarios>
      <gen:codigoBanco>001</gen:codigoBanco>
      <gen:codigoAgencia>1209</gen:codigoAgencia>
      <gen:numeroContBancaria>345671</gen:numeroContBancaria>
    </his:dadosBancarios>
  </his:HistoricoPessoal>
  <his:HistoricoPessoal>
    <his:matricula>000000000200599</his:matricula>
    <his:cpfServidor>04845348314</his:cpfServidor>
    <his:tipoEscolaridade>3</his:tipoEscolaridade>
    <his:dataAlteracao>2022-03-01</his:dataAlteracao>
    <his:endereco>
      <gen:logradouro>RUA SETE DE SETEMBRO</gen:logradouro>
      <gen:numero>318</gen:numero>
      <gen:complemento>Sem Complemento</gen:complemento>
      <gen:bairro>CENTRO</gen:bairro>
      <gen:numeroCep>6496500</gen:numeroCep>
      <gen:municipio>Avelino Lopes</gen:municipio>
      <gen:estado>PI</gen:estado>
      <gen:telefoneFixo></gen:telefoneFixo>
      <gen:telefoneCelular></gen:telefoneCelular>
    </his:endereco>
    <his:dadosBancarios>
      <gen:codigoBanco>001</gen:codigoBanco>
      <gen:codigoAgencia>1209</gen:codigoAgencia>
      <gen:numeroContBancaria>54679</gen:numeroContBancaria>
    </his:dadosBancarios>
  </his:HistoricoPessoal>
  <his:HistoricoFuncional>
    <his:matricula>000000000200595</his:matricula>
    <his:cpfServidor>06680472326</his:cpfServidor>
    <his:tipoAtoPessoal>11021</his:tipoAtoPessoal>
    <his:dataMoviFuncional>2022-03-01</his:dataMoviFuncional>
    <his:informacoesAlteradas>
      <gen:atoTipo01>
        <gen:codigoCargo>00000335</gen:codigoCargo>
        <gen:codigoLotacao>000000000200011</gen:codigoLotacao>
        <gen:tipoRegiPrevidencia>1</gen:tipoRegiPrevidencia>
        <gen:tipoRegiTrabalho>0</gen:tipoRegiTrabalho>
        <gen:tipoVinculo>2</gen:tipoVinculo>
        <gen:dataNomeacao>2022-03-01</gen:dataNomeacao>
        <gen:dataExercicio>2022-03-01</gen:dataExercicio>
        <gen:dataPosse>2022-03-01</gen:dataPosse>
        <gen:numeroEdital>
          <gen:numero>000000</gen:numero>
          <gen:ano>2022</gen:ano>
        </gen:numeroEdital>
      </gen:atoTipo01>
    </his:informacoesAlteradas>
  </his:HistoricoFuncional>
  <his:HistoricoFuncional>
    <his:matricula>000000000200596</his:matricula>
    <his:cpfServidor>05072340309</his:cpfServidor>
    <his:tipoAtoPessoal>11021</his:tipoAtoPessoal>
    <his:dataMoviFuncional>2022-03-01</his:dataMoviFuncional>
    <his:informacoesAlteradas>
      <gen:atoTipo01>
        <gen:codigoCargo>00000417</gen:codigoCargo>
        <gen:codigoLotacao>000000000200011</gen:codigoLotacao>
        <gen:tipoRegiPrevidencia>1</gen:tipoRegiPrevidencia>
        <gen:tipoRegiTrabalho>0</gen:tipoRegiTrabalho>
        <gen:tipoVinculo>2</gen:tipoVinculo>
        <gen:dataNomeacao>2022-03-01</gen:dataNomeacao>
        <gen:dataExercicio>2022-03-01</gen:dataExercicio>
        <gen:dataPosse>2022-03-01</gen:dataPosse>
        <gen:numeroEdital>
          <gen:numero>000000</gen:numero>
          <gen:ano>2022</gen:ano>
        </gen:numeroEdital>
      </gen:atoTipo01>
    </his:informacoesAlteradas>
  </his:HistoricoFuncional>
  <his:HistoricoFuncional>
    <his:matricula>000000000200597</his:matricula>
    <his:cpfServidor>04574365307</his:cpfServidor>
    <his:tipoAtoPessoal>11021</his:tipoAtoPessoal>
    <his:dataMoviFuncional>2022-03-01</his:dataMoviFuncional>
    <his:informacoesAlteradas>
      <gen:atoTipo01>
        <gen:codigoCargo>00000418</gen:codigoCargo>
        <gen:codigoLotacao>000000000000380</gen:codigoLotacao>
        <gen:tipoRegiPrevidencia>1</gen:tipoRegiPrevidencia>
        <gen:tipoRegiTrabalho>0</gen:tipoRegiTrabalho>
        <gen:tipoVinculo>2</gen:tipoVinculo>
        <gen:dataNomeacao>2022-03-01</gen:dataNomeacao>
        <gen:dataExercicio>2022-03-01</gen:dataExercicio>
        <gen:dataPosse>2022-03-01</gen:dataPosse>
        <gen:numeroEdital>
          <gen:numero>000000</gen:numero>
          <gen:ano>2022</gen:ano>
        </gen:numeroEdital>
      </gen:atoTipo01>
    </his:informacoesAlteradas>
  </his:HistoricoFuncional>
  <his:HistoricoFuncional>
    <his:matricula>000000000200599</his:matricula>
    <his:cpfServidor>04845348314</his:cpfServidor>
    <his:tipoAtoPessoal>11031</his:tipoAtoPessoal>
    <his:dataMoviFuncional>2022-03-01</his:dataMoviFuncional>
    <his:informacoesAlteradas>
      <gen:atoTipo01>
        <gen:codigoCargo>00000308</gen:codigoCargo>
        <gen:codigoLotacao>000000000200029</gen:codigoLotacao>
        <gen:tipoRegiPrevidencia>1</gen:tipoRegiPrevidencia>
        <gen:tipoRegiTrabalho>0</gen:tipoRegiTrabalho>
        <gen:tipoVinculo>1</gen:tipoVinculo>
        <gen:dataNomeacao>2022-03-01</gen:dataNomeacao>
        <gen:dataExercicio>2022-03-01</gen:dataExercicio>
        <gen:dataPosse>2022-03-01</gen:dataPosse>
        <gen:numeroEdital>
          <gen:numero>000000</gen:numero>
          <gen:ano>2022</gen:ano>
        </gen:numeroEdital>
      </gen:atoTipo01>
    </his:informacoesAlteradas>
  </his:HistoricoFuncional>
  <his:HistoricoFuncional>
    <his:matricula>000000000100172</his:matricula>
    <his:cpfServidor>78441625387</his:cpfServidor>
    <his:tipoAtoPessoal>92034</his:tipoAtoPessoal>
    <his:dataMoviFuncional>2022-03-01</his:dataMoviFuncional>
    <his:informacoesAlteradas/>
  </his:HistoricoFuncional>
  <his:HistoricoFuncional>
    <his:matricula>000000000100172</his:matricula>
    <his:cpfServidor>78441625387</his:cpfServidor>
    <his:tipoAtoPessoal>91034</his:tipoAtoPessoal>
    <his:dataMoviFuncional>2022-03-02</his:dataMoviFuncional>
    <his:informacoesAlteradas/>
  </his:HistoricoFuncional>
  <his:HistoricoFuncional>
    <his:matricula>000000000200541</his:matricula>
    <his:cpfServidor>90197208800</his:cpfServidor>
    <his:tipoAtoPessoal>21021</his:tipoAtoPessoal>
    <his:dataMoviFuncional>2022-03-01</his:dataMoviFuncional>
    <his:informacoesAlteradas/>
  </his:HistoricoFuncional>
  <his:HistoricoFuncional>
    <his:matricula>000000000200544</his:matricula>
    <his:cpfServidor>45183082391</his:cpfServidor>
    <his:tipoAtoPessoal>21021</his:tipoAtoPessoal>
    <his:dataMoviFuncional>2022-03-01</his:dataMoviFuncional>
    <his:informacoesAlteradas/>
  </his:HistoricoFuncional>
</his:historicos>
