<?xml version="1.0" encoding="UTF-8"?><aux:CadastrosAuxiliaresSagresFolha xmlns:aux="http://www.tce.pi.gov.br/sagres2020/xml/cadastrosAuxiliaresSagresFolha" xmlns:gen="http://www.tce.pi.gov.br/sagres2020/xml/genericos" xmlns:tab="http://www.tce.pi.gov.br/sagres2020/xml/tabelasInternas">
    <aux:PrestacaoContas>
        <aux:codigoUnidGestora>201017</aux:codigoUnidGestora>
        <aux:nomeUnidGestora>PREFEITURA MUNICIPAL DE AVELINO LOPES</aux:nomeUnidGestora>
        <aux:cpfContador>72674350334</aux:cpfContador>
        <aux:cpfGestor>64378985853</aux:cpfGestor>
        <aux:anoReferencia>2020</aux:anoReferencia>
        <aux:mesReferencia>8</aux:mesReferencia>
        <aux:versaoXml>19</aux:versaoXml>
        <aux:diaInicPresContas>1</aux:diaInicPresContas>
        <aux:diaFinaPresContas>31</aux:diaFinaPresContas>
    </aux:PrestacaoContas>
    <aux:Cargo>
        <aux:codigoCargo>60000021</aux:codigoCargo>
        <aux:nomeDoCargo>DIRETOR DEPARTAMENTO MUNICIPAL DE CULTURA E LAZER </aux:nomeDoCargo>
        <aux:cargaHoraria>40</aux:cargaHoraria>
        <aux:tipoEscolaridade>3</aux:tipoEscolaridade>
        <aux:tipoCargo>051</aux:tipoCargo>
        <aux:codigoCargoRhWeb>60000021</aux:codigoCargoRhWeb>
        <aux:vecimentoBaseOuSalario>2700.00</aux:vecimentoBaseOuSalario>
    </aux:Cargo>
   <aux:lotacao>
        <aux:codigoLotacao>000000000020800</aux:codigoLotacao>
        <aux:nomeLotacao>SECRET MUN DE SAUDE - ASSISTENTE SOCIAL</aux:nomeLotacao>
        <aux:codigoUnidOrcamentaria>020401</aux:codigoUnidOrcamentaria>
   </aux:lotacao>
   <aux:Servidor>
        <aux:matricula>000000000002068</aux:matricula>
        <aux:cpfServidor>22794034391</aux:cpfServidor>
        <aux:rgServidor>749065</aux:rgServidor>
        <aux:orgaoExpedidor>SSP</aux:orgaoExpedidor>
                <aux:dataExpeCartDeIdentidade>2016-06-14</aux:dataExpeCartDeIdentidade>
        <aux:nomeServidor>NILSE DOS SANTOS DIAS GAMA</aux:nomeServidor>
        <aux:dataNascimento>1966-05-02</aux:dataNascimento>
        <aux:sexo>2</aux:sexo>
        <aux:tituloEleitor>000000000000000</aux:tituloEleitor>
        <aux:tipoEstaCivil>1</aux:tipoEstaCivil>
        <aux:pisPAsep>000019033668540</aux:pisPAsep>
        <aux:numeroOrgaoClasse>00000000</aux:numeroOrgaoClasse>
        <aux:cpfPai>99999999999</aux:cpfPai>
        <aux:nomePai>BELARMINO GONCALVES DIAS                          </aux:nomePai>
        <aux:cpfMae>99999999999</aux:cpfMae>
        <aux:nomeMae>ORNESILIA DOS SANTOS DIAS                         </aux:nomeMae>
        <aux:tipoCadastro>1</aux:tipoCadastro>
   </aux:Servidor>
   <aux:Servidor>
        <aux:matricula>000000000006301</aux:matricula>
        <aux:cpfServidor>01944209301</aux:cpfServidor>
        <aux:rgServidor>2761149</aux:rgServidor>
        <aux:orgaoExpedidor>SSP</aux:orgaoExpedidor>
                <aux:dataExpeCartDeIdentidade>2005-09-26</aux:dataExpeCartDeIdentidade>
        <aux:nomeServidor>ADRIANO ALVES DE SOUSA</aux:nomeServidor>
        <aux:dataNascimento>1986-08-17</aux:dataNascimento>
        <aux:sexo>1</aux:sexo>
        <aux:tituloEleitor>000032006391503</aux:tituloEleitor>
        <aux:tipoEstaCivil>1</aux:tipoEstaCivil>
        <aux:pisPAsep>000019040288510</aux:pisPAsep>
        <aux:numeroOrgaoClasse>00000000</aux:numeroOrgaoClasse>
        <aux:cpfPai>99999999999</aux:cpfPai>
        <aux:nomePai>JOSE ALDO DE SOUSA                                </aux:nomePai>
        <aux:cpfMae>99999999999</aux:cpfMae>
        <aux:nomeMae>ZILMAR ALVES DE SOUSA                             </aux:nomeMae>
        <aux:tipoCadastro>1</aux:tipoCadastro>
   </aux:Servidor>
   <aux:Servidor>
        <aux:matricula>000000000006407</aux:matricula>
        <aux:cpfServidor>70724725334</aux:cpfServidor>
        <aux:rgServidor>1274149</aux:rgServidor>
        <aux:orgaoExpedidor>SSP</aux:orgaoExpedidor>
                <aux:dataExpeCartDeIdentidade>1993-02-03</aux:dataExpeCartDeIdentidade>
        <aux:nomeServidor>LOURIDON LOPES DUARTE</aux:nomeServidor>
        <aux:dataNascimento>1974-07-16</aux:dataNascimento>
        <aux:sexo>1</aux:sexo>
        <aux:tituloEleitor>000000000000000</aux:tituloEleitor>
        <aux:tipoEstaCivil>1</aux:tipoEstaCivil>
        <aux:pisPAsep>000019022204408</aux:pisPAsep>
        <aux:numeroOrgaoClasse>00000000</aux:numeroOrgaoClasse>
        <aux:cpfPai>99999999999</aux:cpfPai>
        <aux:nomePai>                                                  </aux:nomePai>
        <aux:cpfMae>99999999999</aux:cpfMae>
        <aux:nomeMae>LAURACI LOPES DUARTE                              </aux:nomeMae>
        <aux:tipoCadastro>1</aux:tipoCadastro>
   </aux:Servidor>
   <aux:Servidor>
        <aux:matricula>000000000006408</aux:matricula>
        <aux:cpfServidor>02907139355</aux:cpfServidor>
        <aux:rgServidor>2308100</aux:rgServidor>
        <aux:orgaoExpedidor>SSP</aux:orgaoExpedidor>
                <aux:dataExpeCartDeIdentidade>2011-12-03</aux:dataExpeCartDeIdentidade>
        <aux:nomeServidor>THIELES LOPES ALVES</aux:nomeServidor>
        <aux:dataNascimento>1985-05-23</aux:dataNascimento>
        <aux:sexo>1</aux:sexo>
        <aux:tituloEleitor>000032008151554</aux:tituloEleitor>
        <aux:tipoEstaCivil>2</aux:tipoEstaCivil>
        <aux:pisPAsep>000020769892668</aux:pisPAsep>
        <aux:numeroOrgaoClasse>00000000</aux:numeroOrgaoClasse>
        <aux:cpfPai>99999999999</aux:cpfPai>
        <aux:nomePai>CRISPINO JOSE ALVES                               </aux:nomePai>
        <aux:cpfMae>99999999999</aux:cpfMae>
        <aux:nomeMae>ORNELINA LOPES ALVES                              </aux:nomeMae>
        <aux:tipoCadastro>1</aux:tipoCadastro>
   </aux:Servidor>
</aux:CadastrosAuxiliaresSagresFolha>