<?xml version="1.0" encoding="UTF-8"?><his:historicos xmlns:his="http://www.tce.pi.gov.br/sagres2020/xml/historicos" xmlns:gen="http://www.tce.pi.gov.br/sagres2020/xml/genericos" xmlns:tab="http://www.tce.pi.gov.br/sagres2020/xml/tabelasInternas" xmlns:aux="http://www.tce.pi.gov.br/sagres2020/xml/cadastrosAuxiliaresSagresFolha">
  <his:PrestacaoContas>
    <aux:codigoUnidGestora>201017</aux:codigoUnidGestora>
    <aux:nomeUnidGestora>PREFEITURA MUNICIPAL DE AVELINO LOPES</aux:nomeUnidGestora>
    <aux:cpfContador>72674350334</aux:cpfContador>
    <aux:cpfGestor>64378985853</aux:cpfGestor>
    <aux:anoReferencia>2020</aux:anoReferencia>
    <aux:mesReferencia>08</aux:mesReferencia>
    <aux:versaoXml>19</aux:versaoXml>
    <aux:diaInicPresContas>01</aux:diaInicPresContas>
    <aux:diaFinaPresContas>31</aux:diaFinaPresContas>
  </his:PrestacaoContas>
    <his:HistoricoPessoal>
       <his:matricula>000000000002068</his:matricula>
       <his:cpfServidor>22794034391</his:cpfServidor>
       <his:tipoEscolaridade>5</his:tipoEscolaridade>
       <his:dataAlteracao>2020-08-30</his:dataAlteracao>
       <his:endereco>
           <gen:logradouro>RUA DUQUE DE CAXIAS</gen:logradouro>
           <gen:numero>0</gen:numero>
           <gen:complemento>SN        </gen:complemento>
           <gen:bairro>CENTRO                                  </gen:bairro>
           <gen:numeroCep>64965000</gen:numeroCep>
           <gen:municipio>AVELINO LOPES</gen:municipio>
           <gen:estado>PI</gen:estado>
           <gen:telefoneFixo>          </gen:telefoneFixo>
           <gen:telefoneCelular>          </gen:telefoneCelular>
       </his:endereco>
       <his:dadosBancarios>
           <gen:codigoBanco>001</gen:codigoBanco>
           <gen:codigoAgencia>000442</gen:codigoAgencia>
           <gen:numeroContBancaria>000000009095802</gen:numeroContBancaria>
       </his:dadosBancarios>
    </his:HistoricoPessoal>
    <his:HistoricoPessoal>
       <his:matricula>000000000006301</his:matricula>
       <his:cpfServidor>01944209301</his:cpfServidor>
       <his:tipoEscolaridade>3</his:tipoEscolaridade>
       <his:dataAlteracao>2020-08-30</his:dataAlteracao>
       <his:endereco>
           <gen:logradouro>RUA GREGORIO LEITE PEIXOTO</gen:logradouro>
           <gen:numero>0</gen:numero>
           <gen:complemento>SN        </gen:complemento>
           <gen:bairro>CENTRO                                  </gen:bairro>
           <gen:numeroCep>64965000</gen:numeroCep>
           <gen:municipio>AVELINO LOPES</gen:municipio>
           <gen:estado>PI</gen:estado>
           <gen:telefoneFixo>          </gen:telefoneFixo>
           <gen:telefoneCelular>          </gen:telefoneCelular>
       </his:endereco>
       <his:dadosBancarios>
           <gen:codigoBanco>001</gen:codigoBanco>
           <gen:codigoAgencia>012092</gen:codigoAgencia>
           <gen:numeroContBancaria>000000000161624</gen:numeroContBancaria>
       </his:dadosBancarios>
    </his:HistoricoPessoal>
    <his:HistoricoPessoal>
       <his:matricula>000000000006407</his:matricula>
       <his:cpfServidor>70724725334</his:cpfServidor>
       <his:tipoEscolaridade>3</his:tipoEscolaridade>
       <his:dataAlteracao>2020-08-31</his:dataAlteracao>
       <his:endereco>
           <gen:logradouro>RUA 7 DE SETEMBRO</gen:logradouro>
           <gen:numero>224</gen:numero>
           <gen:complemento>          </gen:complemento>
           <gen:bairro>CENTRO                                  </gen:bairro>
           <gen:numeroCep>64965000</gen:numeroCep>
           <gen:municipio>AVELINO LOPES</gen:municipio>
           <gen:estado>PI</gen:estado>
           <gen:telefoneFixo>          </gen:telefoneFixo>
           <gen:telefoneCelular>          </gen:telefoneCelular>
       </his:endereco>
       <his:dadosBancarios>
           <gen:codigoBanco>001</gen:codigoBanco>
           <gen:codigoAgencia>012092</gen:codigoAgencia>
           <gen:numeroContBancaria>000000000087270</gen:numeroContBancaria>
       </his:dadosBancarios>
    </his:HistoricoPessoal>
    <his:HistoricoPessoal>
       <his:matricula>000000000006408</his:matricula>
       <his:cpfServidor>02907139355</his:cpfServidor>
       <his:tipoEscolaridade>3</his:tipoEscolaridade>
       <his:dataAlteracao>2020-08-31</his:dataAlteracao>
       <his:endereco>
           <gen:logradouro>AVENIDA BOM JESUS</gen:logradouro>
           <gen:numero>259</gen:numero>
           <gen:complemento>          </gen:complemento>
           <gen:bairro>CENTRO                                  </gen:bairro>
           <gen:numeroCep>64965000</gen:numeroCep>
           <gen:municipio>AVELINO LOPES</gen:municipio>
           <gen:estado>PI</gen:estado>
           <gen:telefoneFixo>          </gen:telefoneFixo>
           <gen:telefoneCelular>          </gen:telefoneCelular>
       </his:endereco>
       <his:dadosBancarios>
           <gen:codigoBanco>001</gen:codigoBanco>
           <gen:codigoAgencia>012092</gen:codigoAgencia>
           <gen:numeroContBancaria>000000000154458</gen:numeroContBancaria>
       </his:dadosBancarios>
    </his:HistoricoPessoal>
  <his:HistoricoFuncional>
       <his:matricula>000000000002068</his:matricula>
    <his:cpfServidor>22794034391</his:cpfServidor>
    <his:tipoAtoPessoal>1002</his:tipoAtoPessoal>
    <his:dataMoviFuncional>2020-08-01</his:dataMoviFuncional>
    <his:informacoesAlteradas>
      <gen:atoTipo01>
        <gen:codigoCargo>20000011</gen:codigoCargo>
        <gen:codigoLotacao>000000000020800</gen:codigoLotacao>
        <gen:tipoRegiPrevidencia>1</gen:tipoRegiPrevidencia>
        <gen:tipoRegiTrabalho>0</gen:tipoRegiTrabalho>
        <gen:tipoVinculo>9</gen:tipoVinculo>
        <gen:dataNomeacao>2008-06-02</gen:dataNomeacao>
        <gen:dataExercicio>2008-06-02</gen:dataExercicio>
        <gen:dataPosse>2008-06-02</gen:dataPosse>
        <gen:numeroEdital>
          <gen:numero>000000</gen:numero>
          <gen:ano>2019</gen:ano>
        </gen:numeroEdital>
      </gen:atoTipo01>
    </his:informacoesAlteradas>
  </his:HistoricoFuncional>
  <his:HistoricoFuncional>
       <his:matricula>000000000006301</his:matricula>
    <his:cpfServidor>01944209301</his:cpfServidor>
    <his:tipoAtoPessoal>1002</his:tipoAtoPessoal>
    <his:dataMoviFuncional>2020-08-01</his:dataMoviFuncional>
    <his:informacoesAlteradas>
      <gen:atoTipo01>
        <gen:codigoCargo>20000015</gen:codigoCargo>
        <gen:codigoLotacao>000000000070400</gen:codigoLotacao>
        <gen:tipoRegiPrevidencia>1</gen:tipoRegiPrevidencia>
        <gen:tipoRegiTrabalho>0</gen:tipoRegiTrabalho>
        <gen:tipoVinculo>9</gen:tipoVinculo>
        <gen:dataNomeacao>2010-03-08</gen:dataNomeacao>
        <gen:dataExercicio>2010-03-08</gen:dataExercicio>
        <gen:dataPosse>2010-03-08</gen:dataPosse>
        <gen:numeroEdital>
          <gen:numero>000000</gen:numero>
          <gen:ano>2010</gen:ano>
        </gen:numeroEdital>
      </gen:atoTipo01>
    </his:informacoesAlteradas>
  </his:HistoricoFuncional>
  <his:HistoricoFuncional>
       <his:matricula>000000000006407</his:matricula>
    <his:cpfServidor>70724725334</his:cpfServidor>
    <his:tipoAtoPessoal>1002</his:tipoAtoPessoal>
    <his:dataMoviFuncional>2020-08-01</his:dataMoviFuncional>
    <his:informacoesAlteradas>
      <gen:atoTipo01>
        <gen:codigoCargo>00000006</gen:codigoCargo>
        <gen:codigoLotacao>000000000070200</gen:codigoLotacao>
        <gen:tipoRegiPrevidencia>1</gen:tipoRegiPrevidencia>
        <gen:tipoRegiTrabalho>0</gen:tipoRegiTrabalho>
        <gen:tipoVinculo>9</gen:tipoVinculo>
        <gen:dataNomeacao>2004-03-02</gen:dataNomeacao>
        <gen:dataExercicio>2004-03-02</gen:dataExercicio>
        <gen:dataPosse>2004-03-02</gen:dataPosse>
        <gen:numeroEdital>
          <gen:numero>000000</gen:numero>
          <gen:ano>2004</gen:ano>
        </gen:numeroEdital>
      </gen:atoTipo01>
    </his:informacoesAlteradas>
  </his:HistoricoFuncional>
  <his:HistoricoFuncional>
       <his:matricula>000000000006408</his:matricula>
    <his:cpfServidor>02907139355</his:cpfServidor>
    <his:tipoAtoPessoal>1001</his:tipoAtoPessoal>
    <his:dataMoviFuncional>2020-08-03</his:dataMoviFuncional>
    <his:informacoesAlteradas>
      <gen:atoTipo01>
        <gen:codigoCargo>60000021</gen:codigoCargo>
        <gen:codigoLotacao>000000000070000</gen:codigoLotacao>
        <gen:tipoRegiPrevidencia>1</gen:tipoRegiPrevidencia>
        <gen:tipoRegiTrabalho>0</gen:tipoRegiTrabalho>
        <gen:tipoVinculo>2</gen:tipoVinculo>
        <gen:dataNomeacao>2020-08-03</gen:dataNomeacao>
        <gen:dataExercicio>2020-08-03</gen:dataExercicio>
        <gen:dataPosse>2020-08-03</gen:dataPosse>
        <gen:numeroEdital>
          <gen:numero>000000</gen:numero>
          <gen:ano>2020</gen:ano>
        </gen:numeroEdital>
      </gen:atoTipo01>
    </his:informacoesAlteradas>
  </his:HistoricoFuncional>
  <his:HistoricoFuncional>
    <his:matricula>000000000002022</his:matricula>
    <his:cpfServidor>70724725334</his:cpfServidor>
    <his:tipoAtoPessoal>2005</his:tipoAtoPessoal>
    <his:dataMoviFuncional>2020-08-01</his:dataMoviFuncional>
    <his:informacoesAlteradas>
    </his:informacoesAlteradas>
  </his:HistoricoFuncional>
  <his:HistoricoFuncional>
    <his:matricula>000000000002058</his:matricula>
    <his:cpfServidor>81884648304</his:cpfServidor>
    <his:tipoAtoPessoal>2005</his:tipoAtoPessoal>
    <his:dataMoviFuncional>2020-08-01</his:dataMoviFuncional>
    <his:informacoesAlteradas>
    </his:informacoesAlteradas>
  </his:HistoricoFuncional>
  <his:HistoricoFuncional>
    <his:matricula>000000000002071</his:matricula>
    <his:cpfServidor>89104170300</his:cpfServidor>
    <his:tipoAtoPessoal>2005</his:tipoAtoPessoal>
    <his:dataMoviFuncional>2020-08-17</his:dataMoviFuncional>
    <his:informacoesAlteradas>
    </his:informacoesAlteradas>
  </his:HistoricoFuncional>
  <his:HistoricoFuncional>
    <his:matricula>000000000002073</his:matricula>
    <his:cpfServidor>32561409805</his:cpfServidor>
    <his:tipoAtoPessoal>2005</his:tipoAtoPessoal>
    <his:dataMoviFuncional>2020-08-01</his:dataMoviFuncional>
    <his:informacoesAlteradas>
    </his:informacoesAlteradas>
  </his:HistoricoFuncional>
  <his:HistoricoFuncional>
    <his:matricula>000000000006114</his:matricula>
    <his:cpfServidor>85552950330</his:cpfServidor>
    <his:tipoAtoPessoal>2005</his:tipoAtoPessoal>
    <his:dataMoviFuncional>2020-08-01</his:dataMoviFuncional>
    <his:informacoesAlteradas>
    </his:informacoesAlteradas>
  </his:HistoricoFuncional>
</his:historicos>