<?xml version="1.0" encoding="utf-8"?>
<!--FIORILLI SOC. CIVIL LTDA - SOFTWARE-->
<!--ENVIADO POR: MARCELO-->
<!--VERSAO TCE-PI: 8.25.25.109-->
<!--VERSAO DIARIO RAZAO: 8.21.25.1927-->
<!--VERSAO EVENTOS: 2105-->
<emp:EmpenhoseRP xmlns:emp="http://www.tce.pi.gov.br/sagres2020/xml/empenhoseRP" xmlns:gen="http://www.tce.pi.gov.br/sagres2020/xml/genericos" xmlns:tab="http://www.tce.pi.gov.br/sagres2020/xml/tabelasInternas" xmlns:aux="http://www.tce.pi.gov.br/sagres2020/xml/cadastrosAuxiliares">
  <emp:PrestacaoContas>
    <aux:codigoUnidGestora>101017</aux:codigoUnidGestora>
    <aux:nomeUnidGestora>CAMARA MUNICIPAL DE AVELINO LOPES</aux:nomeUnidGestora>
    <aux:cpfContador>30912067349</aux:cpfContador>
    <aux:cpfGestor>78118425304</aux:cpfGestor>
    <aux:anoReferencia>2020</aux:anoReferencia>
    <aux:mesReferencia>04</aux:mesReferencia>
    <aux:versaoXml>0</aux:versaoXml>
    <aux:diaInicPresContas>01</aux:diaInicPresContas>
    <aux:diaFinaPresContas>30</aux:diaFinaPresContas>
  </emp:PrestacaoContas>
  <emp:Empenho>
    <emp:codigoUnidOrcamentaria>010100</emp:codigoUnidOrcamentaria>
    <emp:codigoFuncao>1</emp:codigoFuncao>
    <emp:codigoSubFuncao>31</emp:codigoSubFuncao>
    <emp:codigoPrograma>0001</emp:codigoPrograma>
    <emp:codigoAcao>2001</emp:codigoAcao>
    <emp:codigoCateEconomica>3</emp:codigoCateEconomica>
    <emp:codigoNatuDespesa>3</emp:codigoNatuDespesa>
    <emp:codigoModaAplicacao>90</emp:codigoModaAplicacao>
    <emp:codigoElemDespesa>39</emp:codigoElemDespesa>
    <emp:fonteRecurso>
      <gen:ioc>1</gen:ioc>
      <gen:tipoFontRecurso>001</gen:tipoFontRecurso>
      <gen:anoIngrFontRecurso>9999</gen:anoIngrFontRecurso>
    </emp:fonteRecurso>
    <emp:codigoSubeDespesa>3903</emp:codigoSubeDespesa>
    <emp:anoEmisEmpenho>2020</emp:anoEmisEmpenho>
    <emp:numeroEmpenho>0401001</emp:numeroEmpenho>
    <emp:dataEmisEmpenho>2020-04-01</emp:dataEmisEmpenho>
    <emp:tipoModaLicitacao>9</emp:tipoModaLicitacao>
    <emp:naProcLicitatorio>
      <gen:numero>000000</gen:numero>
      <gen:ano>0000</gen:ano>
    </emp:naProcLicitatorio>
    <emp:historicoEmpenho>VALOR EMPENHADO PARA PAGAMENTO DE DESPESAS NA CONFECCAO DE MATERIAIS GRAFICOS PARA A CAMARA MUNICIPAL DE AVELINO LOPES-PI.</emp:historicoEmpenho>
    <emp:cpfOrdeDespesa>78118425304</emp:cpfOrdeDespesa>
    <emp:cpfCnpjCredor>21799201000170</emp:cpfCnpjCredor>
    <emp:codigoAplicacao>100</emp:codigoAplicacao>
    <emp:tipoEmpenho>1</emp:tipoEmpenho>
    <emp:valorEmpenho>0000000001650.00</emp:valorEmpenho>
    <emp:numeroContTce></emp:numeroContTce>
  </emp:Empenho>
  <emp:Empenho>
    <emp:codigoUnidOrcamentaria>010100</emp:codigoUnidOrcamentaria>
    <emp:codigoFuncao>1</emp:codigoFuncao>
    <emp:codigoSubFuncao>31</emp:codigoSubFuncao>
    <emp:codigoPrograma>0001</emp:codigoPrograma>
    <emp:codigoAcao>2001</emp:codigoAcao>
    <emp:codigoCateEconomica>3</emp:codigoCateEconomica>
    <emp:codigoNatuDespesa>3</emp:codigoNatuDespesa>
    <emp:codigoModaAplicacao>90</emp:codigoModaAplicacao>
    <emp:codigoElemDespesa>14</emp:codigoElemDespesa>
    <emp:fonteRecurso>
      <gen:ioc>1</gen:ioc>
      <gen:tipoFontRecurso>001</gen:tipoFontRecurso>
      <gen:anoIngrFontRecurso>9999</gen:anoIngrFontRecurso>
    </emp:fonteRecurso>
    <emp:codigoSubeDespesa>1401</emp:codigoSubeDespesa>
    <emp:anoEmisEmpenho>2020</emp:anoEmisEmpenho>
    <emp:numeroEmpenho>0402001</emp:numeroEmpenho>
    <emp:dataEmisEmpenho>2020-04-02</emp:dataEmisEmpenho>
    <emp:tipoModaLicitacao>9</emp:tipoModaLicitacao>
    <emp:naProcLicitatorio>
      <gen:numero>000000</gen:numero>
      <gen:ano>0000</gen:ano>
    </emp:naProcLicitatorio>
    <emp:historicoEmpenho>VALOR EMPENHADO PARA PAGAMENTO DE DESPESAS COM DIARIAS DE VIAGEM A VEREADOR, A CIDADE DE TERESINA TRATANDO DE ASSUNTOS DE INTERESSE DA CAMARA DE AVELINO LOPES.</emp:historicoEmpenho>
    <emp:cpfOrdeDespesa>78118425304</emp:cpfOrdeDespesa>
    <emp:cpfCnpjCredor>45183350310</emp:cpfCnpjCredor>
    <emp:codigoAplicacao>100</emp:codigoAplicacao>
    <emp:tipoEmpenho>1</emp:tipoEmpenho>
    <emp:valorEmpenho>0000000000731.50</emp:valorEmpenho>
    <emp:numeroContTce></emp:numeroContTce>
  </emp:Empenho>
  <emp:Empenho>
    <emp:codigoUnidOrcamentaria>010100</emp:codigoUnidOrcamentaria>
    <emp:codigoFuncao>1</emp:codigoFuncao>
    <emp:codigoSubFuncao>31</emp:codigoSubFuncao>
    <emp:codigoPrograma>0001</emp:codigoPrograma>
    <emp:codigoAcao>2001</emp:codigoAcao>
    <emp:codigoCateEconomica>3</emp:codigoCateEconomica>
    <emp:codigoNatuDespesa>3</emp:codigoNatuDespesa>
    <emp:codigoModaAplicacao>90</emp:codigoModaAplicacao>
    <emp:codigoElemDespesa>36</emp:codigoElemDespesa>
    <emp:fonteRecurso>
      <gen:ioc>1</gen:ioc>
      <gen:tipoFontRecurso>001</gen:tipoFontRecurso>
      <gen:anoIngrFontRecurso>9999</gen:anoIngrFontRecurso>
    </emp:fonteRecurso>
    <emp:codigoSubeDespesa>3619</emp:codigoSubeDespesa>
    <emp:anoEmisEmpenho>2020</emp:anoEmisEmpenho>
    <emp:numeroEmpenho>0407001</emp:numeroEmpenho>
    <emp:dataEmisEmpenho>2020-04-07</emp:dataEmisEmpenho>
    <emp:tipoModaLicitacao>9</emp:tipoModaLicitacao>
    <emp:naProcLicitatorio>
      <gen:numero>000000</gen:numero>
      <gen:ano>0000</gen:ano>
    </emp:naProcLicitatorio>
    <emp:historicoEmpenho>VALOR EMPENHADO PARA PAGAMENTO DE DESPESAS COM CAPINA E LIMPEZA DE TERRENO DE PROPRIEDADE DA CAMARA DE AVELINO LOPES-PI.</emp:historicoEmpenho>
    <emp:cpfOrdeDespesa>78118425304</emp:cpfOrdeDespesa>
    <emp:cpfCnpjCredor>09083854396</emp:cpfCnpjCredor>
    <emp:codigoAplicacao>100</emp:codigoAplicacao>
    <emp:tipoEmpenho>1</emp:tipoEmpenho>
    <emp:valorEmpenho>0000000000300.00</emp:valorEmpenho>
    <emp:numeroContTce></emp:numeroContTce>
  </emp:Empenho>
  <emp:Empenho>
    <emp:codigoUnidOrcamentaria>010100</emp:codigoUnidOrcamentaria>
    <emp:codigoFuncao>1</emp:codigoFuncao>
    <emp:codigoSubFuncao>31</emp:codigoSubFuncao>
    <emp:codigoPrograma>0001</emp:codigoPrograma>
    <emp:codigoAcao>2001</emp:codigoAcao>
    <emp:codigoCateEconomica>3</emp:codigoCateEconomica>
    <emp:codigoNatuDespesa>1</emp:codigoNatuDespesa>
    <emp:codigoModaAplicacao>90</emp:codigoModaAplicacao>
    <emp:codigoElemDespesa>11</emp:codigoElemDespesa>
    <emp:fonteRecurso>
      <gen:ioc>1</gen:ioc>
      <gen:tipoFontRecurso>001</gen:tipoFontRecurso>
      <gen:anoIngrFontRecurso>9999</gen:anoIngrFontRecurso>
    </emp:fonteRecurso>
    <emp:codigoSubeDespesa>1101</emp:codigoSubeDespesa>
    <emp:anoEmisEmpenho>2020</emp:anoEmisEmpenho>
    <emp:numeroEmpenho>0420001</emp:numeroEmpenho>
    <emp:dataEmisEmpenho>2020-04-20</emp:dataEmisEmpenho>
    <emp:tipoModaLicitacao>9</emp:tipoModaLicitacao>
    <emp:naProcLicitatorio>
      <gen:numero>000000</gen:numero>
      <gen:ano>0000</gen:ano>
    </emp:naProcLicitatorio>
    <emp:historicoEmpenho>VALOR EMPENHADO PARA PAGAMENTO DE DESPESAS COM FOLHA DE PAGAMENTO DOS VEREADORES DE AVELINO LOPES-PI, COMPETENCIA 04 2020.</emp:historicoEmpenho>
    <emp:cpfOrdeDespesa>78118425304</emp:cpfOrdeDespesa>
    <emp:cpfCnpjCredor>00000000000000</emp:cpfCnpjCredor>
    <emp:codigoAplicacao>100</emp:codigoAplicacao>
    <emp:tipoEmpenho>1</emp:tipoEmpenho>
    <emp:valorEmpenho>0000000043200.00</emp:valorEmpenho>
    <emp:numeroContTce></emp:numeroContTce>
  </emp:Empenho>
  <emp:Empenho>
    <emp:codigoUnidOrcamentaria>010100</emp:codigoUnidOrcamentaria>
    <emp:codigoFuncao>1</emp:codigoFuncao>
    <emp:codigoSubFuncao>31</emp:codigoSubFuncao>
    <emp:codigoPrograma>0001</emp:codigoPrograma>
    <emp:codigoAcao>2001</emp:codigoAcao>
    <emp:codigoCateEconomica>3</emp:codigoCateEconomica>
    <emp:codigoNatuDespesa>1</emp:codigoNatuDespesa>
    <emp:codigoModaAplicacao>90</emp:codigoModaAplicacao>
    <emp:codigoElemDespesa>11</emp:codigoElemDespesa>
    <emp:fonteRecurso>
      <gen:ioc>1</gen:ioc>
      <gen:tipoFontRecurso>001</gen:tipoFontRecurso>
      <gen:anoIngrFontRecurso>9999</gen:anoIngrFontRecurso>
    </emp:fonteRecurso>
    <emp:codigoSubeDespesa>1101</emp:codigoSubeDespesa>
    <emp:anoEmisEmpenho>2020</emp:anoEmisEmpenho>
    <emp:numeroEmpenho>0420002</emp:numeroEmpenho>
    <emp:dataEmisEmpenho>2020-04-20</emp:dataEmisEmpenho>
    <emp:tipoModaLicitacao>9</emp:tipoModaLicitacao>
    <emp:naProcLicitatorio>
      <gen:numero>000000</gen:numero>
      <gen:ano>0000</gen:ano>
    </emp:naProcLicitatorio>
    <emp:historicoEmpenho>VALOR EMPENHADO PARA PAGAMENTO DE DE DESPESAS COM FOLHA DE PAGAMENTO DOS FUNCIONARIOS EFETIVOS DA CAMARA DE AVELINO LOPES-PI, COMPETENCIA 04 2020.</emp:historicoEmpenho>
    <emp:cpfOrdeDespesa>78118425304</emp:cpfOrdeDespesa>
    <emp:cpfCnpjCredor>00000000000000</emp:cpfCnpjCredor>
    <emp:codigoAplicacao>100</emp:codigoAplicacao>
    <emp:tipoEmpenho>1</emp:tipoEmpenho>
    <emp:valorEmpenho>0000000002271.86</emp:valorEmpenho>
    <emp:numeroContTce></emp:numeroContTce>
  </emp:Empenho>
  <emp:Empenho>
    <emp:codigoUnidOrcamentaria>010100</emp:codigoUnidOrcamentaria>
    <emp:codigoFuncao>1</emp:codigoFuncao>
    <emp:codigoSubFuncao>31</emp:codigoSubFuncao>
    <emp:codigoPrograma>0001</emp:codigoPrograma>
    <emp:codigoAcao>2001</emp:codigoAcao>
    <emp:codigoCateEconomica>3</emp:codigoCateEconomica>
    <emp:codigoNatuDespesa>3</emp:codigoNatuDespesa>
    <emp:codigoModaAplicacao>90</emp:codigoModaAplicacao>
    <emp:codigoElemDespesa>14</emp:codigoElemDespesa>
    <emp:fonteRecurso>
      <gen:ioc>1</gen:ioc>
      <gen:tipoFontRecurso>001</gen:tipoFontRecurso>
      <gen:anoIngrFontRecurso>9999</gen:anoIngrFontRecurso>
    </emp:fonteRecurso>
    <emp:codigoSubeDespesa>1401</emp:codigoSubeDespesa>
    <emp:anoEmisEmpenho>2020</emp:anoEmisEmpenho>
    <emp:numeroEmpenho>0420003</emp:numeroEmpenho>
    <emp:dataEmisEmpenho>2020-04-20</emp:dataEmisEmpenho>
    <emp:tipoModaLicitacao>9</emp:tipoModaLicitacao>
    <emp:naProcLicitatorio>
      <gen:numero>000000</gen:numero>
      <gen:ano>0000</gen:ano>
    </emp:naProcLicitatorio>
    <emp:historicoEmpenho>VALOR EMPENHADO PARA PAGAMENTO DE DESPESAS COM DIARIAS DE VIAGEM A VEREADOR PRESIDENTE A CIDADE DE TERESINA, TRATANDO DE ASSUNTOS DE INTERESSE DA CAMARA DE AVELINO LOPES-PI.</emp:historicoEmpenho>
    <emp:cpfOrdeDespesa>78118425304</emp:cpfOrdeDespesa>
    <emp:cpfCnpjCredor>78118425304</emp:cpfCnpjCredor>
    <emp:codigoAplicacao>100</emp:codigoAplicacao>
    <emp:tipoEmpenho>1</emp:tipoEmpenho>
    <emp:valorEmpenho>0000000002508.00</emp:valorEmpenho>
    <emp:numeroContTce></emp:numeroContTce>
  </emp:Empenho>
  <emp:Empenho>
    <emp:codigoUnidOrcamentaria>010100</emp:codigoUnidOrcamentaria>
    <emp:codigoFuncao>1</emp:codigoFuncao>
    <emp:codigoSubFuncao>31</emp:codigoSubFuncao>
    <emp:codigoPrograma>0001</emp:codigoPrograma>
    <emp:codigoAcao>2001</emp:codigoAcao>
    <emp:codigoCateEconomica>3</emp:codigoCateEconomica>
    <emp:codigoNatuDespesa>3</emp:codigoNatuDespesa>
    <emp:codigoModaAplicacao>90</emp:codigoModaAplicacao>
    <emp:codigoElemDespesa>36</emp:codigoElemDespesa>
    <emp:fonteRecurso>
      <gen:ioc>1</gen:ioc>
      <gen:tipoFontRecurso>001</gen:tipoFontRecurso>
      <gen:anoIngrFontRecurso>9999</gen:anoIngrFontRecurso>
    </emp:fonteRecurso>
    <emp:codigoSubeDespesa>3622</emp:codigoSubeDespesa>
    <emp:anoEmisEmpenho>2020</emp:anoEmisEmpenho>
    <emp:numeroEmpenho>0420004</emp:numeroEmpenho>
    <emp:dataEmisEmpenho>2020-04-20</emp:dataEmisEmpenho>
    <emp:tipoModaLicitacao>9</emp:tipoModaLicitacao>
    <emp:naProcLicitatorio>
      <gen:numero>000000</gen:numero>
      <gen:ano>0000</gen:ano>
    </emp:naProcLicitatorio>
    <emp:historicoEmpenho>VALOR EMPENHADO PARA PAGAMENTO DE DESPESAS COM VIGIA DO PREDIO SEDE DA CAMARA DE AVELINO LOPES-PI.</emp:historicoEmpenho>
    <emp:cpfOrdeDespesa>78118425304</emp:cpfOrdeDespesa>
    <emp:cpfCnpjCredor>09083854396</emp:cpfCnpjCredor>
    <emp:codigoAplicacao>100</emp:codigoAplicacao>
    <emp:tipoEmpenho>1</emp:tipoEmpenho>
    <emp:valorEmpenho>0000000001045.00</emp:valorEmpenho>
    <emp:numeroContTce></emp:numeroContTce>
  </emp:Empenho>
  <emp:Empenho>
    <emp:codigoUnidOrcamentaria>010100</emp:codigoUnidOrcamentaria>
    <emp:codigoFuncao>1</emp:codigoFuncao>
    <emp:codigoSubFuncao>31</emp:codigoSubFuncao>
    <emp:codigoPrograma>0001</emp:codigoPrograma>
    <emp:codigoAcao>2001</emp:codigoAcao>
    <emp:codigoCateEconomica>3</emp:codigoCateEconomica>
    <emp:codigoNatuDespesa>3</emp:codigoNatuDespesa>
    <emp:codigoModaAplicacao>90</emp:codigoModaAplicacao>
    <emp:codigoElemDespesa>36</emp:codigoElemDespesa>
    <emp:fonteRecurso>
      <gen:ioc>1</gen:ioc>
      <gen:tipoFontRecurso>001</gen:tipoFontRecurso>
      <gen:anoIngrFontRecurso>9999</gen:anoIngrFontRecurso>
    </emp:fonteRecurso>
    <emp:codigoSubeDespesa>3606</emp:codigoSubeDespesa>
    <emp:anoEmisEmpenho>2020</emp:anoEmisEmpenho>
    <emp:numeroEmpenho>0420005</emp:numeroEmpenho>
    <emp:dataEmisEmpenho>2020-04-20</emp:dataEmisEmpenho>
    <emp:tipoModaLicitacao>9</emp:tipoModaLicitacao>
    <emp:naProcLicitatorio>
      <gen:numero>000000</gen:numero>
      <gen:ano>0000</gen:ano>
    </emp:naProcLicitatorio>
    <emp:historicoEmpenho>VALOR EMPENHADO PARA PAGAMENTO DE DESPESAS COM SECRETARIA DA CAMARA DE AVELINO LOPES, COMPETENCIA 04 2020.</emp:historicoEmpenho>
    <emp:cpfOrdeDespesa>78118425304</emp:cpfOrdeDespesa>
    <emp:cpfCnpjCredor>01913624331</emp:cpfCnpjCredor>
    <emp:codigoAplicacao>100</emp:codigoAplicacao>
    <emp:tipoEmpenho>1</emp:tipoEmpenho>
    <emp:valorEmpenho>0000000001100.00</emp:valorEmpenho>
    <emp:numeroContTce></emp:numeroContTce>
  </emp:Empenho>
  <emp:Empenho>
    <emp:codigoUnidOrcamentaria>010100</emp:codigoUnidOrcamentaria>
    <emp:codigoFuncao>1</emp:codigoFuncao>
    <emp:codigoSubFuncao>31</emp:codigoSubFuncao>
    <emp:codigoPrograma>0001</emp:codigoPrograma>
    <emp:codigoAcao>2001</emp:codigoAcao>
    <emp:codigoCateEconomica>3</emp:codigoCateEconomica>
    <emp:codigoNatuDespesa>1</emp:codigoNatuDespesa>
    <emp:codigoModaAplicacao>90</emp:codigoModaAplicacao>
    <emp:codigoElemDespesa>13</emp:codigoElemDespesa>
    <emp:fonteRecurso>
      <gen:ioc>1</gen:ioc>
      <gen:tipoFontRecurso>001</gen:tipoFontRecurso>
      <gen:anoIngrFontRecurso>9999</gen:anoIngrFontRecurso>
    </emp:fonteRecurso>
    <emp:codigoSubeDespesa>1302</emp:codigoSubeDespesa>
    <emp:anoEmisEmpenho>2020</emp:anoEmisEmpenho>
    <emp:numeroEmpenho>0420006</emp:numeroEmpenho>
    <emp:dataEmisEmpenho>2020-04-20</emp:dataEmisEmpenho>
    <emp:tipoModaLicitacao>9</emp:tipoModaLicitacao>
    <emp:naProcLicitatorio>
      <gen:numero>000000</gen:numero>
      <gen:ano>0000</gen:ano>
    </emp:naProcLicitatorio>
    <emp:historicoEmpenho>VALOR EMPENHADO PARA PAGAMENTO DE CONTRIBUICOES PREVIDENCIARIAS PATRONAIS, COMPETENCIA 03 2020.</emp:historicoEmpenho>
    <emp:cpfOrdeDespesa>78118425304</emp:cpfOrdeDespesa>
    <emp:cpfCnpjCredor>29979036000140</emp:cpfCnpjCredor>
    <emp:codigoAplicacao>100</emp:codigoAplicacao>
    <emp:tipoEmpenho>1</emp:tipoEmpenho>
    <emp:valorEmpenho>0000000006391.70</emp:valorEmpenho>
    <emp:numeroContTce></emp:numeroContTce>
  </emp:Empenho>
  <emp:Empenho>
    <emp:codigoUnidOrcamentaria>010100</emp:codigoUnidOrcamentaria>
    <emp:codigoFuncao>1</emp:codigoFuncao>
    <emp:codigoSubFuncao>31</emp:codigoSubFuncao>
    <emp:codigoPrograma>0001</emp:codigoPrograma>
    <emp:codigoAcao>2001</emp:codigoAcao>
    <emp:codigoCateEconomica>3</emp:codigoCateEconomica>
    <emp:codigoNatuDespesa>3</emp:codigoNatuDespesa>
    <emp:codigoModaAplicacao>90</emp:codigoModaAplicacao>
    <emp:codigoElemDespesa>39</emp:codigoElemDespesa>
    <emp:fonteRecurso>
      <gen:ioc>1</gen:ioc>
      <gen:tipoFontRecurso>001</gen:tipoFontRecurso>
      <gen:anoIngrFontRecurso>9999</gen:anoIngrFontRecurso>
    </emp:fonteRecurso>
    <emp:codigoSubeDespesa>3959</emp:codigoSubeDespesa>
    <emp:anoEmisEmpenho>2020</emp:anoEmisEmpenho>
    <emp:numeroEmpenho>0420007</emp:numeroEmpenho>
    <emp:dataEmisEmpenho>2020-04-20</emp:dataEmisEmpenho>
    <emp:tipoModaLicitacao>9</emp:tipoModaLicitacao>
    <emp:naProcLicitatorio>
      <gen:numero>000000</gen:numero>
      <gen:ano>0000</gen:ano>
    </emp:naProcLicitatorio>
    <emp:historicoEmpenho>VALOR EMPENHADO PARA PAGAMENTO DE DESPESAS COM TARIFAS BANCARIAS.</emp:historicoEmpenho>
    <emp:cpfOrdeDespesa>78118425304</emp:cpfOrdeDespesa>
    <emp:cpfCnpjCredor>00000000144940</emp:cpfCnpjCredor>
    <emp:codigoAplicacao>100</emp:codigoAplicacao>
    <emp:tipoEmpenho>1</emp:tipoEmpenho>
    <emp:valorEmpenho>0000000000020.90</emp:valorEmpenho>
    <emp:numeroContTce></emp:numeroContTce>
  </emp:Empenho>
  <emp:Empenho>
    <emp:codigoUnidOrcamentaria>010100</emp:codigoUnidOrcamentaria>
    <emp:codigoFuncao>1</emp:codigoFuncao>
    <emp:codigoSubFuncao>31</emp:codigoSubFuncao>
    <emp:codigoPrograma>0001</emp:codigoPrograma>
    <emp:codigoAcao>2001</emp:codigoAcao>
    <emp:codigoCateEconomica>3</emp:codigoCateEconomica>
    <emp:codigoNatuDespesa>3</emp:codigoNatuDespesa>
    <emp:codigoModaAplicacao>90</emp:codigoModaAplicacao>
    <emp:codigoElemDespesa>36</emp:codigoElemDespesa>
    <emp:fonteRecurso>
      <gen:ioc>1</gen:ioc>
      <gen:tipoFontRecurso>001</gen:tipoFontRecurso>
      <gen:anoIngrFontRecurso>9999</gen:anoIngrFontRecurso>
    </emp:fonteRecurso>
    <emp:codigoSubeDespesa>3620</emp:codigoSubeDespesa>
    <emp:anoEmisEmpenho>2020</emp:anoEmisEmpenho>
    <emp:numeroEmpenho>0422001</emp:numeroEmpenho>
    <emp:dataEmisEmpenho>2020-04-22</emp:dataEmisEmpenho>
    <emp:tipoModaLicitacao>9</emp:tipoModaLicitacao>
    <emp:naProcLicitatorio>
      <gen:numero>000000</gen:numero>
      <gen:ano>0000</gen:ano>
    </emp:naProcLicitatorio>
    <emp:historicoEmpenho>VALOR EMPENHADO PARA PAGAMENTO DE DESPESAS COM FORNECIMENTO DE LANCHES DURANTE AS SESSOES LEGISLATIVAS.</emp:historicoEmpenho>
    <emp:cpfOrdeDespesa>78118425304</emp:cpfOrdeDespesa>
    <emp:cpfCnpjCredor>00009817379</emp:cpfCnpjCredor>
    <emp:codigoAplicacao>100</emp:codigoAplicacao>
    <emp:tipoEmpenho>1</emp:tipoEmpenho>
    <emp:valorEmpenho>0000000000930.00</emp:valorEmpenho>
    <emp:numeroContTce></emp:numeroContTce>
  </emp:Empenho>
  <emp:Empenho>
    <emp:codigoUnidOrcamentaria>010100</emp:codigoUnidOrcamentaria>
    <emp:codigoFuncao>1</emp:codigoFuncao>
    <emp:codigoSubFuncao>31</emp:codigoSubFuncao>
    <emp:codigoPrograma>0001</emp:codigoPrograma>
    <emp:codigoAcao>2001</emp:codigoAcao>
    <emp:codigoCateEconomica>3</emp:codigoCateEconomica>
    <emp:codigoNatuDespesa>3</emp:codigoNatuDespesa>
    <emp:codigoModaAplicacao>90</emp:codigoModaAplicacao>
    <emp:codigoElemDespesa>14</emp:codigoElemDespesa>
    <emp:fonteRecurso>
      <gen:ioc>1</gen:ioc>
      <gen:tipoFontRecurso>001</gen:tipoFontRecurso>
      <gen:anoIngrFontRecurso>9999</gen:anoIngrFontRecurso>
    </emp:fonteRecurso>
    <emp:codigoSubeDespesa>1401</emp:codigoSubeDespesa>
    <emp:anoEmisEmpenho>2020</emp:anoEmisEmpenho>
    <emp:numeroEmpenho>0430001</emp:numeroEmpenho>
    <emp:dataEmisEmpenho>2020-04-30</emp:dataEmisEmpenho>
    <emp:tipoModaLicitacao>9</emp:tipoModaLicitacao>
    <emp:naProcLicitatorio>
      <gen:numero>000000</gen:numero>
      <gen:ano>0000</gen:ano>
    </emp:naProcLicitatorio>
    <emp:historicoEmpenho>VALOR EMPENHADO PARA PAGAMENTO DE DESPESAS COM DIARIAS DE VIAGEM AO VEREADOR PRESIDENTE A CIDADE DE TERESINA, TRATANDO DE ASSUNTOS DE INTERESSE DA CAMARA DE AVELINO LOPES.</emp:historicoEmpenho>
    <emp:cpfOrdeDespesa>78118425304</emp:cpfOrdeDespesa>
    <emp:cpfCnpjCredor>78118425304</emp:cpfCnpjCredor>
    <emp:codigoAplicacao>100</emp:codigoAplicacao>
    <emp:tipoEmpenho>1</emp:tipoEmpenho>
    <emp:valorEmpenho>0000000002508.00</emp:valorEmpenho>
    <emp:numeroContTce></emp:numeroContTce>
  </emp:Empenho>
  <emp:Empenho>
    <emp:codigoUnidOrcamentaria>010100</emp:codigoUnidOrcamentaria>
    <emp:codigoFuncao>1</emp:codigoFuncao>
    <emp:codigoSubFuncao>31</emp:codigoSubFuncao>
    <emp:codigoPrograma>0001</emp:codigoPrograma>
    <emp:codigoAcao>2001</emp:codigoAcao>
    <emp:codigoCateEconomica>3</emp:codigoCateEconomica>
    <emp:codigoNatuDespesa>3</emp:codigoNatuDespesa>
    <emp:codigoModaAplicacao>90</emp:codigoModaAplicacao>
    <emp:codigoElemDespesa>30</emp:codigoElemDespesa>
    <emp:fonteRecurso>
      <gen:ioc>1</gen:ioc>
      <gen:tipoFontRecurso>001</gen:tipoFontRecurso>
      <gen:anoIngrFontRecurso>9999</gen:anoIngrFontRecurso>
    </emp:fonteRecurso>
    <emp:codigoSubeDespesa>3016</emp:codigoSubeDespesa>
    <emp:anoEmisEmpenho>2020</emp:anoEmisEmpenho>
    <emp:numeroEmpenho>0430002</emp:numeroEmpenho>
    <emp:dataEmisEmpenho>2020-04-30</emp:dataEmisEmpenho>
    <emp:tipoModaLicitacao>9</emp:tipoModaLicitacao>
    <emp:naProcLicitatorio>
      <gen:numero>000000</gen:numero>
      <gen:ano>0000</gen:ano>
    </emp:naProcLicitatorio>
    <emp:historicoEmpenho>VALOR EMPENHADO PARA PAGAMENTO DE MATERIAIS DE CONSUMO.</emp:historicoEmpenho>
    <emp:cpfOrdeDespesa>78118425304</emp:cpfOrdeDespesa>
    <emp:cpfCnpjCredor>06882414000178</emp:cpfCnpjCredor>
    <emp:codigoAplicacao>100</emp:codigoAplicacao>
    <emp:tipoEmpenho>1</emp:tipoEmpenho>
    <emp:valorEmpenho>0000000003100.00</emp:valorEmpenho>
    <emp:numeroContTce></emp:numeroContTce>
  </emp:Empenho>
  <emp:Empenho>
    <emp:codigoUnidOrcamentaria>010100</emp:codigoUnidOrcamentaria>
    <emp:codigoFuncao>1</emp:codigoFuncao>
    <emp:codigoSubFuncao>31</emp:codigoSubFuncao>
    <emp:codigoPrograma>0001</emp:codigoPrograma>
    <emp:codigoAcao>2001</emp:codigoAcao>
    <emp:codigoCateEconomica>3</emp:codigoCateEconomica>
    <emp:codigoNatuDespesa>3</emp:codigoNatuDespesa>
    <emp:codigoModaAplicacao>90</emp:codigoModaAplicacao>
    <emp:codigoElemDespesa>36</emp:codigoElemDespesa>
    <emp:fonteRecurso>
      <gen:ioc>1</gen:ioc>
      <gen:tipoFontRecurso>001</gen:tipoFontRecurso>
      <gen:anoIngrFontRecurso>9999</gen:anoIngrFontRecurso>
    </emp:fonteRecurso>
    <emp:codigoSubeDespesa>3606</emp:codigoSubeDespesa>
    <emp:anoEmisEmpenho>2020</emp:anoEmisEmpenho>
    <emp:numeroEmpenho>0430003</emp:numeroEmpenho>
    <emp:dataEmisEmpenho>2020-04-30</emp:dataEmisEmpenho>
    <emp:tipoModaLicitacao>9</emp:tipoModaLicitacao>
    <emp:naProcLicitatorio>
      <gen:numero>000000</gen:numero>
      <gen:ano>0000</gen:ano>
    </emp:naProcLicitatorio>
    <emp:historicoEmpenho>VALOR EMPENHADO PARA PAGAMENTO DE DESPESAS COM FORNECIMENTO DE SINAL DE INTERNET E MANUTENCAO DE EQUIPAMENTOS DE INFORMATICA.</emp:historicoEmpenho>
    <emp:cpfOrdeDespesa>78118425304</emp:cpfOrdeDespesa>
    <emp:cpfCnpjCredor>01453379363</emp:cpfCnpjCredor>
    <emp:codigoAplicacao>100</emp:codigoAplicacao>
    <emp:tipoEmpenho>1</emp:tipoEmpenho>
    <emp:valorEmpenho>0000000000150.00</emp:valorEmpenho>
    <emp:numeroContTce></emp:numeroContTce>
  </emp:Empenho>
  <emp:Empenho>
    <emp:codigoUnidOrcamentaria>010100</emp:codigoUnidOrcamentaria>
    <emp:codigoFuncao>1</emp:codigoFuncao>
    <emp:codigoSubFuncao>31</emp:codigoSubFuncao>
    <emp:codigoPrograma>0001</emp:codigoPrograma>
    <emp:codigoAcao>2001</emp:codigoAcao>
    <emp:codigoCateEconomica>3</emp:codigoCateEconomica>
    <emp:codigoNatuDespesa>3</emp:codigoNatuDespesa>
    <emp:codigoModaAplicacao>90</emp:codigoModaAplicacao>
    <emp:codigoElemDespesa>39</emp:codigoElemDespesa>
    <emp:fonteRecurso>
      <gen:ioc>1</gen:ioc>
      <gen:tipoFontRecurso>001</gen:tipoFontRecurso>
      <gen:anoIngrFontRecurso>9999</gen:anoIngrFontRecurso>
    </emp:fonteRecurso>
    <emp:codigoSubeDespesa>3968</emp:codigoSubeDespesa>
    <emp:anoEmisEmpenho>2020</emp:anoEmisEmpenho>
    <emp:numeroEmpenho>0430004</emp:numeroEmpenho>
    <emp:dataEmisEmpenho>2020-04-30</emp:dataEmisEmpenho>
    <emp:tipoModaLicitacao>9</emp:tipoModaLicitacao>
    <emp:naProcLicitatorio>
      <gen:numero>000000</gen:numero>
      <gen:ano>0000</gen:ano>
    </emp:naProcLicitatorio>
    <emp:historicoEmpenho>VALOR EMPENHADO PARA PAGAMENTO DE DESPESAS COM PUBLICIDADE JUNTO AO DIARIO OFICIAL DOS MUNICIPIOS.</emp:historicoEmpenho>
    <emp:cpfOrdeDespesa>78118425304</emp:cpfOrdeDespesa>
    <emp:cpfCnpjCredor>07989781000138</emp:cpfCnpjCredor>
    <emp:codigoAplicacao>100</emp:codigoAplicacao>
    <emp:tipoEmpenho>1</emp:tipoEmpenho>
    <emp:valorEmpenho>0000000001045.00</emp:valorEmpenho>
    <emp:numeroContTce></emp:numeroContTce>
  </emp:Empenho>
  <emp:Empenho>
    <emp:codigoUnidOrcamentaria>010100</emp:codigoUnidOrcamentaria>
    <emp:codigoFuncao>1</emp:codigoFuncao>
    <emp:codigoSubFuncao>31</emp:codigoSubFuncao>
    <emp:codigoPrograma>0001</emp:codigoPrograma>
    <emp:codigoAcao>2001</emp:codigoAcao>
    <emp:codigoCateEconomica>3</emp:codigoCateEconomica>
    <emp:codigoNatuDespesa>3</emp:codigoNatuDespesa>
    <emp:codigoModaAplicacao>90</emp:codigoModaAplicacao>
    <emp:codigoElemDespesa>39</emp:codigoElemDespesa>
    <emp:fonteRecurso>
      <gen:ioc>1</gen:ioc>
      <gen:tipoFontRecurso>001</gen:tipoFontRecurso>
      <gen:anoIngrFontRecurso>9999</gen:anoIngrFontRecurso>
    </emp:fonteRecurso>
    <emp:codigoSubeDespesa>3959</emp:codigoSubeDespesa>
    <emp:anoEmisEmpenho>2020</emp:anoEmisEmpenho>
    <emp:numeroEmpenho>0430005</emp:numeroEmpenho>
    <emp:dataEmisEmpenho>2020-04-30</emp:dataEmisEmpenho>
    <emp:tipoModaLicitacao>9</emp:tipoModaLicitacao>
    <emp:naProcLicitatorio>
      <gen:numero>000000</gen:numero>
      <gen:ano>0000</gen:ano>
    </emp:naProcLicitatorio>
    <emp:historicoEmpenho>VALOR EMPENHADO PARA PAGAMENTO DE DESPESAS COM TARIFAS BANCARIAS.</emp:historicoEmpenho>
    <emp:cpfOrdeDespesa>78118425304</emp:cpfOrdeDespesa>
    <emp:cpfCnpjCredor>00000000144940</emp:cpfCnpjCredor>
    <emp:codigoAplicacao>100</emp:codigoAplicacao>
    <emp:tipoEmpenho>1</emp:tipoEmpenho>
    <emp:valorEmpenho>0000000000020.90</emp:valorEmpenho>
    <emp:numeroContTce></emp:numeroContTce>
  </emp:Empenho>
  <emp:Retencao>
    <emp:codigoUnidOrcamentaria>010100</emp:codigoUnidOrcamentaria>
    <emp:anoEmisEmpenho>2020</emp:anoEmisEmpenho>
    <emp:numeroEmpenho>0420001</emp:numeroEmpenho>
    <emp:numeroDocuLiquidacao>0000001</emp:numeroDocuLiquidacao>
    <emp:tipoRetencao>5</emp:tipoRetencao>
    <emp:tipoOrigRetencao>2</emp:tipoOrigRetencao>
    <emp:cpfCnpjCredor>00000000144940</emp:cpfCnpjCredor>
    <emp:valorRetencao>0000000005967.62</emp:valorRetencao>
  </emp:Retencao>
  <emp:Retencao>
    <emp:codigoUnidOrcamentaria>010100</emp:codigoUnidOrcamentaria>
    <emp:anoEmisEmpenho>2020</emp:anoEmisEmpenho>
    <emp:numeroEmpenho>0420001</emp:numeroEmpenho>
    <emp:numeroDocuLiquidacao>0000001</emp:numeroDocuLiquidacao>
    <emp:tipoRetencao>2</emp:tipoRetencao>
    <emp:tipoOrigRetencao>2</emp:tipoOrigRetencao>
    <emp:cpfCnpjCredor>06554281000100</emp:cpfCnpjCredor>
    <emp:valorRetencao>0000000002634.03</emp:valorRetencao>
  </emp:Retencao>
  <emp:Retencao>
    <emp:codigoUnidOrcamentaria>010100</emp:codigoUnidOrcamentaria>
    <emp:anoEmisEmpenho>2020</emp:anoEmisEmpenho>
    <emp:numeroEmpenho>0420001</emp:numeroEmpenho>
    <emp:numeroDocuLiquidacao>0000001</emp:numeroDocuLiquidacao>
    <emp:tipoRetencao>5</emp:tipoRetencao>
    <emp:tipoOrigRetencao>2</emp:tipoOrigRetencao>
    <emp:cpfCnpjCredor>29979036000140</emp:cpfCnpjCredor>
    <emp:valorRetencao>0000000006048.00</emp:valorRetencao>
  </emp:Retencao>
  <emp:Retencao>
    <emp:codigoUnidOrcamentaria>010100</emp:codigoUnidOrcamentaria>
    <emp:anoEmisEmpenho>2020</emp:anoEmisEmpenho>
    <emp:numeroEmpenho>0420002</emp:numeroEmpenho>
    <emp:numeroDocuLiquidacao>0000001</emp:numeroDocuLiquidacao>
    <emp:tipoRetencao>5</emp:tipoRetencao>
    <emp:tipoOrigRetencao>2</emp:tipoOrigRetencao>
    <emp:cpfCnpjCredor>29979036000140</emp:cpfCnpjCredor>
    <emp:valorRetencao>0000000000156.74</emp:valorRetencao>
  </emp:Retencao>
</emp:EmpenhoseRP>
