<?xml version="1.0" encoding="utf-8"?>
<!--FIORILLI SOC. CIVIL LTDA - SOFTWARE-->
<!--ENVIADO POR: MARCELO-->
<!--VERSAO TCE-PI: 8.21.25.31-->
<!--VERSAO DIARIO RAZAO: 8.21.25.1704-->
<!--VERSAO EVENTOS: 1847-->
<emp:EmpenhoseRP xmlns:emp="http://www.tce.pi.gov.br/sagres2019/xml/empenhoseRP" xmlns:gen="http://www.tce.pi.gov.br/sagres2019/xml/genericos" xmlns:tab="http://www.tce.pi.gov.br/sagres2019/xml/tabelasInternas" xmlns:aux="http://www.tce.pi.gov.br/sagres2019/xml/cadastrosAuxiliares">
  <emp:PrestacaoContas>
    <aux:codigoUnidGestora>101017</aux:codigoUnidGestora>
    <aux:nomeUnidGestora>CAMARA MUNICIPAL DE AVELINO LOPES</aux:nomeUnidGestora>
    <aux:cpfContador>30912067349</aux:cpfContador>
    <aux:cpfGestor>78118425304</aux:cpfGestor>
    <aux:anoReferencia>2019</aux:anoReferencia>
    <aux:mesReferencia>06</aux:mesReferencia>
    <aux:versaoXml>0</aux:versaoXml>
    <aux:diaInicPresContas>01</aux:diaInicPresContas>
    <aux:diaFinaPresContas>30</aux:diaFinaPresContas>
  </emp:PrestacaoContas>
  <emp:Empenho>
    <emp:codigoUnidOrcamentaria>010100</emp:codigoUnidOrcamentaria>
    <emp:codigoFuncao>1</emp:codigoFuncao>
    <emp:codigoSubFuncao>31</emp:codigoSubFuncao>
    <emp:codigoPrograma>0001</emp:codigoPrograma>
    <emp:codigoAcao>2001</emp:codigoAcao>
    <emp:codigoCateEconomica>3</emp:codigoCateEconomica>
    <emp:codigoNatuDespesa>3</emp:codigoNatuDespesa>
    <emp:codigoModaAplicacao>90</emp:codigoModaAplicacao>
    <emp:codigoElemDespesa>14</emp:codigoElemDespesa>
    <emp:fonteRecurso>
      <gen:ioc>1</gen:ioc>
      <gen:tipoFontRecurso>001</gen:tipoFontRecurso>
      <gen:anoIngrFontRecurso>0000</gen:anoIngrFontRecurso>
    </emp:fonteRecurso>
    <emp:codigoSubeDespesa>1401</emp:codigoSubeDespesa>
    <emp:anoEmisEmpenho>2019</emp:anoEmisEmpenho>
    <emp:numeroEmpenho>0619001</emp:numeroEmpenho>
    <emp:dataEmisEmpenho>2019-06-19</emp:dataEmisEmpenho>
    <emp:tipoModaLicitacao>9</emp:tipoModaLicitacao>
    <emp:naProcLicitatorio>
      <gen:numero>000000</gen:numero>
      <gen:ano>0000</gen:ano>
    </emp:naProcLicitatorio>
    <emp:historicoEmpenho>VALOR EMPENHADO PARA PAGAMENTO DE DIARIAS DE VIAGEM A VEREADOR TESOUREIRO DE AVELINO LOPES PI, A CIDADE DE CURIMATA, A TRATAR DE ASSUNTOS DE INTERESSE DESTA CAMARA.</emp:historicoEmpenho>
    <emp:cpfOrdeDespesa>78118425304</emp:cpfOrdeDespesa>
    <emp:cpfCnpjCredor>82423784368</emp:cpfCnpjCredor>
    <emp:codigoAplicacao>100</emp:codigoAplicacao>
    <emp:tipoEmpenho>1</emp:tipoEmpenho>
    <emp:valorEmpenho>0000000000698.60</emp:valorEmpenho>
  </emp:Empenho>
  <emp:Empenho>
    <emp:codigoUnidOrcamentaria>010100</emp:codigoUnidOrcamentaria>
    <emp:codigoFuncao>1</emp:codigoFuncao>
    <emp:codigoSubFuncao>31</emp:codigoSubFuncao>
    <emp:codigoPrograma>0001</emp:codigoPrograma>
    <emp:codigoAcao>2001</emp:codigoAcao>
    <emp:codigoCateEconomica>3</emp:codigoCateEconomica>
    <emp:codigoNatuDespesa>3</emp:codigoNatuDespesa>
    <emp:codigoModaAplicacao>90</emp:codigoModaAplicacao>
    <emp:codigoElemDespesa>14</emp:codigoElemDespesa>
    <emp:fonteRecurso>
      <gen:ioc>1</gen:ioc>
      <gen:tipoFontRecurso>001</gen:tipoFontRecurso>
      <gen:anoIngrFontRecurso>0000</gen:anoIngrFontRecurso>
    </emp:fonteRecurso>
    <emp:codigoSubeDespesa>1401</emp:codigoSubeDespesa>
    <emp:anoEmisEmpenho>2019</emp:anoEmisEmpenho>
    <emp:numeroEmpenho>0619002</emp:numeroEmpenho>
    <emp:dataEmisEmpenho>2019-06-19</emp:dataEmisEmpenho>
    <emp:tipoModaLicitacao>9</emp:tipoModaLicitacao>
    <emp:naProcLicitatorio>
      <gen:numero>000000</gen:numero>
      <gen:ano>0000</gen:ano>
    </emp:naProcLicitatorio>
    <emp:historicoEmpenho>VALOR EMPENHADO PARA PAGAMENTO DE DIARIAS DE VIAGEM A VEREADOR PRESIDENTE DA CAMARA DE AVELINO LOPES A CIDADE DE TERESINA, TRATANDO DE ASSUNTOS DE INTERESSE DESTA CAMARA.</emp:historicoEmpenho>
    <emp:cpfOrdeDespesa>78118425304</emp:cpfOrdeDespesa>
    <emp:cpfCnpjCredor>78118425304</emp:cpfCnpjCredor>
    <emp:codigoAplicacao>100</emp:codigoAplicacao>
    <emp:tipoEmpenho>1</emp:tipoEmpenho>
    <emp:valorEmpenho>0000000002395.20</emp:valorEmpenho>
  </emp:Empenho>
  <emp:Empenho>
    <emp:codigoUnidOrcamentaria>010100</emp:codigoUnidOrcamentaria>
    <emp:codigoFuncao>1</emp:codigoFuncao>
    <emp:codigoSubFuncao>31</emp:codigoSubFuncao>
    <emp:codigoPrograma>0001</emp:codigoPrograma>
    <emp:codigoAcao>2001</emp:codigoAcao>
    <emp:codigoCateEconomica>3</emp:codigoCateEconomica>
    <emp:codigoNatuDespesa>3</emp:codigoNatuDespesa>
    <emp:codigoModaAplicacao>90</emp:codigoModaAplicacao>
    <emp:codigoElemDespesa>36</emp:codigoElemDespesa>
    <emp:fonteRecurso>
      <gen:ioc>1</gen:ioc>
      <gen:tipoFontRecurso>001</gen:tipoFontRecurso>
      <gen:anoIngrFontRecurso>0000</gen:anoIngrFontRecurso>
    </emp:fonteRecurso>
    <emp:codigoSubeDespesa>3699</emp:codigoSubeDespesa>
    <emp:anoEmisEmpenho>2019</emp:anoEmisEmpenho>
    <emp:numeroEmpenho>0619003</emp:numeroEmpenho>
    <emp:dataEmisEmpenho>2019-06-19</emp:dataEmisEmpenho>
    <emp:tipoModaLicitacao>9</emp:tipoModaLicitacao>
    <emp:naProcLicitatorio>
      <gen:numero>000000</gen:numero>
      <gen:ano>0000</gen:ano>
    </emp:naProcLicitatorio>
    <emp:historicoEmpenho>VALOR EMPENHADO PARA PAGAMENTO DE DESPESAS COM VIGIA DO PREDIO DA CAMARA MUNICIPAL DE AVELINO LOPES PI, COMPETENCIA 06 2019.</emp:historicoEmpenho>
    <emp:cpfOrdeDespesa>78118425304</emp:cpfOrdeDespesa>
    <emp:cpfCnpjCredor>09083854396</emp:cpfCnpjCredor>
    <emp:codigoAplicacao>100</emp:codigoAplicacao>
    <emp:tipoEmpenho>1</emp:tipoEmpenho>
    <emp:valorEmpenho>0000000000998.00</emp:valorEmpenho>
  </emp:Empenho>
  <emp:Empenho>
    <emp:codigoUnidOrcamentaria>010100</emp:codigoUnidOrcamentaria>
    <emp:codigoFuncao>1</emp:codigoFuncao>
    <emp:codigoSubFuncao>31</emp:codigoSubFuncao>
    <emp:codigoPrograma>0001</emp:codigoPrograma>
    <emp:codigoAcao>2001</emp:codigoAcao>
    <emp:codigoCateEconomica>3</emp:codigoCateEconomica>
    <emp:codigoNatuDespesa>3</emp:codigoNatuDespesa>
    <emp:codigoModaAplicacao>90</emp:codigoModaAplicacao>
    <emp:codigoElemDespesa>36</emp:codigoElemDespesa>
    <emp:fonteRecurso>
      <gen:ioc>1</gen:ioc>
      <gen:tipoFontRecurso>001</gen:tipoFontRecurso>
      <gen:anoIngrFontRecurso>0000</gen:anoIngrFontRecurso>
    </emp:fonteRecurso>
    <emp:codigoSubeDespesa>3699</emp:codigoSubeDespesa>
    <emp:anoEmisEmpenho>2019</emp:anoEmisEmpenho>
    <emp:numeroEmpenho>0619004</emp:numeroEmpenho>
    <emp:dataEmisEmpenho>2019-06-19</emp:dataEmisEmpenho>
    <emp:tipoModaLicitacao>9</emp:tipoModaLicitacao>
    <emp:naProcLicitatorio>
      <gen:numero>000000</gen:numero>
      <gen:ano>0000</gen:ano>
    </emp:naProcLicitatorio>
    <emp:historicoEmpenho>VALOR EMPENHADO PARA PAGAMENTO DE DESPESAS COM SECRETARIA DA CAMARA MUNICIPAL DE AVELINO LOPES PI, COMPETENCIA 06 2019.</emp:historicoEmpenho>
    <emp:cpfOrdeDespesa>78118425304</emp:cpfOrdeDespesa>
    <emp:cpfCnpjCredor>01913624331</emp:cpfCnpjCredor>
    <emp:codigoAplicacao>100</emp:codigoAplicacao>
    <emp:tipoEmpenho>1</emp:tipoEmpenho>
    <emp:valorEmpenho>0000000001100.00</emp:valorEmpenho>
  </emp:Empenho>
  <emp:Empenho>
    <emp:codigoUnidOrcamentaria>010100</emp:codigoUnidOrcamentaria>
    <emp:codigoFuncao>1</emp:codigoFuncao>
    <emp:codigoSubFuncao>31</emp:codigoSubFuncao>
    <emp:codigoPrograma>0001</emp:codigoPrograma>
    <emp:codigoAcao>2001</emp:codigoAcao>
    <emp:codigoCateEconomica>3</emp:codigoCateEconomica>
    <emp:codigoNatuDespesa>1</emp:codigoNatuDespesa>
    <emp:codigoModaAplicacao>90</emp:codigoModaAplicacao>
    <emp:codigoElemDespesa>13</emp:codigoElemDespesa>
    <emp:fonteRecurso>
      <gen:ioc>1</gen:ioc>
      <gen:tipoFontRecurso>001</gen:tipoFontRecurso>
      <gen:anoIngrFontRecurso>0000</gen:anoIngrFontRecurso>
    </emp:fonteRecurso>
    <emp:codigoSubeDespesa>1302</emp:codigoSubeDespesa>
    <emp:anoEmisEmpenho>2019</emp:anoEmisEmpenho>
    <emp:numeroEmpenho>0619005</emp:numeroEmpenho>
    <emp:dataEmisEmpenho>2019-06-19</emp:dataEmisEmpenho>
    <emp:tipoModaLicitacao>9</emp:tipoModaLicitacao>
    <emp:naProcLicitatorio>
      <gen:numero>000000</gen:numero>
      <gen:ano>0000</gen:ano>
    </emp:naProcLicitatorio>
    <emp:historicoEmpenho>VALOR EMPENHADO PARA PAGAMENTO DE OBRIGACOES PATRONAIS COM O INSS, COMPETENCIA 05 2019.</emp:historicoEmpenho>
    <emp:cpfOrdeDespesa>78118425304</emp:cpfOrdeDespesa>
    <emp:cpfCnpjCredor>29979036000140</emp:cpfCnpjCredor>
    <emp:codigoAplicacao>100</emp:codigoAplicacao>
    <emp:tipoEmpenho>1</emp:tipoEmpenho>
    <emp:valorEmpenho>0000000013260.76</emp:valorEmpenho>
  </emp:Empenho>
  <emp:Empenho>
    <emp:codigoUnidOrcamentaria>010100</emp:codigoUnidOrcamentaria>
    <emp:codigoFuncao>1</emp:codigoFuncao>
    <emp:codigoSubFuncao>31</emp:codigoSubFuncao>
    <emp:codigoPrograma>0001</emp:codigoPrograma>
    <emp:codigoAcao>2001</emp:codigoAcao>
    <emp:codigoCateEconomica>3</emp:codigoCateEconomica>
    <emp:codigoNatuDespesa>3</emp:codigoNatuDespesa>
    <emp:codigoModaAplicacao>90</emp:codigoModaAplicacao>
    <emp:codigoElemDespesa>14</emp:codigoElemDespesa>
    <emp:fonteRecurso>
      <gen:ioc>1</gen:ioc>
      <gen:tipoFontRecurso>001</gen:tipoFontRecurso>
      <gen:anoIngrFontRecurso>0000</gen:anoIngrFontRecurso>
    </emp:fonteRecurso>
    <emp:codigoSubeDespesa>1401</emp:codigoSubeDespesa>
    <emp:anoEmisEmpenho>2019</emp:anoEmisEmpenho>
    <emp:numeroEmpenho>0619006</emp:numeroEmpenho>
    <emp:dataEmisEmpenho>2019-06-19</emp:dataEmisEmpenho>
    <emp:tipoModaLicitacao>9</emp:tipoModaLicitacao>
    <emp:naProcLicitatorio>
      <gen:numero>000000</gen:numero>
      <gen:ano>0000</gen:ano>
    </emp:naProcLicitatorio>
    <emp:historicoEmpenho>VALOR EMPENHADO PARA PAGAMENTO DE DIARIA DE VIAGEM A VEREADOR SECRETARIO DA CAMARA DE AVELINO LOPES A CIDADE DE CORRENTEPI, TRATANDO DE ASSUNTOS DE INTERESSE DA DESTA CAMARA.</emp:historicoEmpenho>
    <emp:cpfOrdeDespesa>78118425304</emp:cpfOrdeDespesa>
    <emp:cpfCnpjCredor>18487722890</emp:cpfCnpjCredor>
    <emp:codigoAplicacao>100</emp:codigoAplicacao>
    <emp:tipoEmpenho>1</emp:tipoEmpenho>
    <emp:valorEmpenho>0000000000698.60</emp:valorEmpenho>
  </emp:Empenho>
  <emp:Empenho>
    <emp:codigoUnidOrcamentaria>010100</emp:codigoUnidOrcamentaria>
    <emp:codigoFuncao>1</emp:codigoFuncao>
    <emp:codigoSubFuncao>31</emp:codigoSubFuncao>
    <emp:codigoPrograma>0001</emp:codigoPrograma>
    <emp:codigoAcao>2001</emp:codigoAcao>
    <emp:codigoCateEconomica>3</emp:codigoCateEconomica>
    <emp:codigoNatuDespesa>3</emp:codigoNatuDespesa>
    <emp:codigoModaAplicacao>90</emp:codigoModaAplicacao>
    <emp:codigoElemDespesa>39</emp:codigoElemDespesa>
    <emp:fonteRecurso>
      <gen:ioc>1</gen:ioc>
      <gen:tipoFontRecurso>001</gen:tipoFontRecurso>
      <gen:anoIngrFontRecurso>0000</gen:anoIngrFontRecurso>
    </emp:fonteRecurso>
    <emp:codigoSubeDespesa>3999</emp:codigoSubeDespesa>
    <emp:anoEmisEmpenho>2019</emp:anoEmisEmpenho>
    <emp:numeroEmpenho>0619007</emp:numeroEmpenho>
    <emp:dataEmisEmpenho>2019-06-19</emp:dataEmisEmpenho>
    <emp:tipoModaLicitacao>9</emp:tipoModaLicitacao>
    <emp:naProcLicitatorio>
      <gen:numero>000000</gen:numero>
      <gen:ano>0000</gen:ano>
    </emp:naProcLicitatorio>
    <emp:historicoEmpenho>VALOR EMPENHADO PARA PAGAMENTO DE TARIFAS BANCARIAS.</emp:historicoEmpenho>
    <emp:cpfOrdeDespesa>78118425304</emp:cpfOrdeDespesa>
    <emp:cpfCnpjCredor>00000000144940</emp:cpfCnpjCredor>
    <emp:codigoAplicacao>100</emp:codigoAplicacao>
    <emp:tipoEmpenho>1</emp:tipoEmpenho>
    <emp:valorEmpenho>0000000000061.08</emp:valorEmpenho>
  </emp:Empenho>
  <emp:Empenho>
    <emp:codigoUnidOrcamentaria>010100</emp:codigoUnidOrcamentaria>
    <emp:codigoFuncao>1</emp:codigoFuncao>
    <emp:codigoSubFuncao>31</emp:codigoSubFuncao>
    <emp:codigoPrograma>0001</emp:codigoPrograma>
    <emp:codigoAcao>2001</emp:codigoAcao>
    <emp:codigoCateEconomica>3</emp:codigoCateEconomica>
    <emp:codigoNatuDespesa>1</emp:codigoNatuDespesa>
    <emp:codigoModaAplicacao>90</emp:codigoModaAplicacao>
    <emp:codigoElemDespesa>11</emp:codigoElemDespesa>
    <emp:fonteRecurso>
      <gen:ioc>1</gen:ioc>
      <gen:tipoFontRecurso>001</gen:tipoFontRecurso>
      <gen:anoIngrFontRecurso>0000</gen:anoIngrFontRecurso>
    </emp:fonteRecurso>
    <emp:codigoSubeDespesa>1101</emp:codigoSubeDespesa>
    <emp:anoEmisEmpenho>2019</emp:anoEmisEmpenho>
    <emp:numeroEmpenho>0620001</emp:numeroEmpenho>
    <emp:dataEmisEmpenho>2019-06-20</emp:dataEmisEmpenho>
    <emp:tipoModaLicitacao>9</emp:tipoModaLicitacao>
    <emp:naProcLicitatorio>
      <gen:numero>000000</gen:numero>
      <gen:ano>0000</gen:ano>
    </emp:naProcLicitatorio>
    <emp:historicoEmpenho>VALOR EMPENHADO PARA PAGAMENTO DE DESPESAS COM SUBSIDIOS DE VEREADORES DE AVELINO LOPES, COMPETENCIA DE JUNHO 2019.</emp:historicoEmpenho>
    <emp:cpfOrdeDespesa>78118425304</emp:cpfOrdeDespesa>
    <emp:cpfCnpjCredor>00000000000000</emp:cpfCnpjCredor>
    <emp:codigoAplicacao>100</emp:codigoAplicacao>
    <emp:tipoEmpenho>1</emp:tipoEmpenho>
    <emp:valorEmpenho>0000000040500.00</emp:valorEmpenho>
  </emp:Empenho>
  <emp:Empenho>
    <emp:codigoUnidOrcamentaria>010100</emp:codigoUnidOrcamentaria>
    <emp:codigoFuncao>1</emp:codigoFuncao>
    <emp:codigoSubFuncao>31</emp:codigoSubFuncao>
    <emp:codigoPrograma>0001</emp:codigoPrograma>
    <emp:codigoAcao>2001</emp:codigoAcao>
    <emp:codigoCateEconomica>3</emp:codigoCateEconomica>
    <emp:codigoNatuDespesa>1</emp:codigoNatuDespesa>
    <emp:codigoModaAplicacao>90</emp:codigoModaAplicacao>
    <emp:codigoElemDespesa>11</emp:codigoElemDespesa>
    <emp:fonteRecurso>
      <gen:ioc>1</gen:ioc>
      <gen:tipoFontRecurso>001</gen:tipoFontRecurso>
      <gen:anoIngrFontRecurso>0000</gen:anoIngrFontRecurso>
    </emp:fonteRecurso>
    <emp:codigoSubeDespesa>1101</emp:codigoSubeDespesa>
    <emp:anoEmisEmpenho>2019</emp:anoEmisEmpenho>
    <emp:numeroEmpenho>0620002</emp:numeroEmpenho>
    <emp:dataEmisEmpenho>2019-06-20</emp:dataEmisEmpenho>
    <emp:tipoModaLicitacao>9</emp:tipoModaLicitacao>
    <emp:naProcLicitatorio>
      <gen:numero>000000</gen:numero>
      <gen:ano>0000</gen:ano>
    </emp:naProcLicitatorio>
    <emp:historicoEmpenho>VALOOR EMPENHADO PARA PAGAMENTO DE DESPESAS COM FOLHA DE PAGAMENTO DE FUNCIONARIOS EFETIVOS DA CAMADA DE AVELINO LOPES PI, COMPETENCIA 06 2019.</emp:historicoEmpenho>
    <emp:cpfOrdeDespesa>78118425304</emp:cpfOrdeDespesa>
    <emp:cpfCnpjCredor>00000000000000</emp:cpfCnpjCredor>
    <emp:codigoAplicacao>100</emp:codigoAplicacao>
    <emp:tipoEmpenho>1</emp:tipoEmpenho>
    <emp:valorEmpenho>0000000002177.86</emp:valorEmpenho>
  </emp:Empenho>
  <emp:Empenho>
    <emp:codigoUnidOrcamentaria>010100</emp:codigoUnidOrcamentaria>
    <emp:codigoFuncao>1</emp:codigoFuncao>
    <emp:codigoSubFuncao>31</emp:codigoSubFuncao>
    <emp:codigoPrograma>0001</emp:codigoPrograma>
    <emp:codigoAcao>2001</emp:codigoAcao>
    <emp:codigoCateEconomica>3</emp:codigoCateEconomica>
    <emp:codigoNatuDespesa>3</emp:codigoNatuDespesa>
    <emp:codigoModaAplicacao>90</emp:codigoModaAplicacao>
    <emp:codigoElemDespesa>30</emp:codigoElemDespesa>
    <emp:fonteRecurso>
      <gen:ioc>1</gen:ioc>
      <gen:tipoFontRecurso>001</gen:tipoFontRecurso>
      <gen:anoIngrFontRecurso>0000</gen:anoIngrFontRecurso>
    </emp:fonteRecurso>
    <emp:codigoSubeDespesa>3016</emp:codigoSubeDespesa>
    <emp:anoEmisEmpenho>2019</emp:anoEmisEmpenho>
    <emp:numeroEmpenho>0621001</emp:numeroEmpenho>
    <emp:dataEmisEmpenho>2019-06-21</emp:dataEmisEmpenho>
    <emp:tipoModaLicitacao>9</emp:tipoModaLicitacao>
    <emp:naProcLicitatorio>
      <gen:numero>000000</gen:numero>
      <gen:ano>0000</gen:ano>
    </emp:naProcLicitatorio>
    <emp:historicoEmpenho>VALOR EMPENHADO PARA PAGAMENTO DE DESPESAS COM MATERIAIS DE CONSUMO PARA ESTA CAMARA MIUNICIPAL.</emp:historicoEmpenho>
    <emp:cpfOrdeDespesa>78118425304</emp:cpfOrdeDespesa>
    <emp:cpfCnpjCredor>06882414000178</emp:cpfCnpjCredor>
    <emp:codigoAplicacao>100</emp:codigoAplicacao>
    <emp:tipoEmpenho>1</emp:tipoEmpenho>
    <emp:valorEmpenho>0000000003330.00</emp:valorEmpenho>
  </emp:Empenho>
  <emp:Empenho>
    <emp:codigoUnidOrcamentaria>010100</emp:codigoUnidOrcamentaria>
    <emp:codigoFuncao>1</emp:codigoFuncao>
    <emp:codigoSubFuncao>31</emp:codigoSubFuncao>
    <emp:codigoPrograma>0001</emp:codigoPrograma>
    <emp:codigoAcao>2001</emp:codigoAcao>
    <emp:codigoCateEconomica>3</emp:codigoCateEconomica>
    <emp:codigoNatuDespesa>3</emp:codigoNatuDespesa>
    <emp:codigoModaAplicacao>90</emp:codigoModaAplicacao>
    <emp:codigoElemDespesa>39</emp:codigoElemDespesa>
    <emp:fonteRecurso>
      <gen:ioc>1</gen:ioc>
      <gen:tipoFontRecurso>001</gen:tipoFontRecurso>
      <gen:anoIngrFontRecurso>0000</gen:anoIngrFontRecurso>
    </emp:fonteRecurso>
    <emp:codigoSubeDespesa>3999</emp:codigoSubeDespesa>
    <emp:anoEmisEmpenho>2019</emp:anoEmisEmpenho>
    <emp:numeroEmpenho>0621002</emp:numeroEmpenho>
    <emp:dataEmisEmpenho>2019-06-21</emp:dataEmisEmpenho>
    <emp:tipoModaLicitacao>9</emp:tipoModaLicitacao>
    <emp:naProcLicitatorio>
      <gen:numero>000000</gen:numero>
      <gen:ano>0000</gen:ano>
    </emp:naProcLicitatorio>
    <emp:historicoEmpenho>VALOR EMPENHADO PARA PAGAMENTO POR SERVICOS DE PUBLICIDADE OFICIAL.</emp:historicoEmpenho>
    <emp:cpfOrdeDespesa>78118425304</emp:cpfOrdeDespesa>
    <emp:cpfCnpjCredor>07989781000138</emp:cpfCnpjCredor>
    <emp:codigoAplicacao>100</emp:codigoAplicacao>
    <emp:tipoEmpenho>1</emp:tipoEmpenho>
    <emp:valorEmpenho>0000000000998.00</emp:valorEmpenho>
  </emp:Empenho>
  <emp:Empenho>
    <emp:codigoUnidOrcamentaria>010100</emp:codigoUnidOrcamentaria>
    <emp:codigoFuncao>1</emp:codigoFuncao>
    <emp:codigoSubFuncao>31</emp:codigoSubFuncao>
    <emp:codigoPrograma>0001</emp:codigoPrograma>
    <emp:codigoAcao>2001</emp:codigoAcao>
    <emp:codigoCateEconomica>3</emp:codigoCateEconomica>
    <emp:codigoNatuDespesa>3</emp:codigoNatuDespesa>
    <emp:codigoModaAplicacao>90</emp:codigoModaAplicacao>
    <emp:codigoElemDespesa>36</emp:codigoElemDespesa>
    <emp:fonteRecurso>
      <gen:ioc>1</gen:ioc>
      <gen:tipoFontRecurso>001</gen:tipoFontRecurso>
      <gen:anoIngrFontRecurso>0000</gen:anoIngrFontRecurso>
    </emp:fonteRecurso>
    <emp:codigoSubeDespesa>3699</emp:codigoSubeDespesa>
    <emp:anoEmisEmpenho>2019</emp:anoEmisEmpenho>
    <emp:numeroEmpenho>0621003</emp:numeroEmpenho>
    <emp:dataEmisEmpenho>2019-06-21</emp:dataEmisEmpenho>
    <emp:tipoModaLicitacao>9</emp:tipoModaLicitacao>
    <emp:naProcLicitatorio>
      <gen:numero>000000</gen:numero>
      <gen:ano>0000</gen:ano>
    </emp:naProcLicitatorio>
    <emp:historicoEmpenho>VALOR EMPENHADO PARA PAGAMENTO DE DESPESAS COM FORNECIMENTO DE LANCHES A CAMARA MUNICIPAL DE AVELINO LOPES PI.</emp:historicoEmpenho>
    <emp:cpfOrdeDespesa>78118425304</emp:cpfOrdeDespesa>
    <emp:cpfCnpjCredor>00009817379</emp:cpfCnpjCredor>
    <emp:codigoAplicacao>100</emp:codigoAplicacao>
    <emp:tipoEmpenho>1</emp:tipoEmpenho>
    <emp:valorEmpenho>0000000001050.00</emp:valorEmpenho>
  </emp:Empenho>
  <emp:Retencao>
    <emp:codigoUnidOrcamentaria>010100</emp:codigoUnidOrcamentaria>
    <emp:anoEmisEmpenho>2019</emp:anoEmisEmpenho>
    <emp:numeroEmpenho>0620001</emp:numeroEmpenho>
    <emp:numeroDocuLiquidacao>0000001</emp:numeroDocuLiquidacao>
    <emp:tipoRetencao>5</emp:tipoRetencao>
    <emp:tipoOrigRetencao>2</emp:tipoOrigRetencao>
    <emp:cpfCnpjCredor>00000000144940</emp:cpfCnpjCredor>
    <emp:valorRetencao>0000000007871.64</emp:valorRetencao>
  </emp:Retencao>
  <emp:Retencao>
    <emp:codigoUnidOrcamentaria>010100</emp:codigoUnidOrcamentaria>
    <emp:anoEmisEmpenho>2019</emp:anoEmisEmpenho>
    <emp:numeroEmpenho>0620001</emp:numeroEmpenho>
    <emp:numeroDocuLiquidacao>0000001</emp:numeroDocuLiquidacao>
    <emp:tipoRetencao>5</emp:tipoRetencao>
    <emp:tipoOrigRetencao>2</emp:tipoOrigRetencao>
    <emp:cpfCnpjCredor>06554281000100</emp:cpfCnpjCredor>
    <emp:valorRetencao>0000000002985.00</emp:valorRetencao>
  </emp:Retencao>
  <emp:Retencao>
    <emp:codigoUnidOrcamentaria>010100</emp:codigoUnidOrcamentaria>
    <emp:anoEmisEmpenho>2019</emp:anoEmisEmpenho>
    <emp:numeroEmpenho>0620001</emp:numeroEmpenho>
    <emp:numeroDocuLiquidacao>0000001</emp:numeroDocuLiquidacao>
    <emp:tipoRetencao>5</emp:tipoRetencao>
    <emp:tipoOrigRetencao>2</emp:tipoOrigRetencao>
    <emp:cpfCnpjCredor>29979036000140</emp:cpfCnpjCredor>
    <emp:valorRetencao>0000000004455.00</emp:valorRetencao>
  </emp:Retencao>
  <emp:Retencao>
    <emp:codigoUnidOrcamentaria>010100</emp:codigoUnidOrcamentaria>
    <emp:anoEmisEmpenho>2019</emp:anoEmisEmpenho>
    <emp:numeroEmpenho>0620002</emp:numeroEmpenho>
    <emp:numeroDocuLiquidacao>0000001</emp:numeroDocuLiquidacao>
    <emp:tipoRetencao>5</emp:tipoRetencao>
    <emp:tipoOrigRetencao>2</emp:tipoOrigRetencao>
    <emp:cpfCnpjCredor>29979036000140</emp:cpfCnpjCredor>
    <emp:valorRetencao>0000000000159.68</emp:valorRetencao>
  </emp:Retencao>
</emp:EmpenhoseRP>
