<?xml version="1.0" encoding="ISO-8859-1"?>
<!--********************************************-->
<!--* FIORILLI SOFTWARE LTDA                   *-->
<!--* SISTEMA INTEGRADO DE PESSOAL             *-->
<!--* GERADO 28/10/2022 17:38:25               *-->
<!--* VERSAO 7.5.350.26.15890/R                *-->
<!--* USUARIO PC EMANOEL                       *-->
<!--* DOMINIO DESKTOP-M7BKEIV                  *-->
<!--* NOME PC DESKTOP-M7BKEIV                  *-->
<!--* USUARIO SISTEMA EMANOEL                  *-->
<!--********************************************-->
<aux:CadastrosAuxiliaresSagresFolha xmlns:fol="http://www.tce.pi.gov.br/sagres2022/xml/folhaPagamento" xmlns:aux="http://www.tce.pi.gov.br/sagres2022/xml/cadastrosAuxiliaresSagresFolha" xmlns:gen="http://www.tce.pi.gov.br/sagres2022/xml/genericos" xmlns:tab="http://www.tce.pi.gov.br/sagres2022/xml/tabelasInternas">
  <aux:PrestacaoContas>
    <aux:codigoUnidGestora>201017</aux:codigoUnidGestora>
    <aux:nomeUnidGestora>P. M. DE AVELINO LOPES</aux:nomeUnidGestora>
    <aux:cpfContador>00000000000</aux:cpfContador>
    <aux:cpfGestor>01726047377</aux:cpfGestor>
    <aux:anoReferencia>2022</aux:anoReferencia>
    <aux:mesReferencia>8</aux:mesReferencia>
    <aux:versaoXml>19</aux:versaoXml>
    <aux:diaInicPresContas>1</aux:diaInicPresContas>
    <aux:diaFinaPresContas>31</aux:diaFinaPresContas>
  </aux:PrestacaoContas>
  <aux:Cargo>
    <aux:codigoCargo>00000419</aux:codigoCargo>
    <aux:nomeDoCargo>FISCAL DE TRIBUTOS</aux:nomeDoCargo>
    <aux:cargaHoraria>44</aux:cargaHoraria>
    <aux:tipoEscolaridade>0</aux:tipoEscolaridade>
    <aux:codigoCargoRhWeb>00000000</aux:codigoCargoRhWeb>
    <aux:codigoCargoRhWeb>00000000</aux:codigoCargoRhWeb>
    <aux:codigoCargoRhWeb>00000000</aux:codigoCargoRhWeb>
    <aux:vecimentoBaseOuSalario>0.00</aux:vecimentoBaseOuSalario>
    <aux:tipoOcupacao>111415</aux:tipoOcupacao>
    <aux:naturezaCargo>3</aux:naturezaCargo>
  </aux:Cargo>
  <aux:Servidor>
    <aux:matricula>000000000200606</aux:matricula>
    <aux:cpfServidor>36499778850</aux:cpfServidor>
    <aux:rgServidor>372615338</aux:rgServidor>
    <aux:orgaoExpedidor>SSPPI</aux:orgaoExpedidor>
    <aux:dataExpeCartDeIdentidade>2015-12-11</aux:dataExpeCartDeIdentidade>
    <aux:nomeServidor>LEANDRO PEREIRA DA SILVA</aux:nomeServidor>
    <aux:dataNascimento>1991-05-09</aux:dataNascimento>
    <aux:sexo>1</aux:sexo>
    <aux:tituloEleitor>000039392221589</aux:tituloEleitor>
    <aux:tipoEstaCivil>2</aux:tipoEstaCivil>
    <aux:pisPAsep>000016369073475</aux:pisPAsep>
    <aux:numeroOrgaoClasse>00000000</aux:numeroOrgaoClasse>
    <aux:cpfPai>99999999999</aux:cpfPai>
    <aux:nomePai>N�O CONSTA</aux:nomePai>
    <aux:cpfMae>99999999999</aux:cpfMae>
    <aux:nomeMae>DELZUITA PEREIRA DA SILVA</aux:nomeMae>
  </aux:Servidor>
  <aux:Servidor>
    <aux:matricula>000000000200607</aux:matricula>
    <aux:cpfServidor>05269155362</aux:cpfServidor>
    <aux:rgServidor>3336855</aux:rgServidor>
    <aux:orgaoExpedidor>SSPPI</aux:orgaoExpedidor>
    <aux:dataExpeCartDeIdentidade>2009-09-03</aux:dataExpeCartDeIdentidade>
    <aux:nomeServidor>LEANDRO MARQUES DA SILVA</aux:nomeServidor>
    <aux:dataNascimento>1991-02-03</aux:dataNascimento>
    <aux:sexo>1</aux:sexo>
    <aux:tituloEleitor>000038718791503</aux:tituloEleitor>
    <aux:tipoEstaCivil>1</aux:tipoEstaCivil>
    <aux:pisPAsep>000016369073386</aux:pisPAsep>
    <aux:numeroOrgaoClasse>00000000</aux:numeroOrgaoClasse>
    <aux:cpfPai>99999999999</aux:cpfPai>
    <aux:nomePai>LOURISVALDO DE SOUSA E SILVA</aux:nomePai>
    <aux:cpfMae>99999999999</aux:cpfMae>
    <aux:nomeMae>GIZELIA MARQUES DA SILVA</aux:nomeMae>
  </aux:Servidor>
  <aux:Servidor>
    <aux:matricula>000000000200609</aux:matricula>
    <aux:cpfServidor>06703850348</aux:cpfServidor>
    <aux:rgServidor>3736412</aux:rgServidor>
    <aux:orgaoExpedidor>SSPPI</aux:orgaoExpedidor>
    <aux:dataExpeCartDeIdentidade>2012-05-07</aux:dataExpeCartDeIdentidade>
    <aux:nomeServidor>KEITE LORRANE MARQUES COSTA</aux:nomeServidor>
    <aux:dataNascimento>1997-08-01</aux:dataNascimento>
    <aux:sexo>2</aux:sexo>
    <aux:tituloEleitor>000042402891511</aux:tituloEleitor>
    <aux:tipoEstaCivil>2</aux:tipoEstaCivil>
    <aux:pisPAsep>000016400124579</aux:pisPAsep>
    <aux:numeroOrgaoClasse>00000000</aux:numeroOrgaoClasse>
    <aux:cpfPai>99999999999</aux:cpfPai>
    <aux:nomePai>AGUINALDO NUNES DA COSTA</aux:nomePai>
    <aux:cpfMae>99999999999</aux:cpfMae>
    <aux:nomeMae>ELIENE MARQUES ALVES</aux:nomeMae>
  </aux:Servidor>
</aux:CadastrosAuxiliaresSagresFolha>
