<?xml version="1.0" encoding="utf-8"?>
<!--FIORILLI SOC. CIVIL LTDA - SOFTWARE-->
<!--ENVIADO POR: -->
<!--VERSAO TCE-PI: 9.25.1576.20-->
<!--VERSAO DIARIO RAZAO: -->
<!--VERSAO EVENTOS: -->
<emp:EmpenhoseRP xmlns:emp="http://www.tce.pi.gov.br/sagres2023/xml/empenhoseRP" xmlns:gen="http://www.tce.pi.gov.br/sagres2023/xml/genericos" xmlns:tab="http://www.tce.pi.gov.br/sagres2023/xml/tabelasInternas" xmlns:aux="http://www.tce.pi.gov.br/sagres2023/xml/cadastrosAuxiliares">
  <emp:PrestacaoContas>
    <aux:codigoUnidGestora>201133</aux:codigoUnidGestora>
    <aux:nomeUnidGestora>PREFEITURA MUNICIPAL MORRO CABEÇA NO TEMPO</aux:nomeUnidGestora>
    <aux:cpfContador>01483122336</aux:cpfContador>
    <aux:cpfGestor>82387796349</aux:cpfGestor>
    <aux:anoReferencia>2023</aux:anoReferencia>
    <aux:mesReferencia>14</aux:mesReferencia>
    <aux:versaoXml>0</aux:versaoXml>
    <aux:diaInicPresContas>31</aux:diaInicPresContas>
    <aux:diaFinaPresContas>31</aux:diaFinaPresContas>
  </emp:PrestacaoContas>
</emp:EmpenhoseRP>
