<?xml version="1.0" encoding="ISO-8859-1"?>
<!--********************************************-->
<!--* FIORILLI SOFTWARE LTDA                   *-->
<!--* SISTEMA INTEGRADO DE PESSOAL             *-->
<!--* GERADO 03/03/2023 17:46:39               *-->
<!--* VERSAO 7.5.359.33.16172/R                *-->
<!--* USUARIO PC JONATAS.SILVA                 *-->
<!--* DOMINIO DCFIORILLI                       *-->
<!--* NOME PC PICONTREINA8                     *-->
<!--* USUARIO SISTEMA diego                    *-->
<!--********************************************-->
<aux:CadastrosAuxiliaresSagresFolha xmlns:fol="http://www.tce.pi.gov.br/sagres2022/xml/folhaPagamento" xmlns:aux="http://www.tce.pi.gov.br/sagres2022/xml/cadastrosAuxiliaresSagresFolha" xmlns:gen="http://www.tce.pi.gov.br/sagres2022/xml/genericos" xmlns:tab="http://www.tce.pi.gov.br/sagres2022/xml/tabelasInternas">
  <aux:PrestacaoContas>
    <aux:codigoUnidGestora>201133</aux:codigoUnidGestora>
    <aux:nomeUnidGestora>P. M. DE MORRO CABECA NO TEMPO</aux:nomeUnidGestora>
    <aux:cpfContador>01340944332</aux:cpfContador>
    <aux:cpfGestor>82387796349</aux:cpfGestor>
    <aux:anoReferencia>2022</aux:anoReferencia>
    <aux:mesReferencia>12</aux:mesReferencia>
    <aux:versaoXml>19</aux:versaoXml>
    <aux:diaInicPresContas>1</aux:diaInicPresContas>
    <aux:diaFinaPresContas>31</aux:diaFinaPresContas>
  </aux:PrestacaoContas>
  <aux:Cargo>
    <aux:codigoCargo>00000225</aux:codigoCargo>
    <aux:nomeDoCargo>ENTREVISTADOR SOCIAL DO CADASTRO UNICO</aux:nomeDoCargo>
    <aux:cargaHoraria>30</aux:cargaHoraria>
    <aux:tipoEscolaridade>3</aux:tipoEscolaridade>
    <aux:codigoCargoRhWeb>00000000</aux:codigoCargoRhWeb>
    <aux:codigoCargoRhWeb>00000000</aux:codigoCargoRhWeb>
    <aux:codigoCargoRhWeb>00000000</aux:codigoCargoRhWeb>
    <aux:vecimentoBaseOuSalario>0.00</aux:vecimentoBaseOuSalario>
    <aux:tipoOcupacao>424110</aux:tipoOcupacao>
    <aux:naturezaCargo>5</aux:naturezaCargo>
  </aux:Cargo>
  <aux:Servidor>
    <aux:matricula>000000000000652</aux:matricula>
    <aux:cpfServidor>26477549859</aux:cpfServidor>
    <aux:rgServidor>333664516</aux:rgServidor>
    <aux:orgaoExpedidor>SSPSP</aux:orgaoExpedidor>
    <aux:dataExpeCartDeIdentidade>2022-04-01</aux:dataExpeCartDeIdentidade>
    <aux:nomeServidor>VALDEMI DUARTE MENDES</aux:nomeServidor>
    <aux:dataNascimento>1977-06-01</aux:dataNascimento>
    <aux:sexo>1</aux:sexo>
    <aux:tituloEleitor>000046870091511</aux:tituloEleitor>
    <aux:tipoEstaCivil>4</aux:tipoEstaCivil>
    <aux:pisPAsep>000012552646168</aux:pisPAsep>
    <aux:numeroOrgaoClasse>00000000</aux:numeroOrgaoClasse>
    <aux:cpfPai>99999999999</aux:cpfPai>
    <aux:nomePai>VALDECIO MARTIM FILHO</aux:nomePai>
    <aux:cpfMae>99999999999</aux:cpfMae>
    <aux:nomeMae>TERESINHA DUARTE MENDES</aux:nomeMae>
  </aux:Servidor>
  <aux:Servidor>
    <aux:matricula>000000000000653</aux:matricula>
    <aux:cpfServidor>60845111396</aux:cpfServidor>
    <aux:rgServidor>204633</aux:rgServidor>
    <aux:orgaoExpedidor>sspPI</aux:orgaoExpedidor>
    <aux:dataExpeCartDeIdentidade>2022-04-01</aux:dataExpeCartDeIdentidade>
    <aux:nomeServidor>LUCAS MENDES DOS SANTOS</aux:nomeServidor>
    <aux:dataNascimento>1990-03-22</aux:dataNascimento>
    <aux:sexo>1</aux:sexo>
    <aux:tituloEleitor>000037547351562</aux:tituloEleitor>
    <aux:tipoEstaCivil>4</aux:tipoEstaCivil>
    <aux:pisPAsep>000021365700536</aux:pisPAsep>
    <aux:numeroOrgaoClasse>00000000</aux:numeroOrgaoClasse>
    <aux:cpfPai>99999999999</aux:cpfPai>
    <aux:nomePai>Sem Nome</aux:nomePai>
    <aux:cpfMae>99999999999</aux:cpfMae>
    <aux:nomeMae>PEDRINA MENDES SENA</aux:nomeMae>
  </aux:Servidor>
  <aux:Servidor>
    <aux:matricula>000000000000654</aux:matricula>
    <aux:cpfServidor>50798909838</aux:cpfServidor>
    <aux:rgServidor>524594569</aux:rgServidor>
    <aux:orgaoExpedidor>SSPSP</aux:orgaoExpedidor>
    <aux:dataExpeCartDeIdentidade>2018-12-12</aux:dataExpeCartDeIdentidade>
    <aux:nomeServidor>VINICIUS ALVES DA SILVA</aux:nomeServidor>
    <aux:dataNascimento>2000-10-25</aux:dataNascimento>
    <aux:sexo>1</aux:sexo>
    <aux:tituloEleitor>000000000000000</aux:tituloEleitor>
    <aux:tipoEstaCivil>1</aux:tipoEstaCivil>
    <aux:pisPAsep>000023864700449</aux:pisPAsep>
    <aux:numeroOrgaoClasse>00000000</aux:numeroOrgaoClasse>
    <aux:cpfPai>25616971855</aux:cpfPai>
    <aux:nomePai>ADAIL JOS� DA SILVA</aux:nomePai>
    <aux:cpfMae>28518917824</aux:cpfMae>
    <aux:nomeMae>SUELI PEREIRA ALVES SILVA</aux:nomeMae>
  </aux:Servidor>
  <aux:Servidor>
    <aux:matricula>000000000000655</aux:matricula>
    <aux:cpfServidor>05348931390</aux:cpfServidor>
    <aux:rgServidor>556266043</aux:rgServidor>
    <aux:orgaoExpedidor>SSPSP</aux:orgaoExpedidor>
    <aux:dataExpeCartDeIdentidade>2021-10-25</aux:dataExpeCartDeIdentidade>
    <aux:nomeServidor>LUCIANO LOPES FERNANDES</aux:nomeServidor>
    <aux:dataNascimento>1992-03-27</aux:dataNascimento>
    <aux:sexo>1</aux:sexo>
    <aux:tituloEleitor>000039391881546</aux:tituloEleitor>
    <aux:tipoEstaCivil>1</aux:tipoEstaCivil>
    <aux:pisPAsep>000026732663621</aux:pisPAsep>
    <aux:numeroOrgaoClasse>00000000</aux:numeroOrgaoClasse>
    <aux:cpfPai>14917186846</aux:cpfPai>
    <aux:nomePai>EDUARDO MENDES FERNANDES</aux:nomePai>
    <aux:cpfMae>02461852367</aux:cpfMae>
    <aux:nomeMae>TERESINHA FRANCISCA LOPES FERNANDES</aux:nomeMae>
  </aux:Servidor>
  <aux:Servidor>
    <aux:matricula>000000000000657</aux:matricula>
    <aux:cpfServidor>05782106140</aux:cpfServidor>
    <aux:rgServidor>3551377</aux:rgServidor>
    <aux:orgaoExpedidor>SSPDFDF</aux:orgaoExpedidor>
    <aux:dataExpeCartDeIdentidade>2019-07-03</aux:dataExpeCartDeIdentidade>
    <aux:nomeServidor>CHRYSTOPHER BRUNO TRINDADE DE SOUZA</aux:nomeServidor>
    <aux:dataNascimento>1998-02-23</aux:dataNascimento>
    <aux:sexo>1</aux:sexo>
    <aux:tituloEleitor>000000000000000</aux:tituloEleitor>
    <aux:tipoEstaCivil>1</aux:tipoEstaCivil>
    <aux:pisPAsep>000016493465126</aux:pisPAsep>
    <aux:numeroOrgaoClasse>00000000</aux:numeroOrgaoClasse>
    <aux:cpfPai>48823406153</aux:cpfPai>
    <aux:nomePai>RAIMUNDO NONATO DE SOUSA FILHO</aux:nomePai>
    <aux:cpfMae>44453558104</aux:cpfMae>
    <aux:nomeMae>LUCIMAR SANTOS TRINDADE</aux:nomeMae>
  </aux:Servidor>
</aux:CadastrosAuxiliaresSagresFolha>
