<?xml version="1.0" encoding="utf-8"?>
<!--FIORILLI SOC. CIVIL LTDA - SOFTWARE-->
<!--ENVIADO POR: -->
<!--VERSAO TCE-PI: 8.25.25.165-->
<!--VERSAO DIARIO RAZAO: -->
<!--VERSAO EVENTOS: -->
<emp:EmpenhoseRP xmlns:emp="http://www.tce.pi.gov.br/sagres2021/xml/empenhoseRP" xmlns:gen="http://www.tce.pi.gov.br/sagres2021/xml/genericos" xmlns:tab="http://www.tce.pi.gov.br/sagres2021/xml/tabelasInternas" xmlns:aux="http://www.tce.pi.gov.br/sagres2021/xml/cadastrosAuxiliares">
  <emp:PrestacaoContas>
    <aux:codigoUnidGestora>201017</aux:codigoUnidGestora>
    <aux:nomeUnidGestora>PREFEITURA MUNICIPAL DE AVELINO LOPES</aux:nomeUnidGestora>
    <aux:cpfContador>51753359368</aux:cpfContador>
    <aux:cpfGestor>01726047377</aux:cpfGestor>
    <aux:anoReferencia>2021</aux:anoReferencia>
    <aux:mesReferencia>13</aux:mesReferencia>
    <aux:versaoXml>0</aux:versaoXml>
    <aux:diaInicPresContas>31</aux:diaInicPresContas>
    <aux:diaFinaPresContas>31</aux:diaFinaPresContas>
  </emp:PrestacaoContas>
  <emp:RestosApagar>
    <emp:codigoUnidOrcamentaria>020100</emp:codigoUnidOrcamentaria>
    <emp:codigoFuncao>4</emp:codigoFuncao>
    <emp:codigoSubFuncao>122</emp:codigoSubFuncao>
    <emp:codigoPrograma>0005</emp:codigoPrograma>
    <emp:codigoAcao>2041</emp:codigoAcao>
    <emp:codigoCateEconomica>3</emp:codigoCateEconomica>
    <emp:codigoNatuDespesa>3</emp:codigoNatuDespesa>
    <emp:codigoModaAplicacao>50</emp:codigoModaAplicacao>
    <emp:codigoElemDespesa>41</emp:codigoElemDespesa>
    <emp:codigoSubeDespesa>4103</emp:codigoSubeDespesa>
    <emp:fonteRecurso>
      <gen:ioc>1</gen:ioc>
      <gen:tipoFontRecurso>001</gen:tipoFontRecurso>
      <gen:tipoCompFontRecurso>9999</gen:tipoCompFontRecurso>
    </emp:fonteRecurso>
    <emp:anoEmisEmpenho>2021</emp:anoEmisEmpenho>
    <emp:numeroEmpenho>0129033</emp:numeroEmpenho>
    <emp:dataEmisEmpenho>2021-01-29</emp:dataEmisEmpenho>
    <emp:historicoEmpenho>VALOR EMPENHADO PARA PAGAMENTO DE CONTRIBUICAO MENSAL A CONFEDERACAO NACIONAL DOS MUNICIPIOS-CNM DEVIDOS NESTE MES.</emp:historicoEmpenho>
    <emp:cpfOrdeDespesa>01726047377</emp:cpfOrdeDespesa>
    <emp:cpfCnpjCredor>00703157000183</emp:cpfCnpjCredor>
    <emp:codigoAplicacao>100</emp:codigoAplicacao>
    <emp:tipoEmpenho>3</emp:tipoEmpenho>
    <emp:valorEmpenho>0000000009564.00</emp:valorEmpenho>
    <emp:tipoRestPagar>1</emp:tipoRestPagar>
    <emp:numeroContTce></emp:numeroContTce>
  </emp:RestosApagar>
  <emp:RestosApagar>
    <emp:codigoUnidOrcamentaria>020200</emp:codigoUnidOrcamentaria>
    <emp:codigoFuncao>4</emp:codigoFuncao>
    <emp:codigoSubFuncao>122</emp:codigoSubFuncao>
    <emp:codigoPrograma>0005</emp:codigoPrograma>
    <emp:codigoAcao>2040</emp:codigoAcao>
    <emp:codigoCateEconomica>3</emp:codigoCateEconomica>
    <emp:codigoNatuDespesa>1</emp:codigoNatuDespesa>
    <emp:codigoModaAplicacao>90</emp:codigoModaAplicacao>
    <emp:codigoElemDespesa>11</emp:codigoElemDespesa>
    <emp:codigoSubeDespesa>1101</emp:codigoSubeDespesa>
    <emp:fonteRecurso>
      <gen:ioc>1</gen:ioc>
      <gen:tipoFontRecurso>001</gen:tipoFontRecurso>
      <gen:tipoCompFontRecurso>9999</gen:tipoCompFontRecurso>
    </emp:fonteRecurso>
    <emp:anoEmisEmpenho>2021</emp:anoEmisEmpenho>
    <emp:numeroEmpenho>1228023</emp:numeroEmpenho>
    <emp:dataEmisEmpenho>2021-12-28</emp:dataEmisEmpenho>
    <emp:historicoEmpenho>VALOR EMPENHADO PARA ATENDIMENTO DE DESPESAS COM PESSOAL LOTADO NESTE ORGAO.</emp:historicoEmpenho>
    <emp:cpfOrdeDespesa>01726047377</emp:cpfOrdeDespesa>
    <emp:cpfCnpjCredor>00000000000000</emp:cpfCnpjCredor>
    <emp:codigoAplicacao>100</emp:codigoAplicacao>
    <emp:tipoEmpenho>1</emp:tipoEmpenho>
    <emp:valorEmpenho>0000000001654.50</emp:valorEmpenho>
    <emp:tipoRestPagar>1</emp:tipoRestPagar>
    <emp:numeroContTce></emp:numeroContTce>
  </emp:RestosApagar>
  <emp:RestosApagar>
    <emp:codigoUnidOrcamentaria>020300</emp:codigoUnidOrcamentaria>
    <emp:codigoFuncao>12</emp:codigoFuncao>
    <emp:codigoSubFuncao>361</emp:codigoSubFuncao>
    <emp:codigoPrograma>0030</emp:codigoPrograma>
    <emp:codigoAcao>2202</emp:codigoAcao>
    <emp:codigoCateEconomica>3</emp:codigoCateEconomica>
    <emp:codigoNatuDespesa>3</emp:codigoNatuDespesa>
    <emp:codigoModaAplicacao>90</emp:codigoModaAplicacao>
    <emp:codigoElemDespesa>30</emp:codigoElemDespesa>
    <emp:codigoSubeDespesa>3001</emp:codigoSubeDespesa>
    <emp:fonteRecurso>
      <gen:ioc>1</gen:ioc>
      <gen:tipoFontRecurso>001</gen:tipoFontRecurso>
      <gen:tipoCompFontRecurso>9999</gen:tipoCompFontRecurso>
    </emp:fonteRecurso>
    <emp:anoEmisEmpenho>2021</emp:anoEmisEmpenho>
    <emp:numeroEmpenho>1201080</emp:numeroEmpenho>
    <emp:dataEmisEmpenho>2021-12-01</emp:dataEmisEmpenho>
    <emp:historicoEmpenho>VALOR EMPENHADO PARA AQUISICAO DE COMBUSTIVEIS DESTINADOS A MANUTENCAO DAS ATIVIDADES MEIO DESTE ORGAO.</emp:historicoEmpenho>
    <emp:cpfOrdeDespesa>47363088349</emp:cpfOrdeDespesa>
    <emp:cpfCnpjCredor>08573595000186</emp:cpfCnpjCredor>
    <emp:codigoAplicacao>200</emp:codigoAplicacao>
    <emp:tipoEmpenho>1</emp:tipoEmpenho>
    <emp:valorEmpenho>0000000000650.00</emp:valorEmpenho>
    <emp:tipoRestPagar>1</emp:tipoRestPagar>
    <emp:numeroContTce></emp:numeroContTce>
  </emp:RestosApagar>
  <emp:RestosApagar>
    <emp:codigoUnidOrcamentaria>020300</emp:codigoUnidOrcamentaria>
    <emp:codigoFuncao>12</emp:codigoFuncao>
    <emp:codigoSubFuncao>361</emp:codigoSubFuncao>
    <emp:codigoPrograma>0030</emp:codigoPrograma>
    <emp:codigoAcao>2202</emp:codigoAcao>
    <emp:codigoCateEconomica>3</emp:codigoCateEconomica>
    <emp:codigoNatuDespesa>3</emp:codigoNatuDespesa>
    <emp:codigoModaAplicacao>90</emp:codigoModaAplicacao>
    <emp:codigoElemDespesa>30</emp:codigoElemDespesa>
    <emp:codigoSubeDespesa>3001</emp:codigoSubeDespesa>
    <emp:fonteRecurso>
      <gen:ioc>1</gen:ioc>
      <gen:tipoFontRecurso>001</gen:tipoFontRecurso>
      <gen:tipoCompFontRecurso>9999</gen:tipoCompFontRecurso>
    </emp:fonteRecurso>
    <emp:anoEmisEmpenho>2021</emp:anoEmisEmpenho>
    <emp:numeroEmpenho>1230017</emp:numeroEmpenho>
    <emp:dataEmisEmpenho>2021-12-30</emp:dataEmisEmpenho>
    <emp:historicoEmpenho>VALOR EMPENHADO PARA AQUISICAO DE COMBUSTIVEIS DESTINADOS A MANUTENCAO DAS ATIVIDADES MEIO DESTE ORGAO.</emp:historicoEmpenho>
    <emp:cpfOrdeDespesa>47363088349</emp:cpfOrdeDespesa>
    <emp:cpfCnpjCredor>08573595000186</emp:cpfCnpjCredor>
    <emp:codigoAplicacao>200</emp:codigoAplicacao>
    <emp:tipoEmpenho>1</emp:tipoEmpenho>
    <emp:valorEmpenho>0000000000523.23</emp:valorEmpenho>
    <emp:tipoRestPagar>1</emp:tipoRestPagar>
    <emp:numeroContTce></emp:numeroContTce>
  </emp:RestosApagar>
  <emp:RestosApagar>
    <emp:codigoUnidOrcamentaria>020401</emp:codigoUnidOrcamentaria>
    <emp:codigoFuncao>10</emp:codigoFuncao>
    <emp:codigoSubFuncao>301</emp:codigoSubFuncao>
    <emp:codigoPrograma>0020</emp:codigoPrograma>
    <emp:codigoAcao>2160</emp:codigoAcao>
    <emp:codigoCateEconomica>3</emp:codigoCateEconomica>
    <emp:codigoNatuDespesa>1</emp:codigoNatuDespesa>
    <emp:codigoModaAplicacao>90</emp:codigoModaAplicacao>
    <emp:codigoElemDespesa>16</emp:codigoElemDespesa>
    <emp:codigoSubeDespesa>1644</emp:codigoSubeDespesa>
    <emp:fonteRecurso>
      <gen:ioc>1</gen:ioc>
      <gen:tipoFontRecurso>214</gen:tipoFontRecurso>
      <gen:tipoCompFontRecurso>9999</gen:tipoCompFontRecurso>
    </emp:fonteRecurso>
    <emp:anoEmisEmpenho>2021</emp:anoEmisEmpenho>
    <emp:numeroEmpenho>1209007</emp:numeroEmpenho>
    <emp:dataEmisEmpenho>2021-12-09</emp:dataEmisEmpenho>
    <emp:historicoEmpenho>VALOR EMPENHADO PARA PAGAMENTO DE DIARIAS NA CAMPANHA DE VACINACAO ANTI-RABICA REALIZADA NESTE MUNICIPIO.</emp:historicoEmpenho>
    <emp:cpfOrdeDespesa>56561024320</emp:cpfOrdeDespesa>
    <emp:cpfCnpjCredor>00000000000000</emp:cpfCnpjCredor>
    <emp:codigoAplicacao>115</emp:codigoAplicacao>
    <emp:tipoEmpenho>1</emp:tipoEmpenho>
    <emp:valorEmpenho>0000000000100.00</emp:valorEmpenho>
    <emp:tipoRestPagar>1</emp:tipoRestPagar>
    <emp:numeroContTce></emp:numeroContTce>
  </emp:RestosApagar>
  <emp:RestosApagar>
    <emp:codigoUnidOrcamentaria>020401</emp:codigoUnidOrcamentaria>
    <emp:codigoFuncao>10</emp:codigoFuncao>
    <emp:codigoSubFuncao>301</emp:codigoSubFuncao>
    <emp:codigoPrograma>0020</emp:codigoPrograma>
    <emp:codigoAcao>2160</emp:codigoAcao>
    <emp:codigoCateEconomica>3</emp:codigoCateEconomica>
    <emp:codigoNatuDespesa>3</emp:codigoNatuDespesa>
    <emp:codigoModaAplicacao>90</emp:codigoModaAplicacao>
    <emp:codigoElemDespesa>36</emp:codigoElemDespesa>
    <emp:codigoSubeDespesa>3630</emp:codigoSubeDespesa>
    <emp:fonteRecurso>
      <gen:ioc>1</gen:ioc>
      <gen:tipoFontRecurso>213</gen:tipoFontRecurso>
      <gen:tipoCompFontRecurso>9999</gen:tipoCompFontRecurso>
    </emp:fonteRecurso>
    <emp:anoEmisEmpenho>2021</emp:anoEmisEmpenho>
    <emp:numeroEmpenho>0930048</emp:numeroEmpenho>
    <emp:dataEmisEmpenho>2021-09-30</emp:dataEmisEmpenho>
    <emp:historicoEmpenho>VALOR EMPENHADO PARA PAGAMENTO DE SERVICOS PRESTADOS COMO ENFERMEIRA PARA ESTE ORGAO.</emp:historicoEmpenho>
    <emp:cpfOrdeDespesa>56561024320</emp:cpfOrdeDespesa>
    <emp:cpfCnpjCredor>27662439844</emp:cpfCnpjCredor>
    <emp:codigoAplicacao>115</emp:codigoAplicacao>
    <emp:tipoEmpenho>1</emp:tipoEmpenho>
    <emp:valorEmpenho>0000000000434.50</emp:valorEmpenho>
    <emp:tipoRestPagar>1</emp:tipoRestPagar>
    <emp:numeroContTce></emp:numeroContTce>
  </emp:RestosApagar>
  <emp:RestosApagar>
    <emp:codigoUnidOrcamentaria>020800</emp:codigoUnidOrcamentaria>
    <emp:codigoFuncao>15</emp:codigoFuncao>
    <emp:codigoSubFuncao>451</emp:codigoSubFuncao>
    <emp:codigoPrograma>0043</emp:codigoPrograma>
    <emp:codigoAcao>1320</emp:codigoAcao>
    <emp:codigoCateEconomica>4</emp:codigoCateEconomica>
    <emp:codigoNatuDespesa>4</emp:codigoNatuDespesa>
    <emp:codigoModaAplicacao>90</emp:codigoModaAplicacao>
    <emp:codigoElemDespesa>51</emp:codigoElemDespesa>
    <emp:codigoSubeDespesa>5191</emp:codigoSubeDespesa>
    <emp:fonteRecurso>
      <gen:ioc>1</gen:ioc>
      <gen:tipoFontRecurso>001</gen:tipoFontRecurso>
      <gen:tipoCompFontRecurso>9999</gen:tipoCompFontRecurso>
    </emp:fonteRecurso>
    <emp:anoEmisEmpenho>2021</emp:anoEmisEmpenho>
    <emp:numeroEmpenho>1105008</emp:numeroEmpenho>
    <emp:dataEmisEmpenho>2021-11-05</emp:dataEmisEmpenho>
    <emp:historicoEmpenho>REFERENTE A PRESTACAO DE SERVICO DE RECOMPOSICAO DE PAVIMENTACAO E INCLUSAO E POSTES CONFORME CONTRATO Nº 056 2021 E REFERENTE A DISPENSA Nº 014 2021.</emp:historicoEmpenho>
    <emp:cpfOrdeDespesa>01726047377</emp:cpfOrdeDespesa>
    <emp:cpfCnpjCredor>11059024000132</emp:cpfCnpjCredor>
    <emp:codigoAplicacao>100</emp:codigoAplicacao>
    <emp:tipoEmpenho>1</emp:tipoEmpenho>
    <emp:valorEmpenho>0000000008354.19</emp:valorEmpenho>
    <emp:tipoRestPagar>1</emp:tipoRestPagar>
    <emp:numeroContTce></emp:numeroContTce>
  </emp:RestosApagar>
  <emp:RestosApagar>
    <emp:codigoUnidOrcamentaria>020100</emp:codigoUnidOrcamentaria>
    <emp:codigoFuncao>4</emp:codigoFuncao>
    <emp:codigoSubFuncao>122</emp:codigoSubFuncao>
    <emp:codigoPrograma>0005</emp:codigoPrograma>
    <emp:codigoAcao>2041</emp:codigoAcao>
    <emp:codigoCateEconomica>3</emp:codigoCateEconomica>
    <emp:codigoNatuDespesa>3</emp:codigoNatuDespesa>
    <emp:codigoModaAplicacao>90</emp:codigoModaAplicacao>
    <emp:codigoElemDespesa>14</emp:codigoElemDespesa>
    <emp:codigoSubeDespesa>1401</emp:codigoSubeDespesa>
    <emp:fonteRecurso>
      <gen:ioc>1</gen:ioc>
      <gen:tipoFontRecurso>001</gen:tipoFontRecurso>
      <gen:tipoCompFontRecurso>9999</gen:tipoCompFontRecurso>
    </emp:fonteRecurso>
    <emp:anoEmisEmpenho>2021</emp:anoEmisEmpenho>
    <emp:numeroEmpenho>1119027</emp:numeroEmpenho>
    <emp:dataEmisEmpenho>2021-11-19</emp:dataEmisEmpenho>
    <emp:historicoEmpenho>VALOR EMPENHADO PARA PAGAMENTO DE DIARIAS AO PREFEITO MUNICIPAL EM VIAGEM TRATANDO DE ASSUNTOS DE INTERESSE DESTE MUNICIPIO.</emp:historicoEmpenho>
    <emp:cpfOrdeDespesa>01726047377</emp:cpfOrdeDespesa>
    <emp:cpfCnpjCredor>01726047377</emp:cpfCnpjCredor>
    <emp:codigoAplicacao>100</emp:codigoAplicacao>
    <emp:tipoEmpenho>1</emp:tipoEmpenho>
    <emp:valorEmpenho>0000000000060.00</emp:valorEmpenho>
    <emp:tipoRestPagar>2</emp:tipoRestPagar>
    <emp:numeroContTce></emp:numeroContTce>
  </emp:RestosApagar>
  <emp:RestosApagar>
    <emp:codigoUnidOrcamentaria>020200</emp:codigoUnidOrcamentaria>
    <emp:codigoFuncao>4</emp:codigoFuncao>
    <emp:codigoSubFuncao>122</emp:codigoSubFuncao>
    <emp:codigoPrograma>0005</emp:codigoPrograma>
    <emp:codigoAcao>2040</emp:codigoAcao>
    <emp:codigoCateEconomica>3</emp:codigoCateEconomica>
    <emp:codigoNatuDespesa>3</emp:codigoNatuDespesa>
    <emp:codigoModaAplicacao>90</emp:codigoModaAplicacao>
    <emp:codigoElemDespesa>39</emp:codigoElemDespesa>
    <emp:codigoSubeDespesa>3901</emp:codigoSubeDespesa>
    <emp:fonteRecurso>
      <gen:ioc>1</gen:ioc>
      <gen:tipoFontRecurso>001</gen:tipoFontRecurso>
      <gen:tipoCompFontRecurso>9999</gen:tipoCompFontRecurso>
    </emp:fonteRecurso>
    <emp:anoEmisEmpenho>2021</emp:anoEmisEmpenho>
    <emp:numeroEmpenho>0201017</emp:numeroEmpenho>
    <emp:dataEmisEmpenho>2021-02-01</emp:dataEmisEmpenho>
    <emp:historicoEmpenho>VALOR QUE SE EMPENHA PARA PAGAMENTO DE FORNECIMENTO MENSAL DE EDICOES DIARIAS DO DIARIO OFICIAL, PARA DISTRIBUICAO COM ENTIDADES DE CLASSE E NAS REPARTICOES PUBLICAS DO MUNICIPIO OBJETIVANDO FAVORECER O CONTROLE SOCIAL.</emp:historicoEmpenho>
    <emp:cpfOrdeDespesa>01726047377</emp:cpfOrdeDespesa>
    <emp:cpfCnpjCredor>07989781000138</emp:cpfCnpjCredor>
    <emp:codigoAplicacao>100</emp:codigoAplicacao>
    <emp:tipoEmpenho>3</emp:tipoEmpenho>
    <emp:valorEmpenho>0000000007312.00</emp:valorEmpenho>
    <emp:tipoRestPagar>2</emp:tipoRestPagar>
    <emp:numeroContTce></emp:numeroContTce>
  </emp:RestosApagar>
  <emp:RestosApagar>
    <emp:codigoUnidOrcamentaria>020200</emp:codigoUnidOrcamentaria>
    <emp:codigoFuncao>4</emp:codigoFuncao>
    <emp:codigoSubFuncao>122</emp:codigoSubFuncao>
    <emp:codigoPrograma>0005</emp:codigoPrograma>
    <emp:codigoAcao>2040</emp:codigoAcao>
    <emp:codigoCateEconomica>3</emp:codigoCateEconomica>
    <emp:codigoNatuDespesa>3</emp:codigoNatuDespesa>
    <emp:codigoModaAplicacao>90</emp:codigoModaAplicacao>
    <emp:codigoElemDespesa>39</emp:codigoElemDespesa>
    <emp:codigoSubeDespesa>3905</emp:codigoSubeDespesa>
    <emp:fonteRecurso>
      <gen:ioc>1</gen:ioc>
      <gen:tipoFontRecurso>001</gen:tipoFontRecurso>
      <gen:tipoCompFontRecurso>9999</gen:tipoCompFontRecurso>
    </emp:fonteRecurso>
    <emp:anoEmisEmpenho>2021</emp:anoEmisEmpenho>
    <emp:numeroEmpenho>0118011</emp:numeroEmpenho>
    <emp:dataEmisEmpenho>2021-01-18</emp:dataEmisEmpenho>
    <emp:historicoEmpenho>VALOR EMPENHADO PARA PAGAMENTO DE SERVICOS PRESTADOS DE ASSESSORIA E CONSULTORIA AREA JURIDICA PARA ESTA SECRETARIA.</emp:historicoEmpenho>
    <emp:cpfOrdeDespesa>01726047377</emp:cpfOrdeDespesa>
    <emp:cpfCnpjCredor>32341757000135</emp:cpfCnpjCredor>
    <emp:codigoAplicacao>100</emp:codigoAplicacao>
    <emp:tipoEmpenho>3</emp:tipoEmpenho>
    <emp:valorEmpenho>0000000013000.00</emp:valorEmpenho>
    <emp:tipoRestPagar>2</emp:tipoRestPagar>
    <emp:numeroContTce></emp:numeroContTce>
  </emp:RestosApagar>
  <emp:RestosApagar>
    <emp:codigoUnidOrcamentaria>020200</emp:codigoUnidOrcamentaria>
    <emp:codigoFuncao>4</emp:codigoFuncao>
    <emp:codigoSubFuncao>122</emp:codigoSubFuncao>
    <emp:codigoPrograma>0005</emp:codigoPrograma>
    <emp:codigoAcao>2040</emp:codigoAcao>
    <emp:codigoCateEconomica>3</emp:codigoCateEconomica>
    <emp:codigoNatuDespesa>3</emp:codigoNatuDespesa>
    <emp:codigoModaAplicacao>90</emp:codigoModaAplicacao>
    <emp:codigoElemDespesa>39</emp:codigoElemDespesa>
    <emp:codigoSubeDespesa>3905</emp:codigoSubeDespesa>
    <emp:fonteRecurso>
      <gen:ioc>1</gen:ioc>
      <gen:tipoFontRecurso>001</gen:tipoFontRecurso>
      <gen:tipoCompFontRecurso>9999</gen:tipoCompFontRecurso>
    </emp:fonteRecurso>
    <emp:anoEmisEmpenho>2021</emp:anoEmisEmpenho>
    <emp:numeroEmpenho>0118012</emp:numeroEmpenho>
    <emp:dataEmisEmpenho>2021-01-18</emp:dataEmisEmpenho>
    <emp:historicoEmpenho>VALOR EMPENHADO PARA PAGAMENTO DE SERVICOS PRESTADOS EM ASSESSORIA E CONSULTORIA TECNICA ESPECIALIZADA EM CONTABILIDADE PUBLICA.</emp:historicoEmpenho>
    <emp:cpfOrdeDespesa>01726047377</emp:cpfOrdeDespesa>
    <emp:cpfCnpjCredor>25202820000197</emp:cpfCnpjCredor>
    <emp:codigoAplicacao>100</emp:codigoAplicacao>
    <emp:tipoEmpenho>3</emp:tipoEmpenho>
    <emp:valorEmpenho>0000000017000.00</emp:valorEmpenho>
    <emp:tipoRestPagar>2</emp:tipoRestPagar>
    <emp:numeroContTce></emp:numeroContTce>
  </emp:RestosApagar>
  <emp:RestosApagar>
    <emp:codigoUnidOrcamentaria>020200</emp:codigoUnidOrcamentaria>
    <emp:codigoFuncao>4</emp:codigoFuncao>
    <emp:codigoSubFuncao>122</emp:codigoSubFuncao>
    <emp:codigoPrograma>0005</emp:codigoPrograma>
    <emp:codigoAcao>2040</emp:codigoAcao>
    <emp:codigoCateEconomica>3</emp:codigoCateEconomica>
    <emp:codigoNatuDespesa>3</emp:codigoNatuDespesa>
    <emp:codigoModaAplicacao>90</emp:codigoModaAplicacao>
    <emp:codigoElemDespesa>39</emp:codigoElemDespesa>
    <emp:codigoSubeDespesa>3939</emp:codigoSubeDespesa>
    <emp:fonteRecurso>
      <gen:ioc>1</gen:ioc>
      <gen:tipoFontRecurso>001</gen:tipoFontRecurso>
      <gen:tipoCompFontRecurso>9999</gen:tipoCompFontRecurso>
    </emp:fonteRecurso>
    <emp:anoEmisEmpenho>2021</emp:anoEmisEmpenho>
    <emp:numeroEmpenho>0118005</emp:numeroEmpenho>
    <emp:dataEmisEmpenho>2021-01-18</emp:dataEmisEmpenho>
    <emp:historicoEmpenho>VALOR EMPENHADO PARA PAGAMENTO DE RECEPCAO DE SINAL VIA SATELITE DE TV NESTE MUNICIPIO.</emp:historicoEmpenho>
    <emp:cpfOrdeDespesa>01726047377</emp:cpfOrdeDespesa>
    <emp:cpfCnpjCredor>09590480000162</emp:cpfCnpjCredor>
    <emp:codigoAplicacao>100</emp:codigoAplicacao>
    <emp:tipoEmpenho>3</emp:tipoEmpenho>
    <emp:valorEmpenho>0000000003900.00</emp:valorEmpenho>
    <emp:tipoRestPagar>2</emp:tipoRestPagar>
    <emp:numeroContTce></emp:numeroContTce>
  </emp:RestosApagar>
  <emp:RestosApagar>
    <emp:codigoUnidOrcamentaria>020300</emp:codigoUnidOrcamentaria>
    <emp:codigoFuncao>12</emp:codigoFuncao>
    <emp:codigoSubFuncao>361</emp:codigoSubFuncao>
    <emp:codigoPrograma>0030</emp:codigoPrograma>
    <emp:codigoAcao>2202</emp:codigoAcao>
    <emp:codigoCateEconomica>3</emp:codigoCateEconomica>
    <emp:codigoNatuDespesa>3</emp:codigoNatuDespesa>
    <emp:codigoModaAplicacao>90</emp:codigoModaAplicacao>
    <emp:codigoElemDespesa>30</emp:codigoElemDespesa>
    <emp:codigoSubeDespesa>3001</emp:codigoSubeDespesa>
    <emp:fonteRecurso>
      <gen:ioc>1</gen:ioc>
      <gen:tipoFontRecurso>001</gen:tipoFontRecurso>
      <gen:tipoCompFontRecurso>9999</gen:tipoCompFontRecurso>
    </emp:fonteRecurso>
    <emp:anoEmisEmpenho>2021</emp:anoEmisEmpenho>
    <emp:numeroEmpenho>1230011</emp:numeroEmpenho>
    <emp:dataEmisEmpenho>2021-12-30</emp:dataEmisEmpenho>
    <emp:historicoEmpenho>VALOR EMPENHADO PARA AQUISICAO DE COMBUSTIVEIS DESTINADOS A MANUTENCAO DAS ATIVIDADES MEIO DESTE ORGAO.</emp:historicoEmpenho>
    <emp:cpfOrdeDespesa>47363088349</emp:cpfOrdeDespesa>
    <emp:cpfCnpjCredor>20026185000110</emp:cpfCnpjCredor>
    <emp:codigoAplicacao>200</emp:codigoAplicacao>
    <emp:tipoEmpenho>1</emp:tipoEmpenho>
    <emp:valorEmpenho>0000000004959.03</emp:valorEmpenho>
    <emp:tipoRestPagar>2</emp:tipoRestPagar>
    <emp:numeroContTce></emp:numeroContTce>
  </emp:RestosApagar>
  <emp:RestosApagar>
    <emp:codigoUnidOrcamentaria>020300</emp:codigoUnidOrcamentaria>
    <emp:codigoFuncao>12</emp:codigoFuncao>
    <emp:codigoSubFuncao>361</emp:codigoSubFuncao>
    <emp:codigoPrograma>0030</emp:codigoPrograma>
    <emp:codigoAcao>2202</emp:codigoAcao>
    <emp:codigoCateEconomica>3</emp:codigoCateEconomica>
    <emp:codigoNatuDespesa>3</emp:codigoNatuDespesa>
    <emp:codigoModaAplicacao>90</emp:codigoModaAplicacao>
    <emp:codigoElemDespesa>30</emp:codigoElemDespesa>
    <emp:codigoSubeDespesa>3001</emp:codigoSubeDespesa>
    <emp:fonteRecurso>
      <gen:ioc>1</gen:ioc>
      <gen:tipoFontRecurso>001</gen:tipoFontRecurso>
      <gen:tipoCompFontRecurso>9999</gen:tipoCompFontRecurso>
    </emp:fonteRecurso>
    <emp:anoEmisEmpenho>2021</emp:anoEmisEmpenho>
    <emp:numeroEmpenho>1230014</emp:numeroEmpenho>
    <emp:dataEmisEmpenho>2021-12-30</emp:dataEmisEmpenho>
    <emp:historicoEmpenho>VALOR EMPENHADO PARA AQUISICAO DE COMBUSTIVEIS DESTINADOS A MANUTENCAO DAS ATIVIDADES MEIO DESTE ORGAO.</emp:historicoEmpenho>
    <emp:cpfOrdeDespesa>47363088349</emp:cpfOrdeDespesa>
    <emp:cpfCnpjCredor>20026185000110</emp:cpfCnpjCredor>
    <emp:codigoAplicacao>200</emp:codigoAplicacao>
    <emp:tipoEmpenho>1</emp:tipoEmpenho>
    <emp:valorEmpenho>0000000009989.04</emp:valorEmpenho>
    <emp:tipoRestPagar>2</emp:tipoRestPagar>
    <emp:numeroContTce></emp:numeroContTce>
  </emp:RestosApagar>
  <emp:RestosApagar>
    <emp:codigoUnidOrcamentaria>020300</emp:codigoUnidOrcamentaria>
    <emp:codigoFuncao>12</emp:codigoFuncao>
    <emp:codigoSubFuncao>361</emp:codigoSubFuncao>
    <emp:codigoPrograma>0030</emp:codigoPrograma>
    <emp:codigoAcao>2202</emp:codigoAcao>
    <emp:codigoCateEconomica>3</emp:codigoCateEconomica>
    <emp:codigoNatuDespesa>3</emp:codigoNatuDespesa>
    <emp:codigoModaAplicacao>90</emp:codigoModaAplicacao>
    <emp:codigoElemDespesa>30</emp:codigoElemDespesa>
    <emp:codigoSubeDespesa>3001</emp:codigoSubeDespesa>
    <emp:fonteRecurso>
      <gen:ioc>1</gen:ioc>
      <gen:tipoFontRecurso>001</gen:tipoFontRecurso>
      <gen:tipoCompFontRecurso>9999</gen:tipoCompFontRecurso>
    </emp:fonteRecurso>
    <emp:anoEmisEmpenho>2021</emp:anoEmisEmpenho>
    <emp:numeroEmpenho>1230016</emp:numeroEmpenho>
    <emp:dataEmisEmpenho>2021-12-30</emp:dataEmisEmpenho>
    <emp:historicoEmpenho>VALOR EMPENHADO PARA AQUISICAO DE COMBUSTIVEIS DESTINADOS A MANUTENCAO DAS ATIVIDADES MEIO DESTE ORGAO.</emp:historicoEmpenho>
    <emp:cpfOrdeDespesa>47363088349</emp:cpfOrdeDespesa>
    <emp:cpfCnpjCredor>20026185000110</emp:cpfCnpjCredor>
    <emp:codigoAplicacao>200</emp:codigoAplicacao>
    <emp:tipoEmpenho>1</emp:tipoEmpenho>
    <emp:valorEmpenho>0000000005900.00</emp:valorEmpenho>
    <emp:tipoRestPagar>2</emp:tipoRestPagar>
    <emp:numeroContTce></emp:numeroContTce>
  </emp:RestosApagar>
  <emp:RestosApagar>
    <emp:codigoUnidOrcamentaria>020300</emp:codigoUnidOrcamentaria>
    <emp:codigoFuncao>12</emp:codigoFuncao>
    <emp:codigoSubFuncao>361</emp:codigoSubFuncao>
    <emp:codigoPrograma>0030</emp:codigoPrograma>
    <emp:codigoAcao>2202</emp:codigoAcao>
    <emp:codigoCateEconomica>3</emp:codigoCateEconomica>
    <emp:codigoNatuDespesa>3</emp:codigoNatuDespesa>
    <emp:codigoModaAplicacao>90</emp:codigoModaAplicacao>
    <emp:codigoElemDespesa>30</emp:codigoElemDespesa>
    <emp:codigoSubeDespesa>3001</emp:codigoSubeDespesa>
    <emp:fonteRecurso>
      <gen:ioc>1</gen:ioc>
      <gen:tipoFontRecurso>001</gen:tipoFontRecurso>
      <gen:tipoCompFontRecurso>9999</gen:tipoCompFontRecurso>
    </emp:fonteRecurso>
    <emp:anoEmisEmpenho>2021</emp:anoEmisEmpenho>
    <emp:numeroEmpenho>1230018</emp:numeroEmpenho>
    <emp:dataEmisEmpenho>2021-12-30</emp:dataEmisEmpenho>
    <emp:historicoEmpenho>VALOR EMPENHADO PARA AQUISICAO DE COMBUSTIVEIS DESTINADOS A MANUTENCAO DAS ATIVIDADES MEIO DESTE ORGAO.</emp:historicoEmpenho>
    <emp:cpfOrdeDespesa>47363088349</emp:cpfOrdeDespesa>
    <emp:cpfCnpjCredor>08573595000186</emp:cpfCnpjCredor>
    <emp:codigoAplicacao>200</emp:codigoAplicacao>
    <emp:tipoEmpenho>1</emp:tipoEmpenho>
    <emp:valorEmpenho>0000000000635.28</emp:valorEmpenho>
    <emp:tipoRestPagar>2</emp:tipoRestPagar>
    <emp:numeroContTce></emp:numeroContTce>
  </emp:RestosApagar>
  <emp:RestosApagar>
    <emp:codigoUnidOrcamentaria>020300</emp:codigoUnidOrcamentaria>
    <emp:codigoFuncao>12</emp:codigoFuncao>
    <emp:codigoSubFuncao>361</emp:codigoSubFuncao>
    <emp:codigoPrograma>0030</emp:codigoPrograma>
    <emp:codigoAcao>2202</emp:codigoAcao>
    <emp:codigoCateEconomica>3</emp:codigoCateEconomica>
    <emp:codigoNatuDespesa>3</emp:codigoNatuDespesa>
    <emp:codigoModaAplicacao>90</emp:codigoModaAplicacao>
    <emp:codigoElemDespesa>30</emp:codigoElemDespesa>
    <emp:codigoSubeDespesa>3022</emp:codigoSubeDespesa>
    <emp:fonteRecurso>
      <gen:ioc>1</gen:ioc>
      <gen:tipoFontRecurso>001</gen:tipoFontRecurso>
      <gen:tipoCompFontRecurso>9999</gen:tipoCompFontRecurso>
    </emp:fonteRecurso>
    <emp:anoEmisEmpenho>2021</emp:anoEmisEmpenho>
    <emp:numeroEmpenho>1230019</emp:numeroEmpenho>
    <emp:dataEmisEmpenho>2021-12-30</emp:dataEmisEmpenho>
    <emp:historicoEmpenho>VALOR EMPENHADO PARA AQUISICAO DE MATERIAIS DE LIMPEZA PARA ESTA SECRETARIA.</emp:historicoEmpenho>
    <emp:cpfOrdeDespesa>47363088349</emp:cpfOrdeDespesa>
    <emp:cpfCnpjCredor>10651326000132</emp:cpfCnpjCredor>
    <emp:codigoAplicacao>200</emp:codigoAplicacao>
    <emp:tipoEmpenho>1</emp:tipoEmpenho>
    <emp:valorEmpenho>0000000013372.00</emp:valorEmpenho>
    <emp:tipoRestPagar>2</emp:tipoRestPagar>
    <emp:numeroContTce></emp:numeroContTce>
  </emp:RestosApagar>
  <emp:RestosApagar>
    <emp:codigoUnidOrcamentaria>020300</emp:codigoUnidOrcamentaria>
    <emp:codigoFuncao>12</emp:codigoFuncao>
    <emp:codigoSubFuncao>361</emp:codigoSubFuncao>
    <emp:codigoPrograma>0030</emp:codigoPrograma>
    <emp:codigoAcao>2202</emp:codigoAcao>
    <emp:codigoCateEconomica>3</emp:codigoCateEconomica>
    <emp:codigoNatuDespesa>3</emp:codigoNatuDespesa>
    <emp:codigoModaAplicacao>90</emp:codigoModaAplicacao>
    <emp:codigoElemDespesa>30</emp:codigoElemDespesa>
    <emp:codigoSubeDespesa>3022</emp:codigoSubeDespesa>
    <emp:fonteRecurso>
      <gen:ioc>1</gen:ioc>
      <gen:tipoFontRecurso>001</gen:tipoFontRecurso>
      <gen:tipoCompFontRecurso>9999</gen:tipoCompFontRecurso>
    </emp:fonteRecurso>
    <emp:anoEmisEmpenho>2021</emp:anoEmisEmpenho>
    <emp:numeroEmpenho>1230020</emp:numeroEmpenho>
    <emp:dataEmisEmpenho>2021-12-30</emp:dataEmisEmpenho>
    <emp:historicoEmpenho>VALOR EMPENHADO PARA AQUISICAO DE MATERIAIS DE LIMPEZA PARA ESTA SECRETARIA.</emp:historicoEmpenho>
    <emp:cpfOrdeDespesa>47363088349</emp:cpfOrdeDespesa>
    <emp:cpfCnpjCredor>10651326000132</emp:cpfCnpjCredor>
    <emp:codigoAplicacao>200</emp:codigoAplicacao>
    <emp:tipoEmpenho>1</emp:tipoEmpenho>
    <emp:valorEmpenho>0000000005223.20</emp:valorEmpenho>
    <emp:tipoRestPagar>2</emp:tipoRestPagar>
    <emp:numeroContTce></emp:numeroContTce>
  </emp:RestosApagar>
  <emp:RestosApagar>
    <emp:codigoUnidOrcamentaria>020300</emp:codigoUnidOrcamentaria>
    <emp:codigoFuncao>12</emp:codigoFuncao>
    <emp:codigoSubFuncao>361</emp:codigoSubFuncao>
    <emp:codigoPrograma>0030</emp:codigoPrograma>
    <emp:codigoAcao>2202</emp:codigoAcao>
    <emp:codigoCateEconomica>3</emp:codigoCateEconomica>
    <emp:codigoNatuDespesa>3</emp:codigoNatuDespesa>
    <emp:codigoModaAplicacao>90</emp:codigoModaAplicacao>
    <emp:codigoElemDespesa>39</emp:codigoElemDespesa>
    <emp:codigoSubeDespesa>3913</emp:codigoSubeDespesa>
    <emp:fonteRecurso>
      <gen:ioc>1</gen:ioc>
      <gen:tipoFontRecurso>001</gen:tipoFontRecurso>
      <gen:tipoCompFontRecurso>9999</gen:tipoCompFontRecurso>
    </emp:fonteRecurso>
    <emp:anoEmisEmpenho>2021</emp:anoEmisEmpenho>
    <emp:numeroEmpenho>1230013</emp:numeroEmpenho>
    <emp:dataEmisEmpenho>2021-12-30</emp:dataEmisEmpenho>
    <emp:historicoEmpenho>VALOR EMPENHADO PARA PAGAMENTO DE LOCACAO DE UM VEICULO FORD KA PARA ESTA SECRETARIA.</emp:historicoEmpenho>
    <emp:cpfOrdeDespesa>47363088349</emp:cpfOrdeDespesa>
    <emp:cpfCnpjCredor>27070451000151</emp:cpfCnpjCredor>
    <emp:codigoAplicacao>200</emp:codigoAplicacao>
    <emp:tipoEmpenho>1</emp:tipoEmpenho>
    <emp:valorEmpenho>0000000003700.00</emp:valorEmpenho>
    <emp:tipoRestPagar>2</emp:tipoRestPagar>
    <emp:numeroContTce></emp:numeroContTce>
  </emp:RestosApagar>
  <emp:RestosApagar>
    <emp:codigoUnidOrcamentaria>020300</emp:codigoUnidOrcamentaria>
    <emp:codigoFuncao>12</emp:codigoFuncao>
    <emp:codigoSubFuncao>361</emp:codigoSubFuncao>
    <emp:codigoPrograma>0030</emp:codigoPrograma>
    <emp:codigoAcao>2202</emp:codigoAcao>
    <emp:codigoCateEconomica>3</emp:codigoCateEconomica>
    <emp:codigoNatuDespesa>3</emp:codigoNatuDespesa>
    <emp:codigoModaAplicacao>90</emp:codigoModaAplicacao>
    <emp:codigoElemDespesa>39</emp:codigoElemDespesa>
    <emp:codigoSubeDespesa>3916</emp:codigoSubeDespesa>
    <emp:fonteRecurso>
      <gen:ioc>1</gen:ioc>
      <gen:tipoFontRecurso>001</gen:tipoFontRecurso>
      <gen:tipoCompFontRecurso>9999</gen:tipoCompFontRecurso>
    </emp:fonteRecurso>
    <emp:anoEmisEmpenho>2021</emp:anoEmisEmpenho>
    <emp:numeroEmpenho>1230015</emp:numeroEmpenho>
    <emp:dataEmisEmpenho>2021-12-30</emp:dataEmisEmpenho>
    <emp:historicoEmpenho>VALOR EMPENHADO PARA PAGAMENTO DE SERVICOS PRESTADOS NA LAVAGEM DE VEICULOS DESTA SECRETARIA.</emp:historicoEmpenho>
    <emp:cpfOrdeDespesa>47363088349</emp:cpfOrdeDespesa>
    <emp:cpfCnpjCredor>40051397000165</emp:cpfCnpjCredor>
    <emp:codigoAplicacao>200</emp:codigoAplicacao>
    <emp:tipoEmpenho>1</emp:tipoEmpenho>
    <emp:valorEmpenho>0000000000596.00</emp:valorEmpenho>
    <emp:tipoRestPagar>2</emp:tipoRestPagar>
    <emp:numeroContTce></emp:numeroContTce>
  </emp:RestosApagar>
  <emp:RestosApagar>
    <emp:codigoUnidOrcamentaria>020300</emp:codigoUnidOrcamentaria>
    <emp:codigoFuncao>12</emp:codigoFuncao>
    <emp:codigoSubFuncao>361</emp:codigoSubFuncao>
    <emp:codigoPrograma>0030</emp:codigoPrograma>
    <emp:codigoAcao>2202</emp:codigoAcao>
    <emp:codigoCateEconomica>3</emp:codigoCateEconomica>
    <emp:codigoNatuDespesa>3</emp:codigoNatuDespesa>
    <emp:codigoModaAplicacao>90</emp:codigoModaAplicacao>
    <emp:codigoElemDespesa>39</emp:codigoElemDespesa>
    <emp:codigoSubeDespesa>3933</emp:codigoSubeDespesa>
    <emp:fonteRecurso>
      <gen:ioc>1</gen:ioc>
      <gen:tipoFontRecurso>001</gen:tipoFontRecurso>
      <gen:tipoCompFontRecurso>9999</gen:tipoCompFontRecurso>
    </emp:fonteRecurso>
    <emp:anoEmisEmpenho>2021</emp:anoEmisEmpenho>
    <emp:numeroEmpenho>1230012</emp:numeroEmpenho>
    <emp:dataEmisEmpenho>2021-12-30</emp:dataEmisEmpenho>
    <emp:historicoEmpenho>REFERENTE A FORNECIMENTO DE CONEXAO COM A INTERNET PARA A SECRETARIA MUNICIPAL DE EDUCACAO E UNIDADES PERTENCENTES.</emp:historicoEmpenho>
    <emp:cpfOrdeDespesa>47363088349</emp:cpfOrdeDespesa>
    <emp:cpfCnpjCredor>12339327000171</emp:cpfCnpjCredor>
    <emp:codigoAplicacao>200</emp:codigoAplicacao>
    <emp:tipoEmpenho>1</emp:tipoEmpenho>
    <emp:valorEmpenho>0000000002464.00</emp:valorEmpenho>
    <emp:tipoRestPagar>2</emp:tipoRestPagar>
    <emp:numeroContTce></emp:numeroContTce>
  </emp:RestosApagar>
  <emp:RestosApagar>
    <emp:codigoUnidOrcamentaria>020600</emp:codigoUnidOrcamentaria>
    <emp:codigoFuncao>4</emp:codigoFuncao>
    <emp:codigoSubFuncao>123</emp:codigoSubFuncao>
    <emp:codigoPrograma>0005</emp:codigoPrograma>
    <emp:codigoAcao>2081</emp:codigoAcao>
    <emp:codigoCateEconomica>3</emp:codigoCateEconomica>
    <emp:codigoNatuDespesa>3</emp:codigoNatuDespesa>
    <emp:codigoModaAplicacao>90</emp:codigoModaAplicacao>
    <emp:codigoElemDespesa>35</emp:codigoElemDespesa>
    <emp:codigoSubeDespesa>3503</emp:codigoSubeDespesa>
    <emp:fonteRecurso>
      <gen:ioc>1</gen:ioc>
      <gen:tipoFontRecurso>001</gen:tipoFontRecurso>
      <gen:tipoCompFontRecurso>9999</gen:tipoCompFontRecurso>
    </emp:fonteRecurso>
    <emp:anoEmisEmpenho>2021</emp:anoEmisEmpenho>
    <emp:numeroEmpenho>0119008</emp:numeroEmpenho>
    <emp:dataEmisEmpenho>2021-01-19</emp:dataEmisEmpenho>
    <emp:historicoEmpenho>VALOR EMPENHADO PARA PAGAMENTO DE SERVICOS PRESTADOS EM ASSESSORIA E CONSULTORIA TRIBUTARIA PARA O INCREMENTO DO ICMS E OUTROS TRIBUTOS DE AVELINO LOPES PI.</emp:historicoEmpenho>
    <emp:cpfOrdeDespesa>01726047377</emp:cpfOrdeDespesa>
    <emp:cpfCnpjCredor>15753525000175</emp:cpfCnpjCredor>
    <emp:codigoAplicacao>100</emp:codigoAplicacao>
    <emp:tipoEmpenho>3</emp:tipoEmpenho>
    <emp:valorEmpenho>0000000010000.00</emp:valorEmpenho>
    <emp:tipoRestPagar>2</emp:tipoRestPagar>
    <emp:numeroContTce></emp:numeroContTce>
  </emp:RestosApagar>
</emp:EmpenhoseRP>
