<?xml version="1.0" encoding="UTF-8"?><his:historicos xmlns:his="http://www.tce.pi.gov.br/sagres2019/xml/historicos" xmlns:gen="http://www.tce.pi.gov.br/sagres2019/xml/genericos" xmlns:tab="http://www.tce.pi.gov.br/sagres2019/xml/tabelasInternas" xmlns:aux="http://www.tce.pi.gov.br/sagres2019/xml/cadastrosAuxiliaresSagresFolha">
  <his:PrestacaoContas>
    <aux:codigoUnidGestora>201017</aux:codigoUnidGestora>
    <aux:nomeUnidGestora>PREFEITURA MUNICIPAL DE AVELINO LOPES</aux:nomeUnidGestora>
    <aux:cpfContador>72674350334</aux:cpfContador>
    <aux:cpfGestor>64378985853</aux:cpfGestor>
    <aux:anoReferencia>2019</aux:anoReferencia>
    <aux:mesReferencia>07</aux:mesReferencia>
    <aux:versaoXml>19</aux:versaoXml>
    <aux:diaInicPresContas>01</aux:diaInicPresContas>
    <aux:diaFinaPresContas>31</aux:diaFinaPresContas>
  </his:PrestacaoContas>
  <his:HistoricoFuncional>
    <his:matricula>000000000002041</his:matricula>
    <his:cpfServidor>88748510300</his:cpfServidor>
    <his:tipoAtoPessoal>1012</his:tipoAtoPessoal>
    <his:dataMoviFuncional>2019-07-15</his:dataMoviFuncional>
    <his:informacoesAlteradas>
      <gen:atoTipo01>
        <gen:codigoCargo>20000006</gen:codigoCargo>
        <gen:codigoLotacao>000000000030001</gen:codigoLotacao>
        <gen:tipoRegiPrevidencia>1</gen:tipoRegiPrevidencia>
        <gen:tipoRegiTrabalho>0</gen:tipoRegiTrabalho>
        <gen:tipoVinculo>9</gen:tipoVinculo>
        <gen:dataNomeacao>2007-01-02</gen:dataNomeacao>
        <gen:dataExercicio>2007-01-02</gen:dataExercicio>
        <gen:dataPosse>2007-01-02</gen:dataPosse>
        <gen:numeroEdital>
          <gen:numero>000000</gen:numero>
          <gen:ano>2007</gen:ano>
        </gen:numeroEdital>
      </gen:atoTipo01>
    </his:informacoesAlteradas>
  </his:HistoricoFuncional>
  <his:HistoricoFuncional>
    <his:matricula>000000000006235</his:matricula>
    <his:cpfServidor>60542780100</his:cpfServidor>
    <his:tipoAtoPessoal>1012</his:tipoAtoPessoal>
    <his:dataMoviFuncional>2019-07-01</his:dataMoviFuncional>
    <his:informacoesAlteradas>
      <gen:atoTipo01>
        <gen:codigoCargo>60000003</gen:codigoCargo>
        <gen:codigoLotacao>000000000070400</gen:codigoLotacao>
        <gen:tipoRegiPrevidencia>1</gen:tipoRegiPrevidencia>
        <gen:tipoRegiTrabalho>0</gen:tipoRegiTrabalho>
        <gen:tipoVinculo>9</gen:tipoVinculo>
        <gen:dataNomeacao>2006-01-01</gen:dataNomeacao>
        <gen:dataExercicio>2006-01-01</gen:dataExercicio>
        <gen:dataPosse>2006-01-01</gen:dataPosse>
        <gen:numeroEdital>
          <gen:numero>000000</gen:numero>
          <gen:ano>2006</gen:ano>
        </gen:numeroEdital>
      </gen:atoTipo01>
    </his:informacoesAlteradas>
  </his:HistoricoFuncional>
  <his:HistoricoFuncional>
    <his:matricula>000000000006322</his:matricula>
    <his:cpfServidor>00885786319</his:cpfServidor>
    <his:tipoAtoPessoal>1021</his:tipoAtoPessoal>
    <his:dataMoviFuncional>2019-07-01</his:dataMoviFuncional>
    <his:informacoesAlteradas>
    </his:informacoesAlteradas>
  </his:HistoricoFuncional>
</his:historicos>