<?xml version="1.0" encoding="ISO-8859-1"?>
<!--********************************************-->
<!--* FIORILLI SOFTWARE LTDA                   *-->
<!--* SISTEMA INTEGRADO DE PESSOAL             *-->
<!--* GERADO 17/05/2023 10:21:13               *-->
<!--* VERSAO 7.5.364.29.16314/R                *-->
<!--* USUARIO PC EMANOEL                       *-->
<!--* DOMINIO DESKTOP-M7BKEIV                  *-->
<!--* NOME PC DESKTOP-M7BKEIV                  *-->
<!--* USUARIO SISTEMA EMANOEL                  *-->
<!--********************************************-->
<aux:CadastrosAuxiliaresSagresFolha xmlns:fol="http://www.tce.pi.gov.br/sagres2023/xml/folhaPagamento" xmlns:aux="http://www.tce.pi.gov.br/sagres2023/xml/cadastrosAuxiliaresSagresFolha" xmlns:gen="http://www.tce.pi.gov.br/sagres2023/xml/genericos" xmlns:tab="http://www.tce.pi.gov.br/sagres2023/xml/tabelasInternas">
  <aux:PrestacaoContas>
    <aux:codigoUnidGestora>201017</aux:codigoUnidGestora>
    <aux:nomeUnidGestora>P. M. DE AVELINO LOPES</aux:nomeUnidGestora>
    <aux:cpfContador>00000000000</aux:cpfContador>
    <aux:cpfGestor>01726047377</aux:cpfGestor>
    <aux:anoReferencia>2023</aux:anoReferencia>
    <aux:mesReferencia>2</aux:mesReferencia>
    <aux:versaoXml>19</aux:versaoXml>
    <aux:diaInicPresContas>1</aux:diaInicPresContas>
    <aux:diaFinaPresContas>28</aux:diaFinaPresContas>
  </aux:PrestacaoContas>
  <aux:Servidor>
    <aux:matricula>000000000200612</aux:matricula>
    <aux:cpfServidor>04601627303</aux:cpfServidor>
    <aux:rgServidor>3254358</aux:rgServidor>
    <aux:orgaoExpedidor>SSPPI</aux:orgaoExpedidor>
    <aux:dataExpeCartDeIdentidade>2021-04-12</aux:dataExpeCartDeIdentidade>
    <aux:nomeServidor>ADAIARA LOPES DE SOUSA</aux:nomeServidor>
    <aux:dataNascimento>1993-06-11</aux:dataNascimento>
    <aux:sexo>2</aux:sexo>
    <aux:tituloEleitor>000000000000000</aux:tituloEleitor>
    <aux:tipoEstaCivil>1</aux:tipoEstaCivil>
    <aux:pisPAsep>000016097614668</aux:pisPAsep>
    <aux:numeroOrgaoClasse>00000000</aux:numeroOrgaoClasse>
    <aux:cpfPai>99999999999</aux:cpfPai>
    <aux:nomePai>ARLINDO EVANGELISTA DE SOUSA</aux:nomePai>
    <aux:cpfMae>99999999999</aux:cpfMae>
    <aux:nomeMae>MARIZETE LOPES DA SILVA</aux:nomeMae>
  </aux:Servidor>
  <aux:Servidor>
    <aux:matricula>000000000200613</aux:matricula>
    <aux:cpfServidor>03593652307</aux:cpfServidor>
    <aux:rgServidor>2965453</aux:rgServidor>
    <aux:orgaoExpedidor>SSPPI</aux:orgaoExpedidor>
    <aux:dataExpeCartDeIdentidade>2021-05-06</aux:dataExpeCartDeIdentidade>
    <aux:nomeServidor>AMAURI FERNANDES DA SILVA</aux:nomeServidor>
    <aux:dataNascimento>1988-07-24</aux:dataNascimento>
    <aux:sexo>1</aux:sexo>
    <aux:tituloEleitor>000000000000000</aux:tituloEleitor>
    <aux:tipoEstaCivil>1</aux:tipoEstaCivil>
    <aux:pisPAsep>000019048850463</aux:pisPAsep>
    <aux:numeroOrgaoClasse>00000000</aux:numeroOrgaoClasse>
    <aux:cpfPai>99999999999</aux:cpfPai>
    <aux:nomePai>DOMINGOS FERNANDES DA SILVA</aux:nomePai>
    <aux:cpfMae>99999999999</aux:cpfMae>
    <aux:nomeMae>OBENE FERNANDES DA SILVA</aux:nomeMae>
  </aux:Servidor>
  <aux:Servidor>
    <aux:matricula>000000000200614</aux:matricula>
    <aux:cpfServidor>04860478304</aux:cpfServidor>
    <aux:rgServidor>3224769</aux:rgServidor>
    <aux:orgaoExpedidor>SSPPI</aux:orgaoExpedidor>
    <aux:dataExpeCartDeIdentidade>2008-08-15</aux:dataExpeCartDeIdentidade>
    <aux:nomeServidor>RICARDO MARQUES GAMA</aux:nomeServidor>
    <aux:dataNascimento>1991-07-09</aux:dataNascimento>
    <aux:sexo>1</aux:sexo>
    <aux:tituloEleitor>000000000000000</aux:tituloEleitor>
    <aux:tipoEstaCivil>2</aux:tipoEstaCivil>
    <aux:pisPAsep>000019041664079</aux:pisPAsep>
    <aux:numeroOrgaoClasse>00000000</aux:numeroOrgaoClasse>
    <aux:cpfPai>99999999999</aux:cpfPai>
    <aux:nomePai>ANDERSON DOS SANTOS E GAMA</aux:nomePai>
    <aux:cpfMae>99999999999</aux:cpfMae>
    <aux:nomeMae>GILDECIA MARQUES GAMA</aux:nomeMae>
  </aux:Servidor>
  <aux:Servidor>
    <aux:matricula>000000000200615</aux:matricula>
    <aux:cpfServidor>07831324330</aux:cpfServidor>
    <aux:rgServidor>4167562</aux:rgServidor>
    <aux:orgaoExpedidor>SSPPI</aux:orgaoExpedidor>
    <aux:dataExpeCartDeIdentidade>2015-01-15</aux:dataExpeCartDeIdentidade>
    <aux:nomeServidor>LOU DIAMOND DO AMOR DIVINO</aux:nomeServidor>
    <aux:dataNascimento>2000-11-29</aux:dataNascimento>
    <aux:sexo>1</aux:sexo>
    <aux:tituloEleitor>000000000000000</aux:tituloEleitor>
    <aux:tipoEstaCivil>1</aux:tipoEstaCivil>
    <aux:pisPAsep>000023827894340</aux:pisPAsep>
    <aux:numeroOrgaoClasse>00000000</aux:numeroOrgaoClasse>
    <aux:cpfPai>99999999999</aux:cpfPai>
    <aux:nomePai>WALDIR DO AMOR DIVINO</aux:nomePai>
    <aux:cpfMae>99999999999</aux:cpfMae>
    <aux:nomeMae>ALESSANDRA BELINA DO AMOR DIVINO</aux:nomeMae>
  </aux:Servidor>
</aux:CadastrosAuxiliaresSagresFolha>
