<?xml version="1.0" encoding="ISO-8859-1"?>
<!--********************************************-->
<!--* FIORILLI SOFTWARE LTDA                   *-->
<!--* SISTEMA INTEGRADO DE PESSOAL             *-->
<!--* GERADO 07/03/2023 16:41:12               *-->
<!--* VERSAO 7.5.359.33.16172/R                *-->
<!--* USUARIO PC EMANOEL                       *-->
<!--* DOMINIO DESKTOP-M7BKEIV                  *-->
<!--* NOME PC DESKTOP-M7BKEIV                  *-->
<!--* USUARIO SISTEMA EMANOEL                  *-->
<!--********************************************-->
<his:historicos xmlns:his="http://www.tce.pi.gov.br/sagres2022/xml/historicos" xmlns:aux="http://www.tce.pi.gov.br/sagres2022/xml/cadastrosAuxiliaresSagresFolha" xmlns:gen="http://www.tce.pi.gov.br/sagres2022/xml/genericos" xmlns:tab="http://www.tce.pi.gov.br/sagres2022/xml/tabelasInternas">
  <his:PrestacaoContas>
    <aux:codigoUnidGestora>201017</aux:codigoUnidGestora>
    <aux:nomeUnidGestora>P. M. DE AVELINO LOPES</aux:nomeUnidGestora>
    <aux:cpfContador>00000000000</aux:cpfContador>
    <aux:cpfGestor>01726047377</aux:cpfGestor>
    <aux:anoReferencia>2022</aux:anoReferencia>
    <aux:mesReferencia>13</aux:mesReferencia>
    <aux:versaoXml>19</aux:versaoXml>
    <aux:diaInicPresContas>1</aux:diaInicPresContas>
    <aux:diaFinaPresContas>31</aux:diaFinaPresContas>
  </his:PrestacaoContas>
  <his:HistoricoFuncional>
    <his:matricula>000000000000032</his:matricula>
    <his:cpfServidor>43250475300</his:cpfServidor>
    <his:tipoAtoPessoal>93051</his:tipoAtoPessoal>
    <his:dataMoviFuncional>2022-12-20</his:dataMoviFuncional>
    <his:informacoesAlteradas>
      <gen:atoTipo01>
        <gen:codigoCargo>00000244</gen:codigoCargo>
        <gen:codigoLotacao>000000000000002</gen:codigoLotacao>
        <gen:tipoRegiPrevidencia>1</gen:tipoRegiPrevidencia>
        <gen:tipoRegiTrabalho>0</gen:tipoRegiTrabalho>
        <gen:tipoVinculo>9</gen:tipoVinculo>
        <gen:dataNomeacao>2007-01-02</gen:dataNomeacao>
        <gen:dataExercicio>2007-01-02</gen:dataExercicio>
        <gen:dataPosse>2007-01-02</gen:dataPosse>
        <gen:numeroEdital>
          <gen:numero>000000</gen:numero>
          <gen:ano>2022</gen:ano>
        </gen:numeroEdital>
      </gen:atoTipo01>
    </his:informacoesAlteradas>
  </his:HistoricoFuncional>
  <his:HistoricoFuncional>
    <his:matricula>000000000000068</his:matricula>
    <his:cpfServidor>22794034391</his:cpfServidor>
    <his:tipoAtoPessoal>93051</his:tipoAtoPessoal>
    <his:dataMoviFuncional>2022-12-20</his:dataMoviFuncional>
    <his:informacoesAlteradas>
      <gen:atoTipo01>
        <gen:codigoCargo>00000359</gen:codigoCargo>
        <gen:codigoLotacao>000000000000400</gen:codigoLotacao>
        <gen:tipoRegiPrevidencia>1</gen:tipoRegiPrevidencia>
        <gen:tipoRegiTrabalho>0</gen:tipoRegiTrabalho>
        <gen:tipoVinculo>9</gen:tipoVinculo>
        <gen:dataNomeacao>2008-06-02</gen:dataNomeacao>
        <gen:dataExercicio>2008-06-02</gen:dataExercicio>
        <gen:dataPosse>2008-06-02</gen:dataPosse>
        <gen:numeroEdital>
          <gen:numero>000000</gen:numero>
          <gen:ano>2022</gen:ano>
        </gen:numeroEdital>
      </gen:atoTipo01>
    </his:informacoesAlteradas>
  </his:HistoricoFuncional>
  <his:HistoricoFuncional>
    <his:matricula>000000000000112</his:matricula>
    <his:cpfServidor>01174021330</his:cpfServidor>
    <his:tipoAtoPessoal>93051</his:tipoAtoPessoal>
    <his:dataMoviFuncional>2022-12-20</his:dataMoviFuncional>
    <his:informacoesAlteradas>
      <gen:atoTipo01>
        <gen:codigoCargo>00000019</gen:codigoCargo>
        <gen:codigoLotacao>000000000000400</gen:codigoLotacao>
        <gen:tipoRegiPrevidencia>1</gen:tipoRegiPrevidencia>
        <gen:tipoRegiTrabalho>0</gen:tipoRegiTrabalho>
        <gen:tipoVinculo>9</gen:tipoVinculo>
        <gen:dataNomeacao>2011-10-03</gen:dataNomeacao>
        <gen:dataExercicio>2011-10-03</gen:dataExercicio>
        <gen:dataPosse>2011-10-03</gen:dataPosse>
        <gen:numeroEdital>
          <gen:numero>000000</gen:numero>
          <gen:ano>2022</gen:ano>
        </gen:numeroEdital>
      </gen:atoTipo01>
    </his:informacoesAlteradas>
  </his:HistoricoFuncional>
  <his:HistoricoFuncional>
    <his:matricula>000000000000081</his:matricula>
    <his:cpfServidor>82414270349</his:cpfServidor>
    <his:tipoAtoPessoal>93051</his:tipoAtoPessoal>
    <his:dataMoviFuncional>2022-12-20</his:dataMoviFuncional>
    <his:informacoesAlteradas>
      <gen:atoTipo01>
        <gen:codigoCargo>00000364</gen:codigoCargo>
        <gen:codigoLotacao>000000000100001</gen:codigoLotacao>
        <gen:tipoRegiPrevidencia>1</gen:tipoRegiPrevidencia>
        <gen:tipoRegiTrabalho>0</gen:tipoRegiTrabalho>
        <gen:tipoVinculo>9</gen:tipoVinculo>
        <gen:dataNomeacao>1997-08-01</gen:dataNomeacao>
        <gen:dataExercicio>1997-08-01</gen:dataExercicio>
        <gen:dataPosse>1997-08-01</gen:dataPosse>
        <gen:numeroEdital>
          <gen:numero>000000</gen:numero>
          <gen:ano>2022</gen:ano>
        </gen:numeroEdital>
      </gen:atoTipo01>
    </his:informacoesAlteradas>
  </his:HistoricoFuncional>
  <his:HistoricoFuncional>
    <his:matricula>000000000000099</his:matricula>
    <his:cpfServidor>45183619387</his:cpfServidor>
    <his:tipoAtoPessoal>93051</his:tipoAtoPessoal>
    <his:dataMoviFuncional>2022-12-20</his:dataMoviFuncional>
    <his:informacoesAlteradas>
      <gen:atoTipo01>
        <gen:codigoCargo>00000364</gen:codigoCargo>
        <gen:codigoLotacao>000000000100001</gen:codigoLotacao>
        <gen:tipoRegiPrevidencia>1</gen:tipoRegiPrevidencia>
        <gen:tipoRegiTrabalho>0</gen:tipoRegiTrabalho>
        <gen:tipoVinculo>9</gen:tipoVinculo>
        <gen:dataNomeacao>2002-03-25</gen:dataNomeacao>
        <gen:dataExercicio>2002-03-25</gen:dataExercicio>
        <gen:dataPosse>2002-03-25</gen:dataPosse>
        <gen:numeroEdital>
          <gen:numero>000000</gen:numero>
          <gen:ano>2022</gen:ano>
        </gen:numeroEdital>
      </gen:atoTipo01>
    </his:informacoesAlteradas>
  </his:HistoricoFuncional>
  <his:HistoricoFuncional>
    <his:matricula>000000000100142</his:matricula>
    <his:cpfServidor>71852573368</his:cpfServidor>
    <his:tipoAtoPessoal>93051</his:tipoAtoPessoal>
    <his:dataMoviFuncional>2022-12-20</his:dataMoviFuncional>
    <his:informacoesAlteradas>
      <gen:atoTipo01>
        <gen:codigoCargo>00000004</gen:codigoCargo>
        <gen:codigoLotacao>000000000000380</gen:codigoLotacao>
        <gen:tipoRegiPrevidencia>1</gen:tipoRegiPrevidencia>
        <gen:tipoRegiTrabalho>0</gen:tipoRegiTrabalho>
        <gen:tipoVinculo>9</gen:tipoVinculo>
        <gen:dataNomeacao>2002-04-08</gen:dataNomeacao>
        <gen:dataExercicio>2002-04-08</gen:dataExercicio>
        <gen:dataPosse>2002-04-08</gen:dataPosse>
        <gen:numeroEdital>
          <gen:numero>000000</gen:numero>
          <gen:ano>2022</gen:ano>
        </gen:numeroEdital>
      </gen:atoTipo01>
    </his:informacoesAlteradas>
  </his:HistoricoFuncional>
  <his:HistoricoFuncional>
    <his:matricula>000000000100172</his:matricula>
    <his:cpfServidor>78441625387</his:cpfServidor>
    <his:tipoAtoPessoal>93051</his:tipoAtoPessoal>
    <his:dataMoviFuncional>2022-12-20</his:dataMoviFuncional>
    <his:informacoesAlteradas>
      <gen:atoTipo01>
        <gen:codigoCargo>00000364</gen:codigoCargo>
        <gen:codigoLotacao>000000000000100</gen:codigoLotacao>
        <gen:tipoRegiPrevidencia>1</gen:tipoRegiPrevidencia>
        <gen:tipoRegiTrabalho>0</gen:tipoRegiTrabalho>
        <gen:tipoVinculo>9</gen:tipoVinculo>
        <gen:dataNomeacao>2002-06-03</gen:dataNomeacao>
        <gen:dataExercicio>2002-06-03</gen:dataExercicio>
        <gen:dataPosse>2002-06-03</gen:dataPosse>
        <gen:numeroEdital>
          <gen:numero>000000</gen:numero>
          <gen:ano>2022</gen:ano>
        </gen:numeroEdital>
      </gen:atoTipo01>
    </his:informacoesAlteradas>
  </his:HistoricoFuncional>
  <his:HistoricoFuncional>
    <his:matricula>000000000100212</his:matricula>
    <his:cpfServidor>68875746320</his:cpfServidor>
    <his:tipoAtoPessoal>93051</his:tipoAtoPessoal>
    <his:dataMoviFuncional>2022-12-20</his:dataMoviFuncional>
    <his:informacoesAlteradas>
      <gen:atoTipo01>
        <gen:codigoCargo>00000362</gen:codigoCargo>
        <gen:codigoLotacao>000000000100001</gen:codigoLotacao>
        <gen:tipoRegiPrevidencia>1</gen:tipoRegiPrevidencia>
        <gen:tipoRegiTrabalho>0</gen:tipoRegiTrabalho>
        <gen:tipoVinculo>9</gen:tipoVinculo>
        <gen:dataNomeacao>2002-03-25</gen:dataNomeacao>
        <gen:dataExercicio>2002-03-25</gen:dataExercicio>
        <gen:dataPosse>2002-03-25</gen:dataPosse>
        <gen:numeroEdital>
          <gen:numero>000000</gen:numero>
          <gen:ano>2022</gen:ano>
        </gen:numeroEdital>
      </gen:atoTipo01>
    </his:informacoesAlteradas>
  </his:HistoricoFuncional>
  <his:HistoricoFuncional>
    <his:matricula>000000000100224</his:matricula>
    <his:cpfServidor>92936610397</his:cpfServidor>
    <his:tipoAtoPessoal>93051</his:tipoAtoPessoal>
    <his:dataMoviFuncional>2022-12-20</his:dataMoviFuncional>
    <his:informacoesAlteradas>
      <gen:atoTipo01>
        <gen:codigoCargo>00000026</gen:codigoCargo>
        <gen:codigoLotacao>000000000000380</gen:codigoLotacao>
        <gen:tipoRegiPrevidencia>1</gen:tipoRegiPrevidencia>
        <gen:tipoRegiTrabalho>0</gen:tipoRegiTrabalho>
        <gen:tipoVinculo>9</gen:tipoVinculo>
        <gen:dataNomeacao>2002-05-02</gen:dataNomeacao>
        <gen:dataExercicio>2002-05-02</gen:dataExercicio>
        <gen:dataPosse>2002-05-02</gen:dataPosse>
        <gen:numeroEdital>
          <gen:numero>000000</gen:numero>
          <gen:ano>2022</gen:ano>
        </gen:numeroEdital>
      </gen:atoTipo01>
    </his:informacoesAlteradas>
  </his:HistoricoFuncional>
  <his:HistoricoFuncional>
    <his:matricula>000000000100231</his:matricula>
    <his:cpfServidor>77849094387</his:cpfServidor>
    <his:tipoAtoPessoal>93051</his:tipoAtoPessoal>
    <his:dataMoviFuncional>2022-12-20</his:dataMoviFuncional>
    <his:informacoesAlteradas>
      <gen:atoTipo01>
        <gen:codigoCargo>00000364</gen:codigoCargo>
        <gen:codigoLotacao>000000000100001</gen:codigoLotacao>
        <gen:tipoRegiPrevidencia>1</gen:tipoRegiPrevidencia>
        <gen:tipoRegiTrabalho>0</gen:tipoRegiTrabalho>
        <gen:tipoVinculo>9</gen:tipoVinculo>
        <gen:dataNomeacao>1998-11-01</gen:dataNomeacao>
        <gen:dataExercicio>1998-11-01</gen:dataExercicio>
        <gen:dataPosse>1998-11-01</gen:dataPosse>
        <gen:numeroEdital>
          <gen:numero>000000</gen:numero>
          <gen:ano>2022</gen:ano>
        </gen:numeroEdital>
      </gen:atoTipo01>
    </his:informacoesAlteradas>
  </his:HistoricoFuncional>
  <his:HistoricoFuncional>
    <his:matricula>000000000100241</his:matricula>
    <his:cpfServidor>82366233353</his:cpfServidor>
    <his:tipoAtoPessoal>93051</his:tipoAtoPessoal>
    <his:dataMoviFuncional>2022-12-20</his:dataMoviFuncional>
    <his:informacoesAlteradas>
      <gen:atoTipo01>
        <gen:codigoCargo>00000004</gen:codigoCargo>
        <gen:codigoLotacao>000000000000380</gen:codigoLotacao>
        <gen:tipoRegiPrevidencia>1</gen:tipoRegiPrevidencia>
        <gen:tipoRegiTrabalho>0</gen:tipoRegiTrabalho>
        <gen:tipoVinculo>9</gen:tipoVinculo>
        <gen:dataNomeacao>1997-08-01</gen:dataNomeacao>
        <gen:dataExercicio>1997-08-01</gen:dataExercicio>
        <gen:dataPosse>1997-08-01</gen:dataPosse>
        <gen:numeroEdital>
          <gen:numero>000000</gen:numero>
          <gen:ano>2022</gen:ano>
        </gen:numeroEdital>
      </gen:atoTipo01>
    </his:informacoesAlteradas>
  </his:HistoricoFuncional>
  <his:HistoricoFuncional>
    <his:matricula>000000000100255</his:matricula>
    <his:cpfServidor>17359575850</his:cpfServidor>
    <his:tipoAtoPessoal>93051</his:tipoAtoPessoal>
    <his:dataMoviFuncional>2022-12-20</his:dataMoviFuncional>
    <his:informacoesAlteradas>
      <gen:atoTipo01>
        <gen:codigoCargo>00000004</gen:codigoCargo>
        <gen:codigoLotacao>000000000000380</gen:codigoLotacao>
        <gen:tipoRegiPrevidencia>1</gen:tipoRegiPrevidencia>
        <gen:tipoRegiTrabalho>0</gen:tipoRegiTrabalho>
        <gen:tipoVinculo>9</gen:tipoVinculo>
        <gen:dataNomeacao>1997-08-01</gen:dataNomeacao>
        <gen:dataExercicio>1997-08-01</gen:dataExercicio>
        <gen:dataPosse>1997-08-01</gen:dataPosse>
        <gen:numeroEdital>
          <gen:numero>000000</gen:numero>
          <gen:ano>2022</gen:ano>
        </gen:numeroEdital>
      </gen:atoTipo01>
    </his:informacoesAlteradas>
  </his:HistoricoFuncional>
  <his:HistoricoFuncional>
    <his:matricula>000000000100319</his:matricula>
    <his:cpfServidor>00895925575</his:cpfServidor>
    <his:tipoAtoPessoal>93051</his:tipoAtoPessoal>
    <his:dataMoviFuncional>2022-12-20</his:dataMoviFuncional>
    <his:informacoesAlteradas>
      <gen:atoTipo01>
        <gen:codigoCargo>00000122</gen:codigoCargo>
        <gen:codigoLotacao>000000000000380</gen:codigoLotacao>
        <gen:tipoRegiPrevidencia>1</gen:tipoRegiPrevidencia>
        <gen:tipoRegiTrabalho>0</gen:tipoRegiTrabalho>
        <gen:tipoVinculo>9</gen:tipoVinculo>
        <gen:dataNomeacao>2012-02-01</gen:dataNomeacao>
        <gen:dataExercicio>2012-02-01</gen:dataExercicio>
        <gen:dataPosse>2012-02-01</gen:dataPosse>
        <gen:numeroEdital>
          <gen:numero>000000</gen:numero>
          <gen:ano>2022</gen:ano>
        </gen:numeroEdital>
      </gen:atoTipo01>
    </his:informacoesAlteradas>
  </his:HistoricoFuncional>
  <his:HistoricoFuncional>
    <his:matricula>000000000100357</his:matricula>
    <his:cpfServidor>03397271363</his:cpfServidor>
    <his:tipoAtoPessoal>93051</his:tipoAtoPessoal>
    <his:dataMoviFuncional>2022-12-20</his:dataMoviFuncional>
    <his:informacoesAlteradas>
      <gen:atoTipo01>
        <gen:codigoCargo>00000364</gen:codigoCargo>
        <gen:codigoLotacao>000000000100001</gen:codigoLotacao>
        <gen:tipoRegiPrevidencia>1</gen:tipoRegiPrevidencia>
        <gen:tipoRegiTrabalho>0</gen:tipoRegiTrabalho>
        <gen:tipoVinculo>9</gen:tipoVinculo>
        <gen:dataNomeacao>2013-03-11</gen:dataNomeacao>
        <gen:dataExercicio>2013-03-11</gen:dataExercicio>
        <gen:dataPosse>2013-03-11</gen:dataPosse>
        <gen:numeroEdital>
          <gen:numero>000000</gen:numero>
          <gen:ano>2022</gen:ano>
        </gen:numeroEdital>
      </gen:atoTipo01>
    </his:informacoesAlteradas>
  </his:HistoricoFuncional>
  <his:HistoricoFuncional>
    <his:matricula>000000000100360</his:matricula>
    <his:cpfServidor>01034778374</his:cpfServidor>
    <his:tipoAtoPessoal>93051</his:tipoAtoPessoal>
    <his:dataMoviFuncional>2022-12-20</his:dataMoviFuncional>
    <his:informacoesAlteradas>
      <gen:atoTipo01>
        <gen:codigoCargo>00000362</gen:codigoCargo>
        <gen:codigoLotacao>000000000100001</gen:codigoLotacao>
        <gen:tipoRegiPrevidencia>1</gen:tipoRegiPrevidencia>
        <gen:tipoRegiTrabalho>0</gen:tipoRegiTrabalho>
        <gen:tipoVinculo>9</gen:tipoVinculo>
        <gen:dataNomeacao>2013-04-02</gen:dataNomeacao>
        <gen:dataExercicio>2013-04-02</gen:dataExercicio>
        <gen:dataPosse>2013-04-02</gen:dataPosse>
        <gen:numeroEdital>
          <gen:numero>000000</gen:numero>
          <gen:ano>2022</gen:ano>
        </gen:numeroEdital>
      </gen:atoTipo01>
    </his:informacoesAlteradas>
  </his:HistoricoFuncional>
  <his:HistoricoFuncional>
    <his:matricula>000000000200512</his:matricula>
    <his:cpfServidor>04464666892</his:cpfServidor>
    <his:tipoAtoPessoal>93051</his:tipoAtoPessoal>
    <his:dataMoviFuncional>2022-12-20</his:dataMoviFuncional>
    <his:informacoesAlteradas>
      <gen:atoTipo01>
        <gen:codigoCargo>00000346</gen:codigoCargo>
        <gen:codigoLotacao>000000000200032</gen:codigoLotacao>
        <gen:tipoRegiPrevidencia>1</gen:tipoRegiPrevidencia>
        <gen:tipoRegiTrabalho>0</gen:tipoRegiTrabalho>
        <gen:tipoVinculo>2</gen:tipoVinculo>
        <gen:dataNomeacao>2019-10-01</gen:dataNomeacao>
        <gen:dataExercicio>2019-10-01</gen:dataExercicio>
        <gen:dataPosse>2019-10-01</gen:dataPosse>
        <gen:numeroEdital>
          <gen:numero>000000</gen:numero>
          <gen:ano>2022</gen:ano>
        </gen:numeroEdital>
      </gen:atoTipo01>
    </his:informacoesAlteradas>
  </his:HistoricoFuncional>
</his:historicos>
