<?xml version="1.0" encoding="utf-8"?>
<!--FIORILLI SOC. CIVIL LTDA - SOFTWARE-->
<!--ENVIADO POR: -a-->
<!--VERSAO TCE-PI: 9.25.1565.2-->
<!--VERSAO DIARIO RAZAO: 9.25.1567.14-->
<!--VERSAO EVENTOS: 2721-->
<emp:EmpenhoseRP xmlns:emp="http://www.tce.pi.gov.br/sagres2023/xml/empenhoseRP" xmlns:gen="http://www.tce.pi.gov.br/sagres2023/xml/genericos" xmlns:tab="http://www.tce.pi.gov.br/sagres2023/xml/tabelasInternas" xmlns:aux="http://www.tce.pi.gov.br/sagres2023/xml/cadastrosAuxiliares">
  <emp:PrestacaoContas>
    <aux:codigoUnidGestora>101017</aux:codigoUnidGestora>
    <aux:nomeUnidGestora>CAMARA MUNICIPAL</aux:nomeUnidGestora>
    <aux:cpfContador>27675215893</aux:cpfContador>
    <aux:cpfGestor>45183350310</aux:cpfGestor>
    <aux:anoReferencia>2023</aux:anoReferencia>
    <aux:mesReferencia>04</aux:mesReferencia>
    <aux:versaoXml>0</aux:versaoXml>
    <aux:diaInicPresContas>01</aux:diaInicPresContas>
    <aux:diaFinaPresContas>30</aux:diaFinaPresContas>
  </emp:PrestacaoContas>
  <emp:Empenho>
    <emp:codigoUnidOrcamentaria>010100</emp:codigoUnidOrcamentaria>
    <emp:codigoFuncao>1</emp:codigoFuncao>
    <emp:codigoSubFuncao>031</emp:codigoSubFuncao>
    <emp:codigoPrograma>0001</emp:codigoPrograma>
    <emp:codigoAcao>2001</emp:codigoAcao>
    <emp:codigoCateEconomica>3</emp:codigoCateEconomica>
    <emp:codigoNatuDespesa>3</emp:codigoNatuDespesa>
    <emp:codigoModaAplicacao>90</emp:codigoModaAplicacao>
    <emp:codigoElemDespesa>14</emp:codigoElemDespesa>
    <emp:fonteRecurso>
      <gen:ioc>1</gen:ioc>
      <gen:tipoFontRecurso>500</gen:tipoFontRecurso>
      <gen:tipoCompFontRecurso>9999</gen:tipoCompFontRecurso>
    </emp:fonteRecurso>
    <emp:codigoSubeDespesa>1401</emp:codigoSubeDespesa>
    <emp:anoEmisEmpenho>2023</emp:anoEmisEmpenho>
    <emp:numeroEmpenho>0403008</emp:numeroEmpenho>
    <emp:dataEmisEmpenho>2023-04-03</emp:dataEmisEmpenho>
    <emp:historicoEmpenho>VALOR EMPENHADO PARA PAGAMENTO DE DIARIAS A SERVIDORES MUNICIPAIS TRATANDO DE ASSUNTOS DE INTERESSE DESTE ORGAO.</emp:historicoEmpenho>
    <emp:cpfOrdeDespesa>45183350310</emp:cpfOrdeDespesa>
    <emp:cpfCnpjCredor>45183350310</emp:cpfCnpjCredor>
    <emp:codigoAplicacao>999</emp:codigoAplicacao>
    <emp:tipoEmpenho>1</emp:tipoEmpenho>
    <emp:valorEmpenho>0000000002083.20</emp:valorEmpenho>
    <emp:numeroContTce></emp:numeroContTce>
  </emp:Empenho>
  <emp:Empenho>
    <emp:codigoUnidOrcamentaria>010100</emp:codigoUnidOrcamentaria>
    <emp:codigoFuncao>1</emp:codigoFuncao>
    <emp:codigoSubFuncao>031</emp:codigoSubFuncao>
    <emp:codigoPrograma>0001</emp:codigoPrograma>
    <emp:codigoAcao>2001</emp:codigoAcao>
    <emp:codigoCateEconomica>3</emp:codigoCateEconomica>
    <emp:codigoNatuDespesa>3</emp:codigoNatuDespesa>
    <emp:codigoModaAplicacao>90</emp:codigoModaAplicacao>
    <emp:codigoElemDespesa>14</emp:codigoElemDespesa>
    <emp:fonteRecurso>
      <gen:ioc>1</gen:ioc>
      <gen:tipoFontRecurso>500</gen:tipoFontRecurso>
      <gen:tipoCompFontRecurso>9999</gen:tipoCompFontRecurso>
    </emp:fonteRecurso>
    <emp:codigoSubeDespesa>1402</emp:codigoSubeDespesa>
    <emp:anoEmisEmpenho>2023</emp:anoEmisEmpenho>
    <emp:numeroEmpenho>0410008</emp:numeroEmpenho>
    <emp:dataEmisEmpenho>2023-04-10</emp:dataEmisEmpenho>
    <emp:historicoEmpenho>VALOR EMPENHADO PARA PAGAMENTO DE DIARIAS A SERVIDORES MUNICIPAIS TRATANDO DE ASSUNTOS DE INTERESSE DESTE ORGAO.</emp:historicoEmpenho>
    <emp:cpfOrdeDespesa>45183350310</emp:cpfOrdeDespesa>
    <emp:cpfCnpjCredor>02591658323</emp:cpfCnpjCredor>
    <emp:codigoAplicacao>999</emp:codigoAplicacao>
    <emp:tipoEmpenho>1</emp:tipoEmpenho>
    <emp:valorEmpenho>0000000001574.40</emp:valorEmpenho>
    <emp:numeroContTce></emp:numeroContTce>
  </emp:Empenho>
  <emp:Empenho>
    <emp:codigoUnidOrcamentaria>010100</emp:codigoUnidOrcamentaria>
    <emp:codigoFuncao>1</emp:codigoFuncao>
    <emp:codigoSubFuncao>031</emp:codigoSubFuncao>
    <emp:codigoPrograma>0001</emp:codigoPrograma>
    <emp:codigoAcao>2001</emp:codigoAcao>
    <emp:codigoCateEconomica>3</emp:codigoCateEconomica>
    <emp:codigoNatuDespesa>3</emp:codigoNatuDespesa>
    <emp:codigoModaAplicacao>90</emp:codigoModaAplicacao>
    <emp:codigoElemDespesa>14</emp:codigoElemDespesa>
    <emp:fonteRecurso>
      <gen:ioc>1</gen:ioc>
      <gen:tipoFontRecurso>500</gen:tipoFontRecurso>
      <gen:tipoCompFontRecurso>9999</gen:tipoCompFontRecurso>
    </emp:fonteRecurso>
    <emp:codigoSubeDespesa>1402</emp:codigoSubeDespesa>
    <emp:anoEmisEmpenho>2023</emp:anoEmisEmpenho>
    <emp:numeroEmpenho>0410009</emp:numeroEmpenho>
    <emp:dataEmisEmpenho>2023-04-10</emp:dataEmisEmpenho>
    <emp:historicoEmpenho>VALOR EMPENHADO PARA PAGAMENTO DE DIARIAS A SERVIDORES MUNICIPAIS TRATANDO DE ASSUNTOS DE INTERESSE DESTE ORGAO.</emp:historicoEmpenho>
    <emp:cpfOrdeDespesa>45183350310</emp:cpfOrdeDespesa>
    <emp:cpfCnpjCredor>02211192300</emp:cpfCnpjCredor>
    <emp:codigoAplicacao>999</emp:codigoAplicacao>
    <emp:tipoEmpenho>1</emp:tipoEmpenho>
    <emp:valorEmpenho>0000000000911.40</emp:valorEmpenho>
    <emp:numeroContTce></emp:numeroContTce>
  </emp:Empenho>
  <emp:Empenho>
    <emp:codigoUnidOrcamentaria>010100</emp:codigoUnidOrcamentaria>
    <emp:codigoFuncao>1</emp:codigoFuncao>
    <emp:codigoSubFuncao>031</emp:codigoSubFuncao>
    <emp:codigoPrograma>0001</emp:codigoPrograma>
    <emp:codigoAcao>2001</emp:codigoAcao>
    <emp:codigoCateEconomica>3</emp:codigoCateEconomica>
    <emp:codigoNatuDespesa>3</emp:codigoNatuDespesa>
    <emp:codigoModaAplicacao>90</emp:codigoModaAplicacao>
    <emp:codigoElemDespesa>14</emp:codigoElemDespesa>
    <emp:fonteRecurso>
      <gen:ioc>1</gen:ioc>
      <gen:tipoFontRecurso>500</gen:tipoFontRecurso>
      <gen:tipoCompFontRecurso>9999</gen:tipoCompFontRecurso>
    </emp:fonteRecurso>
    <emp:codigoSubeDespesa>1402</emp:codigoSubeDespesa>
    <emp:anoEmisEmpenho>2023</emp:anoEmisEmpenho>
    <emp:numeroEmpenho>0410010</emp:numeroEmpenho>
    <emp:dataEmisEmpenho>2023-04-10</emp:dataEmisEmpenho>
    <emp:historicoEmpenho>VALOR EMPENHADO PARA PAGAMENTO DE DIARIAS A SERVIDORES MUNICIPAIS TRATANDO DE ASSUNTOS DE INTERESSE DESTE ORGAO.</emp:historicoEmpenho>
    <emp:cpfOrdeDespesa>45183350310</emp:cpfOrdeDespesa>
    <emp:cpfCnpjCredor>57513830100</emp:cpfCnpjCredor>
    <emp:codigoAplicacao>999</emp:codigoAplicacao>
    <emp:tipoEmpenho>1</emp:tipoEmpenho>
    <emp:valorEmpenho>0000000000911.40</emp:valorEmpenho>
    <emp:numeroContTce></emp:numeroContTce>
  </emp:Empenho>
  <emp:Empenho>
    <emp:codigoUnidOrcamentaria>010100</emp:codigoUnidOrcamentaria>
    <emp:codigoFuncao>1</emp:codigoFuncao>
    <emp:codigoSubFuncao>031</emp:codigoSubFuncao>
    <emp:codigoPrograma>0001</emp:codigoPrograma>
    <emp:codigoAcao>2001</emp:codigoAcao>
    <emp:codigoCateEconomica>3</emp:codigoCateEconomica>
    <emp:codigoNatuDespesa>3</emp:codigoNatuDespesa>
    <emp:codigoModaAplicacao>90</emp:codigoModaAplicacao>
    <emp:codigoElemDespesa>36</emp:codigoElemDespesa>
    <emp:fonteRecurso>
      <gen:ioc>1</gen:ioc>
      <gen:tipoFontRecurso>500</gen:tipoFontRecurso>
      <gen:tipoCompFontRecurso>9999</gen:tipoCompFontRecurso>
    </emp:fonteRecurso>
    <emp:codigoSubeDespesa>3620</emp:codigoSubeDespesa>
    <emp:anoEmisEmpenho>2023</emp:anoEmisEmpenho>
    <emp:numeroEmpenho>0410011</emp:numeroEmpenho>
    <emp:dataEmisEmpenho>2023-04-10</emp:dataEmisEmpenho>
    <emp:historicoEmpenho>VALOR EMPENHADO PARA PAGAMENTO DE SERVICOS DE ENTREGA DE LANCHES DE RESPONSABILIDADE DESTE ORGAO.</emp:historicoEmpenho>
    <emp:cpfOrdeDespesa>45183350310</emp:cpfOrdeDespesa>
    <emp:cpfCnpjCredor>56560850315</emp:cpfCnpjCredor>
    <emp:codigoAplicacao>999</emp:codigoAplicacao>
    <emp:tipoEmpenho>1</emp:tipoEmpenho>
    <emp:valorEmpenho>0000000000220.00</emp:valorEmpenho>
    <emp:numeroContTce></emp:numeroContTce>
  </emp:Empenho>
  <emp:Empenho>
    <emp:codigoUnidOrcamentaria>010100</emp:codigoUnidOrcamentaria>
    <emp:codigoFuncao>1</emp:codigoFuncao>
    <emp:codigoSubFuncao>031</emp:codigoSubFuncao>
    <emp:codigoPrograma>0001</emp:codigoPrograma>
    <emp:codigoAcao>2001</emp:codigoAcao>
    <emp:codigoCateEconomica>4</emp:codigoCateEconomica>
    <emp:codigoNatuDespesa>4</emp:codigoNatuDespesa>
    <emp:codigoModaAplicacao>90</emp:codigoModaAplicacao>
    <emp:codigoElemDespesa>52</emp:codigoElemDespesa>
    <emp:fonteRecurso>
      <gen:ioc>1</gen:ioc>
      <gen:tipoFontRecurso>500</gen:tipoFontRecurso>
      <gen:tipoCompFontRecurso>9999</gen:tipoCompFontRecurso>
    </emp:fonteRecurso>
    <emp:codigoSubeDespesa>5217</emp:codigoSubeDespesa>
    <emp:anoEmisEmpenho>2023</emp:anoEmisEmpenho>
    <emp:numeroEmpenho>0410012</emp:numeroEmpenho>
    <emp:dataEmisEmpenho>2023-04-10</emp:dataEmisEmpenho>
    <emp:historicoEmpenho>VALOR EMPENHADO PARA PAGAMENTO DE AQUISICAO DE 02 CAIXAS DE SOM ACUSTICA E 01 MESA DE SOM DIGITAL, PARA USO DESTE ORGAO.</emp:historicoEmpenho>
    <emp:cpfOrdeDespesa>45183350310</emp:cpfOrdeDespesa>
    <emp:cpfCnpjCredor>07455236000161</emp:cpfCnpjCredor>
    <emp:codigoAplicacao>999</emp:codigoAplicacao>
    <emp:tipoEmpenho>1</emp:tipoEmpenho>
    <emp:valorEmpenho>0000000011670.00</emp:valorEmpenho>
    <emp:numeroContTce></emp:numeroContTce>
  </emp:Empenho>
  <emp:Empenho>
    <emp:codigoUnidOrcamentaria>010100</emp:codigoUnidOrcamentaria>
    <emp:codigoFuncao>1</emp:codigoFuncao>
    <emp:codigoSubFuncao>031</emp:codigoSubFuncao>
    <emp:codigoPrograma>0001</emp:codigoPrograma>
    <emp:codigoAcao>2001</emp:codigoAcao>
    <emp:codigoCateEconomica>3</emp:codigoCateEconomica>
    <emp:codigoNatuDespesa>3</emp:codigoNatuDespesa>
    <emp:codigoModaAplicacao>50</emp:codigoModaAplicacao>
    <emp:codigoElemDespesa>41</emp:codigoElemDespesa>
    <emp:fonteRecurso>
      <gen:ioc>1</gen:ioc>
      <gen:tipoFontRecurso>500</gen:tipoFontRecurso>
      <gen:tipoCompFontRecurso>9999</gen:tipoCompFontRecurso>
    </emp:fonteRecurso>
    <emp:codigoSubeDespesa>4103</emp:codigoSubeDespesa>
    <emp:anoEmisEmpenho>2023</emp:anoEmisEmpenho>
    <emp:numeroEmpenho>0410013</emp:numeroEmpenho>
    <emp:dataEmisEmpenho>2023-04-10</emp:dataEmisEmpenho>
    <emp:historicoEmpenho>VALOR EMPENHADO PARA PAGAMENTO DE CONTRIBUICAO A INSTITUICAO ASSOCIATIVA DE VEREADORES, CONFORME CONVENIO Nº 017 2023, ENTRE ESTA CAMARA E A AVEP.</emp:historicoEmpenho>
    <emp:cpfOrdeDespesa>45183350310</emp:cpfOrdeDespesa>
    <emp:cpfCnpjCredor>07217375000157</emp:cpfCnpjCredor>
    <emp:codigoAplicacao>999</emp:codigoAplicacao>
    <emp:tipoEmpenho>2</emp:tipoEmpenho>
    <emp:valorEmpenho>0000000004500.00</emp:valorEmpenho>
    <emp:numeroContTce></emp:numeroContTce>
  </emp:Empenho>
  <emp:Empenho>
    <emp:codigoUnidOrcamentaria>010100</emp:codigoUnidOrcamentaria>
    <emp:codigoFuncao>1</emp:codigoFuncao>
    <emp:codigoSubFuncao>031</emp:codigoSubFuncao>
    <emp:codigoPrograma>0001</emp:codigoPrograma>
    <emp:codigoAcao>2001</emp:codigoAcao>
    <emp:codigoCateEconomica>3</emp:codigoCateEconomica>
    <emp:codigoNatuDespesa>3</emp:codigoNatuDespesa>
    <emp:codigoModaAplicacao>90</emp:codigoModaAplicacao>
    <emp:codigoElemDespesa>39</emp:codigoElemDespesa>
    <emp:fonteRecurso>
      <gen:ioc>1</gen:ioc>
      <gen:tipoFontRecurso>500</gen:tipoFontRecurso>
      <gen:tipoCompFontRecurso>9999</gen:tipoCompFontRecurso>
    </emp:fonteRecurso>
    <emp:codigoSubeDespesa>3959</emp:codigoSubeDespesa>
    <emp:anoEmisEmpenho>2023</emp:anoEmisEmpenho>
    <emp:numeroEmpenho>0414012</emp:numeroEmpenho>
    <emp:dataEmisEmpenho>2023-04-14</emp:dataEmisEmpenho>
    <emp:historicoEmpenho>VALOR EMPENHADO PARA PAGAMENTO REFERENTE A TARIFA BANCARIA, CONFORME EXTRATO EM ANEXO.</emp:historicoEmpenho>
    <emp:cpfOrdeDespesa>45183350310</emp:cpfOrdeDespesa>
    <emp:cpfCnpjCredor>00000000000191</emp:cpfCnpjCredor>
    <emp:codigoAplicacao>999</emp:codigoAplicacao>
    <emp:tipoEmpenho>1</emp:tipoEmpenho>
    <emp:valorEmpenho>0000000000103.50</emp:valorEmpenho>
    <emp:numeroContTce></emp:numeroContTce>
  </emp:Empenho>
  <emp:Empenho>
    <emp:codigoUnidOrcamentaria>010100</emp:codigoUnidOrcamentaria>
    <emp:codigoFuncao>1</emp:codigoFuncao>
    <emp:codigoSubFuncao>031</emp:codigoSubFuncao>
    <emp:codigoPrograma>0001</emp:codigoPrograma>
    <emp:codigoAcao>2001</emp:codigoAcao>
    <emp:codigoCateEconomica>3</emp:codigoCateEconomica>
    <emp:codigoNatuDespesa>1</emp:codigoNatuDespesa>
    <emp:codigoModaAplicacao>90</emp:codigoModaAplicacao>
    <emp:codigoElemDespesa>13</emp:codigoElemDespesa>
    <emp:fonteRecurso>
      <gen:ioc>1</gen:ioc>
      <gen:tipoFontRecurso>500</gen:tipoFontRecurso>
      <gen:tipoCompFontRecurso>9999</gen:tipoCompFontRecurso>
    </emp:fonteRecurso>
    <emp:codigoSubeDespesa>1302</emp:codigoSubeDespesa>
    <emp:anoEmisEmpenho>2023</emp:anoEmisEmpenho>
    <emp:numeroEmpenho>0415001</emp:numeroEmpenho>
    <emp:dataEmisEmpenho>2023-04-15</emp:dataEmisEmpenho>
    <emp:historicoEmpenho>VALOR EMPENHADO PARA PAGAMENTO DE INSS PATRONAL DE RESPONSABILIDADE DESTE ORGAO.</emp:historicoEmpenho>
    <emp:cpfOrdeDespesa>45183350310</emp:cpfOrdeDespesa>
    <emp:cpfCnpjCredor>00394460005887</emp:cpfCnpjCredor>
    <emp:codigoAplicacao>999</emp:codigoAplicacao>
    <emp:tipoEmpenho>1</emp:tipoEmpenho>
    <emp:valorEmpenho>0000000000986.29</emp:valorEmpenho>
    <emp:numeroContTce></emp:numeroContTce>
  </emp:Empenho>
  <emp:Empenho>
    <emp:codigoUnidOrcamentaria>010100</emp:codigoUnidOrcamentaria>
    <emp:codigoFuncao>1</emp:codigoFuncao>
    <emp:codigoSubFuncao>031</emp:codigoSubFuncao>
    <emp:codigoPrograma>0001</emp:codigoPrograma>
    <emp:codigoAcao>2001</emp:codigoAcao>
    <emp:codigoCateEconomica>3</emp:codigoCateEconomica>
    <emp:codigoNatuDespesa>1</emp:codigoNatuDespesa>
    <emp:codigoModaAplicacao>90</emp:codigoModaAplicacao>
    <emp:codigoElemDespesa>13</emp:codigoElemDespesa>
    <emp:fonteRecurso>
      <gen:ioc>1</gen:ioc>
      <gen:tipoFontRecurso>500</gen:tipoFontRecurso>
      <gen:tipoCompFontRecurso>9999</gen:tipoCompFontRecurso>
    </emp:fonteRecurso>
    <emp:codigoSubeDespesa>1302</emp:codigoSubeDespesa>
    <emp:anoEmisEmpenho>2023</emp:anoEmisEmpenho>
    <emp:numeroEmpenho>0415002</emp:numeroEmpenho>
    <emp:dataEmisEmpenho>2023-04-15</emp:dataEmisEmpenho>
    <emp:historicoEmpenho>VALOR EMPENHADO PARA PAGAMENTO DE INSS PATRONAL DE RESPONSABILIDADE DESTE ORGAO.</emp:historicoEmpenho>
    <emp:cpfOrdeDespesa>45183350310</emp:cpfOrdeDespesa>
    <emp:cpfCnpjCredor>00394460005887</emp:cpfCnpjCredor>
    <emp:codigoAplicacao>999</emp:codigoAplicacao>
    <emp:tipoEmpenho>1</emp:tipoEmpenho>
    <emp:valorEmpenho>0000000019089.00</emp:valorEmpenho>
    <emp:numeroContTce></emp:numeroContTce>
  </emp:Empenho>
  <emp:Empenho>
    <emp:codigoUnidOrcamentaria>010100</emp:codigoUnidOrcamentaria>
    <emp:codigoFuncao>1</emp:codigoFuncao>
    <emp:codigoSubFuncao>031</emp:codigoSubFuncao>
    <emp:codigoPrograma>0001</emp:codigoPrograma>
    <emp:codigoAcao>2001</emp:codigoAcao>
    <emp:codigoCateEconomica>3</emp:codigoCateEconomica>
    <emp:codigoNatuDespesa>1</emp:codigoNatuDespesa>
    <emp:codigoModaAplicacao>90</emp:codigoModaAplicacao>
    <emp:codigoElemDespesa>13</emp:codigoElemDespesa>
    <emp:fonteRecurso>
      <gen:ioc>1</gen:ioc>
      <gen:tipoFontRecurso>500</gen:tipoFontRecurso>
      <gen:tipoCompFontRecurso>9999</gen:tipoCompFontRecurso>
    </emp:fonteRecurso>
    <emp:codigoSubeDespesa>1302</emp:codigoSubeDespesa>
    <emp:anoEmisEmpenho>2023</emp:anoEmisEmpenho>
    <emp:numeroEmpenho>0415003</emp:numeroEmpenho>
    <emp:dataEmisEmpenho>2023-04-15</emp:dataEmisEmpenho>
    <emp:historicoEmpenho>VALOR EMPENHADO PARA PAGAMENTO DE INSS PATRONAL DE RESPONSABILIDADE DESTE ORGAO.</emp:historicoEmpenho>
    <emp:cpfOrdeDespesa>45183350310</emp:cpfOrdeDespesa>
    <emp:cpfCnpjCredor>00394460005887</emp:cpfCnpjCredor>
    <emp:codigoAplicacao>999</emp:codigoAplicacao>
    <emp:tipoEmpenho>1</emp:tipoEmpenho>
    <emp:valorEmpenho>0000000000462.42</emp:valorEmpenho>
    <emp:numeroContTce></emp:numeroContTce>
  </emp:Empenho>
  <emp:Empenho>
    <emp:codigoUnidOrcamentaria>010100</emp:codigoUnidOrcamentaria>
    <emp:codigoFuncao>1</emp:codigoFuncao>
    <emp:codigoSubFuncao>031</emp:codigoSubFuncao>
    <emp:codigoPrograma>0001</emp:codigoPrograma>
    <emp:codigoAcao>2001</emp:codigoAcao>
    <emp:codigoCateEconomica>3</emp:codigoCateEconomica>
    <emp:codigoNatuDespesa>3</emp:codigoNatuDespesa>
    <emp:codigoModaAplicacao>90</emp:codigoModaAplicacao>
    <emp:codigoElemDespesa>39</emp:codigoElemDespesa>
    <emp:fonteRecurso>
      <gen:ioc>1</gen:ioc>
      <gen:tipoFontRecurso>500</gen:tipoFontRecurso>
      <gen:tipoCompFontRecurso>9999</gen:tipoCompFontRecurso>
    </emp:fonteRecurso>
    <emp:codigoSubeDespesa>3929</emp:codigoSubeDespesa>
    <emp:anoEmisEmpenho>2023</emp:anoEmisEmpenho>
    <emp:numeroEmpenho>0415004</emp:numeroEmpenho>
    <emp:dataEmisEmpenho>2023-04-15</emp:dataEmisEmpenho>
    <emp:historicoEmpenho>VALOR EMPENHADO PARA PAGAMENTO REFERENTE A FORNECIMENTO DE ENERGIA ELETRICA PARA ESTE ORGAO.</emp:historicoEmpenho>
    <emp:cpfOrdeDespesa>45183350310</emp:cpfOrdeDespesa>
    <emp:cpfCnpjCredor>06840748000189</emp:cpfCnpjCredor>
    <emp:codigoAplicacao>999</emp:codigoAplicacao>
    <emp:tipoEmpenho>1</emp:tipoEmpenho>
    <emp:valorEmpenho>0000000000267.31</emp:valorEmpenho>
    <emp:numeroContTce></emp:numeroContTce>
  </emp:Empenho>
  <emp:Empenho>
    <emp:codigoUnidOrcamentaria>010100</emp:codigoUnidOrcamentaria>
    <emp:codigoFuncao>1</emp:codigoFuncao>
    <emp:codigoSubFuncao>031</emp:codigoSubFuncao>
    <emp:codigoPrograma>0001</emp:codigoPrograma>
    <emp:codigoAcao>2001</emp:codigoAcao>
    <emp:codigoCateEconomica>3</emp:codigoCateEconomica>
    <emp:codigoNatuDespesa>3</emp:codigoNatuDespesa>
    <emp:codigoModaAplicacao>90</emp:codigoModaAplicacao>
    <emp:codigoElemDespesa>30</emp:codigoElemDespesa>
    <emp:fonteRecurso>
      <gen:ioc>1</gen:ioc>
      <gen:tipoFontRecurso>500</gen:tipoFontRecurso>
      <gen:tipoCompFontRecurso>9999</gen:tipoCompFontRecurso>
    </emp:fonteRecurso>
    <emp:codigoSubeDespesa>3022</emp:codigoSubeDespesa>
    <emp:anoEmisEmpenho>2023</emp:anoEmisEmpenho>
    <emp:numeroEmpenho>0419006</emp:numeroEmpenho>
    <emp:dataEmisEmpenho>2023-04-19</emp:dataEmisEmpenho>
    <emp:historicoEmpenho>VALOR EMPENHADO PARA PAGAMENTO REFERENTE A AQUISICAO DE MATERIAL DE LIMPEZA.</emp:historicoEmpenho>
    <emp:cpfOrdeDespesa>45183350310</emp:cpfOrdeDespesa>
    <emp:cpfCnpjCredor>45349570000120</emp:cpfCnpjCredor>
    <emp:codigoAplicacao>999</emp:codigoAplicacao>
    <emp:tipoEmpenho>1</emp:tipoEmpenho>
    <emp:valorEmpenho>0000000000549.90</emp:valorEmpenho>
    <emp:numeroContTce></emp:numeroContTce>
  </emp:Empenho>
  <emp:Empenho>
    <emp:codigoUnidOrcamentaria>010100</emp:codigoUnidOrcamentaria>
    <emp:codigoFuncao>1</emp:codigoFuncao>
    <emp:codigoSubFuncao>031</emp:codigoSubFuncao>
    <emp:codigoPrograma>0001</emp:codigoPrograma>
    <emp:codigoAcao>2001</emp:codigoAcao>
    <emp:codigoCateEconomica>3</emp:codigoCateEconomica>
    <emp:codigoNatuDespesa>3</emp:codigoNatuDespesa>
    <emp:codigoModaAplicacao>90</emp:codigoModaAplicacao>
    <emp:codigoElemDespesa>36</emp:codigoElemDespesa>
    <emp:fonteRecurso>
      <gen:ioc>1</gen:ioc>
      <gen:tipoFontRecurso>500</gen:tipoFontRecurso>
      <gen:tipoCompFontRecurso>9999</gen:tipoCompFontRecurso>
    </emp:fonteRecurso>
    <emp:codigoSubeDespesa>3616</emp:codigoSubeDespesa>
    <emp:anoEmisEmpenho>2023</emp:anoEmisEmpenho>
    <emp:numeroEmpenho>0424005</emp:numeroEmpenho>
    <emp:dataEmisEmpenho>2023-04-24</emp:dataEmisEmpenho>
    <emp:historicoEmpenho>VALOR EMPENHADO PARA PAGAMENTO REFERENTE A MANUTENCAO DE COMPUTADORES, MANUTENCAO DE IMPRESSORA E FORNECIMENTO DE INTERNET.</emp:historicoEmpenho>
    <emp:cpfOrdeDespesa>45183350310</emp:cpfOrdeDespesa>
    <emp:cpfCnpjCredor>01453379363</emp:cpfCnpjCredor>
    <emp:codigoAplicacao>999</emp:codigoAplicacao>
    <emp:tipoEmpenho>1</emp:tipoEmpenho>
    <emp:valorEmpenho>0000000000200.00</emp:valorEmpenho>
    <emp:numeroContTce></emp:numeroContTce>
  </emp:Empenho>
  <emp:Empenho>
    <emp:codigoUnidOrcamentaria>010100</emp:codigoUnidOrcamentaria>
    <emp:codigoFuncao>1</emp:codigoFuncao>
    <emp:codigoSubFuncao>031</emp:codigoSubFuncao>
    <emp:codigoPrograma>0001</emp:codigoPrograma>
    <emp:codigoAcao>2001</emp:codigoAcao>
    <emp:codigoCateEconomica>3</emp:codigoCateEconomica>
    <emp:codigoNatuDespesa>3</emp:codigoNatuDespesa>
    <emp:codigoModaAplicacao>90</emp:codigoModaAplicacao>
    <emp:codigoElemDespesa>14</emp:codigoElemDespesa>
    <emp:fonteRecurso>
      <gen:ioc>1</gen:ioc>
      <gen:tipoFontRecurso>500</gen:tipoFontRecurso>
      <gen:tipoCompFontRecurso>9999</gen:tipoCompFontRecurso>
    </emp:fonteRecurso>
    <emp:codigoSubeDespesa>1401</emp:codigoSubeDespesa>
    <emp:anoEmisEmpenho>2023</emp:anoEmisEmpenho>
    <emp:numeroEmpenho>0426056</emp:numeroEmpenho>
    <emp:dataEmisEmpenho>2023-04-26</emp:dataEmisEmpenho>
    <emp:historicoEmpenho>VALOR EMPENHADO PARA PAGAMENTO DE DIARIAS A SERVIDORES MUNICIPAIS TRATANDO DE ASSUNTOS DE INTERESSE DESTE ORGAO.</emp:historicoEmpenho>
    <emp:cpfOrdeDespesa>45183350310</emp:cpfOrdeDespesa>
    <emp:cpfCnpjCredor>03505670502</emp:cpfCnpjCredor>
    <emp:codigoAplicacao>999</emp:codigoAplicacao>
    <emp:tipoEmpenho>1</emp:tipoEmpenho>
    <emp:valorEmpenho>0000000000911.40</emp:valorEmpenho>
    <emp:numeroContTce></emp:numeroContTce>
  </emp:Empenho>
  <emp:Retencao>
    <emp:codigoUnidOrcamentaria>010100</emp:codigoUnidOrcamentaria>
    <emp:anoEmisEmpenho>2023</emp:anoEmisEmpenho>
    <emp:numeroEmpenho>0116007</emp:numeroEmpenho>
    <emp:numeroDocuLiquidacao>0000004</emp:numeroDocuLiquidacao>
    <emp:tipoRetencao>9</emp:tipoRetencao>
    <emp:tipoOrigRetencao>2</emp:tipoOrigRetencao>
    <emp:cpfCnpjCredor>23624174000120</emp:cpfCnpjCredor>
    <emp:valorRetencao>0000000000364.08</emp:valorRetencao>
  </emp:Retencao>
  <emp:Retencao>
    <emp:codigoUnidOrcamentaria>010100</emp:codigoUnidOrcamentaria>
    <emp:anoEmisEmpenho>2023</emp:anoEmisEmpenho>
    <emp:numeroEmpenho>0116008</emp:numeroEmpenho>
    <emp:numeroDocuLiquidacao>0000004</emp:numeroDocuLiquidacao>
    <emp:tipoRetencao>9</emp:tipoRetencao>
    <emp:tipoOrigRetencao>2</emp:tipoOrigRetencao>
    <emp:cpfCnpjCredor>23624174000120</emp:cpfCnpjCredor>
    <emp:valorRetencao>0000000000178.65</emp:valorRetencao>
  </emp:Retencao>
  <emp:Retencao>
    <emp:codigoUnidOrcamentaria>010100</emp:codigoUnidOrcamentaria>
    <emp:anoEmisEmpenho>2023</emp:anoEmisEmpenho>
    <emp:numeroEmpenho>0116012</emp:numeroEmpenho>
    <emp:numeroDocuLiquidacao>0000004</emp:numeroDocuLiquidacao>
    <emp:tipoRetencao>19</emp:tipoRetencao>
    <emp:tipoOrigRetencao>2</emp:tipoOrigRetencao>
    <emp:cpfCnpjCredor>01850629382</emp:cpfCnpjCredor>
    <emp:valorRetencao>0000000001129.12</emp:valorRetencao>
  </emp:Retencao>
  <emp:Retencao>
    <emp:codigoUnidOrcamentaria>010100</emp:codigoUnidOrcamentaria>
    <emp:anoEmisEmpenho>2023</emp:anoEmisEmpenho>
    <emp:numeroEmpenho>0116012</emp:numeroEmpenho>
    <emp:numeroDocuLiquidacao>0000004</emp:numeroDocuLiquidacao>
    <emp:tipoRetencao>2</emp:tipoRetencao>
    <emp:tipoOrigRetencao>2</emp:tipoOrigRetencao>
    <emp:cpfCnpjCredor>06554281000100</emp:cpfCnpjCredor>
    <emp:valorRetencao>0000000014691.60</emp:valorRetencao>
  </emp:Retencao>
  <emp:Retencao>
    <emp:codigoUnidOrcamentaria>010100</emp:codigoUnidOrcamentaria>
    <emp:anoEmisEmpenho>2023</emp:anoEmisEmpenho>
    <emp:numeroEmpenho>0116012</emp:numeroEmpenho>
    <emp:numeroDocuLiquidacao>0000004</emp:numeroDocuLiquidacao>
    <emp:tipoRetencao>9</emp:tipoRetencao>
    <emp:tipoOrigRetencao>2</emp:tipoOrigRetencao>
    <emp:cpfCnpjCredor>23624174000120</emp:cpfCnpjCredor>
    <emp:valorRetencao>0000000007894.98</emp:valorRetencao>
  </emp:Retencao>
</emp:EmpenhoseRP>
