<?xml version="1.0" encoding="utf-8"?>
<!--FIORILLI SOC. CIVIL LTDA - SOFTWARE-->
<!--ENVIADO POR: Wesley Oliveira-->
<!--VERSAO TCE-PI: 8.25.25.181-->
<!--VERSAO DIARIO RAZAO: 8.25.25.2247-->
<!--VERSAO EVENTOS: 2485-->
<aux:CadastrosAuxiliares xmlns:aux="http://www.tce.pi.gov.br/sagres2022/xml/cadastrosAuxiliares" xmlns:gen="http://www.tce.pi.gov.br/sagres2022/xml/genericos" xmlns:tab="http://www.tce.pi.gov.br/sagres2022/xml/tabelasInternas">
  <aux:PrestacaoContas>
    <aux:codigoUnidGestora>101017</aux:codigoUnidGestora>
    <aux:nomeUnidGestora>CAMARA MUNICIPAL DE AVELINO LOPES</aux:nomeUnidGestora>
    <aux:cpfContador>27675215893</aux:cpfContador>
    <aux:cpfGestor>00545524512</aux:cpfGestor>
    <aux:anoReferencia>2022</aux:anoReferencia>
    <aux:mesReferencia>01</aux:mesReferencia>
    <aux:versaoXml>0</aux:versaoXml>
    <aux:diaInicPresContas>01</aux:diaInicPresContas>
    <aux:diaFinaPresContas>31</aux:diaFinaPresContas>
  </aux:PrestacaoContas>
  <aux:Orcamento>
    <aux:anoVigeLoa>2022</aux:anoVigeLoa>
    <aux:dataPublLoa>2021-12-10</aux:dataPublLoa>
    <aux:percentualAutoSuplLoa>50</aux:percentualAutoSuplLoa>
    <aux:numeroLoa>0000192022</aux:numeroLoa>
    <aux:dataPublLdo>2021-08-25</aux:dataPublLdo>
    <aux:numeroLdo>
      <gen:numero>000012</gen:numero>
      <gen:ano>2022</gen:ano>
    </aux:numeroLdo>
    <aux:numeroLeiPpa>
      <gen:numero>000020</gen:numero>
      <gen:ano>2022</gen:ano>
    </aux:numeroLeiPpa>
    <aux:dataPublPpa>2021-12-10</aux:dataPublPpa>
    <aux:valorRecePrevista>0000000000000.00</aux:valorRecePrevista>
    <aux:valorDespFixada>0000001100000.00</aux:valorDespFixada>
  </aux:Orcamento>
  <aux:UnidadeOrcamentaria>
    <aux:codigoUnidOrcamentaria>010100</aux:codigoUnidOrcamentaria>
    <aux:nomeUnidOrcamentaria>CAMARA MUNICIPAL</aux:nomeUnidOrcamentaria>
    <aux:tipoUnidOrcamentaria>1</aux:tipoUnidOrcamentaria>
  </aux:UnidadeOrcamentaria>
  <aux:UnidadeOrcamentaria>
    <aux:codigoUnidOrcamentaria>020100</aux:codigoUnidOrcamentaria>
    <aux:nomeUnidOrcamentaria>PREFEITURA MUNICIPAL</aux:nomeUnidOrcamentaria>
    <aux:tipoUnidOrcamentaria>9</aux:tipoUnidOrcamentaria>
  </aux:UnidadeOrcamentaria>
  <aux:Programa>
    <aux:codigoPrograma>0001</aux:codigoPrograma>
    <aux:denominacaoPrograma>PROCESSO LEGISLATIVO</aux:denominacaoPrograma>
    <aux:descricaoObjePrograma>NADA INFORMADO</aux:descricaoObjePrograma>
    <aux:valorPrevDespCorrPpa>0000001064977.76</aux:valorPrevDespCorrPpa>
    <aux:valorPrevDespCapiPpa>0000000034595.94</aux:valorPrevDespCapiPpa>
    <aux:tipoPrograma>2</aux:tipoPrograma>
    <aux:numeroLeiCriaAltePpa>
      <gen:numero>000020</gen:numero>
      <gen:ano>2021</gen:ano>
    </aux:numeroLeiCriaAltePpa>
  </aux:Programa>
  <aux:Programa>
    <aux:codigoPrograma>0009</aux:codigoPrograma>
    <aux:denominacaoPrograma>CONTROLE E ACOMPANHAMENTO DA DIVIDA</aux:denominacaoPrograma>
    <aux:descricaoObjePrograma>NADA INFORMADO</aux:descricaoObjePrograma>
    <aux:valorPrevDespCorrPpa>0000000000000.00</aux:valorPrevDespCorrPpa>
    <aux:valorPrevDespCapiPpa>0000000000426.30</aux:valorPrevDespCapiPpa>
    <aux:tipoPrograma>2</aux:tipoPrograma>
    <aux:numeroLeiCriaAltePpa>
      <gen:numero>000020</gen:numero>
      <gen:ano>2021</gen:ano>
    </aux:numeroLeiCriaAltePpa>
  </aux:Programa>
  <aux:Acao>
    <aux:codigoAcao>0004</aux:codigoAcao>
    <aux:denominacaoAcao>CONTROLE E ACOMPANHAMENTO DA DIVIDA</aux:denominacaoAcao>
    <aux:tipoAcao>1</aux:tipoAcao>
  </aux:Acao>
  <aux:Acao>
    <aux:codigoAcao>0009</aux:codigoAcao>
    <aux:denominacaoAcao>CONTROLE E ACOMPANHAMENTO DA DIVIDA</aux:denominacaoAcao>
    <aux:tipoAcao>0</aux:tipoAcao>
  </aux:Acao>
  <aux:Acao>
    <aux:codigoAcao>1001</aux:codigoAcao>
    <aux:denominacaoAcao>CONTRUCAO REFOR E AMPL DO PREDIO DA CAMARA</aux:denominacaoAcao>
    <aux:tipoAcao>1</aux:tipoAcao>
  </aux:Acao>
  <aux:Acao>
    <aux:codigoAcao>2001</aux:codigoAcao>
    <aux:denominacaoAcao>MANUTENCAO E FUNCIONAMENTO DA CAMARA MUNICIPAL</aux:denominacaoAcao>
    <aux:tipoAcao>2</aux:tipoAcao>
  </aux:Acao>
  <aux:CadastroContaBancaria>
    <aux:codigoBanco>000</aux:codigoBanco>
    <aux:codigoAgencia>0000</aux:codigoAgencia>
    <aux:numeroContBancaria>0000000000</aux:numeroContBancaria>
    <aux:tipoContBancaria>0</aux:tipoContBancaria>
    <aux:descricaoContBancaria>CONTA CAIXA</aux:descricaoContBancaria>
    <aux:digitoVerificador>0</aux:digitoVerificador>
  </aux:CadastroContaBancaria>
  <aux:CadastroContaBancaria>
    <aux:codigoBanco>001</aux:codigoBanco>
    <aux:codigoAgencia>1209</aux:codigoAgencia>
    <aux:numeroContBancaria>0000020532</aux:numeroContBancaria>
    <aux:tipoContBancaria>1</aux:tipoContBancaria>
    <aux:descricaoContBancaria>BANCO DO BRASIL</aux:descricaoContBancaria>
    <aux:digitoVerificador>2</aux:digitoVerificador>
  </aux:CadastroContaBancaria>
  <aux:ConciliacaoBancaria>
    <aux:codigoBanco>000</aux:codigoBanco>
    <aux:codigoAgencia>0000</aux:codigoAgencia>
    <aux:numeroContBancaria>0000000000</aux:numeroContBancaria>
    <aux:tipoContBancaria>0</aux:tipoContBancaria>
    <aux:numeroSequencial>00000073</aux:numeroSequencial>
    <aux:tipoConcBancaria>1</aux:tipoConcBancaria>
    <aux:descricaoSobrValoConciliado>SALDO EM 31 01 2022 CONFORME EXTRATO BANCARIO COMP</aux:descricaoSobrValoConciliado>
    <aux:dataFatoConciliado>2022-01-31</aux:dataFatoConciliado>
    <aux:numeroChequeDocumento>000000</aux:numeroChequeDocumento>
    <aux:numeroDocDebiAutomatico>00000000000</aux:numeroDocDebiAutomatico>
    <aux:valorConciliado>0000000000000.00</aux:valorConciliado>
  </aux:ConciliacaoBancaria>
  <aux:ConciliacaoBancaria>
    <aux:codigoBanco>001</aux:codigoBanco>
    <aux:codigoAgencia>1209</aux:codigoAgencia>
    <aux:numeroContBancaria>0000020532</aux:numeroContBancaria>
    <aux:tipoContBancaria>1</aux:tipoContBancaria>
    <aux:numeroSequencial>00000074</aux:numeroSequencial>
    <aux:tipoConcBancaria>1</aux:tipoConcBancaria>
    <aux:descricaoSobrValoConciliado>SALDO EM 31 01 2022 CONFORME EXTRATO BANCARIO COMP</aux:descricaoSobrValoConciliado>
    <aux:dataFatoConciliado>2022-01-31</aux:dataFatoConciliado>
    <aux:numeroChequeDocumento>000000</aux:numeroChequeDocumento>
    <aux:numeroDocDebiAutomatico>00000000000</aux:numeroDocDebiAutomatico>
    <aux:valorConciliado>0000000000000.00</aux:valorConciliado>
  </aux:ConciliacaoBancaria>
  <aux:Fornecedor>
    <aux:cpfCnpjCredor>00000000000000</aux:cpfCnpjCredor>
    <aux:nomeDenoOuRazaJuridica>FOLHA DE PAGAMENTO</aux:nomeDenoOuRazaJuridica>
    <aux:endereco>
      <gen:logradouro>SEM ENDERECO</gen:logradouro>
      <gen:numero>000</gen:numero>
      <gen:complemento>SEM COMPLEMENTO</gen:complemento>
      <gen:bairro>SEM BAIRRO</gen:bairro>
      <gen:numeroCep>00000000</gen:numeroCep>
      <gen:municipio>AVELINO LOPES</gen:municipio>
      <gen:estado>PI</gen:estado>
      <gen:telefoneFixo>0000-0000</gen:telefoneFixo>
      <gen:telefoneCelular>0000-0000</gen:telefoneCelular>
    </aux:endereco>
    <aux:tipoCredor>3</aux:tipoCredor>
    <aux:identificadorFornEstrangeiro>00000000000000000000000000000000000000000000</aux:identificadorFornEstrangeiro>
  </aux:Fornecedor>
  <aux:Fornecedor>
    <aux:cpfCnpjCredor>00000000144940</aux:cpfCnpjCredor>
    <aux:nomeDenoOuRazaJuridica>BANCO DO BRASIL</aux:nomeDenoOuRazaJuridica>
    <aux:endereco>
      <gen:logradouro>RUA BARAO DO PARAIM</gen:logradouro>
      <gen:numero>10</gen:numero>
      <gen:complemento>SEM COMPLEMENTO</gen:complemento>
      <gen:bairro>CENTRO</gen:bairro>
      <gen:numeroCep>64960000</gen:numeroCep>
      <gen:municipio>CURIMATA</gen:municipio>
      <gen:estado>PI</gen:estado>
      <gen:telefoneFixo>NAO INFORMADO</gen:telefoneFixo>
      <gen:telefoneCelular>NAO INFORMADO</gen:telefoneCelular>
    </aux:endereco>
    <aux:tipoCredor>2</aux:tipoCredor>
    <aux:identificadorFornEstrangeiro>00000000000000000000000000000000000000000000</aux:identificadorFornEstrangeiro>
  </aux:Fornecedor>
  <aux:Fornecedor>
    <aux:cpfCnpjCredor>00394460008126</aux:cpfCnpjCredor>
    <aux:nomeDenoOuRazaJuridica>RECEITA FEDERAL</aux:nomeDenoOuRazaJuridica>
    <aux:endereco>
      <gen:logradouro>PC MARECHAL DEODORO</gen:logradouro>
      <gen:numero>0</gen:numero>
      <gen:complemento>SEM COMPLEMENTO</gen:complemento>
      <gen:bairro>NAO INFORMADO</gen:bairro>
      <gen:numeroCep>64000090</gen:numeroCep>
      <gen:municipio>TERESINA</gen:municipio>
      <gen:estado>PI</gen:estado>
      <gen:telefoneFixo>NAO INFORMADO</gen:telefoneFixo>
      <gen:telefoneCelular>NAO INFORMADO</gen:telefoneCelular>
    </aux:endereco>
    <aux:tipoCredor>2</aux:tipoCredor>
    <aux:identificadorFornEstrangeiro>00000000000000000000000000000000000000000000</aux:identificadorFornEstrangeiro>
  </aux:Fornecedor>
  <aux:Fornecedor>
    <aux:cpfCnpjCredor>00545524512</aux:cpfCnpjCredor>
    <aux:nomeDenoOuRazaJuridica>KLEBER DIAS DO COUTO</aux:nomeDenoOuRazaJuridica>
    <aux:endereco>
      <gen:logradouro>NAO INFORMADO</gen:logradouro>
      <gen:numero>0</gen:numero>
      <gen:complemento>SEM COMPLEMENTO</gen:complemento>
      <gen:bairro>NAO INFORMADO</gen:bairro>
      <gen:numeroCep>64965000</gen:numeroCep>
      <gen:municipio>AVELINO LOPES</gen:municipio>
      <gen:estado>PI</gen:estado>
      <gen:telefoneFixo>NAO INFORMADO</gen:telefoneFixo>
      <gen:telefoneCelular>NAO INFORMADO</gen:telefoneCelular>
    </aux:endereco>
    <aux:tipoCredor>1</aux:tipoCredor>
    <aux:identificadorFornEstrangeiro>00000000000000000000000000000000000000000000</aux:identificadorFornEstrangeiro>
  </aux:Fornecedor>
  <aux:Fornecedor>
    <aux:cpfCnpjCredor>01850629382</aux:cpfCnpjCredor>
    <aux:nomeDenoOuRazaJuridica>NANCI MARQUES DE SENA</aux:nomeDenoOuRazaJuridica>
    <aux:endereco>
      <gen:logradouro>NAO INFORMADO</gen:logradouro>
      <gen:numero>0</gen:numero>
      <gen:complemento>SEM COMPLEMENTO</gen:complemento>
      <gen:bairro>CENTRO</gen:bairro>
      <gen:numeroCep>64965000</gen:numeroCep>
      <gen:municipio>AVELINO LOPES</gen:municipio>
      <gen:estado>PI</gen:estado>
      <gen:telefoneFixo>NAO INFORMADO</gen:telefoneFixo>
      <gen:telefoneCelular>NAO INFORMADO</gen:telefoneCelular>
    </aux:endereco>
    <aux:tipoCredor>1</aux:tipoCredor>
    <aux:identificadorFornEstrangeiro>00000000000000000000000000000000000000000000</aux:identificadorFornEstrangeiro>
  </aux:Fornecedor>
  <aux:Fornecedor>
    <aux:cpfCnpjCredor>02591658323</aux:cpfCnpjCredor>
    <aux:nomeDenoOuRazaJuridica>MARCUS VINICIUS DIAS DA SILVA</aux:nomeDenoOuRazaJuridica>
    <aux:endereco>
      <gen:logradouro>RUA MESTRE MARCOLINO</gen:logradouro>
      <gen:numero>240</gen:numero>
      <gen:complemento>SEM COMPLEMENTO</gen:complemento>
      <gen:bairro>CENTRO</gen:bairro>
      <gen:numeroCep>64960000</gen:numeroCep>
      <gen:municipio>AVELINO LOPES</gen:municipio>
      <gen:estado>PI</gen:estado>
      <gen:telefoneFixo>NAO INFORMADO</gen:telefoneFixo>
      <gen:telefoneCelular>NAO INFORMADO</gen:telefoneCelular>
    </aux:endereco>
    <aux:tipoCredor>1</aux:tipoCredor>
    <aux:identificadorFornEstrangeiro>00000000000000000000000000000000000000000000</aux:identificadorFornEstrangeiro>
  </aux:Fornecedor>
  <aux:Fornecedor>
    <aux:cpfCnpjCredor>06554281000100</aux:cpfCnpjCredor>
    <aux:nomeDenoOuRazaJuridica>PREFEITURA MUNICIPAL DE AVELINO LOPES</aux:nomeDenoOuRazaJuridica>
    <aux:endereco>
      <gen:logradouro>NAO INFORMADO</gen:logradouro>
      <gen:numero>0</gen:numero>
      <gen:complemento>SEM COMPLEMENTO</gen:complemento>
      <gen:bairro>NAO INFORMADO</gen:bairro>
      <gen:numeroCep>64965000</gen:numeroCep>
      <gen:municipio>AVELINO LOPES</gen:municipio>
      <gen:estado>PI</gen:estado>
      <gen:telefoneFixo>NAO INFORMADO</gen:telefoneFixo>
      <gen:telefoneCelular>NAO INFORMADO</gen:telefoneCelular>
    </aux:endereco>
    <aux:tipoCredor>2</aux:tipoCredor>
    <aux:identificadorFornEstrangeiro>00000000000000000000000000000000000000000000</aux:identificadorFornEstrangeiro>
  </aux:Fornecedor>
  <aux:Fornecedor>
    <aux:cpfCnpjCredor>06840748000189</aux:cpfCnpjCredor>
    <aux:nomeDenoOuRazaJuridica>EQUATORIAL ENERGIA</aux:nomeDenoOuRazaJuridica>
    <aux:endereco>
      <gen:logradouro>RUA JOAO CABRAL</gen:logradouro>
      <gen:numero>730</gen:numero>
      <gen:complemento>SEM COMPLEMENTO</gen:complemento>
      <gen:bairro>CENTRO SUL</gen:bairro>
      <gen:numeroCep>64000030</gen:numeroCep>
      <gen:municipio>TERESINA</gen:municipio>
      <gen:estado>PI</gen:estado>
      <gen:telefoneFixo>NAO INFORMADO</gen:telefoneFixo>
      <gen:telefoneCelular>NAO INFORMADO</gen:telefoneCelular>
    </aux:endereco>
    <aux:tipoCredor>2</aux:tipoCredor>
    <aux:identificadorFornEstrangeiro>00000000000000000000000000000000000000000000</aux:identificadorFornEstrangeiro>
  </aux:Fornecedor>
  <aux:Fornecedor>
    <aux:cpfCnpjCredor>18670664000123</aux:cpfCnpjCredor>
    <aux:nomeDenoOuRazaJuridica>CONPUBLI CONTADORES ASSOCIADOS LTDA</aux:nomeDenoOuRazaJuridica>
    <aux:endereco>
      <gen:logradouro>AV HUMBERTO DA FONSECA BENVINDO</gen:logradouro>
      <gen:numero>0</gen:numero>
      <gen:complemento>SEM COMPLEMENTO</gen:complemento>
      <gen:bairro>CENTRO</gen:bairro>
      <gen:numeroCep>64920000</gen:numeroCep>
      <gen:municipio>CRISTINO CASTRO</gen:municipio>
      <gen:estado>PI</gen:estado>
      <gen:telefoneFixo>NAO INFORMADO</gen:telefoneFixo>
      <gen:telefoneCelular>NAO INFORMADO</gen:telefoneCelular>
    </aux:endereco>
    <aux:tipoCredor>2</aux:tipoCredor>
    <aux:identificadorFornEstrangeiro>00000000000000000000000000000000000000000000</aux:identificadorFornEstrangeiro>
  </aux:Fornecedor>
  <aux:AgentePolitico>
    <aux:cpfAgenPolitico>00545524512</aux:cpfAgenPolitico>
    <aux:numeroRgAgenPolitico>00000001111</aux:numeroRgAgenPolitico>
    <aux:orgaoExpedidor>SSPPI</aux:orgaoExpedidor>
    <aux:nome>KLEBER DIAS DO COUTO</aux:nome>
    <aux:email>CONPUBLI.CONTABIL@GMAIL.COM</aux:email>
    <aux:tipoAgenPolitico>4</aux:tipoAgenPolitico>
  </aux:AgentePolitico>
  <aux:AgentePolitico>
    <aux:cpfAgenPolitico>01726047377</aux:cpfAgenPolitico>
    <aux:numeroRgAgenPolitico>00000001111</aux:numeroRgAgenPolitico>
    <aux:orgaoExpedidor>SSPPI</aux:orgaoExpedidor>
    <aux:nome>AMINADAB PEREIRA DE SOUSA NETO</aux:nome>
    <aux:email>CONPUBLI.CONTABIL@GMAIL.COM</aux:email>
    <aux:tipoAgenPolitico>1</aux:tipoAgenPolitico>
  </aux:AgentePolitico>
  <aux:Ordenador>
    <aux:cpfAgenPolitico>01726047377</aux:cpfAgenPolitico>
    <aux:codigoUnidOrcamentaria>020100</aux:codigoUnidOrcamentaria>
    <aux:numeroAtoQueNomeOrdenador>
      <gen:numero>000001</gen:numero>
      <gen:ano>2022</gen:ano>
    </aux:numeroAtoQueNomeOrdenador>
    <aux:dataInicOuFimVigencia>2022-01-01</aux:dataInicOuFimVigencia>
    <aux:tipoDataVigencia>1</aux:tipoDataVigencia>
  </aux:Ordenador>
  <aux:Ordenador>
    <aux:cpfAgenPolitico>00545524512</aux:cpfAgenPolitico>
    <aux:codigoUnidOrcamentaria>010100</aux:codigoUnidOrcamentaria>
    <aux:numeroAtoQueNomeOrdenador>
      <gen:numero>000001</gen:numero>
      <gen:ano>2022</gen:ano>
    </aux:numeroAtoQueNomeOrdenador>
    <aux:dataInicOuFimVigencia>2022-01-01</aux:dataInicOuFimVigencia>
    <aux:tipoDataVigencia>1</aux:tipoDataVigencia>
  </aux:Ordenador>
  <aux:Gestor>
    <aux:cpfAgenPolitico>00545524512</aux:cpfAgenPolitico>
    <aux:codigoUnidOrcamentaria>010100</aux:codigoUnidOrcamentaria>
    <aux:numeroAtoQueNomeGestor>
      <gen:numero>000001</gen:numero>
      <gen:ano>2022</gen:ano>
    </aux:numeroAtoQueNomeGestor>
    <aux:tipoDataVigencia>1</aux:tipoDataVigencia>
    <aux:dataInicOuFimVigencia>2022-01-01</aux:dataInicOuFimVigencia>
  </aux:Gestor>
  <aux:Gestor>
    <aux:cpfAgenPolitico>01726047377</aux:cpfAgenPolitico>
    <aux:codigoUnidOrcamentaria>020100</aux:codigoUnidOrcamentaria>
    <aux:numeroAtoQueNomeGestor>
      <gen:numero>000001</gen:numero>
      <gen:ano>2022</gen:ano>
    </aux:numeroAtoQueNomeGestor>
    <aux:tipoDataVigencia>1</aux:tipoDataVigencia>
    <aux:dataInicOuFimVigencia>2022-01-01</aux:dataInicOuFimVigencia>
  </aux:Gestor>
  <aux:MetasFisccaisLDO>
    <aux:metaResuPrimEmValoCorrente>0000000000000.00</aux:metaResuPrimEmValoCorrente>
    <aux:metaResuNomiEmValoCorrente>0000000000000.00</aux:metaResuNomiEmValoCorrente>
    <aux:metaDiviConsLiquLdo>0000000000000.00</aux:metaDiviConsLiquLdo>
    <aux:metaDiviPublConsLdo>0000000000000.00</aux:metaDiviPublConsLdo>
    <aux:receitaValoCorrLdo>0000000000000.00</aux:receitaValoCorrLdo>
    <aux:despesaValoCorrLdo>0000000000000.00</aux:despesaValoCorrLdo>
    <aux:numeroAnoLeiLdo>
      <gen:numero>000012</gen:numero>
      <gen:ano>2022</gen:ano>
    </aux:numeroAnoLeiLdo>
  </aux:MetasFisccaisLDO>
</aux:CadastrosAuxiliares>
