<?xml version="1.0" encoding="ISO-8859-1"?>
<!--**********************************-->
<!--* FIORILLI SOFTWARE LTDA         *-->
<!--* SISTEMA INTEGRADO DE PESSOAL   *-->
<!--* GERADO 30/12/2021 08:35:01     *-->
<!--* VERSAO 7.5.328.57.15195/R      *-->
<!--* USUARIO CLIENTE                *-->
<!--* DOMINIO DESKTOP-EFAV3O1        *-->
<!--* NOME PC DESKTOP-EFAV3O1        *-->
<!--**********************************-->
<his:historicos xmlns:his="http://www.tce.pi.gov.br/sagres2021/xml/historicos" xmlns:aux="http://www.tce.pi.gov.br/sagres2021/xml/cadastrosAuxiliaresSagresFolha" xmlns:gen="http://www.tce.pi.gov.br/sagres2021/xml/genericos" xmlns:tab="http://www.tce.pi.gov.br/sagres2021/xml/tabelasInternas">
  <his:PrestacaoContas>
    <aux:codigoUnidGestora>201017</aux:codigoUnidGestora>
    <aux:nomeUnidGestora>P. M. DE AVELINO LOPES</aux:nomeUnidGestora>
    <aux:cpfContador>00000000000</aux:cpfContador>
    <aux:cpfGestor>01726047377</aux:cpfGestor>
    <aux:anoReferencia>2021</aux:anoReferencia>
    <aux:mesReferencia>10</aux:mesReferencia>
    <aux:versaoXml>19</aux:versaoXml>
    <aux:diaInicPresContas>1</aux:diaInicPresContas>
    <aux:diaFinaPresContas>31</aux:diaFinaPresContas>
  </his:PrestacaoContas>
  <his:HistoricoFuncional>
    <his:matricula>000000000100067</his:matricula>
    <his:cpfServidor>45172250387</his:cpfServidor>
    <his:tipoAtoPessoal>92061</his:tipoAtoPessoal>
    <his:dataMoviFuncional>2021-10-01</his:dataMoviFuncional>
    <his:informacoesAlteradas/>
  </his:HistoricoFuncional>
  <his:HistoricoFuncional>
    <his:matricula>000000000200560</his:matricula>
    <his:cpfServidor>00939822326</his:cpfServidor>
    <his:tipoAtoPessoal>93041</his:tipoAtoPessoal>
    <his:dataMoviFuncional>2021-10-27</his:dataMoviFuncional>
    <his:informacoesAlteradas>
      <gen:atoTipo02>
        <gen:codigoLotacao>000000000200011</gen:codigoLotacao>
      </gen:atoTipo02>
    </his:informacoesAlteradas>
  </his:HistoricoFuncional>
  <his:HistoricoFuncional>
    <his:matricula>000000000200562</his:matricula>
    <his:cpfServidor>39416397814</his:cpfServidor>
    <his:tipoAtoPessoal>93041</his:tipoAtoPessoal>
    <his:dataMoviFuncional>2021-10-27</his:dataMoviFuncional>
    <his:informacoesAlteradas>
      <gen:atoTipo02>
        <gen:codigoLotacao>000000000200011</gen:codigoLotacao>
      </gen:atoTipo02>
    </his:informacoesAlteradas>
  </his:HistoricoFuncional>
  <his:HistoricoFuncional>
    <his:matricula>000000000000034</his:matricula>
    <his:cpfServidor>89545621320</his:cpfServidor>
    <his:tipoAtoPessoal>91011</his:tipoAtoPessoal>
    <his:dataMoviFuncional>2021-10-01</his:dataMoviFuncional>
    <his:informacoesAlteradas/>
  </his:HistoricoFuncional>
  <his:HistoricoFuncional>
    <his:matricula>000000000200161</his:matricula>
    <his:cpfServidor>60174919115</his:cpfServidor>
    <his:tipoAtoPessoal>91011</his:tipoAtoPessoal>
    <his:dataMoviFuncional>2021-10-01</his:dataMoviFuncional>
    <his:informacoesAlteradas/>
  </his:HistoricoFuncional>
  <his:HistoricoFuncional>
    <his:matricula>000000000200321</his:matricula>
    <his:cpfServidor>98974076349</his:cpfServidor>
    <his:tipoAtoPessoal>91011</his:tipoAtoPessoal>
    <his:dataMoviFuncional>2021-10-01</his:dataMoviFuncional>
    <his:informacoesAlteradas/>
  </his:HistoricoFuncional>
  <his:HistoricoFuncional>
    <his:matricula>000000000000034</his:matricula>
    <his:cpfServidor>89545621320</his:cpfServidor>
    <his:tipoAtoPessoal>92011</his:tipoAtoPessoal>
    <his:dataMoviFuncional>2021-10-30</his:dataMoviFuncional>
    <his:informacoesAlteradas/>
  </his:HistoricoFuncional>
  <his:HistoricoFuncional>
    <his:matricula>000000000200161</his:matricula>
    <his:cpfServidor>60174919115</his:cpfServidor>
    <his:tipoAtoPessoal>92011</his:tipoAtoPessoal>
    <his:dataMoviFuncional>2021-10-30</his:dataMoviFuncional>
    <his:informacoesAlteradas/>
  </his:HistoricoFuncional>
  <his:HistoricoFuncional>
    <his:matricula>000000000200321</his:matricula>
    <his:cpfServidor>98974076349</his:cpfServidor>
    <his:tipoAtoPessoal>92011</his:tipoAtoPessoal>
    <his:dataMoviFuncional>2021-10-30</his:dataMoviFuncional>
    <his:informacoesAlteradas/>
  </his:HistoricoFuncional>
</his:historicos>
