<?xml version="1.0" encoding="ISO-8859-1"?>
<!--********************************************-->
<!--* FIORILLI SOFTWARE LTDA                   *-->
<!--* SISTEMA INTEGRADO DE PESSOAL             *-->
<!--* GERADO 03/09/2024 10:20:29               *-->
<!--* VERSAO 7.5.397.37.18148/R                *-->
<!--* USUARIO PC EMANOEL                       *-->
<!--* DOMINIO DESKTOP-M7BKEIV                  *-->
<!--* NOME PC DESKTOP-M7BKEIV                  *-->
<!--* USUARIO SISTEMA EMANOEL                  *-->
<!--********************************************-->
<his:historicos xmlns:his="http://www.tce.pi.gov.br/sagres2024/xml/historicos" xmlns:aux="http://www.tce.pi.gov.br/sagres2024/xml/cadastrosAuxiliaresSagresFolha" xmlns:gen="http://www.tce.pi.gov.br/sagres2024/xml/genericos" xmlns:tab="http://www.tce.pi.gov.br/sagres2024/xml/tabelasInternas">
  <his:PrestacaoContas>
    <aux:codigoUnidGestora>201017</aux:codigoUnidGestora>
    <aux:nomeUnidGestora>P. M. DE AVELINO LOPES</aux:nomeUnidGestora>
    <aux:cpfContador>00000000000</aux:cpfContador>
    <aux:cpfGestor>01726047377</aux:cpfGestor>
    <aux:anoReferencia>2024</aux:anoReferencia>
    <aux:mesReferencia>7</aux:mesReferencia>
    <aux:versaoXml>19</aux:versaoXml>
    <aux:diaInicPresContas>1</aux:diaInicPresContas>
    <aux:diaFinaPresContas>31</aux:diaFinaPresContas>
  </his:PrestacaoContas>
  <his:HistoricoPessoal>
    <his:matricula>000000000200674</his:matricula>
    <his:cpfServidor>07060230300</his:cpfServidor>
    <his:tipoEscolaridade>3</his:tipoEscolaridade>
    <his:dataAlteracao>2024-07-01</his:dataAlteracao>
    <his:endereco>
      <gen:logradouro>RUA JULIAO DE CARVALHO</gen:logradouro>
      <gen:numero>1</gen:numero>
      <gen:complemento>Sem Complemento</gen:complemento>
      <gen:bairro>VILA BAIAO</gen:bairro>
      <gen:numeroCep>64960000</gen:numeroCep>
      <gen:municipio>CURIMATA</gen:municipio>
      <gen:estado>PI</gen:estado>
      <gen:telefoneFixo></gen:telefoneFixo>
      <gen:telefoneCelular></gen:telefoneCelular>
    </his:endereco>
    <his:dadosBancarios>
      <gen:codigoBanco>001</gen:codigoBanco>
      <gen:codigoAgencia>1209</gen:codigoAgencia>
      <gen:numeroContBancaria>124577</gen:numeroContBancaria>
    </his:dadosBancarios>
  </his:HistoricoPessoal>
  <his:HistoricoPessoal>
    <his:matricula>000000000200675</his:matricula>
    <his:cpfServidor>03033672370</his:cpfServidor>
    <his:tipoEscolaridade>3</his:tipoEscolaridade>
    <his:dataAlteracao>2024-07-01</his:dataAlteracao>
    <his:endereco>
      <gen:logradouro>RUA SANTA ERCILIA</gen:logradouro>
      <gen:numero>1</gen:numero>
      <gen:complemento>Sem Complemento</gen:complemento>
      <gen:bairro>CENTRO</gen:bairro>
      <gen:numeroCep>64965000</gen:numeroCep>
      <gen:municipio>Avelino Lopes</gen:municipio>
      <gen:estado>PI</gen:estado>
      <gen:telefoneFixo></gen:telefoneFixo>
      <gen:telefoneCelular></gen:telefoneCelular>
    </his:endereco>
    <his:dadosBancarios>
      <gen:codigoBanco>001</gen:codigoBanco>
      <gen:codigoAgencia>1209</gen:codigoAgencia>
      <gen:numeroContBancaria>6456781</gen:numeroContBancaria>
    </his:dadosBancarios>
  </his:HistoricoPessoal>
  <his:HistoricoPessoal>
    <his:matricula>000000000200676</his:matricula>
    <his:cpfServidor>06469210376</his:cpfServidor>
    <his:tipoEscolaridade>3</his:tipoEscolaridade>
    <his:dataAlteracao>2024-07-01</his:dataAlteracao>
    <his:endereco>
      <gen:logradouro>BOM JESUS</gen:logradouro>
      <gen:numero>1</gen:numero>
      <gen:complemento>Sem Complemento</gen:complemento>
      <gen:bairro>CENTRO</gen:bairro>
      <gen:numeroCep>64965000</gen:numeroCep>
      <gen:municipio>Avelino Lopes</gen:municipio>
      <gen:estado>PI</gen:estado>
      <gen:telefoneFixo></gen:telefoneFixo>
      <gen:telefoneCelular></gen:telefoneCelular>
    </his:endereco>
    <his:dadosBancarios>
      <gen:codigoBanco>001</gen:codigoBanco>
      <gen:codigoAgencia>1209</gen:codigoAgencia>
      <gen:numeroContBancaria>556623</gen:numeroContBancaria>
    </his:dadosBancarios>
  </his:HistoricoPessoal>
  <his:HistoricoFuncional>
    <his:matricula>000000000200674</his:matricula>
    <his:cpfServidor>07060230300</his:cpfServidor>
    <his:tipoAtoPessoal>11021</his:tipoAtoPessoal>
    <his:dataMoviFuncional>2024-07-01</his:dataMoviFuncional>
    <his:informacoesAlteradas>
      <gen:atoTipo01>
        <gen:codigoCargo>00000269</gen:codigoCargo>
        <gen:codigoLotacao>000000000000350</gen:codigoLotacao>
        <gen:tipoRegiPrevidencia>1</gen:tipoRegiPrevidencia>
        <gen:tipoRegiTrabalho>0</gen:tipoRegiTrabalho>
        <gen:tipoVinculo>2</gen:tipoVinculo>
        <gen:dataNomeacao>2024-07-01</gen:dataNomeacao>
        <gen:dataExercicio>2024-07-01</gen:dataExercicio>
        <gen:dataPosse>2024-07-01</gen:dataPosse>
        <gen:numeroEdital>
          <gen:numero>000000</gen:numero>
          <gen:ano>2024</gen:ano>
        </gen:numeroEdital>
      </gen:atoTipo01>
    </his:informacoesAlteradas>
  </his:HistoricoFuncional>
  <his:HistoricoFuncional>
    <his:matricula>000000000200675</his:matricula>
    <his:cpfServidor>03033672370</his:cpfServidor>
    <his:tipoAtoPessoal>11021</his:tipoAtoPessoal>
    <his:dataMoviFuncional>2024-07-02</his:dataMoviFuncional>
    <his:informacoesAlteradas>
      <gen:atoTipo01>
        <gen:codigoCargo>00000243</gen:codigoCargo>
        <gen:codigoLotacao>000000000000351</gen:codigoLotacao>
        <gen:tipoRegiPrevidencia>1</gen:tipoRegiPrevidencia>
        <gen:tipoRegiTrabalho>0</gen:tipoRegiTrabalho>
        <gen:tipoVinculo>2</gen:tipoVinculo>
        <gen:dataNomeacao>2024-07-02</gen:dataNomeacao>
        <gen:dataExercicio>2024-07-02</gen:dataExercicio>
        <gen:dataPosse>2024-07-02</gen:dataPosse>
        <gen:numeroEdital>
          <gen:numero>000000</gen:numero>
          <gen:ano>2024</gen:ano>
        </gen:numeroEdital>
      </gen:atoTipo01>
    </his:informacoesAlteradas>
  </his:HistoricoFuncional>
  <his:HistoricoFuncional>
    <his:matricula>000000000200676</his:matricula>
    <his:cpfServidor>06469210376</his:cpfServidor>
    <his:tipoAtoPessoal>11021</his:tipoAtoPessoal>
    <his:dataMoviFuncional>2024-07-01</his:dataMoviFuncional>
    <his:informacoesAlteradas>
      <gen:atoTipo01>
        <gen:codigoCargo>00000335</gen:codigoCargo>
        <gen:codigoLotacao>000000000200032</gen:codigoLotacao>
        <gen:tipoRegiPrevidencia>1</gen:tipoRegiPrevidencia>
        <gen:tipoRegiTrabalho>0</gen:tipoRegiTrabalho>
        <gen:tipoVinculo>2</gen:tipoVinculo>
        <gen:dataNomeacao>2024-07-01</gen:dataNomeacao>
        <gen:dataExercicio>2024-07-01</gen:dataExercicio>
        <gen:dataPosse>2024-07-01</gen:dataPosse>
        <gen:numeroEdital>
          <gen:numero>000000</gen:numero>
          <gen:ano>2024</gen:ano>
        </gen:numeroEdital>
      </gen:atoTipo01>
    </his:informacoesAlteradas>
  </his:HistoricoFuncional>
  <his:HistoricoFuncional>
    <his:matricula>000000000100218</his:matricula>
    <his:cpfServidor>88729850304</his:cpfServidor>
    <his:tipoAtoPessoal>92061</his:tipoAtoPessoal>
    <his:dataMoviFuncional>2024-07-08</his:dataMoviFuncional>
    <his:informacoesAlteradas/>
  </his:HistoricoFuncional>
  <his:HistoricoFuncional>
    <his:matricula>000000000100292</his:matricula>
    <his:cpfServidor>01034777300</his:cpfServidor>
    <his:tipoAtoPessoal>92041</his:tipoAtoPessoal>
    <his:dataMoviFuncional>2024-07-08</his:dataMoviFuncional>
    <his:informacoesAlteradas/>
  </his:HistoricoFuncional>
  <his:HistoricoFuncional>
    <his:matricula>000000000200552</his:matricula>
    <his:cpfServidor>05278435399</his:cpfServidor>
    <his:tipoAtoPessoal>21021</his:tipoAtoPessoal>
    <his:dataMoviFuncional>2024-07-01</his:dataMoviFuncional>
    <his:informacoesAlteradas/>
  </his:HistoricoFuncional>
  <his:HistoricoFuncional>
    <his:matricula>000000000200620</his:matricula>
    <his:cpfServidor>56432452805</his:cpfServidor>
    <his:tipoAtoPessoal>21021</his:tipoAtoPessoal>
    <his:dataMoviFuncional>2024-07-01</his:dataMoviFuncional>
    <his:informacoesAlteradas/>
  </his:HistoricoFuncional>
  <his:HistoricoFuncional>
    <his:matricula>000000000200643</his:matricula>
    <his:cpfServidor>03033672370</his:cpfServidor>
    <his:tipoAtoPessoal>21021</his:tipoAtoPessoal>
    <his:dataMoviFuncional>2024-07-01</his:dataMoviFuncional>
    <his:informacoesAlteradas/>
  </his:HistoricoFuncional>
  <his:HistoricoFuncional>
    <his:matricula>000000000200674</his:matricula>
    <his:cpfServidor>07060230300</his:cpfServidor>
    <his:tipoAtoPessoal>93041</his:tipoAtoPessoal>
    <his:dataMoviFuncional>2024-07-30</his:dataMoviFuncional>
    <his:informacoesAlteradas>
      <gen:atoTipo02>
        <gen:codigoLotacao>000000000000350</gen:codigoLotacao>
      </gen:atoTipo02>
    </his:informacoesAlteradas>
  </his:HistoricoFuncional>
  <his:HistoricoFuncional>
    <his:matricula>000000000000002</his:matricula>
    <his:cpfServidor>37178393149</his:cpfServidor>
    <his:tipoAtoPessoal>91011</his:tipoAtoPessoal>
    <his:dataMoviFuncional>2024-07-01</his:dataMoviFuncional>
    <his:informacoesAlteradas/>
  </his:HistoricoFuncional>
  <his:HistoricoFuncional>
    <his:matricula>000000000000011</his:matricula>
    <his:cpfServidor>78118425304</his:cpfServidor>
    <his:tipoAtoPessoal>91011</his:tipoAtoPessoal>
    <his:dataMoviFuncional>2024-07-01</his:dataMoviFuncional>
    <his:informacoesAlteradas/>
  </his:HistoricoFuncional>
  <his:HistoricoFuncional>
    <his:matricula>000000000000012</his:matricula>
    <his:cpfServidor>34757708300</his:cpfServidor>
    <his:tipoAtoPessoal>91011</his:tipoAtoPessoal>
    <his:dataMoviFuncional>2024-07-01</his:dataMoviFuncional>
    <his:informacoesAlteradas/>
  </his:HistoricoFuncional>
  <his:HistoricoFuncional>
    <his:matricula>000000000000026</his:matricula>
    <his:cpfServidor>11352273810</his:cpfServidor>
    <his:tipoAtoPessoal>91011</his:tipoAtoPessoal>
    <his:dataMoviFuncional>2024-07-01</his:dataMoviFuncional>
    <his:informacoesAlteradas/>
  </his:HistoricoFuncional>
  <his:HistoricoFuncional>
    <his:matricula>000000000000058</his:matricula>
    <his:cpfServidor>81884648304</his:cpfServidor>
    <his:tipoAtoPessoal>91011</his:tipoAtoPessoal>
    <his:dataMoviFuncional>2024-07-01</his:dataMoviFuncional>
    <his:informacoesAlteradas/>
  </his:HistoricoFuncional>
  <his:HistoricoFuncional>
    <his:matricula>000000000000092</his:matricula>
    <his:cpfServidor>82579784349</his:cpfServidor>
    <his:tipoAtoPessoal>91011</his:tipoAtoPessoal>
    <his:dataMoviFuncional>2024-07-01</his:dataMoviFuncional>
    <his:informacoesAlteradas/>
  </his:HistoricoFuncional>
  <his:HistoricoFuncional>
    <his:matricula>000000000000246</his:matricula>
    <his:cpfServidor>70724725334</his:cpfServidor>
    <his:tipoAtoPessoal>91011</his:tipoAtoPessoal>
    <his:dataMoviFuncional>2024-07-01</his:dataMoviFuncional>
    <his:informacoesAlteradas/>
  </his:HistoricoFuncional>
  <his:HistoricoFuncional>
    <his:matricula>000000000000002</his:matricula>
    <his:cpfServidor>37178393149</his:cpfServidor>
    <his:tipoAtoPessoal>92011</his:tipoAtoPessoal>
    <his:dataMoviFuncional>2024-07-30</his:dataMoviFuncional>
    <his:informacoesAlteradas/>
  </his:HistoricoFuncional>
  <his:HistoricoFuncional>
    <his:matricula>000000000000011</his:matricula>
    <his:cpfServidor>78118425304</his:cpfServidor>
    <his:tipoAtoPessoal>92011</his:tipoAtoPessoal>
    <his:dataMoviFuncional>2024-07-30</his:dataMoviFuncional>
    <his:informacoesAlteradas/>
  </his:HistoricoFuncional>
  <his:HistoricoFuncional>
    <his:matricula>000000000000012</his:matricula>
    <his:cpfServidor>34757708300</his:cpfServidor>
    <his:tipoAtoPessoal>92011</his:tipoAtoPessoal>
    <his:dataMoviFuncional>2024-07-30</his:dataMoviFuncional>
    <his:informacoesAlteradas/>
  </his:HistoricoFuncional>
  <his:HistoricoFuncional>
    <his:matricula>000000000000026</his:matricula>
    <his:cpfServidor>11352273810</his:cpfServidor>
    <his:tipoAtoPessoal>92011</his:tipoAtoPessoal>
    <his:dataMoviFuncional>2024-07-30</his:dataMoviFuncional>
    <his:informacoesAlteradas/>
  </his:HistoricoFuncional>
  <his:HistoricoFuncional>
    <his:matricula>000000000000058</his:matricula>
    <his:cpfServidor>81884648304</his:cpfServidor>
    <his:tipoAtoPessoal>92011</his:tipoAtoPessoal>
    <his:dataMoviFuncional>2024-07-30</his:dataMoviFuncional>
    <his:informacoesAlteradas/>
  </his:HistoricoFuncional>
  <his:HistoricoFuncional>
    <his:matricula>000000000000092</his:matricula>
    <his:cpfServidor>82579784349</his:cpfServidor>
    <his:tipoAtoPessoal>92011</his:tipoAtoPessoal>
    <his:dataMoviFuncional>2024-07-30</his:dataMoviFuncional>
    <his:informacoesAlteradas/>
  </his:HistoricoFuncional>
  <his:HistoricoFuncional>
    <his:matricula>000000000000246</his:matricula>
    <his:cpfServidor>70724725334</his:cpfServidor>
    <his:tipoAtoPessoal>92011</his:tipoAtoPessoal>
    <his:dataMoviFuncional>2024-07-30</his:dataMoviFuncional>
    <his:informacoesAlteradas/>
  </his:HistoricoFuncional>
</his:historicos>
