<?xml version="1.0" encoding="UTF-8"?><aux:CadastrosAuxiliaresSagresFolha xmlns:aux="http://www.tce.pi.gov.br/sagres2020/xml/cadastrosAuxiliaresSagresFolha" xmlns:gen="http://www.tce.pi.gov.br/sagres2020/xml/genericos" xmlns:tab="http://www.tce.pi.gov.br/sagres2020/xml/tabelasInternas">
    <aux:PrestacaoContas>
        <aux:codigoUnidGestora>201017</aux:codigoUnidGestora>
        <aux:nomeUnidGestora>PREFEITURA MUNICIPAL DE AVELINO LOPES</aux:nomeUnidGestora>
        <aux:cpfContador>72674350334</aux:cpfContador>
        <aux:cpfGestor>64378985853</aux:cpfGestor>
        <aux:anoReferencia>2020</aux:anoReferencia>
        <aux:mesReferencia>3</aux:mesReferencia>
        <aux:versaoXml>19</aux:versaoXml>
        <aux:diaInicPresContas>1</aux:diaInicPresContas>
        <aux:diaFinaPresContas>31</aux:diaFinaPresContas>
    </aux:PrestacaoContas>
    <aux:Cargo>
        <aux:codigoCargo>00000074</aux:codigoCargo>
        <aux:nomeDoCargo>DIRETOR DEPARTAMENTO DE ASSISTENCIA SOCIAL        </aux:nomeDoCargo>
        <aux:cargaHoraria>40</aux:cargaHoraria>
        <aux:tipoEscolaridade>3</aux:tipoEscolaridade>
        <aux:tipoCargo>051</aux:tipoCargo>
        <aux:codigoCargoRhWeb>      74</aux:codigoCargoRhWeb>
        <aux:vecimentoBaseOuSalario>1620.00</aux:vecimentoBaseOuSalario>
    </aux:Cargo>
    <aux:Cargo>
        <aux:codigoCargo>00000075</aux:codigoCargo>
        <aux:nomeDoCargo>DIRETOR DO DEPARTAMENTO DE MEIO AMBIENTE          </aux:nomeDoCargo>
        <aux:cargaHoraria>40</aux:cargaHoraria>
        <aux:tipoEscolaridade>3</aux:tipoEscolaridade>
        <aux:tipoCargo>051</aux:tipoCargo>
        <aux:codigoCargoRhWeb>      75</aux:codigoCargoRhWeb>
        <aux:vecimentoBaseOuSalario>1620.00</aux:vecimentoBaseOuSalario>
    </aux:Cargo>
   <aux:Servidor>
        <aux:matricula>000000000001523</aux:matricula>
        <aux:cpfServidor>09640248886</aux:cpfServidor>
        <aux:rgServidor>15816970</aux:rgServidor>
        <aux:orgaoExpedidor>SSP</aux:orgaoExpedidor>
                <aux:dataExpeCartDeIdentidade>2005-11-04</aux:dataExpeCartDeIdentidade>
        <aux:nomeServidor>OSMAR FRANCISCO DO AMARAL</aux:nomeServidor>
        <aux:dataNascimento>1964-09-25</aux:dataNascimento>
        <aux:sexo>1</aux:sexo>
        <aux:tituloEleitor>000000000000000</aux:tituloEleitor>
        <aux:tipoEstaCivil>2</aux:tipoEstaCivil>
        <aux:pisPAsep>000013305718276</aux:pisPAsep>
        <aux:numeroOrgaoClasse>00000000</aux:numeroOrgaoClasse>
        <aux:cpfPai>99999999999</aux:cpfPai>
        <aux:nomePai>JOAO FRANCISCO DO AMARAL                          </aux:nomePai>
        <aux:cpfMae>99999999999</aux:cpfMae>
        <aux:nomeMae>MARIA PAULINA DE LIRA                             </aux:nomeMae>
        <aux:tipoCadastro>1</aux:tipoCadastro>
   </aux:Servidor>
   <aux:Servidor>
        <aux:matricula>000000000001524</aux:matricula>
        <aux:cpfServidor>15285534895</aux:cpfServidor>
        <aux:rgServidor>198672500</aux:rgServidor>
        <aux:orgaoExpedidor>SSP</aux:orgaoExpedidor>
                <aux:dataExpeCartDeIdentidade>1998-09-18</aux:dataExpeCartDeIdentidade>
        <aux:nomeServidor>ALICE MARIA DUARDE DE SOUSA</aux:nomeServidor>
        <aux:dataNascimento>1965-05-17</aux:dataNascimento>
        <aux:sexo>2</aux:sexo>
        <aux:tituloEleitor>000000000000000</aux:tituloEleitor>
        <aux:tipoEstaCivil>2</aux:tipoEstaCivil>
        <aux:pisPAsep>000012240015421</aux:pisPAsep>
        <aux:numeroOrgaoClasse>00000000</aux:numeroOrgaoClasse>
        <aux:cpfPai>99999999999</aux:cpfPai>
        <aux:nomePai>PAULINO DUARTE DE SOUZA                           </aux:nomePai>
        <aux:cpfMae>99999999999</aux:cpfMae>
        <aux:nomeMae>TEOTONIA MARIA DUARTE                             </aux:nomeMae>
        <aux:tipoCadastro>1</aux:tipoCadastro>
   </aux:Servidor>
</aux:CadastrosAuxiliaresSagresFolha>