<?xml version="1.0" encoding="UTF-8"?><his:historicos xmlns:his="http://www.tce.pi.gov.br/sagres2020/xml/historicos" xmlns:gen="http://www.tce.pi.gov.br/sagres2020/xml/genericos" xmlns:tab="http://www.tce.pi.gov.br/sagres2020/xml/tabelasInternas" xmlns:aux="http://www.tce.pi.gov.br/sagres2020/xml/cadastrosAuxiliaresSagresFolha">
  <his:PrestacaoContas>
    <aux:codigoUnidGestora>201017</aux:codigoUnidGestora>
    <aux:nomeUnidGestora>PREFEITURA MUNICIPAL DE AVELINO LOPES</aux:nomeUnidGestora>
    <aux:cpfContador>72674350334</aux:cpfContador>
    <aux:cpfGestor>64378985853</aux:cpfGestor>
    <aux:anoReferencia>2020</aux:anoReferencia>
    <aux:mesReferencia>03</aux:mesReferencia>
    <aux:versaoXml>19</aux:versaoXml>
    <aux:diaInicPresContas>01</aux:diaInicPresContas>
    <aux:diaFinaPresContas>31</aux:diaFinaPresContas>
  </his:PrestacaoContas>
    <his:HistoricoPessoal>
       <his:matricula>000000000001523</his:matricula>
       <his:cpfServidor>09640248886</his:cpfServidor>
       <his:tipoEscolaridade>3</his:tipoEscolaridade>
       <his:dataAlteracao>2020-03-31</his:dataAlteracao>
       <his:endereco>
           <gen:logradouro>RUA JATOBA</gen:logradouro>
           <gen:numero>0</gen:numero>
           <gen:complemento>SN        </gen:complemento>
           <gen:bairro>BELO HORIZONTE                          </gen:bairro>
           <gen:numeroCep>64965000</gen:numeroCep>
           <gen:municipio>AVELINO LOPES</gen:municipio>
           <gen:estado>PI</gen:estado>
           <gen:telefoneFixo>          </gen:telefoneFixo>
           <gen:telefoneCelular>          </gen:telefoneCelular>
       </his:endereco>
       <his:dadosBancarios>
           <gen:codigoBanco>001</gen:codigoBanco>
           <gen:codigoAgencia>012092</gen:codigoAgencia>
           <gen:numeroContBancaria>000000000177091</gen:numeroContBancaria>
       </his:dadosBancarios>
    </his:HistoricoPessoal>
    <his:HistoricoPessoal>
       <his:matricula>000000000001524</his:matricula>
       <his:cpfServidor>15285534895</his:cpfServidor>
       <his:tipoEscolaridade>3</his:tipoEscolaridade>
       <his:dataAlteracao>2020-03-31</his:dataAlteracao>
       <his:endereco>
           <gen:logradouro>AVN BOM JESUS</gen:logradouro>
           <gen:numero>61</gen:numero>
           <gen:complemento>          </gen:complemento>
           <gen:bairro>CENTRO                                  </gen:bairro>
           <gen:numeroCep>64965000</gen:numeroCep>
           <gen:municipio>AVELINO LOPES</gen:municipio>
           <gen:estado>PI</gen:estado>
           <gen:telefoneFixo>          </gen:telefoneFixo>
           <gen:telefoneCelular>          </gen:telefoneCelular>
       </his:endereco>
       <his:dadosBancarios>
           <gen:codigoBanco>001</gen:codigoBanco>
           <gen:codigoAgencia>012092</gen:codigoAgencia>
           <gen:numeroContBancaria>000000000172588</gen:numeroContBancaria>
       </his:dadosBancarios>
    </his:HistoricoPessoal>
  <his:HistoricoFuncional>
       <his:matricula>000000000001523</his:matricula>
    <his:cpfServidor>09640248886</his:cpfServidor>
    <his:tipoAtoPessoal>1001</his:tipoAtoPessoal>
    <his:dataMoviFuncional>2020-03-13</his:dataMoviFuncional>
    <his:informacoesAlteradas>
      <gen:atoTipo01>
        <gen:codigoCargo>00000075</gen:codigoCargo>
        <gen:codigoLotacao>000000000010014</gen:codigoLotacao>
        <gen:tipoRegiPrevidencia>1</gen:tipoRegiPrevidencia>
        <gen:tipoRegiTrabalho>0</gen:tipoRegiTrabalho>
        <gen:tipoVinculo>2</gen:tipoVinculo>
        <gen:dataNomeacao>2017-06-01</gen:dataNomeacao>
        <gen:dataExercicio>2017-06-01</gen:dataExercicio>
        <gen:dataPosse>2017-06-01</gen:dataPosse>
        <gen:numeroEdital>
          <gen:numero>000000</gen:numero>
          <gen:ano>2020</gen:ano>
        </gen:numeroEdital>
      </gen:atoTipo01>
    </his:informacoesAlteradas>
  </his:HistoricoFuncional>
  <his:HistoricoFuncional>
       <his:matricula>000000000001524</his:matricula>
    <his:cpfServidor>15285534895</his:cpfServidor>
    <his:tipoAtoPessoal>1001</his:tipoAtoPessoal>
    <his:dataMoviFuncional>2020-03-13</his:dataMoviFuncional>
    <his:informacoesAlteradas>
      <gen:atoTipo01>
        <gen:codigoCargo>00000074</gen:codigoCargo>
        <gen:codigoLotacao>000000000010005</gen:codigoLotacao>
        <gen:tipoRegiPrevidencia>1</gen:tipoRegiPrevidencia>
        <gen:tipoRegiTrabalho>0</gen:tipoRegiTrabalho>
        <gen:tipoVinculo>2</gen:tipoVinculo>
        <gen:dataNomeacao>2020-03-13</gen:dataNomeacao>
        <gen:dataExercicio>2020-03-13</gen:dataExercicio>
        <gen:dataPosse>2020-03-13</gen:dataPosse>
        <gen:numeroEdital>
          <gen:numero>000000</gen:numero>
          <gen:ano>2020</gen:ano>
        </gen:numeroEdital>
      </gen:atoTipo01>
    </his:informacoesAlteradas>
  </his:HistoricoFuncional>
  <his:HistoricoFuncional>
    <his:matricula>000000000001467</his:matricula>
    <his:cpfServidor>09673601372</his:cpfServidor>
    <his:tipoAtoPessoal>2009</his:tipoAtoPessoal>
    <his:dataMoviFuncional>2020-03-31</his:dataMoviFuncional>
    <his:informacoesAlteradas>
    </his:informacoesAlteradas>
  </his:HistoricoFuncional>
  <his:HistoricoFuncional>
    <his:matricula>000000000001468</his:matricula>
    <his:cpfServidor>04786046884</his:cpfServidor>
    <his:tipoAtoPessoal>2009</his:tipoAtoPessoal>
    <his:dataMoviFuncional>2020-03-31</his:dataMoviFuncional>
    <his:informacoesAlteradas>
    </his:informacoesAlteradas>
  </his:HistoricoFuncional>
  <his:HistoricoFuncional>
    <his:matricula>000000000001493</his:matricula>
    <his:cpfServidor>92544533315</his:cpfServidor>
    <his:tipoAtoPessoal>2009</his:tipoAtoPessoal>
    <his:dataMoviFuncional>2020-03-31</his:dataMoviFuncional>
    <his:informacoesAlteradas>
    </his:informacoesAlteradas>
  </his:HistoricoFuncional>
  <his:HistoricoFuncional>
    <his:matricula>000000000001501</his:matricula>
    <his:cpfServidor>02211192300</his:cpfServidor>
    <his:tipoAtoPessoal>2009</his:tipoAtoPessoal>
    <his:dataMoviFuncional>2020-03-31</his:dataMoviFuncional>
    <his:informacoesAlteradas>
    </his:informacoesAlteradas>
  </his:HistoricoFuncional>
  <his:HistoricoFuncional>
    <his:matricula>000000000001517</his:matricula>
    <his:cpfServidor>03735313388</his:cpfServidor>
    <his:tipoAtoPessoal>9013</his:tipoAtoPessoal>
    <his:dataMoviFuncional>2020-03-29</his:dataMoviFuncional>
    <his:informacoesAlteradas>
    </his:informacoesAlteradas>
  </his:HistoricoFuncional>
  <his:HistoricoFuncional>
    <his:matricula>000000000001520</his:matricula>
    <his:cpfServidor>26933976858</his:cpfServidor>
    <his:tipoAtoPessoal>2009</his:tipoAtoPessoal>
    <his:dataMoviFuncional>2020-03-31</his:dataMoviFuncional>
    <his:informacoesAlteradas>
    </his:informacoesAlteradas>
  </his:HistoricoFuncional>
  <his:HistoricoFuncional>
    <his:matricula>000000000002124</his:matricula>
    <his:cpfServidor>05247430379</his:cpfServidor>
    <his:tipoAtoPessoal>1010</his:tipoAtoPessoal>
    <his:dataMoviFuncional>2020-03-01</his:dataMoviFuncional>
    <his:informacoesAlteradas>
      <gen:atoTipo01>
        <gen:codigoCargo>00000003</gen:codigoCargo>
        <gen:codigoLotacao>000000000020300</gen:codigoLotacao>
        <gen:tipoRegiPrevidencia>1</gen:tipoRegiPrevidencia>
        <gen:tipoRegiTrabalho>0</gen:tipoRegiTrabalho>
        <gen:tipoVinculo>9</gen:tipoVinculo>
        <gen:dataNomeacao>2013-05-21</gen:dataNomeacao>
        <gen:dataExercicio>2013-05-21</gen:dataExercicio>
        <gen:dataPosse>2013-05-21</gen:dataPosse>
        <gen:numeroEdital>
          <gen:numero>000000</gen:numero>
          <gen:ano>2013</gen:ano>
        </gen:numeroEdital>
      </gen:atoTipo01>
    </his:informacoesAlteradas>
  </his:HistoricoFuncional>
</his:historicos>