<?xml version="1.0" encoding="utf-8"?>
<!--FIORILLI SOC. CIVIL LTDA - SOFTWARE-->
<!--ENVIADO POR: -->
<!--VERSAO TCE-PI: 8.25.25.211-->
<!--VERSAO DIARIO RAZAO: -->
<!--VERSAO EVENTOS: -->
<emp:EmpenhoseRP xmlns:emp="http://www.tce.pi.gov.br/sagres2022/xml/empenhoseRP" xmlns:gen="http://www.tce.pi.gov.br/sagres2022/xml/genericos" xmlns:tab="http://www.tce.pi.gov.br/sagres2022/xml/tabelasInternas" xmlns:aux="http://www.tce.pi.gov.br/sagres2022/xml/cadastrosAuxiliares">
  <emp:PrestacaoContas>
    <aux:codigoUnidGestora>201017</aux:codigoUnidGestora>
    <aux:nomeUnidGestora>PREFEITURA MUNICIPAL DE AVELINO LOPES</aux:nomeUnidGestora>
    <aux:cpfContador>52676668315</aux:cpfContador>
    <aux:cpfGestor>01726047377</aux:cpfGestor>
    <aux:anoReferencia>2022</aux:anoReferencia>
    <aux:mesReferencia>13</aux:mesReferencia>
    <aux:versaoXml>0</aux:versaoXml>
    <aux:diaInicPresContas>31</aux:diaInicPresContas>
    <aux:diaFinaPresContas>31</aux:diaFinaPresContas>
  </emp:PrestacaoContas>
  <emp:RestosApagar>
    <emp:codigoUnidOrcamentaria>021800</emp:codigoUnidOrcamentaria>
    <emp:codigoFuncao>15</emp:codigoFuncao>
    <emp:codigoSubFuncao>451</emp:codigoSubFuncao>
    <emp:codigoPrograma>0043</emp:codigoPrograma>
    <emp:codigoAcao>1320</emp:codigoAcao>
    <emp:codigoCateEconomica>4</emp:codigoCateEconomica>
    <emp:codigoNatuDespesa>4</emp:codigoNatuDespesa>
    <emp:codigoModaAplicacao>90</emp:codigoModaAplicacao>
    <emp:codigoElemDespesa>51</emp:codigoElemDespesa>
    <emp:codigoSubeDespesa>5191</emp:codigoSubeDespesa>
    <emp:fonteRecurso>
      <gen:ioc>1</gen:ioc>
      <gen:tipoFontRecurso>700</gen:tipoFontRecurso>
      <gen:tipoCompFontRecurso>9999</gen:tipoCompFontRecurso>
    </emp:fonteRecurso>
    <emp:anoEmisEmpenho>2022</emp:anoEmisEmpenho>
    <emp:numeroEmpenho>1003011</emp:numeroEmpenho>
    <emp:dataEmisEmpenho>2022-10-03</emp:dataEmisEmpenho>
    <emp:historicoEmpenho>VALOR EMPENHADO PARA PAGAMENTO DE 1ª MEDICAO DOS SERVICOS DE PAVIMENTACAO ASFALTICA EM VIAS URBANAS PUBLICAS CONFORME CONTRATO Nº 052 2021 E TP Nº 004 2021.</emp:historicoEmpenho>
    <emp:cpfOrdeDespesa>01726047377</emp:cpfOrdeDespesa>
    <emp:cpfCnpjCredor>17965061000196</emp:cpfCnpjCredor>
    <emp:codigoAplicacao>999</emp:codigoAplicacao>
    <emp:tipoEmpenho>1</emp:tipoEmpenho>
    <emp:valorEmpenho>0000000042975.00</emp:valorEmpenho>
    <emp:tipoRestPagar>1</emp:tipoRestPagar>
    <emp:numeroContTce></emp:numeroContTce>
  </emp:RestosApagar>
  <emp:RestosApagar>
    <emp:codigoUnidOrcamentaria>021900</emp:codigoUnidOrcamentaria>
    <emp:codigoFuncao>12</emp:codigoFuncao>
    <emp:codigoSubFuncao>361</emp:codigoSubFuncao>
    <emp:codigoPrograma>0030</emp:codigoPrograma>
    <emp:codigoAcao>2202</emp:codigoAcao>
    <emp:codigoCateEconomica>3</emp:codigoCateEconomica>
    <emp:codigoNatuDespesa>3</emp:codigoNatuDespesa>
    <emp:codigoModaAplicacao>90</emp:codigoModaAplicacao>
    <emp:codigoElemDespesa>30</emp:codigoElemDespesa>
    <emp:codigoSubeDespesa>3023</emp:codigoSubeDespesa>
    <emp:fonteRecurso>
      <gen:ioc>1</gen:ioc>
      <gen:tipoFontRecurso>500</gen:tipoFontRecurso>
      <gen:tipoCompFontRecurso>9999</gen:tipoCompFontRecurso>
    </emp:fonteRecurso>
    <emp:anoEmisEmpenho>2022</emp:anoEmisEmpenho>
    <emp:numeroEmpenho>1201048</emp:numeroEmpenho>
    <emp:dataEmisEmpenho>2022-12-01</emp:dataEmisEmpenho>
    <emp:historicoEmpenho>VALOR EMPENHADO PARA AQUISICAO DE UNIFORMES E FARDAMENTOS PARA ESTA SECRETARIA.</emp:historicoEmpenho>
    <emp:cpfOrdeDespesa>47363088349</emp:cpfOrdeDespesa>
    <emp:cpfCnpjCredor>36597340000199</emp:cpfCnpjCredor>
    <emp:codigoAplicacao>200</emp:codigoAplicacao>
    <emp:tipoEmpenho>1</emp:tipoEmpenho>
    <emp:valorEmpenho>0000000049410.00</emp:valorEmpenho>
    <emp:tipoRestPagar>1</emp:tipoRestPagar>
    <emp:numeroContTce></emp:numeroContTce>
  </emp:RestosApagar>
  <emp:RestosApagar>
    <emp:codigoUnidOrcamentaria>021901</emp:codigoUnidOrcamentaria>
    <emp:codigoFuncao>12</emp:codigoFuncao>
    <emp:codigoSubFuncao>361</emp:codigoSubFuncao>
    <emp:codigoPrograma>0030</emp:codigoPrograma>
    <emp:codigoAcao>2203</emp:codigoAcao>
    <emp:codigoCateEconomica>3</emp:codigoCateEconomica>
    <emp:codigoNatuDespesa>3</emp:codigoNatuDespesa>
    <emp:codigoModaAplicacao>90</emp:codigoModaAplicacao>
    <emp:codigoElemDespesa>30</emp:codigoElemDespesa>
    <emp:codigoSubeDespesa>3016</emp:codigoSubeDespesa>
    <emp:fonteRecurso>
      <gen:ioc>1</gen:ioc>
      <gen:tipoFontRecurso>540</gen:tipoFontRecurso>
      <gen:tipoCompFontRecurso>9999</gen:tipoCompFontRecurso>
    </emp:fonteRecurso>
    <emp:anoEmisEmpenho>2022</emp:anoEmisEmpenho>
    <emp:numeroEmpenho>1230009</emp:numeroEmpenho>
    <emp:dataEmisEmpenho>2022-12-30</emp:dataEmisEmpenho>
    <emp:historicoEmpenho>VALOR EMPENHADO PARA AQUISICAO DE MATERIAIS DE CONSTRUCAO PARA ESTA SECRETARIA.</emp:historicoEmpenho>
    <emp:cpfOrdeDespesa>47363088349</emp:cpfOrdeDespesa>
    <emp:cpfCnpjCredor>05908379000156</emp:cpfCnpjCredor>
    <emp:codigoAplicacao>999</emp:codigoAplicacao>
    <emp:tipoEmpenho>1</emp:tipoEmpenho>
    <emp:valorEmpenho>0000000003943.40</emp:valorEmpenho>
    <emp:tipoRestPagar>1</emp:tipoRestPagar>
    <emp:numeroContTce></emp:numeroContTce>
  </emp:RestosApagar>
  <emp:RestosApagar>
    <emp:codigoUnidOrcamentaria>021901</emp:codigoUnidOrcamentaria>
    <emp:codigoFuncao>12</emp:codigoFuncao>
    <emp:codigoSubFuncao>361</emp:codigoSubFuncao>
    <emp:codigoPrograma>0030</emp:codigoPrograma>
    <emp:codigoAcao>2203</emp:codigoAcao>
    <emp:codigoCateEconomica>3</emp:codigoCateEconomica>
    <emp:codigoNatuDespesa>3</emp:codigoNatuDespesa>
    <emp:codigoModaAplicacao>90</emp:codigoModaAplicacao>
    <emp:codigoElemDespesa>30</emp:codigoElemDespesa>
    <emp:codigoSubeDespesa>3016</emp:codigoSubeDespesa>
    <emp:fonteRecurso>
      <gen:ioc>1</gen:ioc>
      <gen:tipoFontRecurso>540</gen:tipoFontRecurso>
      <gen:tipoCompFontRecurso>9999</gen:tipoCompFontRecurso>
    </emp:fonteRecurso>
    <emp:anoEmisEmpenho>2022</emp:anoEmisEmpenho>
    <emp:numeroEmpenho>1230010</emp:numeroEmpenho>
    <emp:dataEmisEmpenho>2022-12-30</emp:dataEmisEmpenho>
    <emp:historicoEmpenho>VALOR EMPENHADO PARA AQUISICAO DE MATERIAIS DE CONSTRUCAO PARA ESTA SECRETARIA.</emp:historicoEmpenho>
    <emp:cpfOrdeDespesa>47363088349</emp:cpfOrdeDespesa>
    <emp:cpfCnpjCredor>05908379000156</emp:cpfCnpjCredor>
    <emp:codigoAplicacao>999</emp:codigoAplicacao>
    <emp:tipoEmpenho>1</emp:tipoEmpenho>
    <emp:valorEmpenho>0000000003560.00</emp:valorEmpenho>
    <emp:tipoRestPagar>1</emp:tipoRestPagar>
    <emp:numeroContTce></emp:numeroContTce>
  </emp:RestosApagar>
  <emp:RestosApagar>
    <emp:codigoUnidOrcamentaria>021901</emp:codigoUnidOrcamentaria>
    <emp:codigoFuncao>12</emp:codigoFuncao>
    <emp:codigoSubFuncao>361</emp:codigoSubFuncao>
    <emp:codigoPrograma>0030</emp:codigoPrograma>
    <emp:codigoAcao>2203</emp:codigoAcao>
    <emp:codigoCateEconomica>3</emp:codigoCateEconomica>
    <emp:codigoNatuDespesa>3</emp:codigoNatuDespesa>
    <emp:codigoModaAplicacao>90</emp:codigoModaAplicacao>
    <emp:codigoElemDespesa>30</emp:codigoElemDespesa>
    <emp:codigoSubeDespesa>3024</emp:codigoSubeDespesa>
    <emp:fonteRecurso>
      <gen:ioc>1</gen:ioc>
      <gen:tipoFontRecurso>540</gen:tipoFontRecurso>
      <gen:tipoCompFontRecurso>9999</gen:tipoCompFontRecurso>
    </emp:fonteRecurso>
    <emp:anoEmisEmpenho>2022</emp:anoEmisEmpenho>
    <emp:numeroEmpenho>1230008</emp:numeroEmpenho>
    <emp:dataEmisEmpenho>2022-12-30</emp:dataEmisEmpenho>
    <emp:historicoEmpenho>VALOR EMPENHADO PARA AQUISICAO DE MATERIAIS DE CONSTRUCAO PARA ESTA SECRETARIA.</emp:historicoEmpenho>
    <emp:cpfOrdeDespesa>47363088349</emp:cpfOrdeDespesa>
    <emp:cpfCnpjCredor>05908379000156</emp:cpfCnpjCredor>
    <emp:codigoAplicacao>999</emp:codigoAplicacao>
    <emp:tipoEmpenho>1</emp:tipoEmpenho>
    <emp:valorEmpenho>0000000008191.90</emp:valorEmpenho>
    <emp:tipoRestPagar>1</emp:tipoRestPagar>
    <emp:numeroContTce></emp:numeroContTce>
  </emp:RestosApagar>
  <emp:RestosApagar>
    <emp:codigoUnidOrcamentaria>021901</emp:codigoUnidOrcamentaria>
    <emp:codigoFuncao>12</emp:codigoFuncao>
    <emp:codigoSubFuncao>361</emp:codigoSubFuncao>
    <emp:codigoPrograma>0030</emp:codigoPrograma>
    <emp:codigoAcao>2203</emp:codigoAcao>
    <emp:codigoCateEconomica>3</emp:codigoCateEconomica>
    <emp:codigoNatuDespesa>3</emp:codigoNatuDespesa>
    <emp:codigoModaAplicacao>90</emp:codigoModaAplicacao>
    <emp:codigoElemDespesa>39</emp:codigoElemDespesa>
    <emp:codigoSubeDespesa>3934</emp:codigoSubeDespesa>
    <emp:fonteRecurso>
      <gen:ioc>1</gen:ioc>
      <gen:tipoFontRecurso>540</gen:tipoFontRecurso>
      <gen:tipoCompFontRecurso>9999</gen:tipoCompFontRecurso>
    </emp:fonteRecurso>
    <emp:anoEmisEmpenho>2022</emp:anoEmisEmpenho>
    <emp:numeroEmpenho>1226001</emp:numeroEmpenho>
    <emp:dataEmisEmpenho>2022-12-26</emp:dataEmisEmpenho>
    <emp:historicoEmpenho>VALOR EMPENHADO PARA PAGAMENTO DE DESPESA COM PRESTACAO DE SERVICOS DE TREINAMENTO PARA GESTORES-USO ADMNISTRATIVO E PEDAGOGICO.</emp:historicoEmpenho>
    <emp:cpfOrdeDespesa>47363088349</emp:cpfOrdeDespesa>
    <emp:cpfCnpjCredor>46343223000152</emp:cpfCnpjCredor>
    <emp:codigoAplicacao>999</emp:codigoAplicacao>
    <emp:tipoEmpenho>1</emp:tipoEmpenho>
    <emp:valorEmpenho>0000000004527.77</emp:valorEmpenho>
    <emp:tipoRestPagar>1</emp:tipoRestPagar>
    <emp:numeroContTce></emp:numeroContTce>
  </emp:RestosApagar>
  <emp:RestosApagar>
    <emp:codigoUnidOrcamentaria>021700</emp:codigoUnidOrcamentaria>
    <emp:codigoFuncao>4</emp:codigoFuncao>
    <emp:codigoSubFuncao>122</emp:codigoSubFuncao>
    <emp:codigoPrograma>0005</emp:codigoPrograma>
    <emp:codigoAcao>2040</emp:codigoAcao>
    <emp:codigoCateEconomica>4</emp:codigoCateEconomica>
    <emp:codigoNatuDespesa>4</emp:codigoNatuDespesa>
    <emp:codigoModaAplicacao>90</emp:codigoModaAplicacao>
    <emp:codigoElemDespesa>52</emp:codigoElemDespesa>
    <emp:codigoSubeDespesa>5227</emp:codigoSubeDespesa>
    <emp:fonteRecurso>
      <gen:ioc>1</gen:ioc>
      <gen:tipoFontRecurso>755</gen:tipoFontRecurso>
      <gen:tipoCompFontRecurso>9999</gen:tipoCompFontRecurso>
    </emp:fonteRecurso>
    <emp:anoEmisEmpenho>2022</emp:anoEmisEmpenho>
    <emp:numeroEmpenho>1229001</emp:numeroEmpenho>
    <emp:dataEmisEmpenho>2022-12-29</emp:dataEmisEmpenho>
    <emp:historicoEmpenho>VALOR EMPENHADO PARA PAGAMENTO DE DESPESA COM AQUISICAO DE VEICULOS CONFORME PREGAO N°010 2022, PARA ATENDER AS NECESSIDADES DESTE MUNICIPIO.</emp:historicoEmpenho>
    <emp:cpfOrdeDespesa>01726047377</emp:cpfOrdeDespesa>
    <emp:cpfCnpjCredor>05385026000119</emp:cpfCnpjCredor>
    <emp:codigoAplicacao>999</emp:codigoAplicacao>
    <emp:tipoEmpenho>1</emp:tipoEmpenho>
    <emp:valorEmpenho>0000000439640.00</emp:valorEmpenho>
    <emp:tipoRestPagar>2</emp:tipoRestPagar>
    <emp:numeroContTce></emp:numeroContTce>
  </emp:RestosApagar>
  <emp:RestosApagar>
    <emp:codigoUnidOrcamentaria>021900</emp:codigoUnidOrcamentaria>
    <emp:codigoFuncao>12</emp:codigoFuncao>
    <emp:codigoSubFuncao>361</emp:codigoSubFuncao>
    <emp:codigoPrograma>0030</emp:codigoPrograma>
    <emp:codigoAcao>1209</emp:codigoAcao>
    <emp:codigoCateEconomica>4</emp:codigoCateEconomica>
    <emp:codigoNatuDespesa>4</emp:codigoNatuDespesa>
    <emp:codigoModaAplicacao>90</emp:codigoModaAplicacao>
    <emp:codigoElemDespesa>52</emp:codigoElemDespesa>
    <emp:codigoSubeDespesa>5227</emp:codigoSubeDespesa>
    <emp:fonteRecurso>
      <gen:ioc>1</gen:ioc>
      <gen:tipoFontRecurso>569</gen:tipoFontRecurso>
      <gen:tipoCompFontRecurso>9999</gen:tipoCompFontRecurso>
    </emp:fonteRecurso>
    <emp:anoEmisEmpenho>2022</emp:anoEmisEmpenho>
    <emp:numeroEmpenho>0902001</emp:numeroEmpenho>
    <emp:dataEmisEmpenho>2022-09-02</emp:dataEmisEmpenho>
    <emp:historicoEmpenho>REFERENTE A EMPENHO DE DESPESA COM AQUISICAO DE 01 ONIBUS ESCOLAR RURAL.</emp:historicoEmpenho>
    <emp:cpfOrdeDespesa>47363088349</emp:cpfOrdeDespesa>
    <emp:cpfCnpjCredor>06020318000110</emp:cpfCnpjCredor>
    <emp:codigoAplicacao>999</emp:codigoAplicacao>
    <emp:tipoEmpenho>1</emp:tipoEmpenho>
    <emp:valorEmpenho>0000000278920.80</emp:valorEmpenho>
    <emp:tipoRestPagar>2</emp:tipoRestPagar>
    <emp:numeroContTce></emp:numeroContTce>
  </emp:RestosApagar>
  <emp:RestosApagar>
    <emp:codigoUnidOrcamentaria>021900</emp:codigoUnidOrcamentaria>
    <emp:codigoFuncao>12</emp:codigoFuncao>
    <emp:codigoSubFuncao>361</emp:codigoSubFuncao>
    <emp:codigoPrograma>0030</emp:codigoPrograma>
    <emp:codigoAcao>1209</emp:codigoAcao>
    <emp:codigoCateEconomica>4</emp:codigoCateEconomica>
    <emp:codigoNatuDespesa>4</emp:codigoNatuDespesa>
    <emp:codigoModaAplicacao>90</emp:codigoModaAplicacao>
    <emp:codigoElemDespesa>52</emp:codigoElemDespesa>
    <emp:codigoSubeDespesa>5227</emp:codigoSubeDespesa>
    <emp:fonteRecurso>
      <gen:ioc>1</gen:ioc>
      <gen:tipoFontRecurso>500</gen:tipoFontRecurso>
      <gen:tipoCompFontRecurso>9999</gen:tipoCompFontRecurso>
    </emp:fonteRecurso>
    <emp:anoEmisEmpenho>2022</emp:anoEmisEmpenho>
    <emp:numeroEmpenho>0902002</emp:numeroEmpenho>
    <emp:dataEmisEmpenho>2022-09-02</emp:dataEmisEmpenho>
    <emp:historicoEmpenho>REFERENTE A EMPENHO DE DESPESA COM AQUISICAO DE 01 ONIBUS ESCOLAR RURAL.</emp:historicoEmpenho>
    <emp:cpfOrdeDespesa>47363088349</emp:cpfOrdeDespesa>
    <emp:cpfCnpjCredor>06020318000110</emp:cpfCnpjCredor>
    <emp:codigoAplicacao>200</emp:codigoAplicacao>
    <emp:tipoEmpenho>1</emp:tipoEmpenho>
    <emp:valorEmpenho>0000000038979.20</emp:valorEmpenho>
    <emp:tipoRestPagar>2</emp:tipoRestPagar>
    <emp:numeroContTce></emp:numeroContTce>
  </emp:RestosApagar>
  <emp:RestosApagar>
    <emp:codigoUnidOrcamentaria>021901</emp:codigoUnidOrcamentaria>
    <emp:codigoFuncao>12</emp:codigoFuncao>
    <emp:codigoSubFuncao>361</emp:codigoSubFuncao>
    <emp:codigoPrograma>0030</emp:codigoPrograma>
    <emp:codigoAcao>2203</emp:codigoAcao>
    <emp:codigoCateEconomica>3</emp:codigoCateEconomica>
    <emp:codigoNatuDespesa>3</emp:codigoNatuDespesa>
    <emp:codigoModaAplicacao>90</emp:codigoModaAplicacao>
    <emp:codigoElemDespesa>30</emp:codigoElemDespesa>
    <emp:codigoSubeDespesa>3001</emp:codigoSubeDespesa>
    <emp:fonteRecurso>
      <gen:ioc>1</gen:ioc>
      <gen:tipoFontRecurso>540</gen:tipoFontRecurso>
      <gen:tipoCompFontRecurso>9999</gen:tipoCompFontRecurso>
    </emp:fonteRecurso>
    <emp:anoEmisEmpenho>2022</emp:anoEmisEmpenho>
    <emp:numeroEmpenho>1229012</emp:numeroEmpenho>
    <emp:dataEmisEmpenho>2022-12-29</emp:dataEmisEmpenho>
    <emp:historicoEmpenho>VALOR EMPENHADO PARA AQUISICAO DE COMBUSTIVEIS DESTINADOS A MANUTENCAO DAS ATIVIDADES MEIO DESTE ORGAO.</emp:historicoEmpenho>
    <emp:cpfOrdeDespesa>47363088349</emp:cpfOrdeDespesa>
    <emp:cpfCnpjCredor>12107863000141</emp:cpfCnpjCredor>
    <emp:codigoAplicacao>999</emp:codigoAplicacao>
    <emp:tipoEmpenho>1</emp:tipoEmpenho>
    <emp:valorEmpenho>0000000014000.00</emp:valorEmpenho>
    <emp:tipoRestPagar>2</emp:tipoRestPagar>
    <emp:numeroContTce></emp:numeroContTce>
  </emp:RestosApagar>
  <emp:RestosApagar>
    <emp:codigoUnidOrcamentaria>021901</emp:codigoUnidOrcamentaria>
    <emp:codigoFuncao>12</emp:codigoFuncao>
    <emp:codigoSubFuncao>361</emp:codigoSubFuncao>
    <emp:codigoPrograma>0030</emp:codigoPrograma>
    <emp:codigoAcao>2203</emp:codigoAcao>
    <emp:codigoCateEconomica>3</emp:codigoCateEconomica>
    <emp:codigoNatuDespesa>3</emp:codigoNatuDespesa>
    <emp:codigoModaAplicacao>90</emp:codigoModaAplicacao>
    <emp:codigoElemDespesa>30</emp:codigoElemDespesa>
    <emp:codigoSubeDespesa>3001</emp:codigoSubeDespesa>
    <emp:fonteRecurso>
      <gen:ioc>1</gen:ioc>
      <gen:tipoFontRecurso>540</gen:tipoFontRecurso>
      <gen:tipoCompFontRecurso>9999</gen:tipoCompFontRecurso>
    </emp:fonteRecurso>
    <emp:anoEmisEmpenho>2022</emp:anoEmisEmpenho>
    <emp:numeroEmpenho>1229016</emp:numeroEmpenho>
    <emp:dataEmisEmpenho>2022-12-29</emp:dataEmisEmpenho>
    <emp:historicoEmpenho>VALOR EMPENHADO PARA AQUISICAO DE COMBUSTIVEIS DESTINADOS A MANUTENCAO DAS ATIVIDADES MEIO DESTE ORGAO.</emp:historicoEmpenho>
    <emp:cpfOrdeDespesa>47363088349</emp:cpfOrdeDespesa>
    <emp:cpfCnpjCredor>20026185000110</emp:cpfCnpjCredor>
    <emp:codigoAplicacao>999</emp:codigoAplicacao>
    <emp:tipoEmpenho>1</emp:tipoEmpenho>
    <emp:valorEmpenho>0000000020000.00</emp:valorEmpenho>
    <emp:tipoRestPagar>2</emp:tipoRestPagar>
    <emp:numeroContTce></emp:numeroContTce>
  </emp:RestosApagar>
  <emp:RestosApagar>
    <emp:codigoUnidOrcamentaria>021901</emp:codigoUnidOrcamentaria>
    <emp:codigoFuncao>12</emp:codigoFuncao>
    <emp:codigoSubFuncao>361</emp:codigoSubFuncao>
    <emp:codigoPrograma>0030</emp:codigoPrograma>
    <emp:codigoAcao>2203</emp:codigoAcao>
    <emp:codigoCateEconomica>3</emp:codigoCateEconomica>
    <emp:codigoNatuDespesa>3</emp:codigoNatuDespesa>
    <emp:codigoModaAplicacao>90</emp:codigoModaAplicacao>
    <emp:codigoElemDespesa>30</emp:codigoElemDespesa>
    <emp:codigoSubeDespesa>3001</emp:codigoSubeDespesa>
    <emp:fonteRecurso>
      <gen:ioc>1</gen:ioc>
      <gen:tipoFontRecurso>540</gen:tipoFontRecurso>
      <gen:tipoCompFontRecurso>9999</gen:tipoCompFontRecurso>
    </emp:fonteRecurso>
    <emp:anoEmisEmpenho>2022</emp:anoEmisEmpenho>
    <emp:numeroEmpenho>1229017</emp:numeroEmpenho>
    <emp:dataEmisEmpenho>2022-12-29</emp:dataEmisEmpenho>
    <emp:historicoEmpenho>REFERENTE A EMPENHO DE DESPESA COM AQUISICAO DE MATERIAS PARA MANUTENCAO DE VEICULOS DESTE ORGAO.</emp:historicoEmpenho>
    <emp:cpfOrdeDespesa>47363088349</emp:cpfOrdeDespesa>
    <emp:cpfCnpjCredor>24051700000173</emp:cpfCnpjCredor>
    <emp:codigoAplicacao>999</emp:codigoAplicacao>
    <emp:tipoEmpenho>1</emp:tipoEmpenho>
    <emp:valorEmpenho>0000000012096.10</emp:valorEmpenho>
    <emp:tipoRestPagar>2</emp:tipoRestPagar>
    <emp:numeroContTce></emp:numeroContTce>
  </emp:RestosApagar>
  <emp:RestosApagar>
    <emp:codigoUnidOrcamentaria>021901</emp:codigoUnidOrcamentaria>
    <emp:codigoFuncao>12</emp:codigoFuncao>
    <emp:codigoSubFuncao>361</emp:codigoSubFuncao>
    <emp:codigoPrograma>0030</emp:codigoPrograma>
    <emp:codigoAcao>2203</emp:codigoAcao>
    <emp:codigoCateEconomica>3</emp:codigoCateEconomica>
    <emp:codigoNatuDespesa>3</emp:codigoNatuDespesa>
    <emp:codigoModaAplicacao>90</emp:codigoModaAplicacao>
    <emp:codigoElemDespesa>30</emp:codigoElemDespesa>
    <emp:codigoSubeDespesa>3016</emp:codigoSubeDespesa>
    <emp:fonteRecurso>
      <gen:ioc>1</gen:ioc>
      <gen:tipoFontRecurso>540</gen:tipoFontRecurso>
      <gen:tipoCompFontRecurso>9999</gen:tipoCompFontRecurso>
    </emp:fonteRecurso>
    <emp:anoEmisEmpenho>2022</emp:anoEmisEmpenho>
    <emp:numeroEmpenho>1229013</emp:numeroEmpenho>
    <emp:dataEmisEmpenho>2022-12-29</emp:dataEmisEmpenho>
    <emp:historicoEmpenho>VALOR EMPENHADO PARA AQUISICAO DE MATERIAL DE EXPEDIENTE PARA USO DESTE ORGAO.</emp:historicoEmpenho>
    <emp:cpfOrdeDespesa>47363088349</emp:cpfOrdeDespesa>
    <emp:cpfCnpjCredor>36597340000199</emp:cpfCnpjCredor>
    <emp:codigoAplicacao>999</emp:codigoAplicacao>
    <emp:tipoEmpenho>1</emp:tipoEmpenho>
    <emp:valorEmpenho>0000000013630.60</emp:valorEmpenho>
    <emp:tipoRestPagar>2</emp:tipoRestPagar>
    <emp:numeroContTce></emp:numeroContTce>
  </emp:RestosApagar>
  <emp:RestosApagar>
    <emp:codigoUnidOrcamentaria>021901</emp:codigoUnidOrcamentaria>
    <emp:codigoFuncao>12</emp:codigoFuncao>
    <emp:codigoSubFuncao>361</emp:codigoSubFuncao>
    <emp:codigoPrograma>0030</emp:codigoPrograma>
    <emp:codigoAcao>2203</emp:codigoAcao>
    <emp:codigoCateEconomica>3</emp:codigoCateEconomica>
    <emp:codigoNatuDespesa>3</emp:codigoNatuDespesa>
    <emp:codigoModaAplicacao>90</emp:codigoModaAplicacao>
    <emp:codigoElemDespesa>30</emp:codigoElemDespesa>
    <emp:codigoSubeDespesa>3039</emp:codigoSubeDespesa>
    <emp:fonteRecurso>
      <gen:ioc>1</gen:ioc>
      <gen:tipoFontRecurso>540</gen:tipoFontRecurso>
      <gen:tipoCompFontRecurso>9999</gen:tipoCompFontRecurso>
    </emp:fonteRecurso>
    <emp:anoEmisEmpenho>2022</emp:anoEmisEmpenho>
    <emp:numeroEmpenho>1229011</emp:numeroEmpenho>
    <emp:dataEmisEmpenho>2022-12-29</emp:dataEmisEmpenho>
    <emp:historicoEmpenho>VALOR EMPENHADO PARA AQUISICAO DE PECAS E ACESSORIOS DESTINADOS AOS VEICULOS MANTIDOS POR ESTA SECRETARIA.</emp:historicoEmpenho>
    <emp:cpfOrdeDespesa>47363088349</emp:cpfOrdeDespesa>
    <emp:cpfCnpjCredor>11065319000111</emp:cpfCnpjCredor>
    <emp:codigoAplicacao>999</emp:codigoAplicacao>
    <emp:tipoEmpenho>1</emp:tipoEmpenho>
    <emp:valorEmpenho>0000000005540.00</emp:valorEmpenho>
    <emp:tipoRestPagar>2</emp:tipoRestPagar>
    <emp:numeroContTce></emp:numeroContTce>
  </emp:RestosApagar>
  <emp:RestosApagar>
    <emp:codigoUnidOrcamentaria>021901</emp:codigoUnidOrcamentaria>
    <emp:codigoFuncao>12</emp:codigoFuncao>
    <emp:codigoSubFuncao>361</emp:codigoSubFuncao>
    <emp:codigoPrograma>0030</emp:codigoPrograma>
    <emp:codigoAcao>2203</emp:codigoAcao>
    <emp:codigoCateEconomica>3</emp:codigoCateEconomica>
    <emp:codigoNatuDespesa>3</emp:codigoNatuDespesa>
    <emp:codigoModaAplicacao>90</emp:codigoModaAplicacao>
    <emp:codigoElemDespesa>30</emp:codigoElemDespesa>
    <emp:codigoSubeDespesa>3039</emp:codigoSubeDespesa>
    <emp:fonteRecurso>
      <gen:ioc>1</gen:ioc>
      <gen:tipoFontRecurso>540</gen:tipoFontRecurso>
      <gen:tipoCompFontRecurso>9999</gen:tipoCompFontRecurso>
    </emp:fonteRecurso>
    <emp:anoEmisEmpenho>2022</emp:anoEmisEmpenho>
    <emp:numeroEmpenho>1229014</emp:numeroEmpenho>
    <emp:dataEmisEmpenho>2022-12-29</emp:dataEmisEmpenho>
    <emp:historicoEmpenho>VALOR EMPENHADO PARA AQUISICAO DE PECAS E ACESSORIOS DESTINADOS AOS VEICULOS MANTIDOS POR ESTA SECRETARIA.</emp:historicoEmpenho>
    <emp:cpfOrdeDespesa>47363088349</emp:cpfOrdeDespesa>
    <emp:cpfCnpjCredor>69626232000156</emp:cpfCnpjCredor>
    <emp:codigoAplicacao>999</emp:codigoAplicacao>
    <emp:tipoEmpenho>1</emp:tipoEmpenho>
    <emp:valorEmpenho>0000000005921.00</emp:valorEmpenho>
    <emp:tipoRestPagar>2</emp:tipoRestPagar>
    <emp:numeroContTce></emp:numeroContTce>
  </emp:RestosApagar>
  <emp:RestosApagar>
    <emp:codigoUnidOrcamentaria>021901</emp:codigoUnidOrcamentaria>
    <emp:codigoFuncao>12</emp:codigoFuncao>
    <emp:codigoSubFuncao>361</emp:codigoSubFuncao>
    <emp:codigoPrograma>0030</emp:codigoPrograma>
    <emp:codigoAcao>2203</emp:codigoAcao>
    <emp:codigoCateEconomica>3</emp:codigoCateEconomica>
    <emp:codigoNatuDespesa>3</emp:codigoNatuDespesa>
    <emp:codigoModaAplicacao>90</emp:codigoModaAplicacao>
    <emp:codigoElemDespesa>30</emp:codigoElemDespesa>
    <emp:codigoSubeDespesa>3039</emp:codigoSubeDespesa>
    <emp:fonteRecurso>
      <gen:ioc>1</gen:ioc>
      <gen:tipoFontRecurso>540</gen:tipoFontRecurso>
      <gen:tipoCompFontRecurso>9999</gen:tipoCompFontRecurso>
    </emp:fonteRecurso>
    <emp:anoEmisEmpenho>2022</emp:anoEmisEmpenho>
    <emp:numeroEmpenho>1229015</emp:numeroEmpenho>
    <emp:dataEmisEmpenho>2022-12-29</emp:dataEmisEmpenho>
    <emp:historicoEmpenho>VALOR EMPENHADO PARA AQUISICAO DE PECAS E ACESSORIOS DESTINADOS AOS VEICULOS MANTIDOS POR ESTA SECRETARIA.</emp:historicoEmpenho>
    <emp:cpfOrdeDespesa>47363088349</emp:cpfOrdeDespesa>
    <emp:cpfCnpjCredor>69626232000156</emp:cpfCnpjCredor>
    <emp:codigoAplicacao>999</emp:codigoAplicacao>
    <emp:tipoEmpenho>1</emp:tipoEmpenho>
    <emp:valorEmpenho>0000000004525.00</emp:valorEmpenho>
    <emp:tipoRestPagar>2</emp:tipoRestPagar>
    <emp:numeroContTce></emp:numeroContTce>
  </emp:RestosApagar>
  <emp:RestosApagar>
    <emp:codigoUnidOrcamentaria>021901</emp:codigoUnidOrcamentaria>
    <emp:codigoFuncao>12</emp:codigoFuncao>
    <emp:codigoSubFuncao>361</emp:codigoSubFuncao>
    <emp:codigoPrograma>0030</emp:codigoPrograma>
    <emp:codigoAcao>2203</emp:codigoAcao>
    <emp:codigoCateEconomica>3</emp:codigoCateEconomica>
    <emp:codigoNatuDespesa>3</emp:codigoNatuDespesa>
    <emp:codigoModaAplicacao>90</emp:codigoModaAplicacao>
    <emp:codigoElemDespesa>39</emp:codigoElemDespesa>
    <emp:codigoSubeDespesa>3916</emp:codigoSubeDespesa>
    <emp:fonteRecurso>
      <gen:ioc>1</gen:ioc>
      <gen:tipoFontRecurso>540</gen:tipoFontRecurso>
      <gen:tipoCompFontRecurso>9999</gen:tipoCompFontRecurso>
    </emp:fonteRecurso>
    <emp:anoEmisEmpenho>2022</emp:anoEmisEmpenho>
    <emp:numeroEmpenho>1229020</emp:numeroEmpenho>
    <emp:dataEmisEmpenho>2022-12-29</emp:dataEmisEmpenho>
    <emp:historicoEmpenho>VALOR EMPENHADO PARA PAGAMENTO DE SERVICOS PRESTADOS NA LAVAGEM DE VEICULOS DESTA SECRETARIA.</emp:historicoEmpenho>
    <emp:cpfOrdeDespesa>47363088349</emp:cpfOrdeDespesa>
    <emp:cpfCnpjCredor>40051397000165</emp:cpfCnpjCredor>
    <emp:codigoAplicacao>999</emp:codigoAplicacao>
    <emp:tipoEmpenho>1</emp:tipoEmpenho>
    <emp:valorEmpenho>0000000007953.00</emp:valorEmpenho>
    <emp:tipoRestPagar>2</emp:tipoRestPagar>
    <emp:numeroContTce></emp:numeroContTce>
  </emp:RestosApagar>
  <emp:RestosApagar>
    <emp:codigoUnidOrcamentaria>021901</emp:codigoUnidOrcamentaria>
    <emp:codigoFuncao>12</emp:codigoFuncao>
    <emp:codigoSubFuncao>361</emp:codigoSubFuncao>
    <emp:codigoPrograma>0030</emp:codigoPrograma>
    <emp:codigoAcao>2203</emp:codigoAcao>
    <emp:codigoCateEconomica>3</emp:codigoCateEconomica>
    <emp:codigoNatuDespesa>3</emp:codigoNatuDespesa>
    <emp:codigoModaAplicacao>90</emp:codigoModaAplicacao>
    <emp:codigoElemDespesa>39</emp:codigoElemDespesa>
    <emp:codigoSubeDespesa>3916</emp:codigoSubeDespesa>
    <emp:fonteRecurso>
      <gen:ioc>1</gen:ioc>
      <gen:tipoFontRecurso>540</gen:tipoFontRecurso>
      <gen:tipoCompFontRecurso>9999</gen:tipoCompFontRecurso>
    </emp:fonteRecurso>
    <emp:anoEmisEmpenho>2022</emp:anoEmisEmpenho>
    <emp:numeroEmpenho>1229021</emp:numeroEmpenho>
    <emp:dataEmisEmpenho>2022-12-29</emp:dataEmisEmpenho>
    <emp:historicoEmpenho>VALOR EMPENHADO PARA PAGAMENTO DE SERVICOS PRESTADOS NA LAVAGEM DE VEICULOS DESTA SECRETARIA.</emp:historicoEmpenho>
    <emp:cpfOrdeDespesa>47363088349</emp:cpfOrdeDespesa>
    <emp:cpfCnpjCredor>40051397000165</emp:cpfCnpjCredor>
    <emp:codigoAplicacao>999</emp:codigoAplicacao>
    <emp:tipoEmpenho>1</emp:tipoEmpenho>
    <emp:valorEmpenho>0000000001680.00</emp:valorEmpenho>
    <emp:tipoRestPagar>2</emp:tipoRestPagar>
    <emp:numeroContTce></emp:numeroContTce>
  </emp:RestosApagar>
  <emp:RestosApagar>
    <emp:codigoUnidOrcamentaria>021901</emp:codigoUnidOrcamentaria>
    <emp:codigoFuncao>12</emp:codigoFuncao>
    <emp:codigoSubFuncao>361</emp:codigoSubFuncao>
    <emp:codigoPrograma>0030</emp:codigoPrograma>
    <emp:codigoAcao>2203</emp:codigoAcao>
    <emp:codigoCateEconomica>3</emp:codigoCateEconomica>
    <emp:codigoNatuDespesa>3</emp:codigoNatuDespesa>
    <emp:codigoModaAplicacao>90</emp:codigoModaAplicacao>
    <emp:codigoElemDespesa>39</emp:codigoElemDespesa>
    <emp:codigoSubeDespesa>3916</emp:codigoSubeDespesa>
    <emp:fonteRecurso>
      <gen:ioc>1</gen:ioc>
      <gen:tipoFontRecurso>540</gen:tipoFontRecurso>
      <gen:tipoCompFontRecurso>9999</gen:tipoCompFontRecurso>
    </emp:fonteRecurso>
    <emp:anoEmisEmpenho>2022</emp:anoEmisEmpenho>
    <emp:numeroEmpenho>1229022</emp:numeroEmpenho>
    <emp:dataEmisEmpenho>2022-12-29</emp:dataEmisEmpenho>
    <emp:historicoEmpenho>VALOR EMPENHADO PARA PAGAMENTO DE SERVICOS PRESTADOS NA LAVAGEM DE VEICULOS DESTA SECRETARIA.</emp:historicoEmpenho>
    <emp:cpfOrdeDespesa>47363088349</emp:cpfOrdeDespesa>
    <emp:cpfCnpjCredor>40051397000165</emp:cpfCnpjCredor>
    <emp:codigoAplicacao>999</emp:codigoAplicacao>
    <emp:tipoEmpenho>1</emp:tipoEmpenho>
    <emp:valorEmpenho>0000000002795.00</emp:valorEmpenho>
    <emp:tipoRestPagar>2</emp:tipoRestPagar>
    <emp:numeroContTce></emp:numeroContTce>
  </emp:RestosApagar>
  <emp:RestosApagar>
    <emp:codigoUnidOrcamentaria>021901</emp:codigoUnidOrcamentaria>
    <emp:codigoFuncao>12</emp:codigoFuncao>
    <emp:codigoSubFuncao>361</emp:codigoSubFuncao>
    <emp:codigoPrograma>0030</emp:codigoPrograma>
    <emp:codigoAcao>2203</emp:codigoAcao>
    <emp:codigoCateEconomica>3</emp:codigoCateEconomica>
    <emp:codigoNatuDespesa>3</emp:codigoNatuDespesa>
    <emp:codigoModaAplicacao>90</emp:codigoModaAplicacao>
    <emp:codigoElemDespesa>39</emp:codigoElemDespesa>
    <emp:codigoSubeDespesa>3939</emp:codigoSubeDespesa>
    <emp:fonteRecurso>
      <gen:ioc>1</gen:ioc>
      <gen:tipoFontRecurso>540</gen:tipoFontRecurso>
      <gen:tipoCompFontRecurso>9999</gen:tipoCompFontRecurso>
    </emp:fonteRecurso>
    <emp:anoEmisEmpenho>2022</emp:anoEmisEmpenho>
    <emp:numeroEmpenho>1229019</emp:numeroEmpenho>
    <emp:dataEmisEmpenho>2022-12-29</emp:dataEmisEmpenho>
    <emp:historicoEmpenho>REFERENTE A FORNECIMENTO DE CONEXAO COM A INTERNET PARA A SECRETARIA MUNICIPAL DE EDUCACAO E UNIDADES PERTENCENTES.</emp:historicoEmpenho>
    <emp:cpfOrdeDespesa>47363088349</emp:cpfOrdeDespesa>
    <emp:cpfCnpjCredor>12339327000171</emp:cpfCnpjCredor>
    <emp:codigoAplicacao>999</emp:codigoAplicacao>
    <emp:tipoEmpenho>1</emp:tipoEmpenho>
    <emp:valorEmpenho>0000000002464.00</emp:valorEmpenho>
    <emp:tipoRestPagar>2</emp:tipoRestPagar>
    <emp:numeroContTce></emp:numeroContTce>
  </emp:RestosApagar>
  <emp:RestosApagar>
    <emp:codigoUnidOrcamentaria>021901</emp:codigoUnidOrcamentaria>
    <emp:codigoFuncao>12</emp:codigoFuncao>
    <emp:codigoSubFuncao>361</emp:codigoSubFuncao>
    <emp:codigoPrograma>0030</emp:codigoPrograma>
    <emp:codigoAcao>2203</emp:codigoAcao>
    <emp:codigoCateEconomica>3</emp:codigoCateEconomica>
    <emp:codigoNatuDespesa>3</emp:codigoNatuDespesa>
    <emp:codigoModaAplicacao>90</emp:codigoModaAplicacao>
    <emp:codigoElemDespesa>39</emp:codigoElemDespesa>
    <emp:codigoSubeDespesa>3939</emp:codigoSubeDespesa>
    <emp:fonteRecurso>
      <gen:ioc>1</gen:ioc>
      <gen:tipoFontRecurso>540</gen:tipoFontRecurso>
      <gen:tipoCompFontRecurso>9999</gen:tipoCompFontRecurso>
    </emp:fonteRecurso>
    <emp:anoEmisEmpenho>2022</emp:anoEmisEmpenho>
    <emp:numeroEmpenho>1229023</emp:numeroEmpenho>
    <emp:dataEmisEmpenho>2022-12-29</emp:dataEmisEmpenho>
    <emp:historicoEmpenho>VALOR EMPENHADO PARA PAGAMENTO DE FORNECIMENTO DE INTERNET PARA ESTA SECRETARIA.</emp:historicoEmpenho>
    <emp:cpfOrdeDespesa>47363088349</emp:cpfOrdeDespesa>
    <emp:cpfCnpjCredor>12339327000171</emp:cpfCnpjCredor>
    <emp:codigoAplicacao>999</emp:codigoAplicacao>
    <emp:tipoEmpenho>1</emp:tipoEmpenho>
    <emp:valorEmpenho>0000000002464.00</emp:valorEmpenho>
    <emp:tipoRestPagar>2</emp:tipoRestPagar>
    <emp:numeroContTce></emp:numeroContTce>
  </emp:RestosApagar>
  <emp:RestosApagar>
    <emp:codigoUnidOrcamentaria>021901</emp:codigoUnidOrcamentaria>
    <emp:codigoFuncao>12</emp:codigoFuncao>
    <emp:codigoSubFuncao>361</emp:codigoSubFuncao>
    <emp:codigoPrograma>0030</emp:codigoPrograma>
    <emp:codigoAcao>2203</emp:codigoAcao>
    <emp:codigoCateEconomica>3</emp:codigoCateEconomica>
    <emp:codigoNatuDespesa>3</emp:codigoNatuDespesa>
    <emp:codigoModaAplicacao>90</emp:codigoModaAplicacao>
    <emp:codigoElemDespesa>39</emp:codigoElemDespesa>
    <emp:codigoSubeDespesa>3957</emp:codigoSubeDespesa>
    <emp:fonteRecurso>
      <gen:ioc>1</gen:ioc>
      <gen:tipoFontRecurso>540</gen:tipoFontRecurso>
      <gen:tipoCompFontRecurso>9999</gen:tipoCompFontRecurso>
    </emp:fonteRecurso>
    <emp:anoEmisEmpenho>2022</emp:anoEmisEmpenho>
    <emp:numeroEmpenho>1229018</emp:numeroEmpenho>
    <emp:dataEmisEmpenho>2022-12-29</emp:dataEmisEmpenho>
    <emp:historicoEmpenho>VALOR EMPENHADO PARA PAGAMENTO DE DESPESA COM SERVICO DE ELABORACAO DE PLANO DE ACAO DOCENTE PARA AS ATIVIDADES PEDAGOGICAS PRESENCIAIS PARA RECOMPOSICAO DE APRENDIZAGENS.</emp:historicoEmpenho>
    <emp:cpfOrdeDespesa>47363088349</emp:cpfOrdeDespesa>
    <emp:cpfCnpjCredor>46343223000152</emp:cpfCnpjCredor>
    <emp:codigoAplicacao>999</emp:codigoAplicacao>
    <emp:tipoEmpenho>1</emp:tipoEmpenho>
    <emp:valorEmpenho>0000000004527.77</emp:valorEmpenho>
    <emp:tipoRestPagar>2</emp:tipoRestPagar>
    <emp:numeroContTce></emp:numeroContTce>
  </emp:RestosApagar>
  <emp:RestosApagar>
    <emp:codigoUnidOrcamentaria>022001</emp:codigoUnidOrcamentaria>
    <emp:codigoFuncao>10</emp:codigoFuncao>
    <emp:codigoSubFuncao>301</emp:codigoSubFuncao>
    <emp:codigoPrograma>0020</emp:codigoPrograma>
    <emp:codigoAcao>2160</emp:codigoAcao>
    <emp:codigoCateEconomica>3</emp:codigoCateEconomica>
    <emp:codigoNatuDespesa>3</emp:codigoNatuDespesa>
    <emp:codigoModaAplicacao>90</emp:codigoModaAplicacao>
    <emp:codigoElemDespesa>30</emp:codigoElemDespesa>
    <emp:codigoSubeDespesa>3009</emp:codigoSubeDespesa>
    <emp:fonteRecurso>
      <gen:ioc>1</gen:ioc>
      <gen:tipoFontRecurso>500</gen:tipoFontRecurso>
      <gen:tipoCompFontRecurso>9999</gen:tipoCompFontRecurso>
    </emp:fonteRecurso>
    <emp:anoEmisEmpenho>2022</emp:anoEmisEmpenho>
    <emp:numeroEmpenho>1229016</emp:numeroEmpenho>
    <emp:dataEmisEmpenho>2022-12-29</emp:dataEmisEmpenho>
    <emp:historicoEmpenho>VALOR EMPENHADO PARA AQUISICAO DE MEDICAMENTOS DESTINADOS A ESTA SECRETARIA.</emp:historicoEmpenho>
    <emp:cpfOrdeDespesa>56561024320</emp:cpfOrdeDespesa>
    <emp:cpfCnpjCredor>19086670000109</emp:cpfCnpjCredor>
    <emp:codigoAplicacao>300</emp:codigoAplicacao>
    <emp:tipoEmpenho>1</emp:tipoEmpenho>
    <emp:valorEmpenho>0000000009055.50</emp:valorEmpenho>
    <emp:tipoRestPagar>2</emp:tipoRestPagar>
    <emp:numeroContTce></emp:numeroContTce>
  </emp:RestosApagar>
  <emp:RestosApagar>
    <emp:codigoUnidOrcamentaria>022001</emp:codigoUnidOrcamentaria>
    <emp:codigoFuncao>10</emp:codigoFuncao>
    <emp:codigoSubFuncao>301</emp:codigoSubFuncao>
    <emp:codigoPrograma>0020</emp:codigoPrograma>
    <emp:codigoAcao>2160</emp:codigoAcao>
    <emp:codigoCateEconomica>3</emp:codigoCateEconomica>
    <emp:codigoNatuDespesa>3</emp:codigoNatuDespesa>
    <emp:codigoModaAplicacao>90</emp:codigoModaAplicacao>
    <emp:codigoElemDespesa>30</emp:codigoElemDespesa>
    <emp:codigoSubeDespesa>3009</emp:codigoSubeDespesa>
    <emp:fonteRecurso>
      <gen:ioc>1</gen:ioc>
      <gen:tipoFontRecurso>500</gen:tipoFontRecurso>
      <gen:tipoCompFontRecurso>9999</gen:tipoCompFontRecurso>
    </emp:fonteRecurso>
    <emp:anoEmisEmpenho>2022</emp:anoEmisEmpenho>
    <emp:numeroEmpenho>1229017</emp:numeroEmpenho>
    <emp:dataEmisEmpenho>2022-12-29</emp:dataEmisEmpenho>
    <emp:historicoEmpenho>VALOR EMPENHADO PARA AQUISICAO DE MEDICAMENTOS DESTINADOS A ESTA SECRETARIA.</emp:historicoEmpenho>
    <emp:cpfOrdeDespesa>56561024320</emp:cpfOrdeDespesa>
    <emp:cpfCnpjCredor>19086670000109</emp:cpfCnpjCredor>
    <emp:codigoAplicacao>300</emp:codigoAplicacao>
    <emp:tipoEmpenho>1</emp:tipoEmpenho>
    <emp:valorEmpenho>0000000013774.70</emp:valorEmpenho>
    <emp:tipoRestPagar>2</emp:tipoRestPagar>
    <emp:numeroContTce></emp:numeroContTce>
  </emp:RestosApagar>
  <emp:RestosApagar>
    <emp:codigoUnidOrcamentaria>022001</emp:codigoUnidOrcamentaria>
    <emp:codigoFuncao>10</emp:codigoFuncao>
    <emp:codigoSubFuncao>301</emp:codigoSubFuncao>
    <emp:codigoPrograma>0020</emp:codigoPrograma>
    <emp:codigoAcao>2160</emp:codigoAcao>
    <emp:codigoCateEconomica>3</emp:codigoCateEconomica>
    <emp:codigoNatuDespesa>3</emp:codigoNatuDespesa>
    <emp:codigoModaAplicacao>90</emp:codigoModaAplicacao>
    <emp:codigoElemDespesa>30</emp:codigoElemDespesa>
    <emp:codigoSubeDespesa>3009</emp:codigoSubeDespesa>
    <emp:fonteRecurso>
      <gen:ioc>1</gen:ioc>
      <gen:tipoFontRecurso>500</gen:tipoFontRecurso>
      <gen:tipoCompFontRecurso>9999</gen:tipoCompFontRecurso>
    </emp:fonteRecurso>
    <emp:anoEmisEmpenho>2022</emp:anoEmisEmpenho>
    <emp:numeroEmpenho>1229018</emp:numeroEmpenho>
    <emp:dataEmisEmpenho>2022-12-29</emp:dataEmisEmpenho>
    <emp:historicoEmpenho>VALOR EMPENHADO PARA AQUISICAO DE MEDICAMENTOS DESTINADOS A ESTA SECRETARIA.</emp:historicoEmpenho>
    <emp:cpfOrdeDespesa>56561024320</emp:cpfOrdeDespesa>
    <emp:cpfCnpjCredor>19086670000109</emp:cpfCnpjCredor>
    <emp:codigoAplicacao>300</emp:codigoAplicacao>
    <emp:tipoEmpenho>1</emp:tipoEmpenho>
    <emp:valorEmpenho>0000000008879.06</emp:valorEmpenho>
    <emp:tipoRestPagar>2</emp:tipoRestPagar>
    <emp:numeroContTce></emp:numeroContTce>
  </emp:RestosApagar>
  <emp:RestosApagar>
    <emp:codigoUnidOrcamentaria>022001</emp:codigoUnidOrcamentaria>
    <emp:codigoFuncao>10</emp:codigoFuncao>
    <emp:codigoSubFuncao>301</emp:codigoSubFuncao>
    <emp:codigoPrograma>0020</emp:codigoPrograma>
    <emp:codigoAcao>2160</emp:codigoAcao>
    <emp:codigoCateEconomica>3</emp:codigoCateEconomica>
    <emp:codigoNatuDespesa>3</emp:codigoNatuDespesa>
    <emp:codigoModaAplicacao>90</emp:codigoModaAplicacao>
    <emp:codigoElemDespesa>30</emp:codigoElemDespesa>
    <emp:codigoSubeDespesa>3009</emp:codigoSubeDespesa>
    <emp:fonteRecurso>
      <gen:ioc>1</gen:ioc>
      <gen:tipoFontRecurso>500</gen:tipoFontRecurso>
      <gen:tipoCompFontRecurso>9999</gen:tipoCompFontRecurso>
    </emp:fonteRecurso>
    <emp:anoEmisEmpenho>2022</emp:anoEmisEmpenho>
    <emp:numeroEmpenho>1229019</emp:numeroEmpenho>
    <emp:dataEmisEmpenho>2022-12-29</emp:dataEmisEmpenho>
    <emp:historicoEmpenho>VALOR EMPENHADO PARA AQUISICAO DE MEDICAMENTOS DESTINADOS A ESTA SECRETARIA.</emp:historicoEmpenho>
    <emp:cpfOrdeDespesa>56561024320</emp:cpfOrdeDespesa>
    <emp:cpfCnpjCredor>19086670000109</emp:cpfCnpjCredor>
    <emp:codigoAplicacao>300</emp:codigoAplicacao>
    <emp:tipoEmpenho>1</emp:tipoEmpenho>
    <emp:valorEmpenho>0000000006185.81</emp:valorEmpenho>
    <emp:tipoRestPagar>2</emp:tipoRestPagar>
    <emp:numeroContTce></emp:numeroContTce>
  </emp:RestosApagar>
  <emp:RestosApagar>
    <emp:codigoUnidOrcamentaria>022001</emp:codigoUnidOrcamentaria>
    <emp:codigoFuncao>10</emp:codigoFuncao>
    <emp:codigoSubFuncao>301</emp:codigoSubFuncao>
    <emp:codigoPrograma>0020</emp:codigoPrograma>
    <emp:codigoAcao>2160</emp:codigoAcao>
    <emp:codigoCateEconomica>3</emp:codigoCateEconomica>
    <emp:codigoNatuDespesa>3</emp:codigoNatuDespesa>
    <emp:codigoModaAplicacao>90</emp:codigoModaAplicacao>
    <emp:codigoElemDespesa>30</emp:codigoElemDespesa>
    <emp:codigoSubeDespesa>3009</emp:codigoSubeDespesa>
    <emp:fonteRecurso>
      <gen:ioc>1</gen:ioc>
      <gen:tipoFontRecurso>500</gen:tipoFontRecurso>
      <gen:tipoCompFontRecurso>9999</gen:tipoCompFontRecurso>
    </emp:fonteRecurso>
    <emp:anoEmisEmpenho>2022</emp:anoEmisEmpenho>
    <emp:numeroEmpenho>1230004</emp:numeroEmpenho>
    <emp:dataEmisEmpenho>2022-12-30</emp:dataEmisEmpenho>
    <emp:historicoEmpenho>VALOR EMPENHADO PARA AQUISICAO DE MEDICAMENTOS DESTINADOS A ESTA SECRETARIA.</emp:historicoEmpenho>
    <emp:cpfOrdeDespesa>56561024320</emp:cpfOrdeDespesa>
    <emp:cpfCnpjCredor>19086670000109</emp:cpfCnpjCredor>
    <emp:codigoAplicacao>300</emp:codigoAplicacao>
    <emp:tipoEmpenho>1</emp:tipoEmpenho>
    <emp:valorEmpenho>0000000009462.43</emp:valorEmpenho>
    <emp:tipoRestPagar>2</emp:tipoRestPagar>
    <emp:numeroContTce></emp:numeroContTce>
  </emp:RestosApagar>
  <emp:RestosApagar>
    <emp:codigoUnidOrcamentaria>022001</emp:codigoUnidOrcamentaria>
    <emp:codigoFuncao>10</emp:codigoFuncao>
    <emp:codigoSubFuncao>301</emp:codigoSubFuncao>
    <emp:codigoPrograma>0020</emp:codigoPrograma>
    <emp:codigoAcao>2160</emp:codigoAcao>
    <emp:codigoCateEconomica>3</emp:codigoCateEconomica>
    <emp:codigoNatuDespesa>3</emp:codigoNatuDespesa>
    <emp:codigoModaAplicacao>90</emp:codigoModaAplicacao>
    <emp:codigoElemDespesa>39</emp:codigoElemDespesa>
    <emp:codigoSubeDespesa>3950</emp:codigoSubeDespesa>
    <emp:fonteRecurso>
      <gen:ioc>1</gen:ioc>
      <gen:tipoFontRecurso>500</gen:tipoFontRecurso>
      <gen:tipoCompFontRecurso>9999</gen:tipoCompFontRecurso>
    </emp:fonteRecurso>
    <emp:anoEmisEmpenho>2022</emp:anoEmisEmpenho>
    <emp:numeroEmpenho>1229020</emp:numeroEmpenho>
    <emp:dataEmisEmpenho>2022-12-29</emp:dataEmisEmpenho>
    <emp:historicoEmpenho>VALOR EMPENHADO PARA PAGAMENTO DE SERVICOS PRESTADOS NA REALIZACAO DE EXAMES PARA ESTA SECRETARIA.</emp:historicoEmpenho>
    <emp:cpfOrdeDespesa>56561024320</emp:cpfOrdeDespesa>
    <emp:cpfCnpjCredor>27080243000133</emp:cpfCnpjCredor>
    <emp:codigoAplicacao>300</emp:codigoAplicacao>
    <emp:tipoEmpenho>1</emp:tipoEmpenho>
    <emp:valorEmpenho>0000000015040.00</emp:valorEmpenho>
    <emp:tipoRestPagar>2</emp:tipoRestPagar>
    <emp:numeroContTce></emp:numeroContTce>
  </emp:RestosApagar>
  <emp:RestosApagar>
    <emp:codigoUnidOrcamentaria>022001</emp:codigoUnidOrcamentaria>
    <emp:codigoFuncao>10</emp:codigoFuncao>
    <emp:codigoSubFuncao>301</emp:codigoSubFuncao>
    <emp:codigoPrograma>0074</emp:codigoPrograma>
    <emp:codigoAcao>1160</emp:codigoAcao>
    <emp:codigoCateEconomica>4</emp:codigoCateEconomica>
    <emp:codigoNatuDespesa>4</emp:codigoNatuDespesa>
    <emp:codigoModaAplicacao>90</emp:codigoModaAplicacao>
    <emp:codigoElemDespesa>51</emp:codigoElemDespesa>
    <emp:codigoSubeDespesa>5191</emp:codigoSubeDespesa>
    <emp:fonteRecurso>
      <gen:ioc>1</gen:ioc>
      <gen:tipoFontRecurso>500</gen:tipoFontRecurso>
      <gen:tipoCompFontRecurso>9999</gen:tipoCompFontRecurso>
    </emp:fonteRecurso>
    <emp:anoEmisEmpenho>2022</emp:anoEmisEmpenho>
    <emp:numeroEmpenho>1229021</emp:numeroEmpenho>
    <emp:dataEmisEmpenho>2022-12-29</emp:dataEmisEmpenho>
    <emp:historicoEmpenho>VALOR EMPENHADO PARA PAGAMENTO DE DESPESA COM CONTRATACAO DE DESPESA DE EMPRESA COM EXECUCAO DOS SERVICOS DE REFORMAS E MANUTENCAO PREVENTIVA E CORRETIVA EM ANEXOS PUBLICOS DA SECRETARIA MUNICIPAL DE SAUDE.</emp:historicoEmpenho>
    <emp:cpfOrdeDespesa>56561024320</emp:cpfOrdeDespesa>
    <emp:cpfCnpjCredor>01934896000149</emp:cpfCnpjCredor>
    <emp:codigoAplicacao>300</emp:codigoAplicacao>
    <emp:tipoEmpenho>1</emp:tipoEmpenho>
    <emp:valorEmpenho>0000000037701.10</emp:valorEmpenho>
    <emp:tipoRestPagar>2</emp:tipoRestPagar>
    <emp:numeroContTce></emp:numeroContTce>
  </emp:RestosApagar>
</emp:EmpenhoseRP>
