<?xml version="1.0" encoding="utf-8"?>
<!--FIORILLI SOC. CIVIL LTDA - SOFTWARE-->
<!--ENVIADO POR: -->
<!--VERSAO TCE-PI: 8.25.25.138-->
<!--VERSAO DIARIO RAZAO: -->
<!--VERSAO EVENTOS: -->
<emp:EmpenhoseRP xmlns:emp="http://www.tce.pi.gov.br/sagres2020/xml/empenhoseRP" xmlns:gen="http://www.tce.pi.gov.br/sagres2020/xml/genericos" xmlns:tab="http://www.tce.pi.gov.br/sagres2020/xml/tabelasInternas" xmlns:aux="http://www.tce.pi.gov.br/sagres2020/xml/cadastrosAuxiliares">
  <emp:PrestacaoContas>
    <aux:codigoUnidGestora>201017</aux:codigoUnidGestora>
    <aux:nomeUnidGestora>PREFEITURA MUNICIPAL DE AVELINO LOPES</aux:nomeUnidGestora>
    <aux:cpfContador>72674350334</aux:cpfContador>
    <aux:cpfGestor>64378985853</aux:cpfGestor>
    <aux:anoReferencia>2020</aux:anoReferencia>
    <aux:mesReferencia>13</aux:mesReferencia>
    <aux:versaoXml>0</aux:versaoXml>
    <aux:diaInicPresContas>31</aux:diaInicPresContas>
    <aux:diaFinaPresContas>31</aux:diaFinaPresContas>
  </emp:PrestacaoContas>
  <emp:RestosApagar>
    <emp:codigoUnidOrcamentaria>010100</emp:codigoUnidOrcamentaria>
    <emp:codigoFuncao>1</emp:codigoFuncao>
    <emp:codigoSubFuncao>31</emp:codigoSubFuncao>
    <emp:codigoPrograma>0001</emp:codigoPrograma>
    <emp:codigoAcao>2001</emp:codigoAcao>
    <emp:codigoCateEconomica>3</emp:codigoCateEconomica>
    <emp:codigoNatuDespesa>1</emp:codigoNatuDespesa>
    <emp:codigoModaAplicacao>90</emp:codigoModaAplicacao>
    <emp:codigoElemDespesa>11</emp:codigoElemDespesa>
    <emp:codigoSubeDespesa>1101</emp:codigoSubeDespesa>
    <emp:fonteRecurso>
      <gen:ioc>1</gen:ioc>
      <gen:tipoFontRecurso>001</gen:tipoFontRecurso>
      <gen:anoIngrFontRecurso>9999</gen:anoIngrFontRecurso>
    </emp:fonteRecurso>
    <emp:anoEmisEmpenho>2020</emp:anoEmisEmpenho>
    <emp:numeroEmpenho>1230076</emp:numeroEmpenho>
    <emp:dataEmisEmpenho>2020-12-30</emp:dataEmisEmpenho>
    <emp:tipoModaLicitacao>9</emp:tipoModaLicitacao>
    <emp:naProcLicitatorio>
      <gen:numero>000000</gen:numero>
      <gen:ano>0000</gen:ano>
    </emp:naProcLicitatorio>
    <emp:historicoEmpenho>VALOR QUE SE EMPENHA PARA PAGAMENTO REFERENTE INCORPORACAO DA CAMARA MUNICIPAL.</emp:historicoEmpenho>
    <emp:cpfOrdeDespesa>78118425304</emp:cpfOrdeDespesa>
    <emp:cpfCnpjCredor>00000000000000</emp:cpfCnpjCredor>
    <emp:codigoAplicacao>100</emp:codigoAplicacao>
    <emp:tipoEmpenho>1</emp:tipoEmpenho>
    <emp:valorEmpenho>0000000000334.47</emp:valorEmpenho>
    <emp:tipoRestPagar>1</emp:tipoRestPagar>
    <emp:numeroContTce></emp:numeroContTce>
  </emp:RestosApagar>
  <emp:RestosApagar>
    <emp:codigoUnidOrcamentaria>020401</emp:codigoUnidOrcamentaria>
    <emp:codigoFuncao>10</emp:codigoFuncao>
    <emp:codigoSubFuncao>301</emp:codigoSubFuncao>
    <emp:codigoPrograma>0020</emp:codigoPrograma>
    <emp:codigoAcao>2160</emp:codigoAcao>
    <emp:codigoCateEconomica>3</emp:codigoCateEconomica>
    <emp:codigoNatuDespesa>1</emp:codigoNatuDespesa>
    <emp:codigoModaAplicacao>90</emp:codigoModaAplicacao>
    <emp:codigoElemDespesa>11</emp:codigoElemDespesa>
    <emp:codigoSubeDespesa>1101</emp:codigoSubeDespesa>
    <emp:fonteRecurso>
      <gen:ioc>1</gen:ioc>
      <gen:tipoFontRecurso>214</gen:tipoFontRecurso>
      <gen:anoIngrFontRecurso>9999</gen:anoIngrFontRecurso>
    </emp:fonteRecurso>
    <emp:anoEmisEmpenho>2020</emp:anoEmisEmpenho>
    <emp:numeroEmpenho>1230026</emp:numeroEmpenho>
    <emp:dataEmisEmpenho>2020-12-30</emp:dataEmisEmpenho>
    <emp:tipoModaLicitacao>6</emp:tipoModaLicitacao>
    <emp:naProcLicitatorio>
      <gen:numero>000000</gen:numero>
      <gen:ano>0000</gen:ano>
    </emp:naProcLicitatorio>
    <emp:historicoEmpenho>VALOR QUE SE EMPENHA PARA PAGAMENTO DE SALARIOS DOS DIGITADORES LOTADOS NA SECRETARIA DE SAUDE. REF. 12 2020</emp:historicoEmpenho>
    <emp:cpfOrdeDespesa>00048024899</emp:cpfOrdeDespesa>
    <emp:cpfCnpjCredor>00000000000000</emp:cpfCnpjCredor>
    <emp:codigoAplicacao>115</emp:codigoAplicacao>
    <emp:tipoEmpenho>1</emp:tipoEmpenho>
    <emp:valorEmpenho>0000000002628.18</emp:valorEmpenho>
    <emp:tipoRestPagar>1</emp:tipoRestPagar>
    <emp:numeroContTce></emp:numeroContTce>
  </emp:RestosApagar>
  <emp:RestosApagar>
    <emp:codigoUnidOrcamentaria>020401</emp:codigoUnidOrcamentaria>
    <emp:codigoFuncao>10</emp:codigoFuncao>
    <emp:codigoSubFuncao>301</emp:codigoSubFuncao>
    <emp:codigoPrograma>0020</emp:codigoPrograma>
    <emp:codigoAcao>2160</emp:codigoAcao>
    <emp:codigoCateEconomica>3</emp:codigoCateEconomica>
    <emp:codigoNatuDespesa>1</emp:codigoNatuDespesa>
    <emp:codigoModaAplicacao>90</emp:codigoModaAplicacao>
    <emp:codigoElemDespesa>11</emp:codigoElemDespesa>
    <emp:codigoSubeDespesa>1101</emp:codigoSubeDespesa>
    <emp:fonteRecurso>
      <gen:ioc>1</gen:ioc>
      <gen:tipoFontRecurso>214</gen:tipoFontRecurso>
      <gen:anoIngrFontRecurso>9999</gen:anoIngrFontRecurso>
    </emp:fonteRecurso>
    <emp:anoEmisEmpenho>2020</emp:anoEmisEmpenho>
    <emp:numeroEmpenho>1230028</emp:numeroEmpenho>
    <emp:dataEmisEmpenho>2020-12-30</emp:dataEmisEmpenho>
    <emp:tipoModaLicitacao>6</emp:tipoModaLicitacao>
    <emp:naProcLicitatorio>
      <gen:numero>000000</gen:numero>
      <gen:ano>0000</gen:ano>
    </emp:naProcLicitatorio>
    <emp:historicoEmpenho>VALOR QUE SE EMPENHA PARA PAGAMENTO DE SALRIOS DOS AGENTES DE COMBATE DE ENDEMEIAS REF. 12 2020</emp:historicoEmpenho>
    <emp:cpfOrdeDespesa>00048024899</emp:cpfOrdeDespesa>
    <emp:cpfCnpjCredor>00000000000000</emp:cpfCnpjCredor>
    <emp:codigoAplicacao>115</emp:codigoAplicacao>
    <emp:tipoEmpenho>1</emp:tipoEmpenho>
    <emp:valorEmpenho>0000000009030.00</emp:valorEmpenho>
    <emp:tipoRestPagar>1</emp:tipoRestPagar>
    <emp:numeroContTce></emp:numeroContTce>
  </emp:RestosApagar>
  <emp:RestosApagar>
    <emp:codigoUnidOrcamentaria>020401</emp:codigoUnidOrcamentaria>
    <emp:codigoFuncao>10</emp:codigoFuncao>
    <emp:codigoSubFuncao>301</emp:codigoSubFuncao>
    <emp:codigoPrograma>0020</emp:codigoPrograma>
    <emp:codigoAcao>2160</emp:codigoAcao>
    <emp:codigoCateEconomica>3</emp:codigoCateEconomica>
    <emp:codigoNatuDespesa>1</emp:codigoNatuDespesa>
    <emp:codigoModaAplicacao>90</emp:codigoModaAplicacao>
    <emp:codigoElemDespesa>11</emp:codigoElemDespesa>
    <emp:codigoSubeDespesa>1101</emp:codigoSubeDespesa>
    <emp:fonteRecurso>
      <gen:ioc>1</gen:ioc>
      <gen:tipoFontRecurso>214</gen:tipoFontRecurso>
      <gen:anoIngrFontRecurso>9999</gen:anoIngrFontRecurso>
    </emp:fonteRecurso>
    <emp:anoEmisEmpenho>2020</emp:anoEmisEmpenho>
    <emp:numeroEmpenho>1230031</emp:numeroEmpenho>
    <emp:dataEmisEmpenho>2020-12-30</emp:dataEmisEmpenho>
    <emp:tipoModaLicitacao>6</emp:tipoModaLicitacao>
    <emp:naProcLicitatorio>
      <gen:numero>000000</gen:numero>
      <gen:ano>0000</gen:ano>
    </emp:naProcLicitatorio>
    <emp:historicoEmpenho>VALOR QUE SE EMPENHA PARA PAGAMENTO DE AUXILIARES DE SERVICOS GERAIS LOTADOS NA SECRETRIA DE SAUDE. 12 2020</emp:historicoEmpenho>
    <emp:cpfOrdeDespesa>00048024899</emp:cpfOrdeDespesa>
    <emp:cpfCnpjCredor>00000000000000</emp:cpfCnpjCredor>
    <emp:codigoAplicacao>115</emp:codigoAplicacao>
    <emp:tipoEmpenho>1</emp:tipoEmpenho>
    <emp:valorEmpenho>0000000008102.41</emp:valorEmpenho>
    <emp:tipoRestPagar>1</emp:tipoRestPagar>
    <emp:numeroContTce></emp:numeroContTce>
  </emp:RestosApagar>
  <emp:RestosApagar>
    <emp:codigoUnidOrcamentaria>020401</emp:codigoUnidOrcamentaria>
    <emp:codigoFuncao>10</emp:codigoFuncao>
    <emp:codigoSubFuncao>301</emp:codigoSubFuncao>
    <emp:codigoPrograma>0020</emp:codigoPrograma>
    <emp:codigoAcao>2160</emp:codigoAcao>
    <emp:codigoCateEconomica>3</emp:codigoCateEconomica>
    <emp:codigoNatuDespesa>1</emp:codigoNatuDespesa>
    <emp:codigoModaAplicacao>90</emp:codigoModaAplicacao>
    <emp:codigoElemDespesa>11</emp:codigoElemDespesa>
    <emp:codigoSubeDespesa>1101</emp:codigoSubeDespesa>
    <emp:fonteRecurso>
      <gen:ioc>1</gen:ioc>
      <gen:tipoFontRecurso>214</gen:tipoFontRecurso>
      <gen:anoIngrFontRecurso>9999</gen:anoIngrFontRecurso>
    </emp:fonteRecurso>
    <emp:anoEmisEmpenho>2020</emp:anoEmisEmpenho>
    <emp:numeroEmpenho>1230033</emp:numeroEmpenho>
    <emp:dataEmisEmpenho>2020-12-30</emp:dataEmisEmpenho>
    <emp:tipoModaLicitacao>6</emp:tipoModaLicitacao>
    <emp:naProcLicitatorio>
      <gen:numero>000000</gen:numero>
      <gen:ano>0000</gen:ano>
    </emp:naProcLicitatorio>
    <emp:historicoEmpenho>VALOR QUE SE EMPENHA PARA PAGAMENTO DE VENCIMENTOS E SALARIOS DO CIRURGIAO DENTISTA. REF 12 2020</emp:historicoEmpenho>
    <emp:cpfOrdeDespesa>00048024899</emp:cpfOrdeDespesa>
    <emp:cpfCnpjCredor>00000000000000</emp:cpfCnpjCredor>
    <emp:codigoAplicacao>115</emp:codigoAplicacao>
    <emp:tipoEmpenho>1</emp:tipoEmpenho>
    <emp:valorEmpenho>0000000002145.00</emp:valorEmpenho>
    <emp:tipoRestPagar>1</emp:tipoRestPagar>
    <emp:numeroContTce></emp:numeroContTce>
  </emp:RestosApagar>
  <emp:RestosApagar>
    <emp:codigoUnidOrcamentaria>020401</emp:codigoUnidOrcamentaria>
    <emp:codigoFuncao>10</emp:codigoFuncao>
    <emp:codigoSubFuncao>301</emp:codigoSubFuncao>
    <emp:codigoPrograma>0020</emp:codigoPrograma>
    <emp:codigoAcao>2160</emp:codigoAcao>
    <emp:codigoCateEconomica>3</emp:codigoCateEconomica>
    <emp:codigoNatuDespesa>1</emp:codigoNatuDespesa>
    <emp:codigoModaAplicacao>90</emp:codigoModaAplicacao>
    <emp:codigoElemDespesa>11</emp:codigoElemDespesa>
    <emp:codigoSubeDespesa>1101</emp:codigoSubeDespesa>
    <emp:fonteRecurso>
      <gen:ioc>1</gen:ioc>
      <gen:tipoFontRecurso>214</gen:tipoFontRecurso>
      <gen:anoIngrFontRecurso>9999</gen:anoIngrFontRecurso>
    </emp:fonteRecurso>
    <emp:anoEmisEmpenho>2020</emp:anoEmisEmpenho>
    <emp:numeroEmpenho>1230034</emp:numeroEmpenho>
    <emp:dataEmisEmpenho>2020-12-30</emp:dataEmisEmpenho>
    <emp:tipoModaLicitacao>6</emp:tipoModaLicitacao>
    <emp:naProcLicitatorio>
      <gen:numero>000000</gen:numero>
      <gen:ano>0000</gen:ano>
    </emp:naProcLicitatorio>
    <emp:historicoEmpenho>VALOR QUE SE EMPENHA PARA PAGAMENTO DE SALARIOS DE SERVIDORES ENFERMEIROS LOTADOS NA SAUDE. REF. 12 2020</emp:historicoEmpenho>
    <emp:cpfOrdeDespesa>00048024899</emp:cpfOrdeDespesa>
    <emp:cpfCnpjCredor>00000000000000</emp:cpfCnpjCredor>
    <emp:codigoAplicacao>115</emp:codigoAplicacao>
    <emp:tipoEmpenho>1</emp:tipoEmpenho>
    <emp:valorEmpenho>0000000002458.50</emp:valorEmpenho>
    <emp:tipoRestPagar>1</emp:tipoRestPagar>
    <emp:numeroContTce></emp:numeroContTce>
  </emp:RestosApagar>
  <emp:RestosApagar>
    <emp:codigoUnidOrcamentaria>020401</emp:codigoUnidOrcamentaria>
    <emp:codigoFuncao>10</emp:codigoFuncao>
    <emp:codigoSubFuncao>301</emp:codigoSubFuncao>
    <emp:codigoPrograma>0020</emp:codigoPrograma>
    <emp:codigoAcao>2160</emp:codigoAcao>
    <emp:codigoCateEconomica>3</emp:codigoCateEconomica>
    <emp:codigoNatuDespesa>1</emp:codigoNatuDespesa>
    <emp:codigoModaAplicacao>90</emp:codigoModaAplicacao>
    <emp:codigoElemDespesa>11</emp:codigoElemDespesa>
    <emp:codigoSubeDespesa>1101</emp:codigoSubeDespesa>
    <emp:fonteRecurso>
      <gen:ioc>1</gen:ioc>
      <gen:tipoFontRecurso>214</gen:tipoFontRecurso>
      <gen:anoIngrFontRecurso>9999</gen:anoIngrFontRecurso>
    </emp:fonteRecurso>
    <emp:anoEmisEmpenho>2020</emp:anoEmisEmpenho>
    <emp:numeroEmpenho>1230035</emp:numeroEmpenho>
    <emp:dataEmisEmpenho>2020-12-30</emp:dataEmisEmpenho>
    <emp:tipoModaLicitacao>6</emp:tipoModaLicitacao>
    <emp:naProcLicitatorio>
      <gen:numero>000000</gen:numero>
      <gen:ano>0000</gen:ano>
    </emp:naProcLicitatorio>
    <emp:historicoEmpenho>VALOR QUE SE EMPENHA PARA PAGAMENTO DOS SERVIDORES MOTORISTAS LOTADOS NA SECRETARIA DE SAUDE REF. 12 2020</emp:historicoEmpenho>
    <emp:cpfOrdeDespesa>00048024899</emp:cpfOrdeDespesa>
    <emp:cpfCnpjCredor>00000000000000</emp:cpfCnpjCredor>
    <emp:codigoAplicacao>115</emp:codigoAplicacao>
    <emp:tipoEmpenho>1</emp:tipoEmpenho>
    <emp:valorEmpenho>0000000003417.11</emp:valorEmpenho>
    <emp:tipoRestPagar>1</emp:tipoRestPagar>
    <emp:numeroContTce></emp:numeroContTce>
  </emp:RestosApagar>
  <emp:RestosApagar>
    <emp:codigoUnidOrcamentaria>020401</emp:codigoUnidOrcamentaria>
    <emp:codigoFuncao>10</emp:codigoFuncao>
    <emp:codigoSubFuncao>301</emp:codigoSubFuncao>
    <emp:codigoPrograma>0020</emp:codigoPrograma>
    <emp:codigoAcao>2160</emp:codigoAcao>
    <emp:codigoCateEconomica>3</emp:codigoCateEconomica>
    <emp:codigoNatuDespesa>1</emp:codigoNatuDespesa>
    <emp:codigoModaAplicacao>90</emp:codigoModaAplicacao>
    <emp:codigoElemDespesa>11</emp:codigoElemDespesa>
    <emp:codigoSubeDespesa>1101</emp:codigoSubeDespesa>
    <emp:fonteRecurso>
      <gen:ioc>1</gen:ioc>
      <gen:tipoFontRecurso>214</gen:tipoFontRecurso>
      <gen:anoIngrFontRecurso>9999</gen:anoIngrFontRecurso>
    </emp:fonteRecurso>
    <emp:anoEmisEmpenho>2020</emp:anoEmisEmpenho>
    <emp:numeroEmpenho>1230036</emp:numeroEmpenho>
    <emp:dataEmisEmpenho>2020-12-30</emp:dataEmisEmpenho>
    <emp:tipoModaLicitacao>6</emp:tipoModaLicitacao>
    <emp:naProcLicitatorio>
      <gen:numero>000000</gen:numero>
      <gen:ano>0000</gen:ano>
    </emp:naProcLicitatorio>
    <emp:historicoEmpenho>VALOR QUE SE EMPENHA PARA PAGAMENTO DE VENCIMENTOS DOS TECNICOS DE ENFERMAGEM LOTADOS NA SECRETARIA DE SAUDE. REF. 12 2020</emp:historicoEmpenho>
    <emp:cpfOrdeDespesa>00048024899</emp:cpfOrdeDespesa>
    <emp:cpfCnpjCredor>00000000000000</emp:cpfCnpjCredor>
    <emp:codigoAplicacao>115</emp:codigoAplicacao>
    <emp:tipoEmpenho>1</emp:tipoEmpenho>
    <emp:valorEmpenho>0000000032001.21</emp:valorEmpenho>
    <emp:tipoRestPagar>1</emp:tipoRestPagar>
    <emp:numeroContTce></emp:numeroContTce>
  </emp:RestosApagar>
  <emp:RestosApagar>
    <emp:codigoUnidOrcamentaria>020401</emp:codigoUnidOrcamentaria>
    <emp:codigoFuncao>10</emp:codigoFuncao>
    <emp:codigoSubFuncao>301</emp:codigoSubFuncao>
    <emp:codigoPrograma>0020</emp:codigoPrograma>
    <emp:codigoAcao>2160</emp:codigoAcao>
    <emp:codigoCateEconomica>3</emp:codigoCateEconomica>
    <emp:codigoNatuDespesa>1</emp:codigoNatuDespesa>
    <emp:codigoModaAplicacao>90</emp:codigoModaAplicacao>
    <emp:codigoElemDespesa>11</emp:codigoElemDespesa>
    <emp:codigoSubeDespesa>1101</emp:codigoSubeDespesa>
    <emp:fonteRecurso>
      <gen:ioc>1</gen:ioc>
      <gen:tipoFontRecurso>214</gen:tipoFontRecurso>
      <gen:anoIngrFontRecurso>9999</gen:anoIngrFontRecurso>
    </emp:fonteRecurso>
    <emp:anoEmisEmpenho>2020</emp:anoEmisEmpenho>
    <emp:numeroEmpenho>1230037</emp:numeroEmpenho>
    <emp:dataEmisEmpenho>2020-12-30</emp:dataEmisEmpenho>
    <emp:tipoModaLicitacao>6</emp:tipoModaLicitacao>
    <emp:naProcLicitatorio>
      <gen:numero>000000</gen:numero>
      <gen:ano>0000</gen:ano>
    </emp:naProcLicitatorio>
    <emp:historicoEmpenho>VALOR EMPENHADO REFERE-SE AO PAGAMENTO DOS VENCIMENTOS DE SERVIDORES VIGIAS LOTADOS NA SECRETARIA DE SAUDE. REF.12 2020</emp:historicoEmpenho>
    <emp:cpfOrdeDespesa>00048024899</emp:cpfOrdeDespesa>
    <emp:cpfCnpjCredor>00000000000000</emp:cpfCnpjCredor>
    <emp:codigoAplicacao>115</emp:codigoAplicacao>
    <emp:tipoEmpenho>1</emp:tipoEmpenho>
    <emp:valorEmpenho>0000000001327.15</emp:valorEmpenho>
    <emp:tipoRestPagar>1</emp:tipoRestPagar>
    <emp:numeroContTce></emp:numeroContTce>
  </emp:RestosApagar>
  <emp:RestosApagar>
    <emp:codigoUnidOrcamentaria>020401</emp:codigoUnidOrcamentaria>
    <emp:codigoFuncao>10</emp:codigoFuncao>
    <emp:codigoSubFuncao>301</emp:codigoSubFuncao>
    <emp:codigoPrograma>0020</emp:codigoPrograma>
    <emp:codigoAcao>2160</emp:codigoAcao>
    <emp:codigoCateEconomica>3</emp:codigoCateEconomica>
    <emp:codigoNatuDespesa>1</emp:codigoNatuDespesa>
    <emp:codigoModaAplicacao>90</emp:codigoModaAplicacao>
    <emp:codigoElemDespesa>11</emp:codigoElemDespesa>
    <emp:codigoSubeDespesa>1101</emp:codigoSubeDespesa>
    <emp:fonteRecurso>
      <gen:ioc>1</gen:ioc>
      <gen:tipoFontRecurso>214</gen:tipoFontRecurso>
      <gen:anoIngrFontRecurso>9999</gen:anoIngrFontRecurso>
    </emp:fonteRecurso>
    <emp:anoEmisEmpenho>2020</emp:anoEmisEmpenho>
    <emp:numeroEmpenho>1230038</emp:numeroEmpenho>
    <emp:dataEmisEmpenho>2020-12-30</emp:dataEmisEmpenho>
    <emp:tipoModaLicitacao>6</emp:tipoModaLicitacao>
    <emp:naProcLicitatorio>
      <gen:numero>000000</gen:numero>
      <gen:ano>0000</gen:ano>
    </emp:naProcLicitatorio>
    <emp:historicoEmpenho>VALOR QUE SE EMPENHA PARA PAGAMENTO DE FOLHAS DR SERVIDOR VIGIA LOTADO NA SECRETARIA DE SAUDE.REF 012 2020</emp:historicoEmpenho>
    <emp:cpfOrdeDespesa>00048024899</emp:cpfOrdeDespesa>
    <emp:cpfCnpjCredor>00000000000000</emp:cpfCnpjCredor>
    <emp:codigoAplicacao>115</emp:codigoAplicacao>
    <emp:tipoEmpenho>1</emp:tipoEmpenho>
    <emp:valorEmpenho>0000000005437.54</emp:valorEmpenho>
    <emp:tipoRestPagar>1</emp:tipoRestPagar>
    <emp:numeroContTce></emp:numeroContTce>
  </emp:RestosApagar>
  <emp:RestosApagar>
    <emp:codigoUnidOrcamentaria>020401</emp:codigoUnidOrcamentaria>
    <emp:codigoFuncao>10</emp:codigoFuncao>
    <emp:codigoSubFuncao>301</emp:codigoSubFuncao>
    <emp:codigoPrograma>0020</emp:codigoPrograma>
    <emp:codigoAcao>2160</emp:codigoAcao>
    <emp:codigoCateEconomica>3</emp:codigoCateEconomica>
    <emp:codigoNatuDespesa>1</emp:codigoNatuDespesa>
    <emp:codigoModaAplicacao>90</emp:codigoModaAplicacao>
    <emp:codigoElemDespesa>11</emp:codigoElemDespesa>
    <emp:codigoSubeDespesa>1101</emp:codigoSubeDespesa>
    <emp:fonteRecurso>
      <gen:ioc>1</gen:ioc>
      <gen:tipoFontRecurso>214</gen:tipoFontRecurso>
      <gen:anoIngrFontRecurso>9999</gen:anoIngrFontRecurso>
    </emp:fonteRecurso>
    <emp:anoEmisEmpenho>2020</emp:anoEmisEmpenho>
    <emp:numeroEmpenho>1230029</emp:numeroEmpenho>
    <emp:dataEmisEmpenho>2020-12-30</emp:dataEmisEmpenho>
    <emp:tipoModaLicitacao>9</emp:tipoModaLicitacao>
    <emp:naProcLicitatorio>
      <gen:numero>000000</gen:numero>
      <gen:ano>0000</gen:ano>
    </emp:naProcLicitatorio>
    <emp:historicoEmpenho>VALOR EMPENHADO PARA PAGAMENTO DO VENCIMENTO DO ASSISTENTE SOCIAL. REF. 12 2020</emp:historicoEmpenho>
    <emp:cpfOrdeDespesa>00048024899</emp:cpfOrdeDespesa>
    <emp:cpfCnpjCredor>00000000000000</emp:cpfCnpjCredor>
    <emp:codigoAplicacao>115</emp:codigoAplicacao>
    <emp:tipoEmpenho>1</emp:tipoEmpenho>
    <emp:valorEmpenho>0000000003159.50</emp:valorEmpenho>
    <emp:tipoRestPagar>1</emp:tipoRestPagar>
    <emp:numeroContTce></emp:numeroContTce>
  </emp:RestosApagar>
  <emp:RestosApagar>
    <emp:codigoUnidOrcamentaria>020401</emp:codigoUnidOrcamentaria>
    <emp:codigoFuncao>10</emp:codigoFuncao>
    <emp:codigoSubFuncao>301</emp:codigoSubFuncao>
    <emp:codigoPrograma>0020</emp:codigoPrograma>
    <emp:codigoAcao>2160</emp:codigoAcao>
    <emp:codigoCateEconomica>3</emp:codigoCateEconomica>
    <emp:codigoNatuDespesa>1</emp:codigoNatuDespesa>
    <emp:codigoModaAplicacao>90</emp:codigoModaAplicacao>
    <emp:codigoElemDespesa>11</emp:codigoElemDespesa>
    <emp:codigoSubeDespesa>1101</emp:codigoSubeDespesa>
    <emp:fonteRecurso>
      <gen:ioc>1</gen:ioc>
      <gen:tipoFontRecurso>214</gen:tipoFontRecurso>
      <gen:anoIngrFontRecurso>9999</gen:anoIngrFontRecurso>
    </emp:fonteRecurso>
    <emp:anoEmisEmpenho>2020</emp:anoEmisEmpenho>
    <emp:numeroEmpenho>1230030</emp:numeroEmpenho>
    <emp:dataEmisEmpenho>2020-12-30</emp:dataEmisEmpenho>
    <emp:tipoModaLicitacao>9</emp:tipoModaLicitacao>
    <emp:naProcLicitatorio>
      <gen:numero>000000</gen:numero>
      <gen:ano>0000</gen:ano>
    </emp:naProcLicitatorio>
    <emp:historicoEmpenho>VALOR QUE SE EMPENHA PARA PAGAMENTO DO 13ºSALARIO DOS AUXILIARES ADMINISTRATIVOS LOTADOS NA SECRETARIA DE SAUDE. REF 12 2020</emp:historicoEmpenho>
    <emp:cpfOrdeDespesa>00048024899</emp:cpfOrdeDespesa>
    <emp:cpfCnpjCredor>00000000000000</emp:cpfCnpjCredor>
    <emp:codigoAplicacao>115</emp:codigoAplicacao>
    <emp:tipoEmpenho>1</emp:tipoEmpenho>
    <emp:valorEmpenho>0000000001097.25</emp:valorEmpenho>
    <emp:tipoRestPagar>1</emp:tipoRestPagar>
    <emp:numeroContTce></emp:numeroContTce>
  </emp:RestosApagar>
  <emp:RestosApagar>
    <emp:codigoUnidOrcamentaria>020401</emp:codigoUnidOrcamentaria>
    <emp:codigoFuncao>10</emp:codigoFuncao>
    <emp:codigoSubFuncao>301</emp:codigoSubFuncao>
    <emp:codigoPrograma>0020</emp:codigoPrograma>
    <emp:codigoAcao>2160</emp:codigoAcao>
    <emp:codigoCateEconomica>3</emp:codigoCateEconomica>
    <emp:codigoNatuDespesa>3</emp:codigoNatuDespesa>
    <emp:codigoModaAplicacao>90</emp:codigoModaAplicacao>
    <emp:codigoElemDespesa>14</emp:codigoElemDespesa>
    <emp:codigoSubeDespesa>1401</emp:codigoSubeDespesa>
    <emp:fonteRecurso>
      <gen:ioc>1</gen:ioc>
      <gen:tipoFontRecurso>214</gen:tipoFontRecurso>
      <gen:anoIngrFontRecurso>9999</gen:anoIngrFontRecurso>
    </emp:fonteRecurso>
    <emp:anoEmisEmpenho>2020</emp:anoEmisEmpenho>
    <emp:numeroEmpenho>1203004</emp:numeroEmpenho>
    <emp:dataEmisEmpenho>2020-12-03</emp:dataEmisEmpenho>
    <emp:tipoModaLicitacao>6</emp:tipoModaLicitacao>
    <emp:naProcLicitatorio>
      <gen:numero>000000</gen:numero>
      <gen:ano>0000</gen:ano>
    </emp:naProcLicitatorio>
    <emp:historicoEmpenho>VALOR QUE SE EMPENHA PARA CUSTEAR DESPESAS DE FUNCIONARIO COM VIAGEM A TERSINA PARA RESOLVER PROBLEMAS DO PROGRAMA SAUDE BUCAL.</emp:historicoEmpenho>
    <emp:cpfOrdeDespesa>00048024899</emp:cpfOrdeDespesa>
    <emp:cpfCnpjCredor>00548087318</emp:cpfCnpjCredor>
    <emp:codigoAplicacao>115</emp:codigoAplicacao>
    <emp:tipoEmpenho>1</emp:tipoEmpenho>
    <emp:valorEmpenho>0000000001567.50</emp:valorEmpenho>
    <emp:tipoRestPagar>1</emp:tipoRestPagar>
    <emp:numeroContTce></emp:numeroContTce>
  </emp:RestosApagar>
  <emp:RestosApagar>
    <emp:codigoUnidOrcamentaria>020401</emp:codigoUnidOrcamentaria>
    <emp:codigoFuncao>10</emp:codigoFuncao>
    <emp:codigoSubFuncao>301</emp:codigoSubFuncao>
    <emp:codigoPrograma>0020</emp:codigoPrograma>
    <emp:codigoAcao>2160</emp:codigoAcao>
    <emp:codigoCateEconomica>3</emp:codigoCateEconomica>
    <emp:codigoNatuDespesa>3</emp:codigoNatuDespesa>
    <emp:codigoModaAplicacao>90</emp:codigoModaAplicacao>
    <emp:codigoElemDespesa>36</emp:codigoElemDespesa>
    <emp:codigoSubeDespesa>3606</emp:codigoSubeDespesa>
    <emp:fonteRecurso>
      <gen:ioc>1</gen:ioc>
      <gen:tipoFontRecurso>214</gen:tipoFontRecurso>
      <gen:anoIngrFontRecurso>9999</gen:anoIngrFontRecurso>
    </emp:fonteRecurso>
    <emp:anoEmisEmpenho>2020</emp:anoEmisEmpenho>
    <emp:numeroEmpenho>1203005</emp:numeroEmpenho>
    <emp:dataEmisEmpenho>2020-12-03</emp:dataEmisEmpenho>
    <emp:tipoModaLicitacao>6</emp:tipoModaLicitacao>
    <emp:naProcLicitatorio>
      <gen:numero>000000</gen:numero>
      <gen:ano>0000</gen:ano>
    </emp:naProcLicitatorio>
    <emp:historicoEmpenho>VALOR QUE SE EMPENHA PARA PAGAMENTO DE SERVICOS PRESTADOS COMO VETERINARIO. REF 10 2020</emp:historicoEmpenho>
    <emp:cpfOrdeDespesa>00048024899</emp:cpfOrdeDespesa>
    <emp:cpfCnpjCredor>01795018364</emp:cpfCnpjCredor>
    <emp:codigoAplicacao>115</emp:codigoAplicacao>
    <emp:tipoEmpenho>1</emp:tipoEmpenho>
    <emp:valorEmpenho>0000000001500.00</emp:valorEmpenho>
    <emp:tipoRestPagar>1</emp:tipoRestPagar>
    <emp:numeroContTce></emp:numeroContTce>
  </emp:RestosApagar>
  <emp:RestosApagar>
    <emp:codigoUnidOrcamentaria>020401</emp:codigoUnidOrcamentaria>
    <emp:codigoFuncao>10</emp:codigoFuncao>
    <emp:codigoSubFuncao>301</emp:codigoSubFuncao>
    <emp:codigoPrograma>0020</emp:codigoPrograma>
    <emp:codigoAcao>2160</emp:codigoAcao>
    <emp:codigoCateEconomica>3</emp:codigoCateEconomica>
    <emp:codigoNatuDespesa>3</emp:codigoNatuDespesa>
    <emp:codigoModaAplicacao>90</emp:codigoModaAplicacao>
    <emp:codigoElemDespesa>36</emp:codigoElemDespesa>
    <emp:codigoSubeDespesa>3606</emp:codigoSubeDespesa>
    <emp:fonteRecurso>
      <gen:ioc>1</gen:ioc>
      <gen:tipoFontRecurso>214</gen:tipoFontRecurso>
      <gen:anoIngrFontRecurso>9999</gen:anoIngrFontRecurso>
    </emp:fonteRecurso>
    <emp:anoEmisEmpenho>2020</emp:anoEmisEmpenho>
    <emp:numeroEmpenho>1227002</emp:numeroEmpenho>
    <emp:dataEmisEmpenho>2020-12-27</emp:dataEmisEmpenho>
    <emp:tipoModaLicitacao>6</emp:tipoModaLicitacao>
    <emp:naProcLicitatorio>
      <gen:numero>000000</gen:numero>
      <gen:ano>0000</gen:ano>
    </emp:naProcLicitatorio>
    <emp:historicoEmpenho>VALOR EMPENHADO PARA AJUDA DE CUSTO NO COMBATE AO COVID 19, NA FUNCAO DE ORIENTACAO.COMO FISIOTERAPEUTA</emp:historicoEmpenho>
    <emp:cpfOrdeDespesa>00048024899</emp:cpfOrdeDespesa>
    <emp:cpfCnpjCredor>22353129854</emp:cpfCnpjCredor>
    <emp:codigoAplicacao>115</emp:codigoAplicacao>
    <emp:tipoEmpenho>1</emp:tipoEmpenho>
    <emp:valorEmpenho>0000000002500.00</emp:valorEmpenho>
    <emp:tipoRestPagar>1</emp:tipoRestPagar>
    <emp:numeroContTce></emp:numeroContTce>
  </emp:RestosApagar>
  <emp:RestosApagar>
    <emp:codigoUnidOrcamentaria>020401</emp:codigoUnidOrcamentaria>
    <emp:codigoFuncao>10</emp:codigoFuncao>
    <emp:codigoSubFuncao>301</emp:codigoSubFuncao>
    <emp:codigoPrograma>0020</emp:codigoPrograma>
    <emp:codigoAcao>2160</emp:codigoAcao>
    <emp:codigoCateEconomica>3</emp:codigoCateEconomica>
    <emp:codigoNatuDespesa>3</emp:codigoNatuDespesa>
    <emp:codigoModaAplicacao>90</emp:codigoModaAplicacao>
    <emp:codigoElemDespesa>36</emp:codigoElemDespesa>
    <emp:codigoSubeDespesa>3606</emp:codigoSubeDespesa>
    <emp:fonteRecurso>
      <gen:ioc>1</gen:ioc>
      <gen:tipoFontRecurso>214</gen:tipoFontRecurso>
      <gen:anoIngrFontRecurso>9999</gen:anoIngrFontRecurso>
    </emp:fonteRecurso>
    <emp:anoEmisEmpenho>2020</emp:anoEmisEmpenho>
    <emp:numeroEmpenho>1228001</emp:numeroEmpenho>
    <emp:dataEmisEmpenho>2020-12-28</emp:dataEmisEmpenho>
    <emp:tipoModaLicitacao>6</emp:tipoModaLicitacao>
    <emp:naProcLicitatorio>
      <gen:numero>000000</gen:numero>
      <gen:ano>0000</gen:ano>
    </emp:naProcLicitatorio>
    <emp:historicoEmpenho>VALOR EMPENHADO PARA AJUDA DE CUSTO NO COMBATE AO COVID 19, NA FUNCAO DE ENFERMEIRA</emp:historicoEmpenho>
    <emp:cpfOrdeDespesa>00048024899</emp:cpfOrdeDespesa>
    <emp:cpfCnpjCredor>00237429330</emp:cpfCnpjCredor>
    <emp:codigoAplicacao>115</emp:codigoAplicacao>
    <emp:tipoEmpenho>1</emp:tipoEmpenho>
    <emp:valorEmpenho>0000000002500.00</emp:valorEmpenho>
    <emp:tipoRestPagar>1</emp:tipoRestPagar>
    <emp:numeroContTce></emp:numeroContTce>
  </emp:RestosApagar>
  <emp:RestosApagar>
    <emp:codigoUnidOrcamentaria>020401</emp:codigoUnidOrcamentaria>
    <emp:codigoFuncao>10</emp:codigoFuncao>
    <emp:codigoSubFuncao>301</emp:codigoSubFuncao>
    <emp:codigoPrograma>0020</emp:codigoPrograma>
    <emp:codigoAcao>2160</emp:codigoAcao>
    <emp:codigoCateEconomica>3</emp:codigoCateEconomica>
    <emp:codigoNatuDespesa>3</emp:codigoNatuDespesa>
    <emp:codigoModaAplicacao>90</emp:codigoModaAplicacao>
    <emp:codigoElemDespesa>36</emp:codigoElemDespesa>
    <emp:codigoSubeDespesa>3606</emp:codigoSubeDespesa>
    <emp:fonteRecurso>
      <gen:ioc>1</gen:ioc>
      <gen:tipoFontRecurso>214</gen:tipoFontRecurso>
      <gen:anoIngrFontRecurso>9999</gen:anoIngrFontRecurso>
    </emp:fonteRecurso>
    <emp:anoEmisEmpenho>2020</emp:anoEmisEmpenho>
    <emp:numeroEmpenho>1228002</emp:numeroEmpenho>
    <emp:dataEmisEmpenho>2020-12-28</emp:dataEmisEmpenho>
    <emp:tipoModaLicitacao>6</emp:tipoModaLicitacao>
    <emp:naProcLicitatorio>
      <gen:numero>000000</gen:numero>
      <gen:ano>0000</gen:ano>
    </emp:naProcLicitatorio>
    <emp:historicoEmpenho>VALOR EMPENHADO PARA INCENTIVO DE SERVICOS DE PROFISSIONAL DA LINHA DE FRENTE NO COMBATE AO COVID-19</emp:historicoEmpenho>
    <emp:cpfOrdeDespesa>00048024899</emp:cpfOrdeDespesa>
    <emp:cpfCnpjCredor>84016256372</emp:cpfCnpjCredor>
    <emp:codigoAplicacao>115</emp:codigoAplicacao>
    <emp:tipoEmpenho>1</emp:tipoEmpenho>
    <emp:valorEmpenho>0000000002500.00</emp:valorEmpenho>
    <emp:tipoRestPagar>1</emp:tipoRestPagar>
    <emp:numeroContTce></emp:numeroContTce>
  </emp:RestosApagar>
  <emp:RestosApagar>
    <emp:codigoUnidOrcamentaria>020401</emp:codigoUnidOrcamentaria>
    <emp:codigoFuncao>10</emp:codigoFuncao>
    <emp:codigoSubFuncao>301</emp:codigoSubFuncao>
    <emp:codigoPrograma>0020</emp:codigoPrograma>
    <emp:codigoAcao>2160</emp:codigoAcao>
    <emp:codigoCateEconomica>3</emp:codigoCateEconomica>
    <emp:codigoNatuDespesa>3</emp:codigoNatuDespesa>
    <emp:codigoModaAplicacao>90</emp:codigoModaAplicacao>
    <emp:codigoElemDespesa>36</emp:codigoElemDespesa>
    <emp:codigoSubeDespesa>3606</emp:codigoSubeDespesa>
    <emp:fonteRecurso>
      <gen:ioc>1</gen:ioc>
      <gen:tipoFontRecurso>214</gen:tipoFontRecurso>
      <gen:anoIngrFontRecurso>9999</gen:anoIngrFontRecurso>
    </emp:fonteRecurso>
    <emp:anoEmisEmpenho>2020</emp:anoEmisEmpenho>
    <emp:numeroEmpenho>1228003</emp:numeroEmpenho>
    <emp:dataEmisEmpenho>2020-12-28</emp:dataEmisEmpenho>
    <emp:tipoModaLicitacao>6</emp:tipoModaLicitacao>
    <emp:naProcLicitatorio>
      <gen:numero>000000</gen:numero>
      <gen:ano>0000</gen:ano>
    </emp:naProcLicitatorio>
    <emp:historicoEmpenho>VALOR EMPENHADO PARA AGAMENTO DE SERVICOS DE ENFERMAGEM DO CENTRO DE COVID.</emp:historicoEmpenho>
    <emp:cpfOrdeDespesa>00048024899</emp:cpfOrdeDespesa>
    <emp:cpfCnpjCredor>06383605364</emp:cpfCnpjCredor>
    <emp:codigoAplicacao>115</emp:codigoAplicacao>
    <emp:tipoEmpenho>1</emp:tipoEmpenho>
    <emp:valorEmpenho>0000000001045.00</emp:valorEmpenho>
    <emp:tipoRestPagar>1</emp:tipoRestPagar>
    <emp:numeroContTce></emp:numeroContTce>
  </emp:RestosApagar>
  <emp:RestosApagar>
    <emp:codigoUnidOrcamentaria>020401</emp:codigoUnidOrcamentaria>
    <emp:codigoFuncao>10</emp:codigoFuncao>
    <emp:codigoSubFuncao>301</emp:codigoSubFuncao>
    <emp:codigoPrograma>0020</emp:codigoPrograma>
    <emp:codigoAcao>2160</emp:codigoAcao>
    <emp:codigoCateEconomica>3</emp:codigoCateEconomica>
    <emp:codigoNatuDespesa>3</emp:codigoNatuDespesa>
    <emp:codigoModaAplicacao>90</emp:codigoModaAplicacao>
    <emp:codigoElemDespesa>36</emp:codigoElemDespesa>
    <emp:codigoSubeDespesa>3606</emp:codigoSubeDespesa>
    <emp:fonteRecurso>
      <gen:ioc>1</gen:ioc>
      <gen:tipoFontRecurso>214</gen:tipoFontRecurso>
      <gen:anoIngrFontRecurso>9999</gen:anoIngrFontRecurso>
    </emp:fonteRecurso>
    <emp:anoEmisEmpenho>2020</emp:anoEmisEmpenho>
    <emp:numeroEmpenho>1228008</emp:numeroEmpenho>
    <emp:dataEmisEmpenho>2020-12-28</emp:dataEmisEmpenho>
    <emp:tipoModaLicitacao>6</emp:tipoModaLicitacao>
    <emp:naProcLicitatorio>
      <gen:numero>000000</gen:numero>
      <gen:ano>0000</gen:ano>
    </emp:naProcLicitatorio>
    <emp:historicoEmpenho>VALOR QUE SE EMPENHA PARA PAGAMENTO DE SERVICOS PRESTADO COMO SOCORRISTA DO SAMU JUNTO A SECRETARIA DE SAUDE. REF.12 2020</emp:historicoEmpenho>
    <emp:cpfOrdeDespesa>00048024899</emp:cpfOrdeDespesa>
    <emp:cpfCnpjCredor>04720133355</emp:cpfCnpjCredor>
    <emp:codigoAplicacao>115</emp:codigoAplicacao>
    <emp:tipoEmpenho>1</emp:tipoEmpenho>
    <emp:valorEmpenho>0000000001744.20</emp:valorEmpenho>
    <emp:tipoRestPagar>1</emp:tipoRestPagar>
    <emp:numeroContTce></emp:numeroContTce>
  </emp:RestosApagar>
  <emp:RestosApagar>
    <emp:codigoUnidOrcamentaria>020401</emp:codigoUnidOrcamentaria>
    <emp:codigoFuncao>10</emp:codigoFuncao>
    <emp:codigoSubFuncao>301</emp:codigoSubFuncao>
    <emp:codigoPrograma>0020</emp:codigoPrograma>
    <emp:codigoAcao>2160</emp:codigoAcao>
    <emp:codigoCateEconomica>3</emp:codigoCateEconomica>
    <emp:codigoNatuDespesa>3</emp:codigoNatuDespesa>
    <emp:codigoModaAplicacao>90</emp:codigoModaAplicacao>
    <emp:codigoElemDespesa>36</emp:codigoElemDespesa>
    <emp:codigoSubeDespesa>3627</emp:codigoSubeDespesa>
    <emp:fonteRecurso>
      <gen:ioc>1</gen:ioc>
      <gen:tipoFontRecurso>214</gen:tipoFontRecurso>
      <gen:anoIngrFontRecurso>9999</gen:anoIngrFontRecurso>
    </emp:fonteRecurso>
    <emp:anoEmisEmpenho>2020</emp:anoEmisEmpenho>
    <emp:numeroEmpenho>1228004</emp:numeroEmpenho>
    <emp:dataEmisEmpenho>2020-12-28</emp:dataEmisEmpenho>
    <emp:tipoModaLicitacao>6</emp:tipoModaLicitacao>
    <emp:naProcLicitatorio>
      <gen:numero>000000</gen:numero>
      <gen:ano>0000</gen:ano>
    </emp:naProcLicitatorio>
    <emp:historicoEmpenho>VALOR EMPENHADO PARA PAGAMENTO DE SERVICOS PRESTADOS COMO MOTORISTA DO CENTRO DE COVID NESTE MUNICIPIO</emp:historicoEmpenho>
    <emp:cpfOrdeDespesa>00048024899</emp:cpfOrdeDespesa>
    <emp:cpfCnpjCredor>30987094807</emp:cpfCnpjCredor>
    <emp:codigoAplicacao>115</emp:codigoAplicacao>
    <emp:tipoEmpenho>1</emp:tipoEmpenho>
    <emp:valorEmpenho>0000000001045.00</emp:valorEmpenho>
    <emp:tipoRestPagar>1</emp:tipoRestPagar>
    <emp:numeroContTce></emp:numeroContTce>
  </emp:RestosApagar>
  <emp:RestosApagar>
    <emp:codigoUnidOrcamentaria>020401</emp:codigoUnidOrcamentaria>
    <emp:codigoFuncao>10</emp:codigoFuncao>
    <emp:codigoSubFuncao>301</emp:codigoSubFuncao>
    <emp:codigoPrograma>0020</emp:codigoPrograma>
    <emp:codigoAcao>2160</emp:codigoAcao>
    <emp:codigoCateEconomica>3</emp:codigoCateEconomica>
    <emp:codigoNatuDespesa>3</emp:codigoNatuDespesa>
    <emp:codigoModaAplicacao>90</emp:codigoModaAplicacao>
    <emp:codigoElemDespesa>36</emp:codigoElemDespesa>
    <emp:codigoSubeDespesa>3627</emp:codigoSubeDespesa>
    <emp:fonteRecurso>
      <gen:ioc>1</gen:ioc>
      <gen:tipoFontRecurso>214</gen:tipoFontRecurso>
      <gen:anoIngrFontRecurso>9999</gen:anoIngrFontRecurso>
    </emp:fonteRecurso>
    <emp:anoEmisEmpenho>2020</emp:anoEmisEmpenho>
    <emp:numeroEmpenho>1228005</emp:numeroEmpenho>
    <emp:dataEmisEmpenho>2020-12-28</emp:dataEmisEmpenho>
    <emp:tipoModaLicitacao>6</emp:tipoModaLicitacao>
    <emp:naProcLicitatorio>
      <gen:numero>000000</gen:numero>
      <gen:ano>0000</gen:ano>
    </emp:naProcLicitatorio>
    <emp:historicoEmpenho>VALOR EMPENHADO PARA PAGAMENTO DE SERVICOS PRESTADOS DE PROFISSIONAIS ATUANDO NA LINHA DE FRENTE DE COMBATE AO COVID-19</emp:historicoEmpenho>
    <emp:cpfOrdeDespesa>00048024899</emp:cpfOrdeDespesa>
    <emp:cpfCnpjCredor>05108046324</emp:cpfCnpjCredor>
    <emp:codigoAplicacao>115</emp:codigoAplicacao>
    <emp:tipoEmpenho>1</emp:tipoEmpenho>
    <emp:valorEmpenho>0000000000800.00</emp:valorEmpenho>
    <emp:tipoRestPagar>1</emp:tipoRestPagar>
    <emp:numeroContTce></emp:numeroContTce>
  </emp:RestosApagar>
  <emp:RestosApagar>
    <emp:codigoUnidOrcamentaria>020401</emp:codigoUnidOrcamentaria>
    <emp:codigoFuncao>10</emp:codigoFuncao>
    <emp:codigoSubFuncao>301</emp:codigoSubFuncao>
    <emp:codigoPrograma>0020</emp:codigoPrograma>
    <emp:codigoAcao>2160</emp:codigoAcao>
    <emp:codigoCateEconomica>3</emp:codigoCateEconomica>
    <emp:codigoNatuDespesa>3</emp:codigoNatuDespesa>
    <emp:codigoModaAplicacao>90</emp:codigoModaAplicacao>
    <emp:codigoElemDespesa>36</emp:codigoElemDespesa>
    <emp:codigoSubeDespesa>3627</emp:codigoSubeDespesa>
    <emp:fonteRecurso>
      <gen:ioc>1</gen:ioc>
      <gen:tipoFontRecurso>214</gen:tipoFontRecurso>
      <gen:anoIngrFontRecurso>9999</gen:anoIngrFontRecurso>
    </emp:fonteRecurso>
    <emp:anoEmisEmpenho>2020</emp:anoEmisEmpenho>
    <emp:numeroEmpenho>1228006</emp:numeroEmpenho>
    <emp:dataEmisEmpenho>2020-12-28</emp:dataEmisEmpenho>
    <emp:tipoModaLicitacao>6</emp:tipoModaLicitacao>
    <emp:naProcLicitatorio>
      <gen:numero>000000</gen:numero>
      <gen:ano>0000</gen:ano>
    </emp:naProcLicitatorio>
    <emp:historicoEmpenho>VALOR EMPENHADO PARA PAGAMNETO DE SERVICOS PRESTADOS COMOMOTORISTA NO CENTRO DE COVID</emp:historicoEmpenho>
    <emp:cpfOrdeDespesa>00048024899</emp:cpfOrdeDespesa>
    <emp:cpfCnpjCredor>12892749832</emp:cpfCnpjCredor>
    <emp:codigoAplicacao>115</emp:codigoAplicacao>
    <emp:tipoEmpenho>1</emp:tipoEmpenho>
    <emp:valorEmpenho>0000000001045.00</emp:valorEmpenho>
    <emp:tipoRestPagar>1</emp:tipoRestPagar>
    <emp:numeroContTce></emp:numeroContTce>
  </emp:RestosApagar>
  <emp:RestosApagar>
    <emp:codigoUnidOrcamentaria>020401</emp:codigoUnidOrcamentaria>
    <emp:codigoFuncao>10</emp:codigoFuncao>
    <emp:codigoSubFuncao>301</emp:codigoSubFuncao>
    <emp:codigoPrograma>0020</emp:codigoPrograma>
    <emp:codigoAcao>2160</emp:codigoAcao>
    <emp:codigoCateEconomica>3</emp:codigoCateEconomica>
    <emp:codigoNatuDespesa>3</emp:codigoNatuDespesa>
    <emp:codigoModaAplicacao>90</emp:codigoModaAplicacao>
    <emp:codigoElemDespesa>36</emp:codigoElemDespesa>
    <emp:codigoSubeDespesa>3627</emp:codigoSubeDespesa>
    <emp:fonteRecurso>
      <gen:ioc>1</gen:ioc>
      <gen:tipoFontRecurso>214</gen:tipoFontRecurso>
      <gen:anoIngrFontRecurso>9999</gen:anoIngrFontRecurso>
    </emp:fonteRecurso>
    <emp:anoEmisEmpenho>2020</emp:anoEmisEmpenho>
    <emp:numeroEmpenho>1228007</emp:numeroEmpenho>
    <emp:dataEmisEmpenho>2020-12-28</emp:dataEmisEmpenho>
    <emp:tipoModaLicitacao>6</emp:tipoModaLicitacao>
    <emp:naProcLicitatorio>
      <gen:numero>000000</gen:numero>
      <gen:ano>0000</gen:ano>
    </emp:naProcLicitatorio>
    <emp:historicoEmpenho>VALOR EMPENHADO PARA PAGAMNETO DE SERVICOS GERAIS PRESTADO NO CENTRO DE COVID DO MUNICIPIO.</emp:historicoEmpenho>
    <emp:cpfOrdeDespesa>00048024899</emp:cpfOrdeDespesa>
    <emp:cpfCnpjCredor>25835562829</emp:cpfCnpjCredor>
    <emp:codigoAplicacao>115</emp:codigoAplicacao>
    <emp:tipoEmpenho>1</emp:tipoEmpenho>
    <emp:valorEmpenho>0000000000600.00</emp:valorEmpenho>
    <emp:tipoRestPagar>1</emp:tipoRestPagar>
    <emp:numeroContTce></emp:numeroContTce>
  </emp:RestosApagar>
  <emp:RestosApagar>
    <emp:codigoUnidOrcamentaria>020401</emp:codigoUnidOrcamentaria>
    <emp:codigoFuncao>10</emp:codigoFuncao>
    <emp:codigoSubFuncao>301</emp:codigoSubFuncao>
    <emp:codigoPrograma>0020</emp:codigoPrograma>
    <emp:codigoAcao>2160</emp:codigoAcao>
    <emp:codigoCateEconomica>3</emp:codigoCateEconomica>
    <emp:codigoNatuDespesa>3</emp:codigoNatuDespesa>
    <emp:codigoModaAplicacao>90</emp:codigoModaAplicacao>
    <emp:codigoElemDespesa>36</emp:codigoElemDespesa>
    <emp:codigoSubeDespesa>3627</emp:codigoSubeDespesa>
    <emp:fonteRecurso>
      <gen:ioc>1</gen:ioc>
      <gen:tipoFontRecurso>214</gen:tipoFontRecurso>
      <gen:anoIngrFontRecurso>9999</gen:anoIngrFontRecurso>
    </emp:fonteRecurso>
    <emp:anoEmisEmpenho>2020</emp:anoEmisEmpenho>
    <emp:numeroEmpenho>1228009</emp:numeroEmpenho>
    <emp:dataEmisEmpenho>2020-12-28</emp:dataEmisEmpenho>
    <emp:tipoModaLicitacao>6</emp:tipoModaLicitacao>
    <emp:naProcLicitatorio>
      <gen:numero>000000</gen:numero>
      <gen:ano>0000</gen:ano>
    </emp:naProcLicitatorio>
    <emp:historicoEmpenho>VALOR QUE SE EMPENHA PARA PAGAMENTO DE SERVICOS PRESTADO COMO SOCORRISTA DO SAMU JUNTO A SECRETARIA DE SAUDE. REF. 12 2019</emp:historicoEmpenho>
    <emp:cpfOrdeDespesa>00048024899</emp:cpfOrdeDespesa>
    <emp:cpfCnpjCredor>14066903843</emp:cpfCnpjCredor>
    <emp:codigoAplicacao>115</emp:codigoAplicacao>
    <emp:tipoEmpenho>1</emp:tipoEmpenho>
    <emp:valorEmpenho>0000000001744.20</emp:valorEmpenho>
    <emp:tipoRestPagar>1</emp:tipoRestPagar>
    <emp:numeroContTce></emp:numeroContTce>
  </emp:RestosApagar>
  <emp:RestosApagar>
    <emp:codigoUnidOrcamentaria>020401</emp:codigoUnidOrcamentaria>
    <emp:codigoFuncao>10</emp:codigoFuncao>
    <emp:codigoSubFuncao>301</emp:codigoSubFuncao>
    <emp:codigoPrograma>0020</emp:codigoPrograma>
    <emp:codigoAcao>2160</emp:codigoAcao>
    <emp:codigoCateEconomica>3</emp:codigoCateEconomica>
    <emp:codigoNatuDespesa>3</emp:codigoNatuDespesa>
    <emp:codigoModaAplicacao>90</emp:codigoModaAplicacao>
    <emp:codigoElemDespesa>36</emp:codigoElemDespesa>
    <emp:codigoSubeDespesa>3627</emp:codigoSubeDespesa>
    <emp:fonteRecurso>
      <gen:ioc>1</gen:ioc>
      <gen:tipoFontRecurso>214</gen:tipoFontRecurso>
      <gen:anoIngrFontRecurso>9999</gen:anoIngrFontRecurso>
    </emp:fonteRecurso>
    <emp:anoEmisEmpenho>2020</emp:anoEmisEmpenho>
    <emp:numeroEmpenho>1228010</emp:numeroEmpenho>
    <emp:dataEmisEmpenho>2020-12-28</emp:dataEmisEmpenho>
    <emp:tipoModaLicitacao>6</emp:tipoModaLicitacao>
    <emp:naProcLicitatorio>
      <gen:numero>000000</gen:numero>
      <gen:ano>0000</gen:ano>
    </emp:naProcLicitatorio>
    <emp:historicoEmpenho>VALOR QUE SE EMPENHA PARA PAGAMENTO DE SERVICOS PRESTADO COMO SOCORRISTA DO SAMU JUNTO A SECRETARIA DE SAUDE. REF. 12 2019</emp:historicoEmpenho>
    <emp:cpfOrdeDespesa>00048024899</emp:cpfOrdeDespesa>
    <emp:cpfCnpjCredor>01674921365</emp:cpfCnpjCredor>
    <emp:codigoAplicacao>115</emp:codigoAplicacao>
    <emp:tipoEmpenho>1</emp:tipoEmpenho>
    <emp:valorEmpenho>0000000001744.20</emp:valorEmpenho>
    <emp:tipoRestPagar>1</emp:tipoRestPagar>
    <emp:numeroContTce></emp:numeroContTce>
  </emp:RestosApagar>
  <emp:RestosApagar>
    <emp:codigoUnidOrcamentaria>020401</emp:codigoUnidOrcamentaria>
    <emp:codigoFuncao>10</emp:codigoFuncao>
    <emp:codigoSubFuncao>301</emp:codigoSubFuncao>
    <emp:codigoPrograma>0020</emp:codigoPrograma>
    <emp:codigoAcao>2160</emp:codigoAcao>
    <emp:codigoCateEconomica>3</emp:codigoCateEconomica>
    <emp:codigoNatuDespesa>3</emp:codigoNatuDespesa>
    <emp:codigoModaAplicacao>90</emp:codigoModaAplicacao>
    <emp:codigoElemDespesa>36</emp:codigoElemDespesa>
    <emp:codigoSubeDespesa>3627</emp:codigoSubeDespesa>
    <emp:fonteRecurso>
      <gen:ioc>1</gen:ioc>
      <gen:tipoFontRecurso>214</gen:tipoFontRecurso>
      <gen:anoIngrFontRecurso>9999</gen:anoIngrFontRecurso>
    </emp:fonteRecurso>
    <emp:anoEmisEmpenho>2020</emp:anoEmisEmpenho>
    <emp:numeroEmpenho>1228011</emp:numeroEmpenho>
    <emp:dataEmisEmpenho>2020-12-28</emp:dataEmisEmpenho>
    <emp:tipoModaLicitacao>6</emp:tipoModaLicitacao>
    <emp:naProcLicitatorio>
      <gen:numero>000000</gen:numero>
      <gen:ano>0000</gen:ano>
    </emp:naProcLicitatorio>
    <emp:historicoEmpenho>VALOR EMPENHADO PARA PAGAMENTO DE SERVICOS PRESTADO COMO CONDUTOR DE VEICULO DO SAMU JUNTO A SECRETARIA DE SAUDE. REF 12 2019</emp:historicoEmpenho>
    <emp:cpfOrdeDespesa>00048024899</emp:cpfOrdeDespesa>
    <emp:cpfCnpjCredor>02532039370</emp:cpfCnpjCredor>
    <emp:codigoAplicacao>115</emp:codigoAplicacao>
    <emp:tipoEmpenho>1</emp:tipoEmpenho>
    <emp:valorEmpenho>0000000001744.20</emp:valorEmpenho>
    <emp:tipoRestPagar>1</emp:tipoRestPagar>
    <emp:numeroContTce></emp:numeroContTce>
  </emp:RestosApagar>
  <emp:RestosApagar>
    <emp:codigoUnidOrcamentaria>020401</emp:codigoUnidOrcamentaria>
    <emp:codigoFuncao>10</emp:codigoFuncao>
    <emp:codigoSubFuncao>301</emp:codigoSubFuncao>
    <emp:codigoPrograma>0020</emp:codigoPrograma>
    <emp:codigoAcao>2160</emp:codigoAcao>
    <emp:codigoCateEconomica>3</emp:codigoCateEconomica>
    <emp:codigoNatuDespesa>3</emp:codigoNatuDespesa>
    <emp:codigoModaAplicacao>90</emp:codigoModaAplicacao>
    <emp:codigoElemDespesa>36</emp:codigoElemDespesa>
    <emp:codigoSubeDespesa>3627</emp:codigoSubeDespesa>
    <emp:fonteRecurso>
      <gen:ioc>1</gen:ioc>
      <gen:tipoFontRecurso>214</gen:tipoFontRecurso>
      <gen:anoIngrFontRecurso>9999</gen:anoIngrFontRecurso>
    </emp:fonteRecurso>
    <emp:anoEmisEmpenho>2020</emp:anoEmisEmpenho>
    <emp:numeroEmpenho>1228012</emp:numeroEmpenho>
    <emp:dataEmisEmpenho>2020-12-28</emp:dataEmisEmpenho>
    <emp:tipoModaLicitacao>6</emp:tipoModaLicitacao>
    <emp:naProcLicitatorio>
      <gen:numero>000000</gen:numero>
      <gen:ano>0000</gen:ano>
    </emp:naProcLicitatorio>
    <emp:historicoEmpenho>VALOR EMPENHADO REFER=SE AO PAGAMENTO DE SERVICOS PRESTADO COMO CONDUTOR DE VEICULO DO SAMU JUNTO A SECRETARIA DE SAUDE, REF 012 2020</emp:historicoEmpenho>
    <emp:cpfOrdeDespesa>00048024899</emp:cpfOrdeDespesa>
    <emp:cpfCnpjCredor>00262789361</emp:cpfCnpjCredor>
    <emp:codigoAplicacao>115</emp:codigoAplicacao>
    <emp:tipoEmpenho>1</emp:tipoEmpenho>
    <emp:valorEmpenho>0000000001744.20</emp:valorEmpenho>
    <emp:tipoRestPagar>1</emp:tipoRestPagar>
    <emp:numeroContTce></emp:numeroContTce>
  </emp:RestosApagar>
  <emp:RestosApagar>
    <emp:codigoUnidOrcamentaria>020401</emp:codigoUnidOrcamentaria>
    <emp:codigoFuncao>10</emp:codigoFuncao>
    <emp:codigoSubFuncao>301</emp:codigoSubFuncao>
    <emp:codigoPrograma>0020</emp:codigoPrograma>
    <emp:codigoAcao>2160</emp:codigoAcao>
    <emp:codigoCateEconomica>3</emp:codigoCateEconomica>
    <emp:codigoNatuDespesa>3</emp:codigoNatuDespesa>
    <emp:codigoModaAplicacao>90</emp:codigoModaAplicacao>
    <emp:codigoElemDespesa>36</emp:codigoElemDespesa>
    <emp:codigoSubeDespesa>3627</emp:codigoSubeDespesa>
    <emp:fonteRecurso>
      <gen:ioc>1</gen:ioc>
      <gen:tipoFontRecurso>214</gen:tipoFontRecurso>
      <gen:anoIngrFontRecurso>9999</gen:anoIngrFontRecurso>
    </emp:fonteRecurso>
    <emp:anoEmisEmpenho>2020</emp:anoEmisEmpenho>
    <emp:numeroEmpenho>1228013</emp:numeroEmpenho>
    <emp:dataEmisEmpenho>2020-12-28</emp:dataEmisEmpenho>
    <emp:tipoModaLicitacao>6</emp:tipoModaLicitacao>
    <emp:naProcLicitatorio>
      <gen:numero>000000</gen:numero>
      <gen:ano>0000</gen:ano>
    </emp:naProcLicitatorio>
    <emp:historicoEmpenho>VALOR QUE SE EMPENHA PARA CUSTEAR DESPESAS DE SERVIDOR PRESTADO COMO CONDUTOR DE VEICULO DO SAMU, JUNTO A SECRETARIA DE SAUDE. REF 12 2020</emp:historicoEmpenho>
    <emp:cpfOrdeDespesa>00048024899</emp:cpfOrdeDespesa>
    <emp:cpfCnpjCredor>26166008899</emp:cpfCnpjCredor>
    <emp:codigoAplicacao>115</emp:codigoAplicacao>
    <emp:tipoEmpenho>1</emp:tipoEmpenho>
    <emp:valorEmpenho>0000000001744.20</emp:valorEmpenho>
    <emp:tipoRestPagar>1</emp:tipoRestPagar>
    <emp:numeroContTce></emp:numeroContTce>
  </emp:RestosApagar>
  <emp:RestosApagar>
    <emp:codigoUnidOrcamentaria>020401</emp:codigoUnidOrcamentaria>
    <emp:codigoFuncao>10</emp:codigoFuncao>
    <emp:codigoSubFuncao>301</emp:codigoSubFuncao>
    <emp:codigoPrograma>0020</emp:codigoPrograma>
    <emp:codigoAcao>2160</emp:codigoAcao>
    <emp:codigoCateEconomica>3</emp:codigoCateEconomica>
    <emp:codigoNatuDespesa>3</emp:codigoNatuDespesa>
    <emp:codigoModaAplicacao>90</emp:codigoModaAplicacao>
    <emp:codigoElemDespesa>36</emp:codigoElemDespesa>
    <emp:codigoSubeDespesa>3630</emp:codigoSubeDespesa>
    <emp:fonteRecurso>
      <gen:ioc>1</gen:ioc>
      <gen:tipoFontRecurso>214</gen:tipoFontRecurso>
      <gen:anoIngrFontRecurso>9999</gen:anoIngrFontRecurso>
    </emp:fonteRecurso>
    <emp:anoEmisEmpenho>2020</emp:anoEmisEmpenho>
    <emp:numeroEmpenho>1227003</emp:numeroEmpenho>
    <emp:dataEmisEmpenho>2020-12-27</emp:dataEmisEmpenho>
    <emp:tipoModaLicitacao>6</emp:tipoModaLicitacao>
    <emp:naProcLicitatorio>
      <gen:numero>000000</gen:numero>
      <gen:ano>0000</gen:ano>
    </emp:naProcLicitatorio>
    <emp:historicoEmpenho>VALOR EMPENHADO PARA PAGAMNETO DE SERVICOS PRESTADOS COMO DIRETOR CLINICO DO CENTRO DE ATENDIMENTO DO COVID-19 DE AVELINO LOPES</emp:historicoEmpenho>
    <emp:cpfOrdeDespesa>00048024899</emp:cpfOrdeDespesa>
    <emp:cpfCnpjCredor>31011171864</emp:cpfCnpjCredor>
    <emp:codigoAplicacao>115</emp:codigoAplicacao>
    <emp:tipoEmpenho>1</emp:tipoEmpenho>
    <emp:valorEmpenho>0000000018000.00</emp:valorEmpenho>
    <emp:tipoRestPagar>1</emp:tipoRestPagar>
    <emp:numeroContTce></emp:numeroContTce>
  </emp:RestosApagar>
  <emp:RestosApagar>
    <emp:codigoUnidOrcamentaria>020401</emp:codigoUnidOrcamentaria>
    <emp:codigoFuncao>10</emp:codigoFuncao>
    <emp:codigoSubFuncao>301</emp:codigoSubFuncao>
    <emp:codigoPrograma>0020</emp:codigoPrograma>
    <emp:codigoAcao>2160</emp:codigoAcao>
    <emp:codigoCateEconomica>3</emp:codigoCateEconomica>
    <emp:codigoNatuDespesa>3</emp:codigoNatuDespesa>
    <emp:codigoModaAplicacao>90</emp:codigoModaAplicacao>
    <emp:codigoElemDespesa>39</emp:codigoElemDespesa>
    <emp:codigoSubeDespesa>3999</emp:codigoSubeDespesa>
    <emp:fonteRecurso>
      <gen:ioc>1</gen:ioc>
      <gen:tipoFontRecurso>214</gen:tipoFontRecurso>
      <gen:anoIngrFontRecurso>9999</gen:anoIngrFontRecurso>
    </emp:fonteRecurso>
    <emp:anoEmisEmpenho>2020</emp:anoEmisEmpenho>
    <emp:numeroEmpenho>1228014</emp:numeroEmpenho>
    <emp:dataEmisEmpenho>2020-12-28</emp:dataEmisEmpenho>
    <emp:tipoModaLicitacao>6</emp:tipoModaLicitacao>
    <emp:naProcLicitatorio>
      <gen:numero>000000</gen:numero>
      <gen:ano>0000</gen:ano>
    </emp:naProcLicitatorio>
    <emp:historicoEmpenho>VALOR QUE SE EMPENHA PARA PAGAMENTO DE SERVICOS PRESTADOS NO TRANSPORTE DE PESSOAS DE AVELINO LOPES A TERESINA AVELINO LOPES.</emp:historicoEmpenho>
    <emp:cpfOrdeDespesa>00048024899</emp:cpfOrdeDespesa>
    <emp:cpfCnpjCredor>12340001000164</emp:cpfCnpjCredor>
    <emp:codigoAplicacao>115</emp:codigoAplicacao>
    <emp:tipoEmpenho>1</emp:tipoEmpenho>
    <emp:valorEmpenho>0000000004550.00</emp:valorEmpenho>
    <emp:tipoRestPagar>1</emp:tipoRestPagar>
    <emp:numeroContTce></emp:numeroContTce>
  </emp:RestosApagar>
  <emp:RestosApagar>
    <emp:codigoUnidOrcamentaria>020401</emp:codigoUnidOrcamentaria>
    <emp:codigoFuncao>10</emp:codigoFuncao>
    <emp:codigoSubFuncao>301</emp:codigoSubFuncao>
    <emp:codigoPrograma>0025</emp:codigoPrograma>
    <emp:codigoAcao>2185</emp:codigoAcao>
    <emp:codigoCateEconomica>3</emp:codigoCateEconomica>
    <emp:codigoNatuDespesa>1</emp:codigoNatuDespesa>
    <emp:codigoModaAplicacao>90</emp:codigoModaAplicacao>
    <emp:codigoElemDespesa>11</emp:codigoElemDespesa>
    <emp:codigoSubeDespesa>1101</emp:codigoSubeDespesa>
    <emp:fonteRecurso>
      <gen:ioc>1</gen:ioc>
      <gen:tipoFontRecurso>214</gen:tipoFontRecurso>
      <gen:anoIngrFontRecurso>9999</gen:anoIngrFontRecurso>
    </emp:fonteRecurso>
    <emp:anoEmisEmpenho>2020</emp:anoEmisEmpenho>
    <emp:numeroEmpenho>1230027</emp:numeroEmpenho>
    <emp:dataEmisEmpenho>2020-12-30</emp:dataEmisEmpenho>
    <emp:tipoModaLicitacao>6</emp:tipoModaLicitacao>
    <emp:naProcLicitatorio>
      <gen:numero>000000</gen:numero>
      <gen:ano>0000</gen:ano>
    </emp:naProcLicitatorio>
    <emp:historicoEmpenho>VALOR QUE SE EMPENHA PARA PAGAMENTO DE VENCIMENTO DOS AGENTES COMUNITARIOS DE SAUDE. REF 12 2020</emp:historicoEmpenho>
    <emp:cpfOrdeDespesa>00048024899</emp:cpfOrdeDespesa>
    <emp:cpfCnpjCredor>00000000000000</emp:cpfCnpjCredor>
    <emp:codigoAplicacao>115</emp:codigoAplicacao>
    <emp:tipoEmpenho>1</emp:tipoEmpenho>
    <emp:valorEmpenho>0000000045679.82</emp:valorEmpenho>
    <emp:tipoRestPagar>1</emp:tipoRestPagar>
    <emp:numeroContTce></emp:numeroContTce>
  </emp:RestosApagar>
  <emp:RestosApagar>
    <emp:codigoUnidOrcamentaria>020501</emp:codigoUnidOrcamentaria>
    <emp:codigoFuncao>8</emp:codigoFuncao>
    <emp:codigoSubFuncao>244</emp:codigoSubFuncao>
    <emp:codigoPrograma>0016</emp:codigoPrograma>
    <emp:codigoAcao>2150</emp:codigoAcao>
    <emp:codigoCateEconomica>3</emp:codigoCateEconomica>
    <emp:codigoNatuDespesa>3</emp:codigoNatuDespesa>
    <emp:codigoModaAplicacao>90</emp:codigoModaAplicacao>
    <emp:codigoElemDespesa>36</emp:codigoElemDespesa>
    <emp:codigoSubeDespesa>3606</emp:codigoSubeDespesa>
    <emp:fonteRecurso>
      <gen:ioc>1</gen:ioc>
      <gen:tipoFontRecurso>311</gen:tipoFontRecurso>
      <gen:anoIngrFontRecurso>9999</gen:anoIngrFontRecurso>
    </emp:fonteRecurso>
    <emp:anoEmisEmpenho>2020</emp:anoEmisEmpenho>
    <emp:numeroEmpenho>0506028</emp:numeroEmpenho>
    <emp:dataEmisEmpenho>2020-05-06</emp:dataEmisEmpenho>
    <emp:tipoModaLicitacao>6</emp:tipoModaLicitacao>
    <emp:naProcLicitatorio>
      <gen:numero>000000</gen:numero>
      <gen:ano>0000</gen:ano>
    </emp:naProcLicitatorio>
    <emp:historicoEmpenho>VALOR QUE SE EMPENHA REFERENTE A SERVICO PRESTADO COMO COORDENADORA DO CREAS REF. ABRIL 2020.</emp:historicoEmpenho>
    <emp:cpfOrdeDespesa>71506098304</emp:cpfOrdeDespesa>
    <emp:cpfCnpjCredor>02295429307</emp:cpfCnpjCredor>
    <emp:codigoAplicacao>400</emp:codigoAplicacao>
    <emp:tipoEmpenho>1</emp:tipoEmpenho>
    <emp:valorEmpenho>0000000000000.15</emp:valorEmpenho>
    <emp:tipoRestPagar>1</emp:tipoRestPagar>
    <emp:numeroContTce></emp:numeroContTce>
  </emp:RestosApagar>
  <emp:RestosApagar>
    <emp:codigoUnidOrcamentaria>020501</emp:codigoUnidOrcamentaria>
    <emp:codigoFuncao>8</emp:codigoFuncao>
    <emp:codigoSubFuncao>244</emp:codigoSubFuncao>
    <emp:codigoPrograma>0016</emp:codigoPrograma>
    <emp:codigoAcao>2150</emp:codigoAcao>
    <emp:codigoCateEconomica>3</emp:codigoCateEconomica>
    <emp:codigoNatuDespesa>3</emp:codigoNatuDespesa>
    <emp:codigoModaAplicacao>90</emp:codigoModaAplicacao>
    <emp:codigoElemDespesa>36</emp:codigoElemDespesa>
    <emp:codigoSubeDespesa>3606</emp:codigoSubeDespesa>
    <emp:fonteRecurso>
      <gen:ioc>1</gen:ioc>
      <gen:tipoFontRecurso>311</gen:tipoFontRecurso>
      <gen:anoIngrFontRecurso>9999</gen:anoIngrFontRecurso>
    </emp:fonteRecurso>
    <emp:anoEmisEmpenho>2020</emp:anoEmisEmpenho>
    <emp:numeroEmpenho>1204013</emp:numeroEmpenho>
    <emp:dataEmisEmpenho>2020-12-04</emp:dataEmisEmpenho>
    <emp:tipoModaLicitacao>6</emp:tipoModaLicitacao>
    <emp:naProcLicitatorio>
      <gen:numero>000000</gen:numero>
      <gen:ano>0000</gen:ano>
    </emp:naProcLicitatorio>
    <emp:historicoEmpenho>VALOR QUE SE EMPENHA REFERENTE A SERVICO DE COORDENADORA DE CURSOS PROFISSIONALIZANTES BARBANTE E CROCHE PARA MULHERES IDOSAS, PARA SECRETARIA DE ASSISTENCIA SOCIAL. REF NOVEMBRO 2020.</emp:historicoEmpenho>
    <emp:cpfOrdeDespesa>71506098304</emp:cpfOrdeDespesa>
    <emp:cpfCnpjCredor>01684186145</emp:cpfCnpjCredor>
    <emp:codigoAplicacao>400</emp:codigoAplicacao>
    <emp:tipoEmpenho>1</emp:tipoEmpenho>
    <emp:valorEmpenho>0000000000000.50</emp:valorEmpenho>
    <emp:tipoRestPagar>1</emp:tipoRestPagar>
    <emp:numeroContTce></emp:numeroContTce>
  </emp:RestosApagar>
  <emp:RestosApagar>
    <emp:codigoUnidOrcamentaria>020501</emp:codigoUnidOrcamentaria>
    <emp:codigoFuncao>8</emp:codigoFuncao>
    <emp:codigoSubFuncao>244</emp:codigoSubFuncao>
    <emp:codigoPrograma>0016</emp:codigoPrograma>
    <emp:codigoAcao>2150</emp:codigoAcao>
    <emp:codigoCateEconomica>3</emp:codigoCateEconomica>
    <emp:codigoNatuDespesa>3</emp:codigoNatuDespesa>
    <emp:codigoModaAplicacao>90</emp:codigoModaAplicacao>
    <emp:codigoElemDespesa>36</emp:codigoElemDespesa>
    <emp:codigoSubeDespesa>3627</emp:codigoSubeDespesa>
    <emp:fonteRecurso>
      <gen:ioc>1</gen:ioc>
      <gen:tipoFontRecurso>311</gen:tipoFontRecurso>
      <gen:anoIngrFontRecurso>9999</gen:anoIngrFontRecurso>
    </emp:fonteRecurso>
    <emp:anoEmisEmpenho>2020</emp:anoEmisEmpenho>
    <emp:numeroEmpenho>1203001</emp:numeroEmpenho>
    <emp:dataEmisEmpenho>2020-12-03</emp:dataEmisEmpenho>
    <emp:tipoModaLicitacao>6</emp:tipoModaLicitacao>
    <emp:naProcLicitatorio>
      <gen:numero>000000</gen:numero>
      <gen:ano>0000</gen:ano>
    </emp:naProcLicitatorio>
    <emp:historicoEmpenho>VALOR QUE SE EMPENHA REFERENTE A SERVICOS PRESTADOS COMO VISITADORA DO PROGRAMA CRIANCA FELIZ. REF OUTUBRO 2020.</emp:historicoEmpenho>
    <emp:cpfOrdeDespesa>71506098304</emp:cpfOrdeDespesa>
    <emp:cpfCnpjCredor>06308099333</emp:cpfCnpjCredor>
    <emp:codigoAplicacao>400</emp:codigoAplicacao>
    <emp:tipoEmpenho>1</emp:tipoEmpenho>
    <emp:valorEmpenho>0000000001045.00</emp:valorEmpenho>
    <emp:tipoRestPagar>1</emp:tipoRestPagar>
    <emp:numeroContTce></emp:numeroContTce>
  </emp:RestosApagar>
  <emp:RestosApagar>
    <emp:codigoUnidOrcamentaria>010100</emp:codigoUnidOrcamentaria>
    <emp:codigoFuncao>1</emp:codigoFuncao>
    <emp:codigoSubFuncao>31</emp:codigoSubFuncao>
    <emp:codigoPrograma>0001</emp:codigoPrograma>
    <emp:codigoAcao>2001</emp:codigoAcao>
    <emp:codigoCateEconomica>3</emp:codigoCateEconomica>
    <emp:codigoNatuDespesa>3</emp:codigoNatuDespesa>
    <emp:codigoModaAplicacao>90</emp:codigoModaAplicacao>
    <emp:codigoElemDespesa>39</emp:codigoElemDespesa>
    <emp:codigoSubeDespesa>3957</emp:codigoSubeDespesa>
    <emp:fonteRecurso>
      <gen:ioc>1</gen:ioc>
      <gen:tipoFontRecurso>001</gen:tipoFontRecurso>
      <gen:anoIngrFontRecurso>9999</gen:anoIngrFontRecurso>
    </emp:fonteRecurso>
    <emp:anoEmisEmpenho>2020</emp:anoEmisEmpenho>
    <emp:numeroEmpenho>1230081</emp:numeroEmpenho>
    <emp:dataEmisEmpenho>2020-12-30</emp:dataEmisEmpenho>
    <emp:tipoModaLicitacao>6</emp:tipoModaLicitacao>
    <emp:naProcLicitatorio>
      <gen:numero>000000</gen:numero>
      <gen:ano>0000</gen:ano>
    </emp:naProcLicitatorio>
    <emp:historicoEmpenho>VALOR QUE SE EMPENHA PARA PAGAMENTO REFERENTE INCORPORACAO DA CAMARA MUNICIPAL.</emp:historicoEmpenho>
    <emp:cpfOrdeDespesa>78118425304</emp:cpfOrdeDespesa>
    <emp:cpfCnpjCredor>23624174000120</emp:cpfCnpjCredor>
    <emp:codigoAplicacao>100</emp:codigoAplicacao>
    <emp:tipoEmpenho>1</emp:tipoEmpenho>
    <emp:valorEmpenho>0000000000000.60</emp:valorEmpenho>
    <emp:tipoRestPagar>2</emp:tipoRestPagar>
    <emp:numeroContTce></emp:numeroContTce>
  </emp:RestosApagar>
  <emp:RestosApagar>
    <emp:codigoUnidOrcamentaria>020200</emp:codigoUnidOrcamentaria>
    <emp:codigoFuncao>4</emp:codigoFuncao>
    <emp:codigoSubFuncao>122</emp:codigoSubFuncao>
    <emp:codigoPrograma>0005</emp:codigoPrograma>
    <emp:codigoAcao>2040</emp:codigoAcao>
    <emp:codigoCateEconomica>3</emp:codigoCateEconomica>
    <emp:codigoNatuDespesa>3</emp:codigoNatuDespesa>
    <emp:codigoModaAplicacao>90</emp:codigoModaAplicacao>
    <emp:codigoElemDespesa>30</emp:codigoElemDespesa>
    <emp:codigoSubeDespesa>3039</emp:codigoSubeDespesa>
    <emp:fonteRecurso>
      <gen:ioc>1</gen:ioc>
      <gen:tipoFontRecurso>001</gen:tipoFontRecurso>
      <gen:anoIngrFontRecurso>9999</gen:anoIngrFontRecurso>
    </emp:fonteRecurso>
    <emp:anoEmisEmpenho>2020</emp:anoEmisEmpenho>
    <emp:numeroEmpenho>0612016</emp:numeroEmpenho>
    <emp:dataEmisEmpenho>2020-06-12</emp:dataEmisEmpenho>
    <emp:tipoModaLicitacao>6</emp:tipoModaLicitacao>
    <emp:naProcLicitatorio>
      <gen:numero>000000</gen:numero>
      <gen:ano>0000</gen:ano>
    </emp:naProcLicitatorio>
    <emp:historicoEmpenho>VALOR QUE SE EMPENHA REFERENTE PAGAMENTO DE AQUISICAO DE PECAS PARA MANUTENCAO DE VEICULOS PERTENCENTES A PREFEITURA DE AVELINO LOPES-PI.</emp:historicoEmpenho>
    <emp:cpfOrdeDespesa>64378985853</emp:cpfOrdeDespesa>
    <emp:cpfCnpjCredor>00583018000163</emp:cpfCnpjCredor>
    <emp:codigoAplicacao>100</emp:codigoAplicacao>
    <emp:tipoEmpenho>1</emp:tipoEmpenho>
    <emp:valorEmpenho>0000000000000.02</emp:valorEmpenho>
    <emp:tipoRestPagar>2</emp:tipoRestPagar>
    <emp:numeroContTce></emp:numeroContTce>
  </emp:RestosApagar>
  <emp:RestosApagar>
    <emp:codigoUnidOrcamentaria>020200</emp:codigoUnidOrcamentaria>
    <emp:codigoFuncao>4</emp:codigoFuncao>
    <emp:codigoSubFuncao>122</emp:codigoSubFuncao>
    <emp:codigoPrograma>0005</emp:codigoPrograma>
    <emp:codigoAcao>2040</emp:codigoAcao>
    <emp:codigoCateEconomica>3</emp:codigoCateEconomica>
    <emp:codigoNatuDespesa>3</emp:codigoNatuDespesa>
    <emp:codigoModaAplicacao>90</emp:codigoModaAplicacao>
    <emp:codigoElemDespesa>36</emp:codigoElemDespesa>
    <emp:codigoSubeDespesa>3606</emp:codigoSubeDespesa>
    <emp:fonteRecurso>
      <gen:ioc>1</gen:ioc>
      <gen:tipoFontRecurso>001</gen:tipoFontRecurso>
      <gen:anoIngrFontRecurso>9999</gen:anoIngrFontRecurso>
    </emp:fonteRecurso>
    <emp:anoEmisEmpenho>2020</emp:anoEmisEmpenho>
    <emp:numeroEmpenho>1130003</emp:numeroEmpenho>
    <emp:dataEmisEmpenho>2020-11-30</emp:dataEmisEmpenho>
    <emp:tipoModaLicitacao>6</emp:tipoModaLicitacao>
    <emp:naProcLicitatorio>
      <gen:numero>000000</gen:numero>
      <gen:ano>0000</gen:ano>
    </emp:naProcLicitatorio>
    <emp:historicoEmpenho>VALOR QUE SE EMPENHA REFERENTE PAGAMENTO DE SERVICOS SOBRE LEVANTAMENTO TOPOGRAFICO E MAPEAMENTO DE AREA URBANA E RURAIS NECESSARIO AO ORDENAMENTO TERRITORIAL DA CIDADE DE AVELINO LOPES.</emp:historicoEmpenho>
    <emp:cpfOrdeDespesa>64378985853</emp:cpfOrdeDespesa>
    <emp:cpfCnpjCredor>64336891320</emp:cpfCnpjCredor>
    <emp:codigoAplicacao>100</emp:codigoAplicacao>
    <emp:tipoEmpenho>1</emp:tipoEmpenho>
    <emp:valorEmpenho>0000000002500.00</emp:valorEmpenho>
    <emp:tipoRestPagar>2</emp:tipoRestPagar>
    <emp:numeroContTce></emp:numeroContTce>
  </emp:RestosApagar>
  <emp:RestosApagar>
    <emp:codigoUnidOrcamentaria>020200</emp:codigoUnidOrcamentaria>
    <emp:codigoFuncao>4</emp:codigoFuncao>
    <emp:codigoSubFuncao>122</emp:codigoSubFuncao>
    <emp:codigoPrograma>0005</emp:codigoPrograma>
    <emp:codigoAcao>2040</emp:codigoAcao>
    <emp:codigoCateEconomica>3</emp:codigoCateEconomica>
    <emp:codigoNatuDespesa>3</emp:codigoNatuDespesa>
    <emp:codigoModaAplicacao>90</emp:codigoModaAplicacao>
    <emp:codigoElemDespesa>36</emp:codigoElemDespesa>
    <emp:codigoSubeDespesa>3627</emp:codigoSubeDespesa>
    <emp:fonteRecurso>
      <gen:ioc>1</gen:ioc>
      <gen:tipoFontRecurso>001</gen:tipoFontRecurso>
      <gen:anoIngrFontRecurso>9999</gen:anoIngrFontRecurso>
    </emp:fonteRecurso>
    <emp:anoEmisEmpenho>2020</emp:anoEmisEmpenho>
    <emp:numeroEmpenho>1103056</emp:numeroEmpenho>
    <emp:dataEmisEmpenho>2020-11-03</emp:dataEmisEmpenho>
    <emp:tipoModaLicitacao>6</emp:tipoModaLicitacao>
    <emp:naProcLicitatorio>
      <gen:numero>000000</gen:numero>
      <gen:ano>0000</gen:ano>
    </emp:naProcLicitatorio>
    <emp:historicoEmpenho>VALOR REFERENTE PAGAMENTO DE SERVICO NA REMOCAO DE ENTULHO DAS RUAS DO BAIRRO BELO HORIZONTE.</emp:historicoEmpenho>
    <emp:cpfOrdeDespesa>64378985853</emp:cpfOrdeDespesa>
    <emp:cpfCnpjCredor>08451716318</emp:cpfCnpjCredor>
    <emp:codigoAplicacao>100</emp:codigoAplicacao>
    <emp:tipoEmpenho>1</emp:tipoEmpenho>
    <emp:valorEmpenho>0000000000003.00</emp:valorEmpenho>
    <emp:tipoRestPagar>2</emp:tipoRestPagar>
    <emp:numeroContTce></emp:numeroContTce>
  </emp:RestosApagar>
  <emp:RestosApagar>
    <emp:codigoUnidOrcamentaria>020401</emp:codigoUnidOrcamentaria>
    <emp:codigoFuncao>10</emp:codigoFuncao>
    <emp:codigoSubFuncao>301</emp:codigoSubFuncao>
    <emp:codigoPrograma>0020</emp:codigoPrograma>
    <emp:codigoAcao>2160</emp:codigoAcao>
    <emp:codigoCateEconomica>3</emp:codigoCateEconomica>
    <emp:codigoNatuDespesa>3</emp:codigoNatuDespesa>
    <emp:codigoModaAplicacao>90</emp:codigoModaAplicacao>
    <emp:codigoElemDespesa>36</emp:codigoElemDespesa>
    <emp:codigoSubeDespesa>3627</emp:codigoSubeDespesa>
    <emp:fonteRecurso>
      <gen:ioc>1</gen:ioc>
      <gen:tipoFontRecurso>214</gen:tipoFontRecurso>
      <gen:anoIngrFontRecurso>9999</gen:anoIngrFontRecurso>
    </emp:fonteRecurso>
    <emp:anoEmisEmpenho>2020</emp:anoEmisEmpenho>
    <emp:numeroEmpenho>1201086</emp:numeroEmpenho>
    <emp:dataEmisEmpenho>2020-12-01</emp:dataEmisEmpenho>
    <emp:tipoModaLicitacao>6</emp:tipoModaLicitacao>
    <emp:naProcLicitatorio>
      <gen:numero>000000</gen:numero>
      <gen:ano>0000</gen:ano>
    </emp:naProcLicitatorio>
    <emp:historicoEmpenho>VALOR QUE SE EMPENHA REFERENTE A ESTRUTURACAO E ACABAMENTO DO CENTRO DE COVID-19.</emp:historicoEmpenho>
    <emp:cpfOrdeDespesa>00048024899</emp:cpfOrdeDespesa>
    <emp:cpfCnpjCredor>21935920391</emp:cpfCnpjCredor>
    <emp:codigoAplicacao>115</emp:codigoAplicacao>
    <emp:tipoEmpenho>1</emp:tipoEmpenho>
    <emp:valorEmpenho>0000000000007.61</emp:valorEmpenho>
    <emp:tipoRestPagar>2</emp:tipoRestPagar>
    <emp:numeroContTce></emp:numeroContTce>
  </emp:RestosApagar>
  <emp:RestosApagar>
    <emp:codigoUnidOrcamentaria>020501</emp:codigoUnidOrcamentaria>
    <emp:codigoFuncao>8</emp:codigoFuncao>
    <emp:codigoSubFuncao>244</emp:codigoSubFuncao>
    <emp:codigoPrograma>0016</emp:codigoPrograma>
    <emp:codigoAcao>2150</emp:codigoAcao>
    <emp:codigoCateEconomica>3</emp:codigoCateEconomica>
    <emp:codigoNatuDespesa>3</emp:codigoNatuDespesa>
    <emp:codigoModaAplicacao>90</emp:codigoModaAplicacao>
    <emp:codigoElemDespesa>48</emp:codigoElemDespesa>
    <emp:codigoSubeDespesa>4899</emp:codigoSubeDespesa>
    <emp:fonteRecurso>
      <gen:ioc>1</gen:ioc>
      <gen:tipoFontRecurso>001</gen:tipoFontRecurso>
      <gen:anoIngrFontRecurso>9999</gen:anoIngrFontRecurso>
    </emp:fonteRecurso>
    <emp:anoEmisEmpenho>2020</emp:anoEmisEmpenho>
    <emp:numeroEmpenho>0404001</emp:numeroEmpenho>
    <emp:dataEmisEmpenho>2020-04-04</emp:dataEmisEmpenho>
    <emp:tipoModaLicitacao>6</emp:tipoModaLicitacao>
    <emp:naProcLicitatorio>
      <gen:numero>000000</gen:numero>
      <gen:ano>0000</gen:ano>
    </emp:naProcLicitatorio>
    <emp:historicoEmpenho>VALOR QUE SE EMPENHA E REFERENTE A PAGAMENTO DE AJUDA FINANCEIRA A PESSOA CARENTES QUE SE ENCONTRA ABAIXO DA LINHA DE POBRESA,PARA SUPRI AS NECESSIDADES CONFIGURADAS EM PEDIDO DE AJUDA.</emp:historicoEmpenho>
    <emp:cpfOrdeDespesa>71506098304</emp:cpfOrdeDespesa>
    <emp:cpfCnpjCredor>00000000000000</emp:cpfCnpjCredor>
    <emp:codigoAplicacao>400</emp:codigoAplicacao>
    <emp:tipoEmpenho>1</emp:tipoEmpenho>
    <emp:valorEmpenho>0000000000300.00</emp:valorEmpenho>
    <emp:tipoRestPagar>2</emp:tipoRestPagar>
    <emp:numeroContTce></emp:numeroContTce>
  </emp:RestosApagar>
</emp:EmpenhoseRP>
