<?xml version="1.0" encoding="ISO-8859-1"?>
<!--********************************************-->
<!--* FIORILLI SOFTWARE LTDA                   *-->
<!--* SISTEMA INTEGRADO DE PESSOAL             *-->
<!--* GERADO 06/12/2023 14:52:27               *-->
<!--* VERSAO 7.5.379.27.17234/R                *-->
<!--* USUARIO PC CONTREINA                     *-->
<!--* DOMINIO MCT                              *-->
<!--* NOME PC SERVER                           *-->
<!--* USUARIO SISTEMA quelli                   *-->
<!--********************************************-->
<his:historicos xmlns:his="http://www.tce.pi.gov.br/sagres2023/xml/historicos" xmlns:aux="http://www.tce.pi.gov.br/sagres2023/xml/cadastrosAuxiliaresSagresFolha" xmlns:gen="http://www.tce.pi.gov.br/sagres2023/xml/genericos" xmlns:tab="http://www.tce.pi.gov.br/sagres2023/xml/tabelasInternas">
  <his:PrestacaoContas>
    <aux:codigoUnidGestora>201133</aux:codigoUnidGestora>
    <aux:nomeUnidGestora>P. M. DE MORRO CABECA NO TEMPO</aux:nomeUnidGestora>
    <aux:cpfContador>01340944332</aux:cpfContador>
    <aux:cpfGestor>82387796349</aux:cpfGestor>
    <aux:anoReferencia>2023</aux:anoReferencia>
    <aux:mesReferencia>10</aux:mesReferencia>
    <aux:versaoXml>19</aux:versaoXml>
    <aux:diaInicPresContas>1</aux:diaInicPresContas>
    <aux:diaFinaPresContas>31</aux:diaFinaPresContas>
  </his:PrestacaoContas>
  <his:HistoricoPessoal>
    <his:matricula>000000000000984</his:matricula>
    <his:cpfServidor>01062910338</his:cpfServidor>
    <his:tipoEscolaridade>2</his:tipoEscolaridade>
    <his:dataAlteracao>2023-10-01</his:dataAlteracao>
    <his:endereco>
      <gen:logradouro>BAIX�O DO MEL</gen:logradouro>
      <gen:numero>0</gen:numero>
      <gen:complemento>Sem Complemento</gen:complemento>
      <gen:bairro>ZONA RURAL</gen:bairro>
      <gen:numeroCep>64968000</gen:numeroCep>
      <gen:municipio>Morro Cabe�a no Tempo</gen:municipio>
      <gen:estado>PI</gen:estado>
      <gen:telefoneFixo></gen:telefoneFixo>
      <gen:telefoneCelular>89981108670</gen:telefoneCelular>
    </his:endereco>
    <his:dadosBancarios>
      <gen:codigoBanco>001</gen:codigoBanco>
      <gen:codigoAgencia>5793</gen:codigoAgencia>
      <gen:numeroContBancaria>8663068</gen:numeroContBancaria>
    </his:dadosBancarios>
  </his:HistoricoPessoal>
  <his:HistoricoFuncional>
    <his:matricula>000000000000984</his:matricula>
    <his:cpfServidor>01062910338</his:cpfServidor>
    <his:tipoAtoPessoal>11051</his:tipoAtoPessoal>
    <his:dataMoviFuncional>2023-10-01</his:dataMoviFuncional>
    <his:informacoesAlteradas>
      <gen:atoTipo01>
        <gen:codigoCargo>00000176</gen:codigoCargo>
        <gen:codigoLotacao>000000000500009</gen:codigoLotacao>
        <gen:tipoRegiPrevidencia>1</gen:tipoRegiPrevidencia>
        <gen:tipoRegiTrabalho>0</gen:tipoRegiTrabalho>
        <gen:tipoVinculo>4</gen:tipoVinculo>
        <gen:dataNomeacao>2023-10-01</gen:dataNomeacao>
        <gen:dataExercicio>2023-10-01</gen:dataExercicio>
        <gen:dataPosse>2023-10-01</gen:dataPosse>
        <gen:numeroEdital>
          <gen:numero>000000</gen:numero>
          <gen:ano>2023</gen:ano>
        </gen:numeroEdital>
      </gen:atoTipo01>
    </his:informacoesAlteradas>
  </his:HistoricoFuncional>
  <his:HistoricoFuncional>
    <his:matricula>000000000000483</his:matricula>
    <his:cpfServidor>94984697334</his:cpfServidor>
    <his:tipoAtoPessoal>92061</his:tipoAtoPessoal>
    <his:dataMoviFuncional>2023-10-01</his:dataMoviFuncional>
    <his:informacoesAlteradas/>
  </his:HistoricoFuncional>
  <his:HistoricoFuncional>
    <his:matricula>000000000000719</his:matricula>
    <his:cpfServidor>87880318372</his:cpfServidor>
    <his:tipoAtoPessoal>21051</his:tipoAtoPessoal>
    <his:dataMoviFuncional>2023-10-01</his:dataMoviFuncional>
    <his:informacoesAlteradas/>
  </his:HistoricoFuncional>
  <his:HistoricoFuncional>
    <his:matricula>000000000000721</his:matricula>
    <his:cpfServidor>87761157391</his:cpfServidor>
    <his:tipoAtoPessoal>21051</his:tipoAtoPessoal>
    <his:dataMoviFuncional>2023-10-01</his:dataMoviFuncional>
    <his:informacoesAlteradas/>
  </his:HistoricoFuncional>
  <his:HistoricoFuncional>
    <his:matricula>000000000000211</his:matricula>
    <his:cpfServidor>04253333370</his:cpfServidor>
    <his:tipoAtoPessoal>91011</his:tipoAtoPessoal>
    <his:dataMoviFuncional>2023-10-10</his:dataMoviFuncional>
    <his:informacoesAlteradas/>
  </his:HistoricoFuncional>
  <his:HistoricoFuncional>
    <his:matricula>000000000000285</his:matricula>
    <his:cpfServidor>00824137116</his:cpfServidor>
    <his:tipoAtoPessoal>91011</his:tipoAtoPessoal>
    <his:dataMoviFuncional>2023-10-08</his:dataMoviFuncional>
    <his:informacoesAlteradas/>
  </his:HistoricoFuncional>
</his:historicos>
