<?xml version="1.0" encoding="ISO-8859-1"?>
<!--********************************************-->
<!--* FIORILLI SOFTWARE LTDA                   *-->
<!--* SISTEMA INTEGRADO DE PESSOAL             *-->
<!--* GERADO 03/01/2023 10:39:30               *-->
<!--* VERSAO 7.5.354.35.16024/R                *-->
<!--* USUARIO PC JONATAS.SILVA                 *-->
<!--* DOMINIO DCFIORILLI                       *-->
<!--* NOME PC PICONTREINA8                     *-->
<!--* USUARIO SISTEMA diego                    *-->
<!--********************************************-->
<aux:CadastrosAuxiliaresSagresFolha xmlns:fol="http://www.tce.pi.gov.br/sagres2022/xml/folhaPagamento" xmlns:aux="http://www.tce.pi.gov.br/sagres2022/xml/cadastrosAuxiliaresSagresFolha" xmlns:gen="http://www.tce.pi.gov.br/sagres2022/xml/genericos" xmlns:tab="http://www.tce.pi.gov.br/sagres2022/xml/tabelasInternas">
  <aux:PrestacaoContas>
    <aux:codigoUnidGestora>201133</aux:codigoUnidGestora>
    <aux:nomeUnidGestora>P. M. DE MORRO CABECA NO TEMPO</aux:nomeUnidGestora>
    <aux:cpfContador>01340944332</aux:cpfContador>
    <aux:cpfGestor>82387796349</aux:cpfGestor>
    <aux:anoReferencia>2022</aux:anoReferencia>
    <aux:mesReferencia>10</aux:mesReferencia>
    <aux:versaoXml>19</aux:versaoXml>
    <aux:diaInicPresContas>1</aux:diaInicPresContas>
    <aux:diaFinaPresContas>31</aux:diaFinaPresContas>
  </aux:PrestacaoContas>
  <aux:Servidor>
    <aux:matricula>000000000000650</aux:matricula>
    <aux:cpfServidor>07127769311</aux:cpfServidor>
    <aux:rgServidor>3989856</aux:rgServidor>
    <aux:orgaoExpedidor>SSPPI</aux:orgaoExpedidor>
    <aux:dataExpeCartDeIdentidade>2015-02-04</aux:dataExpeCartDeIdentidade>
    <aux:nomeServidor>V�VIA DE SENA</aux:nomeServidor>
    <aux:dataNascimento>1997-12-29</aux:dataNascimento>
    <aux:sexo>2</aux:sexo>
    <aux:tituloEleitor>000044300581511</aux:tituloEleitor>
    <aux:tipoEstaCivil>1</aux:tipoEstaCivil>
    <aux:pisPAsep>000016609318221</aux:pisPAsep>
    <aux:numeroOrgaoClasse>00000000</aux:numeroOrgaoClasse>
    <aux:cpfPai>44473362515</aux:cpfPai>
    <aux:nomePai>NELSON EVANGELISTA DE SENA</aux:nomePai>
    <aux:cpfMae>27175867840</aux:cpfMae>
    <aux:nomeMae>MARIA FRANCISCA FILHA DE SENA</aux:nomeMae>
  </aux:Servidor>
  <aux:Servidor>
    <aux:matricula>000000000000651</aux:matricula>
    <aux:cpfServidor>46752427828</aux:cpfServidor>
    <aux:rgServidor>573659850</aux:rgServidor>
    <aux:orgaoExpedidor>SSPPI</aux:orgaoExpedidor>
    <aux:dataExpeCartDeIdentidade>2022-04-13</aux:dataExpeCartDeIdentidade>
    <aux:nomeServidor>MAICONSOEL DUARTE PEREIRA</aux:nomeServidor>
    <aux:dataNascimento>1994-04-21</aux:dataNascimento>
    <aux:sexo>1</aux:sexo>
    <aux:tituloEleitor>000042166041570</aux:tituloEleitor>
    <aux:tipoEstaCivil>1</aux:tipoEstaCivil>
    <aux:pisPAsep>000016375285039</aux:pisPAsep>
    <aux:numeroOrgaoClasse>00000000</aux:numeroOrgaoClasse>
    <aux:cpfPai>56416733153</aux:cpfPai>
    <aux:nomePai>SALVADOR BISPO PEREIRA</aux:nomePai>
    <aux:cpfMae>01451719302</aux:cpfMae>
    <aux:nomeMae>MARIA ANGELICA DUARTE PEREIRA</aux:nomeMae>
  </aux:Servidor>
</aux:CadastrosAuxiliaresSagresFolha>
