<?xml version="1.0" encoding="utf-8"?>
<!--FIORILLI SOC. CIVIL LTDA - SOFTWARE-->
<!--ENVIADO POR: BRUNA LORENA-->
<!--VERSAO TCE-PI: 8.25.25.159-->
<!--VERSAO DIARIO RAZAO: 8.25.25.2144-->
<!--VERSAO EVENTOS: 2357-->
<aux:CadastrosAuxiliares xmlns:aux="http://www.tce.pi.gov.br/sagres2021/xml/cadastrosAuxiliares" xmlns:gen="http://www.tce.pi.gov.br/sagres2021/xml/genericos" xmlns:tab="http://www.tce.pi.gov.br/sagres2021/xml/tabelasInternas">
  <aux:PrestacaoContas>
    <aux:codigoUnidGestora>101017</aux:codigoUnidGestora>
    <aux:nomeUnidGestora>CAMARA MUNICIPAL DE AVELINO LOPES</aux:nomeUnidGestora>
    <aux:cpfContador>70919992315</aux:cpfContador>
    <aux:cpfGestor>00545524512</aux:cpfGestor>
    <aux:anoReferencia>2021</aux:anoReferencia>
    <aux:mesReferencia>09</aux:mesReferencia>
    <aux:versaoXml>0</aux:versaoXml>
    <aux:diaInicPresContas>01</aux:diaInicPresContas>
    <aux:diaFinaPresContas>30</aux:diaFinaPresContas>
  </aux:PrestacaoContas>
  <aux:ConciliacaoBancaria>
    <aux:codigoBanco>000</aux:codigoBanco>
    <aux:codigoAgencia>000000</aux:codigoAgencia>
    <aux:numeroContBancaria>000000000000</aux:numeroContBancaria>
    <aux:tipoContBancaria>0</aux:tipoContBancaria>
    <aux:numeroSequencial>00053120</aux:numeroSequencial>
    <aux:tipoConcBancaria>1</aux:tipoConcBancaria>
    <aux:descricaoSobrValoConciliado>SALDO EM 30 09 2021 CONFORME EXTRATO BANCARIO COMP</aux:descricaoSobrValoConciliado>
    <aux:dataFatoConciliado>2021-09-30</aux:dataFatoConciliado>
    <aux:numeroChequeDocumento>000000</aux:numeroChequeDocumento>
    <aux:numeroDocDebiAutomatico>00000000000</aux:numeroDocDebiAutomatico>
    <aux:valorConciliado>0000000000000.00</aux:valorConciliado>
  </aux:ConciliacaoBancaria>
  <aux:ConciliacaoBancaria>
    <aux:codigoBanco>104</aux:codigoBanco>
    <aux:codigoAgencia>001209</aux:codigoAgencia>
    <aux:numeroContBancaria>000000001111</aux:numeroContBancaria>
    <aux:tipoContBancaria>1</aux:tipoContBancaria>
    <aux:numeroSequencial>00053121</aux:numeroSequencial>
    <aux:tipoConcBancaria>1</aux:tipoConcBancaria>
    <aux:descricaoSobrValoConciliado>SALDO EM 30 09 2021 CONFORME EXTRATO BANCARIO COMP</aux:descricaoSobrValoConciliado>
    <aux:dataFatoConciliado>2021-09-30</aux:dataFatoConciliado>
    <aux:numeroChequeDocumento>000000</aux:numeroChequeDocumento>
    <aux:numeroDocDebiAutomatico>00000000000</aux:numeroDocDebiAutomatico>
    <aux:valorConciliado>0000000000000.00</aux:valorConciliado>
  </aux:ConciliacaoBancaria>
  <aux:ConciliacaoBancaria>
    <aux:codigoBanco>001</aux:codigoBanco>
    <aux:codigoAgencia>001209</aux:codigoAgencia>
    <aux:numeroContBancaria>000000020532</aux:numeroContBancaria>
    <aux:tipoContBancaria>1</aux:tipoContBancaria>
    <aux:numeroSequencial>00053122</aux:numeroSequencial>
    <aux:tipoConcBancaria>1</aux:tipoConcBancaria>
    <aux:descricaoSobrValoConciliado>SALDO EM 30 09 2021 CONFORME EXTRATO BANCARIO COMP</aux:descricaoSobrValoConciliado>
    <aux:dataFatoConciliado>2021-09-30</aux:dataFatoConciliado>
    <aux:numeroChequeDocumento>000000</aux:numeroChequeDocumento>
    <aux:numeroDocDebiAutomatico>00000000000</aux:numeroDocDebiAutomatico>
    <aux:valorConciliado>0000000000000.00</aux:valorConciliado>
  </aux:ConciliacaoBancaria>
  <aux:ConciliacaoBancaria>
    <aux:codigoBanco>036</aux:codigoBanco>
    <aux:codigoAgencia>001209</aux:codigoAgencia>
    <aux:numeroContBancaria>000000002121</aux:numeroContBancaria>
    <aux:tipoContBancaria>1</aux:tipoContBancaria>
    <aux:numeroSequencial>00053123</aux:numeroSequencial>
    <aux:tipoConcBancaria>1</aux:tipoConcBancaria>
    <aux:descricaoSobrValoConciliado>SALDO EM 30 09 2021 CONFORME EXTRATO BANCARIO COMP</aux:descricaoSobrValoConciliado>
    <aux:dataFatoConciliado>2021-09-30</aux:dataFatoConciliado>
    <aux:numeroChequeDocumento>000000</aux:numeroChequeDocumento>
    <aux:numeroDocDebiAutomatico>00000000000</aux:numeroDocDebiAutomatico>
    <aux:valorConciliado>0000000000000.00</aux:valorConciliado>
  </aux:ConciliacaoBancaria>
  <aux:Fornecedor>
    <aux:cpfCnpjCredor>00394460005887</aux:cpfCnpjCredor>
    <aux:nomeDenoOuRazaJuridica>RECEITA FEDERAL-MINISTERIO DA ECONOMIA</aux:nomeDenoOuRazaJuridica>
    <aux:endereco>
      <gen:logradouro>ESP DOS MINISTERIOS BLOCO</gen:logradouro>
      <gen:numero>05</gen:numero>
      <gen:complemento>SEM COMPLEMENTO</gen:complemento>
      <gen:bairro>EIXO MONUMENTAL</gen:bairro>
      <gen:numeroCep>70310500</gen:numeroCep>
      <gen:municipio>BRASILIA</gen:municipio>
      <gen:estado>DF</gen:estado>
      <gen:telefoneFixo>NAO INFORMADO</gen:telefoneFixo>
      <gen:telefoneCelular>NAO INFORMADO</gen:telefoneCelular>
    </aux:endereco>
    <aux:tipoCredor>2</aux:tipoCredor>
    <aux:identificadorFornEstrangeiro>00000000000000000000000000000000000000000000</aux:identificadorFornEstrangeiro>
  </aux:Fornecedor>
</aux:CadastrosAuxiliares>
