<?xml version="1.0" encoding="ISO-8859-1"?>
<!--********************************************-->
<!--* FIORILLI SOFTWARE LTDA                   *-->
<!--* SISTEMA INTEGRADO DE PESSOAL             *-->
<!--* GERADO 31/05/2024 15:22:34               *-->
<!--* VERSAO 7.5.390.25.17806/R                *-->
<!--* USUARIO PC EMANOEL                       *-->
<!--* DOMINIO DESKTOP-M7BKEIV                  *-->
<!--* NOME PC DESKTOP-M7BKEIV                  *-->
<!--* USUARIO SISTEMA EMANOEL                  *-->
<!--********************************************-->
<aux:CadastrosAuxiliaresSagresFolha xmlns:fol="http://www.tce.pi.gov.br/sagres2024/xml/folhaPagamento" xmlns:aux="http://www.tce.pi.gov.br/sagres2024/xml/cadastrosAuxiliaresSagresFolha" xmlns:gen="http://www.tce.pi.gov.br/sagres2024/xml/genericos" xmlns:tab="http://www.tce.pi.gov.br/sagres2024/xml/tabelasInternas">
  <aux:PrestacaoContas>
    <aux:codigoUnidGestora>201017</aux:codigoUnidGestora>
    <aux:nomeUnidGestora>P. M. DE AVELINO LOPES</aux:nomeUnidGestora>
    <aux:cpfContador>00000000000</aux:cpfContador>
    <aux:cpfGestor>01726047377</aux:cpfGestor>
    <aux:anoReferencia>2024</aux:anoReferencia>
    <aux:mesReferencia>4</aux:mesReferencia>
    <aux:versaoXml>19</aux:versaoXml>
    <aux:diaInicPresContas>1</aux:diaInicPresContas>
    <aux:diaFinaPresContas>30</aux:diaFinaPresContas>
  </aux:PrestacaoContas>
  <aux:Servidor>
    <aux:matricula>000000000200653</aux:matricula>
    <aux:cpfServidor>02457574307</aux:cpfServidor>
    <aux:rgServidor>2825814</aux:rgServidor>
    <aux:orgaoExpedidor>SSPPI</aux:orgaoExpedidor>
    <aux:dataExpeCartDeIdentidade>2009-08-01</aux:dataExpeCartDeIdentidade>
    <aux:nomeServidor>CASSIO BASTOS DA SILVA</aux:nomeServidor>
    <aux:dataNascimento>1987-09-12</aux:dataNascimento>
    <aux:sexo>1</aux:sexo>
    <aux:tituloEleitor>000003629861520</aux:tituloEleitor>
    <aux:tipoEstaCivil>1</aux:tipoEstaCivil>
    <aux:pisPAsep>000020146284377</aux:pisPAsep>
    <aux:numeroOrgaoClasse>00000000</aux:numeroOrgaoClasse>
    <aux:cpfPai>99999999999</aux:cpfPai>
    <aux:nomePai>DIONISIO DE SOUSA E SILVA</aux:nomePai>
    <aux:cpfMae>99999999999</aux:cpfMae>
    <aux:nomeMae>MARILENE SANTANA BASTOS</aux:nomeMae>
  </aux:Servidor>
  <aux:Servidor>
    <aux:matricula>000000000200655</aux:matricula>
    <aux:cpfServidor>00942792335</aux:cpfServidor>
    <aux:rgServidor>2448785</aux:rgServidor>
    <aux:orgaoExpedidor>SSPPI</aux:orgaoExpedidor>
    <aux:dataExpeCartDeIdentidade>2011-11-17</aux:dataExpeCartDeIdentidade>
    <aux:nomeServidor>SUEDINA HERMELINDA DE SANTANA</aux:nomeServidor>
    <aux:dataNascimento>1985-03-25</aux:dataNascimento>
    <aux:sexo>2</aux:sexo>
    <aux:tituloEleitor>000031365701511</aux:tituloEleitor>
    <aux:tipoEstaCivil>2</aux:tipoEstaCivil>
    <aux:pisPAsep>000020499307512</aux:pisPAsep>
    <aux:numeroOrgaoClasse>00000000</aux:numeroOrgaoClasse>
    <aux:cpfPai>99999999999</aux:cpfPai>
    <aux:nomePai>GEUSON PEREIRA DE SANTANA</aux:nomePai>
    <aux:cpfMae>99999999999</aux:cpfMae>
    <aux:nomeMae>AMEDINA HERMELINDA DE SANTANA</aux:nomeMae>
  </aux:Servidor>
  <aux:Servidor>
    <aux:matricula>000000000200656</aux:matricula>
    <aux:cpfServidor>02460383304</aux:cpfServidor>
    <aux:rgServidor>2504540</aux:rgServidor>
    <aux:orgaoExpedidor>SSPPI</aux:orgaoExpedidor>
    <aux:dataExpeCartDeIdentidade>2018-08-29</aux:dataExpeCartDeIdentidade>
    <aux:nomeServidor>AMANDA LIMA CASTELO BRANCO DE MOURA</aux:nomeServidor>
    <aux:dataNascimento>1987-09-22</aux:dataNascimento>
    <aux:sexo>2</aux:sexo>
    <aux:tituloEleitor>000000000000000</aux:tituloEleitor>
    <aux:tipoEstaCivil>1</aux:tipoEstaCivil>
    <aux:pisPAsep>000020419755483</aux:pisPAsep>
    <aux:numeroOrgaoClasse>00000000</aux:numeroOrgaoClasse>
    <aux:cpfPai>99999999999</aux:cpfPai>
    <aux:nomePai>HELIO CASTELO BRANCO BARBOSA FILHO</aux:nomePai>
    <aux:cpfMae>99999999999</aux:cpfMae>
    <aux:nomeMae>FRANCINALDA DO CARMO LIMA CASTELO BRANCO</aux:nomeMae>
  </aux:Servidor>
  <aux:Servidor>
    <aux:matricula>000000000200657</aux:matricula>
    <aux:cpfServidor>09596499300</aux:cpfServidor>
    <aux:rgServidor>4953670</aux:rgServidor>
    <aux:orgaoExpedidor>SSPPI</aux:orgaoExpedidor>
    <aux:dataExpeCartDeIdentidade>2018-11-19</aux:dataExpeCartDeIdentidade>
    <aux:nomeServidor>JOAO GABRIEL ALVES SOUSA</aux:nomeServidor>
    <aux:dataNascimento>2002-03-04</aux:dataNascimento>
    <aux:sexo>2</aux:sexo>
    <aux:tituloEleitor>000000000000000</aux:tituloEleitor>
    <aux:tipoEstaCivil>1</aux:tipoEstaCivil>
    <aux:pisPAsep>000015069259893</aux:pisPAsep>
    <aux:numeroOrgaoClasse>00000000</aux:numeroOrgaoClasse>
    <aux:cpfPai>99999999999</aux:cpfPai>
    <aux:nomePai>NILDEON BATISTA DE SOUSA</aux:nomePai>
    <aux:cpfMae>99999999999</aux:cpfMae>
    <aux:nomeMae>FATIMA ALVES</aux:nomeMae>
  </aux:Servidor>
  <aux:Servidor>
    <aux:matricula>000000000200658</aux:matricula>
    <aux:cpfServidor>10644936533</aux:cpfServidor>
    <aux:rgServidor>230249604</aux:rgServidor>
    <aux:orgaoExpedidor>SSPPI</aux:orgaoExpedidor>
    <aux:dataExpeCartDeIdentidade>2018-11-06</aux:dataExpeCartDeIdentidade>
    <aux:nomeServidor>GLAUBER LUIZ DA SILVA TEIXEIRA</aux:nomeServidor>
    <aux:dataNascimento>2005-05-23</aux:dataNascimento>
    <aux:sexo>1</aux:sexo>
    <aux:tituloEleitor>000000000000000</aux:tituloEleitor>
    <aux:tipoEstaCivil>1</aux:tipoEstaCivil>
    <aux:pisPAsep>000023787043884</aux:pisPAsep>
    <aux:numeroOrgaoClasse>00000000</aux:numeroOrgaoClasse>
    <aux:cpfPai>99999999999</aux:cpfPai>
    <aux:nomePai>JOELSON DA SILVA TEIXEIRA</aux:nomePai>
    <aux:cpfMae>99999999999</aux:cpfMae>
    <aux:nomeMae>MARY KATIA LUIZ DA SILVA TEIXEIRA</aux:nomeMae>
  </aux:Servidor>
  <aux:Servidor>
    <aux:matricula>000000000200659</aux:matricula>
    <aux:cpfServidor>03008609350</aux:cpfServidor>
    <aux:rgServidor>2907478</aux:rgServidor>
    <aux:orgaoExpedidor>SSPPI</aux:orgaoExpedidor>
    <aux:dataExpeCartDeIdentidade>2006-08-08</aux:dataExpeCartDeIdentidade>
    <aux:nomeServidor>ZURAIDE NOGUEIRA MENDES</aux:nomeServidor>
    <aux:dataNascimento>1960-08-15</aux:dataNascimento>
    <aux:sexo>2</aux:sexo>
    <aux:tituloEleitor>000000000000000</aux:tituloEleitor>
    <aux:tipoEstaCivil>1</aux:tipoEstaCivil>
    <aux:pisPAsep>000016642709366</aux:pisPAsep>
    <aux:numeroOrgaoClasse>00000000</aux:numeroOrgaoClasse>
    <aux:cpfPai>99999999999</aux:cpfPai>
    <aux:nomePai>VALDIVINOLOUREN�O DE CARVALHO</aux:nomePai>
    <aux:cpfMae>99999999999</aux:cpfMae>
    <aux:nomeMae>ANA NOGUEIRA DE CARVALHO</aux:nomeMae>
  </aux:Servidor>
  <aux:Servidor>
    <aux:matricula>000000000200660</aux:matricula>
    <aux:cpfServidor>00275692337</aux:cpfServidor>
    <aux:rgServidor>1831252</aux:rgServidor>
    <aux:orgaoExpedidor>SSPPI</aux:orgaoExpedidor>
    <aux:dataExpeCartDeIdentidade>2002-07-01</aux:dataExpeCartDeIdentidade>
    <aux:nomeServidor>SIDELICE MARIA ALVES</aux:nomeServidor>
    <aux:dataNascimento>1974-04-17</aux:dataNascimento>
    <aux:sexo>2</aux:sexo>
    <aux:tituloEleitor>000000000000000</aux:tituloEleitor>
    <aux:tipoEstaCivil>1</aux:tipoEstaCivil>
    <aux:pisPAsep>000019048667685</aux:pisPAsep>
    <aux:numeroOrgaoClasse>00000000</aux:numeroOrgaoClasse>
    <aux:cpfPai>99999999999</aux:cpfPai>
    <aux:nomePai>SIDEON JOSE ALVES</aux:nomePai>
    <aux:cpfMae>99999999999</aux:cpfMae>
    <aux:nomeMae>GEONICE MARIA ALVES</aux:nomeMae>
  </aux:Servidor>
  <aux:Servidor>
    <aux:matricula>000000000200661</aux:matricula>
    <aux:cpfServidor>05574530546</aux:cpfServidor>
    <aux:rgServidor>557938958</aux:rgServidor>
    <aux:orgaoExpedidor>SSPPI</aux:orgaoExpedidor>
    <aux:dataExpeCartDeIdentidade>1998-04-01</aux:dataExpeCartDeIdentidade>
    <aux:nomeServidor>RICHARD LUIZ SILVA MOREIRA</aux:nomeServidor>
    <aux:dataNascimento>1991-02-06</aux:dataNascimento>
    <aux:sexo>1</aux:sexo>
    <aux:tituloEleitor>000000000000000</aux:tituloEleitor>
    <aux:tipoEstaCivil>1</aux:tipoEstaCivil>
    <aux:pisPAsep>000016536733542</aux:pisPAsep>
    <aux:numeroOrgaoClasse>00000000</aux:numeroOrgaoClasse>
    <aux:cpfPai>99999999999</aux:cpfPai>
    <aux:nomePai>MARCOS MOREIRA</aux:nomePai>
    <aux:cpfMae>99999999999</aux:cpfMae>
    <aux:nomeMae>MAGNOLIA LUIZ SILVA SOUZA</aux:nomeMae>
  </aux:Servidor>
  <aux:Servidor>
    <aux:matricula>000000000200662</aux:matricula>
    <aux:cpfServidor>95849181334</aux:cpfServidor>
    <aux:rgServidor>2276292</aux:rgServidor>
    <aux:orgaoExpedidor>SSPPI</aux:orgaoExpedidor>
    <aux:dataExpeCartDeIdentidade>2000-04-01</aux:dataExpeCartDeIdentidade>
    <aux:nomeServidor>IRAN PEREIRA DA SILVA</aux:nomeServidor>
    <aux:dataNascimento>1984-01-19</aux:dataNascimento>
    <aux:sexo>2</aux:sexo>
    <aux:tituloEleitor>000000000000000</aux:tituloEleitor>
    <aux:tipoEstaCivil>1</aux:tipoEstaCivil>
    <aux:pisPAsep>000020145641915</aux:pisPAsep>
    <aux:numeroOrgaoClasse>00000000</aux:numeroOrgaoClasse>
    <aux:cpfPai>99999999999</aux:cpfPai>
    <aux:nomePai>SEBASTIAO JOSE DA SILVA</aux:nomePai>
    <aux:cpfMae>99999999999</aux:cpfMae>
    <aux:nomeMae>MAONITA PEREIRA DE SANTANA</aux:nomeMae>
  </aux:Servidor>
  <aux:Dependente>
    <aux:matricula>000000000200653</aux:matricula>
    <aux:cpfServidor>02457574307</aux:cpfServidor>
    <aux:nomeDependente>Brenda Yasmin Bastos</aux:nomeDependente>
    <aux:cpfDependente>08489678367</aux:cpfDependente>
    <aux:tipoRelaParentesco>3</aux:tipoRelaParentesco>
    <aux:dataInclusaoDependente>2024-04-29</aux:dataInclusaoDependente>
    <aux:invalidoIncapaz>0</aux:invalidoIncapaz>
    <aux:dataNascimento>2012-08-24</aux:dataNascimento>
  </aux:Dependente>
</aux:CadastrosAuxiliaresSagresFolha>
