<?xml version="1.0" encoding="utf-8"?>
<!--FIORILLI SOC. CIVIL LTDA - SOFTWARE-->
<!--ENVIADO POR: MARCELO-->
<!--VERSAO TCE-PI: 8.25.25.122-->
<!--VERSAO DIARIO RAZAO: 8.21.25.1978-->
<!--VERSAO EVENTOS: 2166-->
<aux:CadastrosAuxiliares xmlns:aux="http://www.tce.pi.gov.br/sagres2020/xml/cadastrosAuxiliares" xmlns:gen="http://www.tce.pi.gov.br/sagres2020/xml/genericos" xmlns:tab="http://www.tce.pi.gov.br/sagres2020/xml/tabelasInternas">
  <aux:PrestacaoContas>
    <aux:codigoUnidGestora>101017</aux:codigoUnidGestora>
    <aux:nomeUnidGestora>CAMARA MUNICIPAL DE AVELINO LOPES</aux:nomeUnidGestora>
    <aux:cpfContador>30912067349</aux:cpfContador>
    <aux:cpfGestor>78118425304</aux:cpfGestor>
    <aux:anoReferencia>2020</aux:anoReferencia>
    <aux:mesReferencia>10</aux:mesReferencia>
    <aux:versaoXml>0</aux:versaoXml>
    <aux:diaInicPresContas>01</aux:diaInicPresContas>
    <aux:diaFinaPresContas>31</aux:diaFinaPresContas>
  </aux:PrestacaoContas>
  <aux:Decreto>
    <aux:numeroDecreto>
      <gen:numero>000003</gen:numero>
      <gen:ano>2020</gen:ano>
    </aux:numeroDecreto>
    <aux:numeroLeiQueAutorizou>
      <gen:numero>000429</gen:numero>
      <gen:ano>2020</gen:ano>
    </aux:numeroLeiQueAutorizou>
    <aux:dataDecreto>2020-10-20</aux:dataDecreto>
    <aux:dataPublDecreto>2020-10-20</aux:dataPublDecreto>
    <aux:tipoPublicacao>1</aux:tipoPublicacao>
  </aux:Decreto>
  <aux:ConciliacaoBancaria>
    <aux:codigoBanco>000</aux:codigoBanco>
    <aux:codigoAgencia>000000</aux:codigoAgencia>
    <aux:numeroContBancaria>000000000000</aux:numeroContBancaria>
    <aux:tipoContBancaria>0</aux:tipoContBancaria>
    <aux:numeroSequencial>00000805</aux:numeroSequencial>
    <aux:tipoConcBancaria>1</aux:tipoConcBancaria>
    <aux:descricaoSobrValoConciliado>SALDO EM 31 10 2020 CONFORME EXTRATO BANCARIO COMP</aux:descricaoSobrValoConciliado>
    <aux:dataFatoConciliado>2020-10-31</aux:dataFatoConciliado>
    <aux:numeroChequeDocumento>000000</aux:numeroChequeDocumento>
    <aux:numeroDocDebiAutomatico>00000000000</aux:numeroDocDebiAutomatico>
    <aux:valorConciliado>0000000000000.00</aux:valorConciliado>
  </aux:ConciliacaoBancaria>
  <aux:ConciliacaoBancaria>
    <aux:codigoBanco>104</aux:codigoBanco>
    <aux:codigoAgencia>001209</aux:codigoAgencia>
    <aux:numeroContBancaria>000000001111</aux:numeroContBancaria>
    <aux:tipoContBancaria>1</aux:tipoContBancaria>
    <aux:numeroSequencial>00000806</aux:numeroSequencial>
    <aux:tipoConcBancaria>1</aux:tipoConcBancaria>
    <aux:descricaoSobrValoConciliado>SALDO EM 31 10 2020 CONFORME EXTRATO BANCARIO COMP</aux:descricaoSobrValoConciliado>
    <aux:dataFatoConciliado>2020-10-31</aux:dataFatoConciliado>
    <aux:numeroChequeDocumento>000000</aux:numeroChequeDocumento>
    <aux:numeroDocDebiAutomatico>00000000000</aux:numeroDocDebiAutomatico>
    <aux:valorConciliado>0000000000000.00</aux:valorConciliado>
  </aux:ConciliacaoBancaria>
  <aux:ConciliacaoBancaria>
    <aux:codigoBanco>001</aux:codigoBanco>
    <aux:codigoAgencia>001209</aux:codigoAgencia>
    <aux:numeroContBancaria>000000020532</aux:numeroContBancaria>
    <aux:tipoContBancaria>1</aux:tipoContBancaria>
    <aux:numeroSequencial>00000807</aux:numeroSequencial>
    <aux:tipoConcBancaria>1</aux:tipoConcBancaria>
    <aux:descricaoSobrValoConciliado>SALDO EM 31 10 2020 CONFORME EXTRATO BANCARIO COMP</aux:descricaoSobrValoConciliado>
    <aux:dataFatoConciliado>2020-10-31</aux:dataFatoConciliado>
    <aux:numeroChequeDocumento>000000</aux:numeroChequeDocumento>
    <aux:numeroDocDebiAutomatico>00000000000</aux:numeroDocDebiAutomatico>
    <aux:valorConciliado>0000000000000.00</aux:valorConciliado>
  </aux:ConciliacaoBancaria>
  <aux:ConciliacaoBancaria>
    <aux:codigoBanco>001</aux:codigoBanco>
    <aux:codigoAgencia>001209</aux:codigoAgencia>
    <aux:numeroContBancaria>00000020532L</aux:numeroContBancaria>
    <aux:tipoContBancaria>2</aux:tipoContBancaria>
    <aux:numeroSequencial>00000808</aux:numeroSequencial>
    <aux:tipoConcBancaria>1</aux:tipoConcBancaria>
    <aux:descricaoSobrValoConciliado>SALDO EM 31 10 2020 CONFORME EXTRATO BANCARIO COMP</aux:descricaoSobrValoConciliado>
    <aux:dataFatoConciliado>2020-10-31</aux:dataFatoConciliado>
    <aux:numeroChequeDocumento>000000</aux:numeroChequeDocumento>
    <aux:numeroDocDebiAutomatico>00000000000</aux:numeroDocDebiAutomatico>
    <aux:valorConciliado>0000000000000.00</aux:valorConciliado>
  </aux:ConciliacaoBancaria>
  <aux:ConciliacaoBancaria>
    <aux:codigoBanco>036</aux:codigoBanco>
    <aux:codigoAgencia>001209</aux:codigoAgencia>
    <aux:numeroContBancaria>000000002121</aux:numeroContBancaria>
    <aux:tipoContBancaria>1</aux:tipoContBancaria>
    <aux:numeroSequencial>00000809</aux:numeroSequencial>
    <aux:tipoConcBancaria>1</aux:tipoConcBancaria>
    <aux:descricaoSobrValoConciliado>SALDO EM 31 10 2020 CONFORME EXTRATO BANCARIO COMP</aux:descricaoSobrValoConciliado>
    <aux:dataFatoConciliado>2020-10-31</aux:dataFatoConciliado>
    <aux:numeroChequeDocumento>000000</aux:numeroChequeDocumento>
    <aux:numeroDocDebiAutomatico>00000000000</aux:numeroDocDebiAutomatico>
    <aux:valorConciliado>0000000000000.00</aux:valorConciliado>
  </aux:ConciliacaoBancaria>
  <aux:Fornecedor>
    <aux:cpfCnpjCredor>18076890000180</aux:cpfCnpjCredor>
    <aux:nomeDenoOuRazaJuridica>PAULO CAMILO DE OLIVEIRA 13444439822</aux:nomeDenoOuRazaJuridica>
    <aux:endereco>
      <gen:logradouro>RUA VITORINO ATANASIO</gen:logradouro>
      <gen:numero>411</gen:numero>
      <gen:complemento>SEM COMPLEMENTO</gen:complemento>
      <gen:bairro>CENTRO</gen:bairro>
      <gen:numeroCep>64965000</gen:numeroCep>
      <gen:municipio>AVELINO LOPES</gen:municipio>
      <gen:estado>PI</gen:estado>
      <gen:telefoneFixo>NAO INFORMADO</gen:telefoneFixo>
      <gen:telefoneCelular>NAO INFORMADO</gen:telefoneCelular>
    </aux:endereco>
    <aux:tipoCredor>2</aux:tipoCredor>
  </aux:Fornecedor>
</aux:CadastrosAuxiliares>
