<?xml version="1.0" encoding="utf-8"?>
<!--FIORILLI SOC. CIVIL LTDA - SOFTWARE-->
<!--ENVIADO POR: MARCELO-->
<!--VERSAO TCE-PI: 8.25.25.122-->
<!--VERSAO DIARIO RAZAO: 8.21.25.1978-->
<!--VERSAO EVENTOS: 2166-->
<emp:EmpenhoseRP xmlns:emp="http://www.tce.pi.gov.br/sagres2020/xml/empenhoseRP" xmlns:gen="http://www.tce.pi.gov.br/sagres2020/xml/genericos" xmlns:tab="http://www.tce.pi.gov.br/sagres2020/xml/tabelasInternas" xmlns:aux="http://www.tce.pi.gov.br/sagres2020/xml/cadastrosAuxiliares">
  <emp:PrestacaoContas>
    <aux:codigoUnidGestora>101017</aux:codigoUnidGestora>
    <aux:nomeUnidGestora>CAMARA MUNICIPAL DE AVELINO LOPES</aux:nomeUnidGestora>
    <aux:cpfContador>30912067349</aux:cpfContador>
    <aux:cpfGestor>78118425304</aux:cpfGestor>
    <aux:anoReferencia>2020</aux:anoReferencia>
    <aux:mesReferencia>10</aux:mesReferencia>
    <aux:versaoXml>0</aux:versaoXml>
    <aux:diaInicPresContas>01</aux:diaInicPresContas>
    <aux:diaFinaPresContas>31</aux:diaFinaPresContas>
  </emp:PrestacaoContas>
  <emp:Empenho>
    <emp:codigoUnidOrcamentaria>010100</emp:codigoUnidOrcamentaria>
    <emp:codigoFuncao>1</emp:codigoFuncao>
    <emp:codigoSubFuncao>31</emp:codigoSubFuncao>
    <emp:codigoPrograma>0001</emp:codigoPrograma>
    <emp:codigoAcao>2001</emp:codigoAcao>
    <emp:codigoCateEconomica>3</emp:codigoCateEconomica>
    <emp:codigoNatuDespesa>3</emp:codigoNatuDespesa>
    <emp:codigoModaAplicacao>90</emp:codigoModaAplicacao>
    <emp:codigoElemDespesa>30</emp:codigoElemDespesa>
    <emp:fonteRecurso>
      <gen:ioc>1</gen:ioc>
      <gen:tipoFontRecurso>001</gen:tipoFontRecurso>
      <gen:anoIngrFontRecurso>9999</gen:anoIngrFontRecurso>
    </emp:fonteRecurso>
    <emp:codigoSubeDespesa>3016</emp:codigoSubeDespesa>
    <emp:anoEmisEmpenho>2020</emp:anoEmisEmpenho>
    <emp:numeroEmpenho>1001001</emp:numeroEmpenho>
    <emp:dataEmisEmpenho>2020-10-01</emp:dataEmisEmpenho>
    <emp:tipoModaLicitacao>9</emp:tipoModaLicitacao>
    <emp:naProcLicitatorio>
      <gen:numero>000000</gen:numero>
      <gen:ano>0000</gen:ano>
    </emp:naProcLicitatorio>
    <emp:historicoEmpenho>VALOR EMPENHADO PARA PAGEMNTO DE DESPESAS COM MATERIAL DE CONSUMO DESTINADO A CAMARA DE AVELINO LOPES-PI.</emp:historicoEmpenho>
    <emp:cpfOrdeDespesa>78118425304</emp:cpfOrdeDespesa>
    <emp:cpfCnpjCredor>06882414000178</emp:cpfCnpjCredor>
    <emp:codigoAplicacao>100</emp:codigoAplicacao>
    <emp:tipoEmpenho>1</emp:tipoEmpenho>
    <emp:valorEmpenho>0000000003000.00</emp:valorEmpenho>
    <emp:numeroContTce></emp:numeroContTce>
  </emp:Empenho>
  <emp:Empenho>
    <emp:codigoUnidOrcamentaria>010100</emp:codigoUnidOrcamentaria>
    <emp:codigoFuncao>1</emp:codigoFuncao>
    <emp:codigoSubFuncao>31</emp:codigoSubFuncao>
    <emp:codigoPrograma>0001</emp:codigoPrograma>
    <emp:codigoAcao>2001</emp:codigoAcao>
    <emp:codigoCateEconomica>3</emp:codigoCateEconomica>
    <emp:codigoNatuDespesa>3</emp:codigoNatuDespesa>
    <emp:codigoModaAplicacao>90</emp:codigoModaAplicacao>
    <emp:codigoElemDespesa>36</emp:codigoElemDespesa>
    <emp:fonteRecurso>
      <gen:ioc>1</gen:ioc>
      <gen:tipoFontRecurso>001</gen:tipoFontRecurso>
      <gen:anoIngrFontRecurso>9999</gen:anoIngrFontRecurso>
    </emp:fonteRecurso>
    <emp:codigoSubeDespesa>3606</emp:codigoSubeDespesa>
    <emp:anoEmisEmpenho>2020</emp:anoEmisEmpenho>
    <emp:numeroEmpenho>1001002</emp:numeroEmpenho>
    <emp:dataEmisEmpenho>2020-10-01</emp:dataEmisEmpenho>
    <emp:tipoModaLicitacao>9</emp:tipoModaLicitacao>
    <emp:naProcLicitatorio>
      <gen:numero>000000</gen:numero>
      <gen:ano>0000</gen:ano>
    </emp:naProcLicitatorio>
    <emp:historicoEmpenho>VALOR EMPENHADO PARA PAGAMENTO DE DESPESAPAS COM HONORARIOS JURIDICOS.</emp:historicoEmpenho>
    <emp:cpfOrdeDespesa>78118425304</emp:cpfOrdeDespesa>
    <emp:cpfCnpjCredor>26061361874</emp:cpfCnpjCredor>
    <emp:codigoAplicacao>100</emp:codigoAplicacao>
    <emp:tipoEmpenho>1</emp:tipoEmpenho>
    <emp:valorEmpenho>0000000003000.00</emp:valorEmpenho>
    <emp:numeroContTce></emp:numeroContTce>
  </emp:Empenho>
  <emp:Empenho>
    <emp:codigoUnidOrcamentaria>010100</emp:codigoUnidOrcamentaria>
    <emp:codigoFuncao>1</emp:codigoFuncao>
    <emp:codigoSubFuncao>31</emp:codigoSubFuncao>
    <emp:codigoPrograma>0001</emp:codigoPrograma>
    <emp:codigoAcao>2001</emp:codigoAcao>
    <emp:codigoCateEconomica>3</emp:codigoCateEconomica>
    <emp:codigoNatuDespesa>3</emp:codigoNatuDespesa>
    <emp:codigoModaAplicacao>90</emp:codigoModaAplicacao>
    <emp:codigoElemDespesa>14</emp:codigoElemDespesa>
    <emp:fonteRecurso>
      <gen:ioc>1</gen:ioc>
      <gen:tipoFontRecurso>001</gen:tipoFontRecurso>
      <gen:anoIngrFontRecurso>9999</gen:anoIngrFontRecurso>
    </emp:fonteRecurso>
    <emp:codigoSubeDespesa>1401</emp:codigoSubeDespesa>
    <emp:anoEmisEmpenho>2020</emp:anoEmisEmpenho>
    <emp:numeroEmpenho>1001003</emp:numeroEmpenho>
    <emp:dataEmisEmpenho>2020-10-01</emp:dataEmisEmpenho>
    <emp:tipoModaLicitacao>9</emp:tipoModaLicitacao>
    <emp:naProcLicitatorio>
      <gen:numero>000000</gen:numero>
      <gen:ano>0000</gen:ano>
    </emp:naProcLicitatorio>
    <emp:historicoEmpenho>VALOR EMPENHADO PARA PAGAMENTO DE DE DIARIA DE VIAGEM AO VEREADOR TESOUREIRO A CIDADE DE CURIMATA.</emp:historicoEmpenho>
    <emp:cpfOrdeDespesa>78118425304</emp:cpfOrdeDespesa>
    <emp:cpfCnpjCredor>18487722890</emp:cpfCnpjCredor>
    <emp:codigoAplicacao>100</emp:codigoAplicacao>
    <emp:tipoEmpenho>1</emp:tipoEmpenho>
    <emp:valorEmpenho>0000000000736.88</emp:valorEmpenho>
    <emp:numeroContTce></emp:numeroContTce>
  </emp:Empenho>
  <emp:Empenho>
    <emp:codigoUnidOrcamentaria>010100</emp:codigoUnidOrcamentaria>
    <emp:codigoFuncao>1</emp:codigoFuncao>
    <emp:codigoSubFuncao>31</emp:codigoSubFuncao>
    <emp:codigoPrograma>0001</emp:codigoPrograma>
    <emp:codigoAcao>2001</emp:codigoAcao>
    <emp:codigoCateEconomica>3</emp:codigoCateEconomica>
    <emp:codigoNatuDespesa>3</emp:codigoNatuDespesa>
    <emp:codigoModaAplicacao>90</emp:codigoModaAplicacao>
    <emp:codigoElemDespesa>39</emp:codigoElemDespesa>
    <emp:fonteRecurso>
      <gen:ioc>1</gen:ioc>
      <gen:tipoFontRecurso>001</gen:tipoFontRecurso>
      <gen:anoIngrFontRecurso>9999</gen:anoIngrFontRecurso>
    </emp:fonteRecurso>
    <emp:codigoSubeDespesa>3959</emp:codigoSubeDespesa>
    <emp:anoEmisEmpenho>2020</emp:anoEmisEmpenho>
    <emp:numeroEmpenho>1001004</emp:numeroEmpenho>
    <emp:dataEmisEmpenho>2020-10-01</emp:dataEmisEmpenho>
    <emp:tipoModaLicitacao>9</emp:tipoModaLicitacao>
    <emp:naProcLicitatorio>
      <gen:numero>000000</gen:numero>
      <gen:ano>0000</gen:ano>
    </emp:naProcLicitatorio>
    <emp:historicoEmpenho>VALOR EMPENHADO PARA PAGAMENTO DE TARIFA BANCARIA.</emp:historicoEmpenho>
    <emp:cpfOrdeDespesa>78118425304</emp:cpfOrdeDespesa>
    <emp:cpfCnpjCredor>00000000144940</emp:cpfCnpjCredor>
    <emp:codigoAplicacao>100</emp:codigoAplicacao>
    <emp:tipoEmpenho>1</emp:tipoEmpenho>
    <emp:valorEmpenho>0000000000012.68</emp:valorEmpenho>
    <emp:numeroContTce></emp:numeroContTce>
  </emp:Empenho>
  <emp:Empenho>
    <emp:codigoUnidOrcamentaria>010100</emp:codigoUnidOrcamentaria>
    <emp:codigoFuncao>1</emp:codigoFuncao>
    <emp:codigoSubFuncao>31</emp:codigoSubFuncao>
    <emp:codigoPrograma>0001</emp:codigoPrograma>
    <emp:codigoAcao>2001</emp:codigoAcao>
    <emp:codigoCateEconomica>3</emp:codigoCateEconomica>
    <emp:codigoNatuDespesa>3</emp:codigoNatuDespesa>
    <emp:codigoModaAplicacao>90</emp:codigoModaAplicacao>
    <emp:codigoElemDespesa>39</emp:codigoElemDespesa>
    <emp:fonteRecurso>
      <gen:ioc>1</gen:ioc>
      <gen:tipoFontRecurso>001</gen:tipoFontRecurso>
      <gen:anoIngrFontRecurso>9999</gen:anoIngrFontRecurso>
    </emp:fonteRecurso>
    <emp:codigoSubeDespesa>3905</emp:codigoSubeDespesa>
    <emp:anoEmisEmpenho>2020</emp:anoEmisEmpenho>
    <emp:numeroEmpenho>1002001</emp:numeroEmpenho>
    <emp:dataEmisEmpenho>2020-10-02</emp:dataEmisEmpenho>
    <emp:tipoModaLicitacao>9</emp:tipoModaLicitacao>
    <emp:naProcLicitatorio>
      <gen:numero>000000</gen:numero>
      <gen:ano>0000</gen:ano>
    </emp:naProcLicitatorio>
    <emp:historicoEmpenho>VALOR EMPENHADO PARA PAGAMENTO DE SERVICOS CONTABEIS</emp:historicoEmpenho>
    <emp:cpfOrdeDespesa>78118425304</emp:cpfOrdeDespesa>
    <emp:cpfCnpjCredor>18076890000180</emp:cpfCnpjCredor>
    <emp:codigoAplicacao>100</emp:codigoAplicacao>
    <emp:tipoEmpenho>1</emp:tipoEmpenho>
    <emp:valorEmpenho>0000000002000.00</emp:valorEmpenho>
    <emp:numeroContTce></emp:numeroContTce>
  </emp:Empenho>
  <emp:Empenho>
    <emp:codigoUnidOrcamentaria>010100</emp:codigoUnidOrcamentaria>
    <emp:codigoFuncao>1</emp:codigoFuncao>
    <emp:codigoSubFuncao>31</emp:codigoSubFuncao>
    <emp:codigoPrograma>0001</emp:codigoPrograma>
    <emp:codigoAcao>2001</emp:codigoAcao>
    <emp:codigoCateEconomica>3</emp:codigoCateEconomica>
    <emp:codigoNatuDespesa>3</emp:codigoNatuDespesa>
    <emp:codigoModaAplicacao>90</emp:codigoModaAplicacao>
    <emp:codigoElemDespesa>36</emp:codigoElemDespesa>
    <emp:fonteRecurso>
      <gen:ioc>1</gen:ioc>
      <gen:tipoFontRecurso>001</gen:tipoFontRecurso>
      <gen:anoIngrFontRecurso>9999</gen:anoIngrFontRecurso>
    </emp:fonteRecurso>
    <emp:codigoSubeDespesa>3620</emp:codigoSubeDespesa>
    <emp:anoEmisEmpenho>2020</emp:anoEmisEmpenho>
    <emp:numeroEmpenho>1005001</emp:numeroEmpenho>
    <emp:dataEmisEmpenho>2020-10-05</emp:dataEmisEmpenho>
    <emp:tipoModaLicitacao>9</emp:tipoModaLicitacao>
    <emp:naProcLicitatorio>
      <gen:numero>000000</gen:numero>
      <gen:ano>0000</gen:ano>
    </emp:naProcLicitatorio>
    <emp:historicoEmpenho>VALOR EMPENHADO PARA PAGAMENTO DE DESPESAS PELO FORNECIMENTO DE ALIMENTACAO AOS VEREADORES DE AVELINO LOPES-PI.</emp:historicoEmpenho>
    <emp:cpfOrdeDespesa>78118425304</emp:cpfOrdeDespesa>
    <emp:cpfCnpjCredor>00009817379</emp:cpfCnpjCredor>
    <emp:codigoAplicacao>100</emp:codigoAplicacao>
    <emp:tipoEmpenho>1</emp:tipoEmpenho>
    <emp:valorEmpenho>0000000000590.00</emp:valorEmpenho>
    <emp:numeroContTce></emp:numeroContTce>
  </emp:Empenho>
  <emp:Empenho>
    <emp:codigoUnidOrcamentaria>010100</emp:codigoUnidOrcamentaria>
    <emp:codigoFuncao>1</emp:codigoFuncao>
    <emp:codigoSubFuncao>31</emp:codigoSubFuncao>
    <emp:codigoPrograma>0001</emp:codigoPrograma>
    <emp:codigoAcao>2001</emp:codigoAcao>
    <emp:codigoCateEconomica>3</emp:codigoCateEconomica>
    <emp:codigoNatuDespesa>3</emp:codigoNatuDespesa>
    <emp:codigoModaAplicacao>90</emp:codigoModaAplicacao>
    <emp:codigoElemDespesa>14</emp:codigoElemDespesa>
    <emp:fonteRecurso>
      <gen:ioc>1</gen:ioc>
      <gen:tipoFontRecurso>001</gen:tipoFontRecurso>
      <gen:anoIngrFontRecurso>9999</gen:anoIngrFontRecurso>
    </emp:fonteRecurso>
    <emp:codigoSubeDespesa>1401</emp:codigoSubeDespesa>
    <emp:anoEmisEmpenho>2020</emp:anoEmisEmpenho>
    <emp:numeroEmpenho>1005002</emp:numeroEmpenho>
    <emp:dataEmisEmpenho>2020-10-05</emp:dataEmisEmpenho>
    <emp:tipoModaLicitacao>9</emp:tipoModaLicitacao>
    <emp:naProcLicitatorio>
      <gen:numero>000000</gen:numero>
      <gen:ano>0000</gen:ano>
    </emp:naProcLicitatorio>
    <emp:historicoEmpenho>VALOR EMEPNHADO PARA PAGAMENTO DE DESPESAS COM DIARIA DE VIAGEM AO VEREADOR PRESIDENTE A CIDADE DE CURIMATA.</emp:historicoEmpenho>
    <emp:cpfOrdeDespesa>78118425304</emp:cpfOrdeDespesa>
    <emp:cpfCnpjCredor>78118425304</emp:cpfCnpjCredor>
    <emp:codigoAplicacao>100</emp:codigoAplicacao>
    <emp:tipoEmpenho>1</emp:tipoEmpenho>
    <emp:valorEmpenho>0000000000836.00</emp:valorEmpenho>
    <emp:numeroContTce></emp:numeroContTce>
  </emp:Empenho>
  <emp:Empenho>
    <emp:codigoUnidOrcamentaria>010100</emp:codigoUnidOrcamentaria>
    <emp:codigoFuncao>1</emp:codigoFuncao>
    <emp:codigoSubFuncao>31</emp:codigoSubFuncao>
    <emp:codigoPrograma>0001</emp:codigoPrograma>
    <emp:codigoAcao>2001</emp:codigoAcao>
    <emp:codigoCateEconomica>3</emp:codigoCateEconomica>
    <emp:codigoNatuDespesa>3</emp:codigoNatuDespesa>
    <emp:codigoModaAplicacao>90</emp:codigoModaAplicacao>
    <emp:codigoElemDespesa>36</emp:codigoElemDespesa>
    <emp:fonteRecurso>
      <gen:ioc>1</gen:ioc>
      <gen:tipoFontRecurso>001</gen:tipoFontRecurso>
      <gen:anoIngrFontRecurso>9999</gen:anoIngrFontRecurso>
    </emp:fonteRecurso>
    <emp:codigoSubeDespesa>3606</emp:codigoSubeDespesa>
    <emp:anoEmisEmpenho>2020</emp:anoEmisEmpenho>
    <emp:numeroEmpenho>1005003</emp:numeroEmpenho>
    <emp:dataEmisEmpenho>2020-10-05</emp:dataEmisEmpenho>
    <emp:tipoModaLicitacao>9</emp:tipoModaLicitacao>
    <emp:naProcLicitatorio>
      <gen:numero>000000</gen:numero>
      <gen:ano>0000</gen:ano>
    </emp:naProcLicitatorio>
    <emp:historicoEmpenho>VALOR EMPENHADO PARA PAGAMENTO DE DESPESAS PELO FORNECIMENTO DE SINAL DE INTERNET.</emp:historicoEmpenho>
    <emp:cpfOrdeDespesa>78118425304</emp:cpfOrdeDespesa>
    <emp:cpfCnpjCredor>01453379363</emp:cpfCnpjCredor>
    <emp:codigoAplicacao>100</emp:codigoAplicacao>
    <emp:tipoEmpenho>1</emp:tipoEmpenho>
    <emp:valorEmpenho>0000000000150.00</emp:valorEmpenho>
    <emp:numeroContTce></emp:numeroContTce>
  </emp:Empenho>
  <emp:Empenho>
    <emp:codigoUnidOrcamentaria>010100</emp:codigoUnidOrcamentaria>
    <emp:codigoFuncao>1</emp:codigoFuncao>
    <emp:codigoSubFuncao>31</emp:codigoSubFuncao>
    <emp:codigoPrograma>0001</emp:codigoPrograma>
    <emp:codigoAcao>2001</emp:codigoAcao>
    <emp:codigoCateEconomica>3</emp:codigoCateEconomica>
    <emp:codigoNatuDespesa>1</emp:codigoNatuDespesa>
    <emp:codigoModaAplicacao>90</emp:codigoModaAplicacao>
    <emp:codigoElemDespesa>11</emp:codigoElemDespesa>
    <emp:fonteRecurso>
      <gen:ioc>1</gen:ioc>
      <gen:tipoFontRecurso>001</gen:tipoFontRecurso>
      <gen:anoIngrFontRecurso>9999</gen:anoIngrFontRecurso>
    </emp:fonteRecurso>
    <emp:codigoSubeDespesa>1101</emp:codigoSubeDespesa>
    <emp:anoEmisEmpenho>2020</emp:anoEmisEmpenho>
    <emp:numeroEmpenho>1020001</emp:numeroEmpenho>
    <emp:dataEmisEmpenho>2020-10-20</emp:dataEmisEmpenho>
    <emp:tipoModaLicitacao>9</emp:tipoModaLicitacao>
    <emp:naProcLicitatorio>
      <gen:numero>000000</gen:numero>
      <gen:ano>0000</gen:ano>
    </emp:naProcLicitatorio>
    <emp:historicoEmpenho>VALOR EMPENHADO PARA PAGAMENTO DE SUBSIDIOS DE VEREADORES DE AVELINO LOPES.</emp:historicoEmpenho>
    <emp:cpfOrdeDespesa>78118425304</emp:cpfOrdeDespesa>
    <emp:cpfCnpjCredor>00000000000000</emp:cpfCnpjCredor>
    <emp:codigoAplicacao>100</emp:codigoAplicacao>
    <emp:tipoEmpenho>1</emp:tipoEmpenho>
    <emp:valorEmpenho>0000000043200.00</emp:valorEmpenho>
    <emp:numeroContTce></emp:numeroContTce>
  </emp:Empenho>
  <emp:Empenho>
    <emp:codigoUnidOrcamentaria>010100</emp:codigoUnidOrcamentaria>
    <emp:codigoFuncao>1</emp:codigoFuncao>
    <emp:codigoSubFuncao>31</emp:codigoSubFuncao>
    <emp:codigoPrograma>0001</emp:codigoPrograma>
    <emp:codigoAcao>2001</emp:codigoAcao>
    <emp:codigoCateEconomica>3</emp:codigoCateEconomica>
    <emp:codigoNatuDespesa>3</emp:codigoNatuDespesa>
    <emp:codigoModaAplicacao>90</emp:codigoModaAplicacao>
    <emp:codigoElemDespesa>39</emp:codigoElemDespesa>
    <emp:fonteRecurso>
      <gen:ioc>1</gen:ioc>
      <gen:tipoFontRecurso>001</gen:tipoFontRecurso>
      <gen:anoIngrFontRecurso>9999</gen:anoIngrFontRecurso>
    </emp:fonteRecurso>
    <emp:codigoSubeDespesa>3905</emp:codigoSubeDespesa>
    <emp:anoEmisEmpenho>2020</emp:anoEmisEmpenho>
    <emp:numeroEmpenho>1020002</emp:numeroEmpenho>
    <emp:dataEmisEmpenho>2020-10-20</emp:dataEmisEmpenho>
    <emp:tipoModaLicitacao>9</emp:tipoModaLicitacao>
    <emp:naProcLicitatorio>
      <gen:numero>000000</gen:numero>
      <gen:ano>0000</gen:ano>
    </emp:naProcLicitatorio>
    <emp:historicoEmpenho>VALOR EMPENHADO PARA PAGAMENTO POR SERVICOS CONTABEIS.</emp:historicoEmpenho>
    <emp:cpfOrdeDespesa>78118425304</emp:cpfOrdeDespesa>
    <emp:cpfCnpjCredor>18076890000180</emp:cpfCnpjCredor>
    <emp:codigoAplicacao>100</emp:codigoAplicacao>
    <emp:tipoEmpenho>1</emp:tipoEmpenho>
    <emp:valorEmpenho>0000000001000.00</emp:valorEmpenho>
    <emp:numeroContTce></emp:numeroContTce>
  </emp:Empenho>
  <emp:Empenho>
    <emp:codigoUnidOrcamentaria>010100</emp:codigoUnidOrcamentaria>
    <emp:codigoFuncao>1</emp:codigoFuncao>
    <emp:codigoSubFuncao>31</emp:codigoSubFuncao>
    <emp:codigoPrograma>0001</emp:codigoPrograma>
    <emp:codigoAcao>2001</emp:codigoAcao>
    <emp:codigoCateEconomica>3</emp:codigoCateEconomica>
    <emp:codigoNatuDespesa>3</emp:codigoNatuDespesa>
    <emp:codigoModaAplicacao>90</emp:codigoModaAplicacao>
    <emp:codigoElemDespesa>36</emp:codigoElemDespesa>
    <emp:fonteRecurso>
      <gen:ioc>1</gen:ioc>
      <gen:tipoFontRecurso>001</gen:tipoFontRecurso>
      <gen:anoIngrFontRecurso>9999</gen:anoIngrFontRecurso>
    </emp:fonteRecurso>
    <emp:codigoSubeDespesa>3619</emp:codigoSubeDespesa>
    <emp:anoEmisEmpenho>2020</emp:anoEmisEmpenho>
    <emp:numeroEmpenho>1020003</emp:numeroEmpenho>
    <emp:dataEmisEmpenho>2020-10-20</emp:dataEmisEmpenho>
    <emp:tipoModaLicitacao>9</emp:tipoModaLicitacao>
    <emp:naProcLicitatorio>
      <gen:numero>000000</gen:numero>
      <gen:ano>0000</gen:ano>
    </emp:naProcLicitatorio>
    <emp:historicoEmpenho>VALOR EMPENHADO PARA PAGAMENTO DE DESPESA COM VIGIA DO PREDIO SEDE DA CAMARA DE AVELINO LOPES.</emp:historicoEmpenho>
    <emp:cpfOrdeDespesa>78118425304</emp:cpfOrdeDespesa>
    <emp:cpfCnpjCredor>09083854396</emp:cpfCnpjCredor>
    <emp:codigoAplicacao>100</emp:codigoAplicacao>
    <emp:tipoEmpenho>1</emp:tipoEmpenho>
    <emp:valorEmpenho>0000000001045.00</emp:valorEmpenho>
    <emp:numeroContTce></emp:numeroContTce>
  </emp:Empenho>
  <emp:Empenho>
    <emp:codigoUnidOrcamentaria>010100</emp:codigoUnidOrcamentaria>
    <emp:codigoFuncao>1</emp:codigoFuncao>
    <emp:codigoSubFuncao>31</emp:codigoSubFuncao>
    <emp:codigoPrograma>0001</emp:codigoPrograma>
    <emp:codigoAcao>2001</emp:codigoAcao>
    <emp:codigoCateEconomica>3</emp:codigoCateEconomica>
    <emp:codigoNatuDespesa>1</emp:codigoNatuDespesa>
    <emp:codigoModaAplicacao>90</emp:codigoModaAplicacao>
    <emp:codigoElemDespesa>11</emp:codigoElemDespesa>
    <emp:fonteRecurso>
      <gen:ioc>1</gen:ioc>
      <gen:tipoFontRecurso>001</gen:tipoFontRecurso>
      <gen:anoIngrFontRecurso>9999</gen:anoIngrFontRecurso>
    </emp:fonteRecurso>
    <emp:codigoSubeDespesa>1101</emp:codigoSubeDespesa>
    <emp:anoEmisEmpenho>2020</emp:anoEmisEmpenho>
    <emp:numeroEmpenho>1020004</emp:numeroEmpenho>
    <emp:dataEmisEmpenho>2020-10-20</emp:dataEmisEmpenho>
    <emp:tipoModaLicitacao>9</emp:tipoModaLicitacao>
    <emp:naProcLicitatorio>
      <gen:numero>000000</gen:numero>
      <gen:ano>0000</gen:ano>
    </emp:naProcLicitatorio>
    <emp:historicoEmpenho>VALOR EMPENHADO PARA PAGAMENTO DE SALARIOS DOS FUNCIONARIOS DA CAMARA DE AVELINO LOPES.</emp:historicoEmpenho>
    <emp:cpfOrdeDespesa>78118425304</emp:cpfOrdeDespesa>
    <emp:cpfCnpjCredor>00000000000000</emp:cpfCnpjCredor>
    <emp:codigoAplicacao>100</emp:codigoAplicacao>
    <emp:tipoEmpenho>1</emp:tipoEmpenho>
    <emp:valorEmpenho>0000000002271.86</emp:valorEmpenho>
    <emp:numeroContTce></emp:numeroContTce>
  </emp:Empenho>
  <emp:Empenho>
    <emp:codigoUnidOrcamentaria>010100</emp:codigoUnidOrcamentaria>
    <emp:codigoFuncao>1</emp:codigoFuncao>
    <emp:codigoSubFuncao>31</emp:codigoSubFuncao>
    <emp:codigoPrograma>0001</emp:codigoPrograma>
    <emp:codigoAcao>2001</emp:codigoAcao>
    <emp:codigoCateEconomica>3</emp:codigoCateEconomica>
    <emp:codigoNatuDespesa>1</emp:codigoNatuDespesa>
    <emp:codigoModaAplicacao>90</emp:codigoModaAplicacao>
    <emp:codigoElemDespesa>13</emp:codigoElemDespesa>
    <emp:fonteRecurso>
      <gen:ioc>1</gen:ioc>
      <gen:tipoFontRecurso>001</gen:tipoFontRecurso>
      <gen:anoIngrFontRecurso>9999</gen:anoIngrFontRecurso>
    </emp:fonteRecurso>
    <emp:codigoSubeDespesa>1302</emp:codigoSubeDespesa>
    <emp:anoEmisEmpenho>2020</emp:anoEmisEmpenho>
    <emp:numeroEmpenho>1020005</emp:numeroEmpenho>
    <emp:dataEmisEmpenho>2020-10-20</emp:dataEmisEmpenho>
    <emp:tipoModaLicitacao>9</emp:tipoModaLicitacao>
    <emp:naProcLicitatorio>
      <gen:numero>000000</gen:numero>
      <gen:ano>0000</gen:ano>
    </emp:naProcLicitatorio>
    <emp:historicoEmpenho>VALOR EMPENHADO PARA PAGAMENTO DE CONTRIBUICOES PATRONAIS PREVIDENCIARIAS JUNTO AO INSS.</emp:historicoEmpenho>
    <emp:cpfOrdeDespesa>78118425304</emp:cpfOrdeDespesa>
    <emp:cpfCnpjCredor>29979036000140</emp:cpfCnpjCredor>
    <emp:codigoAplicacao>100</emp:codigoAplicacao>
    <emp:tipoEmpenho>1</emp:tipoEmpenho>
    <emp:valorEmpenho>0000000009218.85</emp:valorEmpenho>
    <emp:numeroContTce></emp:numeroContTce>
  </emp:Empenho>
  <emp:Empenho>
    <emp:codigoUnidOrcamentaria>010100</emp:codigoUnidOrcamentaria>
    <emp:codigoFuncao>1</emp:codigoFuncao>
    <emp:codigoSubFuncao>31</emp:codigoSubFuncao>
    <emp:codigoPrograma>0001</emp:codigoPrograma>
    <emp:codigoAcao>2001</emp:codigoAcao>
    <emp:codigoCateEconomica>3</emp:codigoCateEconomica>
    <emp:codigoNatuDespesa>3</emp:codigoNatuDespesa>
    <emp:codigoModaAplicacao>90</emp:codigoModaAplicacao>
    <emp:codigoElemDespesa>36</emp:codigoElemDespesa>
    <emp:fonteRecurso>
      <gen:ioc>1</gen:ioc>
      <gen:tipoFontRecurso>001</gen:tipoFontRecurso>
      <gen:anoIngrFontRecurso>9999</gen:anoIngrFontRecurso>
    </emp:fonteRecurso>
    <emp:codigoSubeDespesa>3606</emp:codigoSubeDespesa>
    <emp:anoEmisEmpenho>2020</emp:anoEmisEmpenho>
    <emp:numeroEmpenho>1020006</emp:numeroEmpenho>
    <emp:dataEmisEmpenho>2020-10-20</emp:dataEmisEmpenho>
    <emp:tipoModaLicitacao>9</emp:tipoModaLicitacao>
    <emp:naProcLicitatorio>
      <gen:numero>000000</gen:numero>
      <gen:ano>0000</gen:ano>
    </emp:naProcLicitatorio>
    <emp:historicoEmpenho>VALOR EMPENHADO PARA PAGAMENTO DA SECRETARIA DA CAMARA DE AVELINO LOPES-PI.</emp:historicoEmpenho>
    <emp:cpfOrdeDespesa>78118425304</emp:cpfOrdeDespesa>
    <emp:cpfCnpjCredor>01913624331</emp:cpfCnpjCredor>
    <emp:codigoAplicacao>100</emp:codigoAplicacao>
    <emp:tipoEmpenho>1</emp:tipoEmpenho>
    <emp:valorEmpenho>0000000001000.00</emp:valorEmpenho>
    <emp:numeroContTce></emp:numeroContTce>
  </emp:Empenho>
  <emp:Empenho>
    <emp:codigoUnidOrcamentaria>010100</emp:codigoUnidOrcamentaria>
    <emp:codigoFuncao>1</emp:codigoFuncao>
    <emp:codigoSubFuncao>31</emp:codigoSubFuncao>
    <emp:codigoPrograma>0001</emp:codigoPrograma>
    <emp:codigoAcao>2001</emp:codigoAcao>
    <emp:codigoCateEconomica>3</emp:codigoCateEconomica>
    <emp:codigoNatuDespesa>3</emp:codigoNatuDespesa>
    <emp:codigoModaAplicacao>90</emp:codigoModaAplicacao>
    <emp:codigoElemDespesa>36</emp:codigoElemDespesa>
    <emp:fonteRecurso>
      <gen:ioc>1</gen:ioc>
      <gen:tipoFontRecurso>001</gen:tipoFontRecurso>
      <gen:anoIngrFontRecurso>9999</gen:anoIngrFontRecurso>
    </emp:fonteRecurso>
    <emp:codigoSubeDespesa>3606</emp:codigoSubeDespesa>
    <emp:anoEmisEmpenho>2020</emp:anoEmisEmpenho>
    <emp:numeroEmpenho>1020007</emp:numeroEmpenho>
    <emp:dataEmisEmpenho>2020-10-20</emp:dataEmisEmpenho>
    <emp:tipoModaLicitacao>9</emp:tipoModaLicitacao>
    <emp:naProcLicitatorio>
      <gen:numero>000000</gen:numero>
      <gen:ano>0000</gen:ano>
    </emp:naProcLicitatorio>
    <emp:historicoEmpenho>VALOR EMPENHADO PARA PAGAMENTO DA SECRETARIA DA CAMARA DE AVELINO LOPES.</emp:historicoEmpenho>
    <emp:cpfOrdeDespesa>78118425304</emp:cpfOrdeDespesa>
    <emp:cpfCnpjCredor>01913624331</emp:cpfCnpjCredor>
    <emp:codigoAplicacao>100</emp:codigoAplicacao>
    <emp:tipoEmpenho>1</emp:tipoEmpenho>
    <emp:valorEmpenho>0000000000100.00</emp:valorEmpenho>
    <emp:numeroContTce></emp:numeroContTce>
  </emp:Empenho>
  <emp:Empenho>
    <emp:codigoUnidOrcamentaria>010100</emp:codigoUnidOrcamentaria>
    <emp:codigoFuncao>1</emp:codigoFuncao>
    <emp:codigoSubFuncao>31</emp:codigoSubFuncao>
    <emp:codigoPrograma>0001</emp:codigoPrograma>
    <emp:codigoAcao>2001</emp:codigoAcao>
    <emp:codigoCateEconomica>3</emp:codigoCateEconomica>
    <emp:codigoNatuDespesa>3</emp:codigoNatuDespesa>
    <emp:codigoModaAplicacao>90</emp:codigoModaAplicacao>
    <emp:codigoElemDespesa>39</emp:codigoElemDespesa>
    <emp:fonteRecurso>
      <gen:ioc>1</gen:ioc>
      <gen:tipoFontRecurso>001</gen:tipoFontRecurso>
      <gen:anoIngrFontRecurso>9999</gen:anoIngrFontRecurso>
    </emp:fonteRecurso>
    <emp:codigoSubeDespesa>3959</emp:codigoSubeDespesa>
    <emp:anoEmisEmpenho>2020</emp:anoEmisEmpenho>
    <emp:numeroEmpenho>1020008</emp:numeroEmpenho>
    <emp:dataEmisEmpenho>2020-10-20</emp:dataEmisEmpenho>
    <emp:tipoModaLicitacao>9</emp:tipoModaLicitacao>
    <emp:naProcLicitatorio>
      <gen:numero>000000</gen:numero>
      <gen:ano>0000</gen:ano>
    </emp:naProcLicitatorio>
    <emp:historicoEmpenho>VALOR EMPENHADO PARA PAGAMENTO DE TARIFAS BANCARIAS.</emp:historicoEmpenho>
    <emp:cpfOrdeDespesa>78118425304</emp:cpfOrdeDespesa>
    <emp:cpfCnpjCredor>00000000144940</emp:cpfCnpjCredor>
    <emp:codigoAplicacao>100</emp:codigoAplicacao>
    <emp:tipoEmpenho>1</emp:tipoEmpenho>
    <emp:valorEmpenho>0000000000050.02</emp:valorEmpenho>
    <emp:numeroContTce></emp:numeroContTce>
  </emp:Empenho>
  <emp:Empenho>
    <emp:codigoUnidOrcamentaria>010100</emp:codigoUnidOrcamentaria>
    <emp:codigoFuncao>1</emp:codigoFuncao>
    <emp:codigoSubFuncao>31</emp:codigoSubFuncao>
    <emp:codigoPrograma>0001</emp:codigoPrograma>
    <emp:codigoAcao>2001</emp:codigoAcao>
    <emp:codigoCateEconomica>3</emp:codigoCateEconomica>
    <emp:codigoNatuDespesa>3</emp:codigoNatuDespesa>
    <emp:codigoModaAplicacao>90</emp:codigoModaAplicacao>
    <emp:codigoElemDespesa>36</emp:codigoElemDespesa>
    <emp:fonteRecurso>
      <gen:ioc>1</gen:ioc>
      <gen:tipoFontRecurso>001</gen:tipoFontRecurso>
      <gen:anoIngrFontRecurso>9999</gen:anoIngrFontRecurso>
    </emp:fonteRecurso>
    <emp:codigoSubeDespesa>3620</emp:codigoSubeDespesa>
    <emp:anoEmisEmpenho>2020</emp:anoEmisEmpenho>
    <emp:numeroEmpenho>1020009</emp:numeroEmpenho>
    <emp:dataEmisEmpenho>2020-10-20</emp:dataEmisEmpenho>
    <emp:tipoModaLicitacao>9</emp:tipoModaLicitacao>
    <emp:naProcLicitatorio>
      <gen:numero>000000</gen:numero>
      <gen:ano>0000</gen:ano>
    </emp:naProcLicitatorio>
    <emp:historicoEmpenho>VALOR EMPENHADO PARA PAGAMENTO PELO FORNECIMENTO DE ALIMENCAO AOS VEREADORES DE AVELINO LOPES.</emp:historicoEmpenho>
    <emp:cpfOrdeDespesa>78118425304</emp:cpfOrdeDespesa>
    <emp:cpfCnpjCredor>00009817379</emp:cpfCnpjCredor>
    <emp:codigoAplicacao>100</emp:codigoAplicacao>
    <emp:tipoEmpenho>1</emp:tipoEmpenho>
    <emp:valorEmpenho>0000000000700.00</emp:valorEmpenho>
    <emp:numeroContTce></emp:numeroContTce>
  </emp:Empenho>
  <emp:Empenho>
    <emp:codigoUnidOrcamentaria>010100</emp:codigoUnidOrcamentaria>
    <emp:codigoFuncao>1</emp:codigoFuncao>
    <emp:codigoSubFuncao>31</emp:codigoSubFuncao>
    <emp:codigoPrograma>0001</emp:codigoPrograma>
    <emp:codigoAcao>2001</emp:codigoAcao>
    <emp:codigoCateEconomica>3</emp:codigoCateEconomica>
    <emp:codigoNatuDespesa>3</emp:codigoNatuDespesa>
    <emp:codigoModaAplicacao>90</emp:codigoModaAplicacao>
    <emp:codigoElemDespesa>14</emp:codigoElemDespesa>
    <emp:fonteRecurso>
      <gen:ioc>1</gen:ioc>
      <gen:tipoFontRecurso>001</gen:tipoFontRecurso>
      <gen:anoIngrFontRecurso>9999</gen:anoIngrFontRecurso>
    </emp:fonteRecurso>
    <emp:codigoSubeDespesa>1401</emp:codigoSubeDespesa>
    <emp:anoEmisEmpenho>2020</emp:anoEmisEmpenho>
    <emp:numeroEmpenho>1020010</emp:numeroEmpenho>
    <emp:dataEmisEmpenho>2020-10-20</emp:dataEmisEmpenho>
    <emp:tipoModaLicitacao>9</emp:tipoModaLicitacao>
    <emp:naProcLicitatorio>
      <gen:numero>000000</gen:numero>
      <gen:ano>0000</gen:ano>
    </emp:naProcLicitatorio>
    <emp:historicoEmpenho>VALOR EMPENHADO PARA PAGAMENTO DE DIARIAS DE VIAGEM AO VEREADOR PRESIDENTE A CIDADE DE TERESINA.</emp:historicoEmpenho>
    <emp:cpfOrdeDespesa>78118425304</emp:cpfOrdeDespesa>
    <emp:cpfCnpjCredor>78118425304</emp:cpfCnpjCredor>
    <emp:codigoAplicacao>100</emp:codigoAplicacao>
    <emp:tipoEmpenho>1</emp:tipoEmpenho>
    <emp:valorEmpenho>0000000002508.00</emp:valorEmpenho>
    <emp:numeroContTce></emp:numeroContTce>
  </emp:Empenho>
  <emp:Empenho>
    <emp:codigoUnidOrcamentaria>010100</emp:codigoUnidOrcamentaria>
    <emp:codigoFuncao>1</emp:codigoFuncao>
    <emp:codigoSubFuncao>31</emp:codigoSubFuncao>
    <emp:codigoPrograma>0001</emp:codigoPrograma>
    <emp:codigoAcao>2001</emp:codigoAcao>
    <emp:codigoCateEconomica>3</emp:codigoCateEconomica>
    <emp:codigoNatuDespesa>3</emp:codigoNatuDespesa>
    <emp:codigoModaAplicacao>90</emp:codigoModaAplicacao>
    <emp:codigoElemDespesa>36</emp:codigoElemDespesa>
    <emp:fonteRecurso>
      <gen:ioc>1</gen:ioc>
      <gen:tipoFontRecurso>001</gen:tipoFontRecurso>
      <gen:anoIngrFontRecurso>9999</gen:anoIngrFontRecurso>
    </emp:fonteRecurso>
    <emp:codigoSubeDespesa>3606</emp:codigoSubeDespesa>
    <emp:anoEmisEmpenho>2020</emp:anoEmisEmpenho>
    <emp:numeroEmpenho>1021001</emp:numeroEmpenho>
    <emp:dataEmisEmpenho>2020-10-21</emp:dataEmisEmpenho>
    <emp:tipoModaLicitacao>9</emp:tipoModaLicitacao>
    <emp:naProcLicitatorio>
      <gen:numero>000000</gen:numero>
      <gen:ano>0000</gen:ano>
    </emp:naProcLicitatorio>
    <emp:historicoEmpenho>VALOR EMPENHADO PARA PAGAMENTO DE HONORARIOS ADVOCATICIOS.</emp:historicoEmpenho>
    <emp:cpfOrdeDespesa>78118425304</emp:cpfOrdeDespesa>
    <emp:cpfCnpjCredor>26061361874</emp:cpfCnpjCredor>
    <emp:codigoAplicacao>100</emp:codigoAplicacao>
    <emp:tipoEmpenho>1</emp:tipoEmpenho>
    <emp:valorEmpenho>0000000002000.00</emp:valorEmpenho>
    <emp:numeroContTce></emp:numeroContTce>
  </emp:Empenho>
  <emp:Empenho>
    <emp:codigoUnidOrcamentaria>010100</emp:codigoUnidOrcamentaria>
    <emp:codigoFuncao>1</emp:codigoFuncao>
    <emp:codigoSubFuncao>31</emp:codigoSubFuncao>
    <emp:codigoPrograma>0001</emp:codigoPrograma>
    <emp:codigoAcao>2001</emp:codigoAcao>
    <emp:codigoCateEconomica>3</emp:codigoCateEconomica>
    <emp:codigoNatuDespesa>3</emp:codigoNatuDespesa>
    <emp:codigoModaAplicacao>90</emp:codigoModaAplicacao>
    <emp:codigoElemDespesa>36</emp:codigoElemDespesa>
    <emp:fonteRecurso>
      <gen:ioc>1</gen:ioc>
      <gen:tipoFontRecurso>001</gen:tipoFontRecurso>
      <gen:anoIngrFontRecurso>9999</gen:anoIngrFontRecurso>
    </emp:fonteRecurso>
    <emp:codigoSubeDespesa>3620</emp:codigoSubeDespesa>
    <emp:anoEmisEmpenho>2020</emp:anoEmisEmpenho>
    <emp:numeroEmpenho>1021002</emp:numeroEmpenho>
    <emp:dataEmisEmpenho>2020-10-21</emp:dataEmisEmpenho>
    <emp:tipoModaLicitacao>9</emp:tipoModaLicitacao>
    <emp:naProcLicitatorio>
      <gen:numero>000000</gen:numero>
      <gen:ano>0000</gen:ano>
    </emp:naProcLicitatorio>
    <emp:historicoEmpenho>VALOR EMPENHADO PARA PAGAMENTO PELO FORNECIMENTO DE ALIMENTACAO AOS VEREADORES DE AVELINO LOPES.</emp:historicoEmpenho>
    <emp:cpfOrdeDespesa>78118425304</emp:cpfOrdeDespesa>
    <emp:cpfCnpjCredor>00009817379</emp:cpfCnpjCredor>
    <emp:codigoAplicacao>100</emp:codigoAplicacao>
    <emp:tipoEmpenho>1</emp:tipoEmpenho>
    <emp:valorEmpenho>0000000000530.00</emp:valorEmpenho>
    <emp:numeroContTce></emp:numeroContTce>
  </emp:Empenho>
  <emp:Empenho>
    <emp:codigoUnidOrcamentaria>010100</emp:codigoUnidOrcamentaria>
    <emp:codigoFuncao>1</emp:codigoFuncao>
    <emp:codigoSubFuncao>31</emp:codigoSubFuncao>
    <emp:codigoPrograma>0001</emp:codigoPrograma>
    <emp:codigoAcao>2001</emp:codigoAcao>
    <emp:codigoCateEconomica>3</emp:codigoCateEconomica>
    <emp:codigoNatuDespesa>3</emp:codigoNatuDespesa>
    <emp:codigoModaAplicacao>90</emp:codigoModaAplicacao>
    <emp:codigoElemDespesa>14</emp:codigoElemDespesa>
    <emp:fonteRecurso>
      <gen:ioc>1</gen:ioc>
      <gen:tipoFontRecurso>001</gen:tipoFontRecurso>
      <gen:anoIngrFontRecurso>9999</gen:anoIngrFontRecurso>
    </emp:fonteRecurso>
    <emp:codigoSubeDespesa>1401</emp:codigoSubeDespesa>
    <emp:anoEmisEmpenho>2020</emp:anoEmisEmpenho>
    <emp:numeroEmpenho>1022001</emp:numeroEmpenho>
    <emp:dataEmisEmpenho>2020-10-22</emp:dataEmisEmpenho>
    <emp:tipoModaLicitacao>9</emp:tipoModaLicitacao>
    <emp:naProcLicitatorio>
      <gen:numero>000000</gen:numero>
      <gen:ano>0000</gen:ano>
    </emp:naProcLicitatorio>
    <emp:historicoEmpenho>VALOR EMPENHADO PARA PAGEMENTO DE DIARIAS DE VIAGEM.</emp:historicoEmpenho>
    <emp:cpfOrdeDespesa>78118425304</emp:cpfOrdeDespesa>
    <emp:cpfCnpjCredor>71501967304</emp:cpfCnpjCredor>
    <emp:codigoAplicacao>100</emp:codigoAplicacao>
    <emp:tipoEmpenho>1</emp:tipoEmpenho>
    <emp:valorEmpenho>0000000001463.00</emp:valorEmpenho>
    <emp:numeroContTce></emp:numeroContTce>
  </emp:Empenho>
  <emp:Empenho>
    <emp:codigoUnidOrcamentaria>010100</emp:codigoUnidOrcamentaria>
    <emp:codigoFuncao>1</emp:codigoFuncao>
    <emp:codigoSubFuncao>31</emp:codigoSubFuncao>
    <emp:codigoPrograma>0001</emp:codigoPrograma>
    <emp:codigoAcao>2001</emp:codigoAcao>
    <emp:codigoCateEconomica>3</emp:codigoCateEconomica>
    <emp:codigoNatuDespesa>3</emp:codigoNatuDespesa>
    <emp:codigoModaAplicacao>90</emp:codigoModaAplicacao>
    <emp:codigoElemDespesa>30</emp:codigoElemDespesa>
    <emp:fonteRecurso>
      <gen:ioc>1</gen:ioc>
      <gen:tipoFontRecurso>001</gen:tipoFontRecurso>
      <gen:anoIngrFontRecurso>9999</gen:anoIngrFontRecurso>
    </emp:fonteRecurso>
    <emp:codigoSubeDespesa>3016</emp:codigoSubeDespesa>
    <emp:anoEmisEmpenho>2020</emp:anoEmisEmpenho>
    <emp:numeroEmpenho>1030001</emp:numeroEmpenho>
    <emp:dataEmisEmpenho>2020-10-30</emp:dataEmisEmpenho>
    <emp:tipoModaLicitacao>9</emp:tipoModaLicitacao>
    <emp:naProcLicitatorio>
      <gen:numero>000000</gen:numero>
      <gen:ano>0000</gen:ano>
    </emp:naProcLicitatorio>
    <emp:historicoEmpenho>VALOR EMPENHADO PARA PAGAMENTO DE DESPESAS COM MATERIAL DE CONSUMO PARA A CAMARA DE AVELINO LOPES.</emp:historicoEmpenho>
    <emp:cpfOrdeDespesa>78118425304</emp:cpfOrdeDespesa>
    <emp:cpfCnpjCredor>06882414000178</emp:cpfCnpjCredor>
    <emp:codigoAplicacao>100</emp:codigoAplicacao>
    <emp:tipoEmpenho>1</emp:tipoEmpenho>
    <emp:valorEmpenho>0000000003300.00</emp:valorEmpenho>
    <emp:numeroContTce></emp:numeroContTce>
  </emp:Empenho>
  <emp:Empenho>
    <emp:codigoUnidOrcamentaria>010100</emp:codigoUnidOrcamentaria>
    <emp:codigoFuncao>1</emp:codigoFuncao>
    <emp:codigoSubFuncao>31</emp:codigoSubFuncao>
    <emp:codigoPrograma>0001</emp:codigoPrograma>
    <emp:codigoAcao>2001</emp:codigoAcao>
    <emp:codigoCateEconomica>3</emp:codigoCateEconomica>
    <emp:codigoNatuDespesa>3</emp:codigoNatuDespesa>
    <emp:codigoModaAplicacao>90</emp:codigoModaAplicacao>
    <emp:codigoElemDespesa>36</emp:codigoElemDespesa>
    <emp:fonteRecurso>
      <gen:ioc>1</gen:ioc>
      <gen:tipoFontRecurso>001</gen:tipoFontRecurso>
      <gen:anoIngrFontRecurso>9999</gen:anoIngrFontRecurso>
    </emp:fonteRecurso>
    <emp:codigoSubeDespesa>3606</emp:codigoSubeDespesa>
    <emp:anoEmisEmpenho>2020</emp:anoEmisEmpenho>
    <emp:numeroEmpenho>1030002</emp:numeroEmpenho>
    <emp:dataEmisEmpenho>2020-10-30</emp:dataEmisEmpenho>
    <emp:tipoModaLicitacao>9</emp:tipoModaLicitacao>
    <emp:naProcLicitatorio>
      <gen:numero>000000</gen:numero>
      <gen:ano>0000</gen:ano>
    </emp:naProcLicitatorio>
    <emp:historicoEmpenho>VALOR EMPENHADO PARA PAGAMENTO DE DESPESAS COM FORNECIMENTO DE SINAL DE INTERNET.</emp:historicoEmpenho>
    <emp:cpfOrdeDespesa>78118425304</emp:cpfOrdeDespesa>
    <emp:cpfCnpjCredor>01453379363</emp:cpfCnpjCredor>
    <emp:codigoAplicacao>100</emp:codigoAplicacao>
    <emp:tipoEmpenho>1</emp:tipoEmpenho>
    <emp:valorEmpenho>0000000000150.00</emp:valorEmpenho>
    <emp:numeroContTce></emp:numeroContTce>
  </emp:Empenho>
  <emp:Retencao>
    <emp:codigoUnidOrcamentaria>010100</emp:codigoUnidOrcamentaria>
    <emp:anoEmisEmpenho>2020</emp:anoEmisEmpenho>
    <emp:numeroEmpenho>1020001</emp:numeroEmpenho>
    <emp:numeroDocuLiquidacao>0000001</emp:numeroDocuLiquidacao>
    <emp:tipoRetencao>5</emp:tipoRetencao>
    <emp:tipoOrigRetencao>2</emp:tipoOrigRetencao>
    <emp:cpfCnpjCredor>00000000144940</emp:cpfCnpjCredor>
    <emp:valorRetencao>0000000004263.61</emp:valorRetencao>
  </emp:Retencao>
  <emp:Retencao>
    <emp:codigoUnidOrcamentaria>010100</emp:codigoUnidOrcamentaria>
    <emp:anoEmisEmpenho>2020</emp:anoEmisEmpenho>
    <emp:numeroEmpenho>1020001</emp:numeroEmpenho>
    <emp:numeroDocuLiquidacao>0000001</emp:numeroDocuLiquidacao>
    <emp:tipoRetencao>2</emp:tipoRetencao>
    <emp:tipoOrigRetencao>2</emp:tipoOrigRetencao>
    <emp:cpfCnpjCredor>06554281000100</emp:cpfCnpjCredor>
    <emp:valorRetencao>0000000002919.69</emp:valorRetencao>
  </emp:Retencao>
  <emp:Retencao>
    <emp:codigoUnidOrcamentaria>010100</emp:codigoUnidOrcamentaria>
    <emp:anoEmisEmpenho>2020</emp:anoEmisEmpenho>
    <emp:numeroEmpenho>1020001</emp:numeroEmpenho>
    <emp:numeroDocuLiquidacao>0000001</emp:numeroDocuLiquidacao>
    <emp:tipoRetencao>5</emp:tipoRetencao>
    <emp:tipoOrigRetencao>2</emp:tipoOrigRetencao>
    <emp:cpfCnpjCredor>29979036000140</emp:cpfCnpjCredor>
    <emp:valorRetencao>0000000004778.37</emp:valorRetencao>
  </emp:Retencao>
  <emp:Retencao>
    <emp:codigoUnidOrcamentaria>010100</emp:codigoUnidOrcamentaria>
    <emp:anoEmisEmpenho>2020</emp:anoEmisEmpenho>
    <emp:numeroEmpenho>1020004</emp:numeroEmpenho>
    <emp:numeroDocuLiquidacao>0000001</emp:numeroDocuLiquidacao>
    <emp:tipoRetencao>5</emp:tipoRetencao>
    <emp:tipoOrigRetencao>2</emp:tipoOrigRetencao>
    <emp:cpfCnpjCredor>29979036000140</emp:cpfCnpjCredor>
    <emp:valorRetencao>0000000000156.74</emp:valorRetencao>
  </emp:Retencao>
</emp:EmpenhoseRP>
