<?xml version="1.0" encoding="UTF-8"?><his:historicos xmlns:his="http://www.tce.pi.gov.br/sagres2020/xml/historicos" xmlns:gen="http://www.tce.pi.gov.br/sagres2020/xml/genericos" xmlns:tab="http://www.tce.pi.gov.br/sagres2020/xml/tabelasInternas" xmlns:aux="http://www.tce.pi.gov.br/sagres2020/xml/cadastrosAuxiliaresSagresFolha">
  <his:PrestacaoContas>
    <aux:codigoUnidGestora>201017</aux:codigoUnidGestora>
    <aux:nomeUnidGestora>PREFEITURA MUNICIPAL DE AVELINO LOPES</aux:nomeUnidGestora>
    <aux:cpfContador>72674350334</aux:cpfContador>
    <aux:cpfGestor>64378985853</aux:cpfGestor>
    <aux:anoReferencia>2020</aux:anoReferencia>
    <aux:mesReferencia>12</aux:mesReferencia>
    <aux:versaoXml>19</aux:versaoXml>
    <aux:diaInicPresContas>01</aux:diaInicPresContas>
    <aux:diaFinaPresContas>31</aux:diaFinaPresContas>
  </his:PrestacaoContas>
    <his:HistoricoPessoal>
       <his:matricula>000000000001528</his:matricula>
       <his:cpfServidor>74701851353</his:cpfServidor>
       <his:tipoEscolaridade>4</his:tipoEscolaridade>
       <his:dataAlteracao>2020-12-30</his:dataAlteracao>
       <his:endereco>
           <gen:logradouro>AVENIDA BOM JESUS</gen:logradouro>
           <gen:numero>0</gen:numero>
           <gen:complemento>SN        </gen:complemento>
           <gen:bairro>CENTRO                                  </gen:bairro>
           <gen:numeroCep>64965000</gen:numeroCep>
           <gen:municipio>AVELINO LOPES</gen:municipio>
           <gen:estado>PI</gen:estado>
           <gen:telefoneFixo>          </gen:telefoneFixo>
           <gen:telefoneCelular>          </gen:telefoneCelular>
       </his:endereco>
       <his:dadosBancarios>
           <gen:codigoBanco>001</gen:codigoBanco>
           <gen:codigoAgencia>012092</gen:codigoAgencia>
           <gen:numeroContBancaria>000000000068349</gen:numeroContBancaria>
       </his:dadosBancarios>
    </his:HistoricoPessoal>
  <his:HistoricoFuncional>
       <his:matricula>000000000001528</his:matricula>
    <his:cpfServidor>74701851353</his:cpfServidor>
    <his:tipoAtoPessoal>1002</his:tipoAtoPessoal>
    <his:dataMoviFuncional>2020-12-01</his:dataMoviFuncional>
    <his:informacoesAlteradas>
      <gen:atoTipo01>
        <gen:codigoCargo>60000002</gen:codigoCargo>
        <gen:codigoLotacao>000000000010008</gen:codigoLotacao>
        <gen:tipoRegiPrevidencia>1</gen:tipoRegiPrevidencia>
        <gen:tipoRegiTrabalho>0</gen:tipoRegiTrabalho>
        <gen:tipoVinculo>9</gen:tipoVinculo>
        <gen:dataNomeacao>2020-12-01</gen:dataNomeacao>
        <gen:dataExercicio>2020-12-01</gen:dataExercicio>
        <gen:dataPosse>2020-12-01</gen:dataPosse>
        <gen:numeroEdital>
          <gen:numero>000000</gen:numero>
          <gen:ano>2020</gen:ano>
        </gen:numeroEdital>
      </gen:atoTipo01>
    </his:informacoesAlteradas>
  </his:HistoricoFuncional>
  <his:HistoricoFuncional>
    <his:matricula>000000000006028</his:matricula>
    <his:cpfServidor>30911915320</his:cpfServidor>
    <his:tipoAtoPessoal>1012</his:tipoAtoPessoal>
    <his:dataMoviFuncional>2020-12-21</his:dataMoviFuncional>
    <his:informacoesAlteradas>
      <gen:atoTipo01>
        <gen:codigoCargo>60000002</gen:codigoCargo>
        <gen:codigoLotacao>000000000060002</gen:codigoLotacao>
        <gen:tipoRegiPrevidencia>1</gen:tipoRegiPrevidencia>
        <gen:tipoRegiTrabalho>0</gen:tipoRegiTrabalho>
        <gen:tipoVinculo>9</gen:tipoVinculo>
        <gen:dataNomeacao>1999-09-01</gen:dataNomeacao>
        <gen:dataExercicio>1999-09-01</gen:dataExercicio>
        <gen:dataPosse>1999-09-01</gen:dataPosse>
        <gen:numeroEdital>
          <gen:numero>000000</gen:numero>
          <gen:ano>1999</gen:ano>
        </gen:numeroEdital>
      </gen:atoTipo01>
    </his:informacoesAlteradas>
  </his:HistoricoFuncional>
  <his:HistoricoFuncional>
    <his:matricula>000000000006081</his:matricula>
    <his:cpfServidor>82414270349</his:cpfServidor>
    <his:tipoAtoPessoal>1012</his:tipoAtoPessoal>
    <his:dataMoviFuncional>2020-12-01</his:dataMoviFuncional>
    <his:informacoesAlteradas>
      <gen:atoTipo01>
        <gen:codigoCargo>60000002</gen:codigoCargo>
        <gen:codigoLotacao>000000000060003</gen:codigoLotacao>
        <gen:tipoRegiPrevidencia>1</gen:tipoRegiPrevidencia>
        <gen:tipoRegiTrabalho>0</gen:tipoRegiTrabalho>
        <gen:tipoVinculo>9</gen:tipoVinculo>
        <gen:dataNomeacao>1997-08-01</gen:dataNomeacao>
        <gen:dataExercicio>1997-08-01</gen:dataExercicio>
        <gen:dataPosse>1997-08-01</gen:dataPosse>
        <gen:numeroEdital>
          <gen:numero>000000</gen:numero>
          <gen:ano>1997</gen:ano>
        </gen:numeroEdital>
      </gen:atoTipo01>
    </his:informacoesAlteradas>
  </his:HistoricoFuncional>
  <his:HistoricoFuncional>
    <his:matricula>000000000006323</his:matricula>
    <his:cpfServidor>02907139355</his:cpfServidor>
    <his:tipoAtoPessoal>1010</his:tipoAtoPessoal>
    <his:dataMoviFuncional>2020-12-01</his:dataMoviFuncional>
    <his:informacoesAlteradas>
      <gen:atoTipo01>
        <gen:codigoCargo>20000014</gen:codigoCargo>
        <gen:codigoLotacao>000000000070100</gen:codigoLotacao>
        <gen:tipoRegiPrevidencia>1</gen:tipoRegiPrevidencia>
        <gen:tipoRegiTrabalho>0</gen:tipoRegiTrabalho>
        <gen:tipoVinculo>9</gen:tipoVinculo>
        <gen:dataNomeacao>2012-03-05</gen:dataNomeacao>
        <gen:dataExercicio>2012-03-05</gen:dataExercicio>
        <gen:dataPosse>2012-03-05</gen:dataPosse>
        <gen:numeroEdital>
          <gen:numero>000000</gen:numero>
          <gen:ano>2012</gen:ano>
        </gen:numeroEdital>
      </gen:atoTipo01>
    </his:informacoesAlteradas>
  </his:HistoricoFuncional>
</his:historicos>