<?xml version="1.0" encoding="utf-8"?>
<!--FIORILLI SOC. CIVIL LTDA - SOFTWARE-->
<!--ENVIADO POR: MARCELO-->
<!--VERSAO TCE-PI: 8.21.25.29-->
<!--VERSAO DIARIO RAZAO: 8.21.25.1673-->
<!--VERSAO EVENTOS: 1804-->
<aux:CadastrosAuxiliares xmlns:aux="http://www.tce.pi.gov.br/sagres2019/xml/cadastrosAuxiliares" xmlns:gen="http://www.tce.pi.gov.br/sagres2019/xml/genericos" xmlns:tab="http://www.tce.pi.gov.br/sagres2019/xml/tabelasInternas">
  <aux:PrestacaoContas>
    <aux:codigoUnidGestora>101017</aux:codigoUnidGestora>
    <aux:nomeUnidGestora>CAMARA MUNICIPAL DE AVELINO LOPES</aux:nomeUnidGestora>
    <aux:cpfContador>30912067349</aux:cpfContador>
    <aux:cpfGestor>78118425304</aux:cpfGestor>
    <aux:anoReferencia>2019</aux:anoReferencia>
    <aux:mesReferencia>02</aux:mesReferencia>
    <aux:versaoXml>0</aux:versaoXml>
    <aux:diaInicPresContas>01</aux:diaInicPresContas>
    <aux:diaFinaPresContas>28</aux:diaFinaPresContas>
  </aux:PrestacaoContas>
  <aux:ConciliacaoBancaria>
    <aux:codigoBanco>000</aux:codigoBanco>
    <aux:codigoAgencia>000000</aux:codigoAgencia>
    <aux:numeroContBancaria>000000000000</aux:numeroContBancaria>
    <aux:tipoContBancaria>0</aux:tipoContBancaria>
    <aux:numeroSequencial>00000600</aux:numeroSequencial>
    <aux:tipoConcBancaria>1</aux:tipoConcBancaria>
    <aux:descricaoSobrValoConciliado>SALDO EM 28 02 2019 CONFORME EXTRATO BANCARIO COMP</aux:descricaoSobrValoConciliado>
    <aux:dataFatoConciliado>2019-02-28</aux:dataFatoConciliado>
    <aux:numeroChequeDocumento>000000</aux:numeroChequeDocumento>
    <aux:numeroDocDebiAutomatico>00000000000</aux:numeroDocDebiAutomatico>
    <aux:valorConciliado>0000000000000.00</aux:valorConciliado>
  </aux:ConciliacaoBancaria>
  <aux:ConciliacaoBancaria>
    <aux:codigoBanco>104</aux:codigoBanco>
    <aux:codigoAgencia>001209</aux:codigoAgencia>
    <aux:numeroContBancaria>000000001111</aux:numeroContBancaria>
    <aux:tipoContBancaria>1</aux:tipoContBancaria>
    <aux:numeroSequencial>00000601</aux:numeroSequencial>
    <aux:tipoConcBancaria>1</aux:tipoConcBancaria>
    <aux:descricaoSobrValoConciliado>SALDO EM 28 02 2019 CONFORME EXTRATO BANCARIO COMP</aux:descricaoSobrValoConciliado>
    <aux:dataFatoConciliado>2019-02-28</aux:dataFatoConciliado>
    <aux:numeroChequeDocumento>000000</aux:numeroChequeDocumento>
    <aux:numeroDocDebiAutomatico>00000000000</aux:numeroDocDebiAutomatico>
    <aux:valorConciliado>0000000000000.00</aux:valorConciliado>
  </aux:ConciliacaoBancaria>
  <aux:ConciliacaoBancaria>
    <aux:codigoBanco>001</aux:codigoBanco>
    <aux:codigoAgencia>001209</aux:codigoAgencia>
    <aux:numeroContBancaria>000000020532</aux:numeroContBancaria>
    <aux:tipoContBancaria>1</aux:tipoContBancaria>
    <aux:numeroSequencial>00000602</aux:numeroSequencial>
    <aux:tipoConcBancaria>1</aux:tipoConcBancaria>
    <aux:descricaoSobrValoConciliado>SALDO EM 28 02 2019 CONFORME EXTRATO BANCARIO COMP</aux:descricaoSobrValoConciliado>
    <aux:dataFatoConciliado>2019-02-28</aux:dataFatoConciliado>
    <aux:numeroChequeDocumento>000000</aux:numeroChequeDocumento>
    <aux:numeroDocDebiAutomatico>00000000000</aux:numeroDocDebiAutomatico>
    <aux:valorConciliado>0000000000000.00</aux:valorConciliado>
  </aux:ConciliacaoBancaria>
  <aux:ConciliacaoBancaria>
    <aux:codigoBanco>001</aux:codigoBanco>
    <aux:codigoAgencia>001209</aux:codigoAgencia>
    <aux:numeroContBancaria>00000020532L</aux:numeroContBancaria>
    <aux:tipoContBancaria>2</aux:tipoContBancaria>
    <aux:numeroSequencial>00000603</aux:numeroSequencial>
    <aux:tipoConcBancaria>1</aux:tipoConcBancaria>
    <aux:descricaoSobrValoConciliado>SALDO EM 28 02 2019 CONFORME EXTRATO BANCARIO COMP</aux:descricaoSobrValoConciliado>
    <aux:dataFatoConciliado>2019-02-28</aux:dataFatoConciliado>
    <aux:numeroChequeDocumento>000000</aux:numeroChequeDocumento>
    <aux:numeroDocDebiAutomatico>00000000000</aux:numeroDocDebiAutomatico>
    <aux:valorConciliado>0000000000000.00</aux:valorConciliado>
  </aux:ConciliacaoBancaria>
  <aux:ConciliacaoBancaria>
    <aux:codigoBanco>036</aux:codigoBanco>
    <aux:codigoAgencia>001209</aux:codigoAgencia>
    <aux:numeroContBancaria>000000002121</aux:numeroContBancaria>
    <aux:tipoContBancaria>1</aux:tipoContBancaria>
    <aux:numeroSequencial>00000604</aux:numeroSequencial>
    <aux:tipoConcBancaria>1</aux:tipoConcBancaria>
    <aux:descricaoSobrValoConciliado>SALDO EM 28 02 2019 CONFORME EXTRATO BANCARIO COMP</aux:descricaoSobrValoConciliado>
    <aux:dataFatoConciliado>2019-02-28</aux:dataFatoConciliado>
    <aux:numeroChequeDocumento>000000</aux:numeroChequeDocumento>
    <aux:numeroDocDebiAutomatico>00000000000</aux:numeroDocDebiAutomatico>
    <aux:valorConciliado>0000000000000.00</aux:valorConciliado>
  </aux:ConciliacaoBancaria>
  <aux:Fornecedor>
    <aux:cpfCnpjCredor>01913624331</aux:cpfCnpjCredor>
    <aux:nomeDenoOuRazaJuridica>IEDA VIEIRA DE ARAUJO GAMA</aux:nomeDenoOuRazaJuridica>
    <aux:endereco>
      <gen:logradouro>RUA NOE DOS SANTOS</gen:logradouro>
      <gen:numero>0</gen:numero>
      <gen:complemento>SEM COMPLEMENTO</gen:complemento>
      <gen:bairro>CENTRO</gen:bairro>
      <gen:numeroCep>64965000</gen:numeroCep>
      <gen:municipio>AVELINO LOPES</gen:municipio>
      <gen:estado>PI</gen:estado>
      <gen:telefoneFixo>NAO INFORMADO</gen:telefoneFixo>
      <gen:telefoneCelular>NAO INFORMADO</gen:telefoneCelular>
    </aux:endereco>
    <aux:tipoCredor>1</aux:tipoCredor>
  </aux:Fornecedor>
  <aux:Fornecedor>
    <aux:cpfCnpjCredor>06882414000178</aux:cpfCnpjCredor>
    <aux:nomeDenoOuRazaJuridica>ELVENI RODRIGUES DE SOUSA ME</aux:nomeDenoOuRazaJuridica>
    <aux:endereco>
      <gen:logradouro>RUA DA GLORIA</gen:logradouro>
      <gen:numero>297</gen:numero>
      <gen:complemento>SEM COMPLEMENTO</gen:complemento>
      <gen:bairro>CENTRO</gen:bairro>
      <gen:numeroCep>64965000</gen:numeroCep>
      <gen:municipio>AVELINO LOPES</gen:municipio>
      <gen:estado>PI</gen:estado>
      <gen:telefoneFixo>NAO INFORMADO</gen:telefoneFixo>
      <gen:telefoneCelular>NAO INFORMADO</gen:telefoneCelular>
    </aux:endereco>
    <aux:tipoCredor>2</aux:tipoCredor>
  </aux:Fornecedor>
  <aux:Fornecedor>
    <aux:cpfCnpjCredor>09083854396</aux:cpfCnpjCredor>
    <aux:nomeDenoOuRazaJuridica>KAIO HENRIQUE MOREIRA GAMA</aux:nomeDenoOuRazaJuridica>
    <aux:endereco>
      <gen:logradouro>RUA DA ALEGRIA</gen:logradouro>
      <gen:numero>110</gen:numero>
      <gen:complemento>SEM COMPLEMENTO</gen:complemento>
      <gen:bairro>CENTRO</gen:bairro>
      <gen:numeroCep>64965000</gen:numeroCep>
      <gen:municipio>AVELINO LOPES</gen:municipio>
      <gen:estado>PI</gen:estado>
      <gen:telefoneFixo>NAO INFORMADO</gen:telefoneFixo>
      <gen:telefoneCelular>NAO INFORMADO</gen:telefoneCelular>
    </aux:endereco>
    <aux:tipoCredor>1</aux:tipoCredor>
  </aux:Fornecedor>
  <aux:Fornecedor>
    <aux:cpfCnpjCredor>24123769000165</aux:cpfCnpjCredor>
    <aux:nomeDenoOuRazaJuridica>SIDNEIA ANGELINO LOPES ME</aux:nomeDenoOuRazaJuridica>
    <aux:endereco>
      <gen:logradouro>AV SERGIO GAMA</gen:logradouro>
      <gen:numero>145</gen:numero>
      <gen:complemento>SEM COMPLEMENTO</gen:complemento>
      <gen:bairro>CENTRO</gen:bairro>
      <gen:numeroCep>64965000</gen:numeroCep>
      <gen:municipio>AVELINO LOPES</gen:municipio>
      <gen:estado>PI</gen:estado>
      <gen:telefoneFixo>NAO INFORMADO</gen:telefoneFixo>
      <gen:telefoneCelular>NAO INFORMADO</gen:telefoneCelular>
    </aux:endereco>
    <aux:tipoCredor>2</aux:tipoCredor>
  </aux:Fornecedor>
  <aux:AgentePolitico>
    <aux:cpfAgenPolitico>78118425304</aux:cpfAgenPolitico>
    <aux:numeroRgAgenPolitico>00001612006</aux:numeroRgAgenPolitico>
    <aux:orgaoExpedidor>SSP SP</aux:orgaoExpedidor>
    <aux:nome>THELIS PEREIRA DOS SANTOS</aux:nome>
    <aux:email>CAMARADEAVELINO@GMAIL.COM</aux:email>
    <aux:tipoAgenPolitico>4</aux:tipoAgenPolitico>
  </aux:AgentePolitico>
  <aux:Ordenador>
    <aux:cpfAgenPolitico>00363746366</aux:cpfAgenPolitico>
    <aux:codigoUnidOrcamentaria>010100</aux:codigoUnidOrcamentaria>
    <aux:numeroAtoQueNomeOrdenador>
      <gen:numero>000001</gen:numero>
      <gen:ano>2019</gen:ano>
    </aux:numeroAtoQueNomeOrdenador>
    <aux:dataInicOuFimVigencia>2019-02-01</aux:dataInicOuFimVigencia>
    <aux:tipoDataVigencia>2</aux:tipoDataVigencia>
  </aux:Ordenador>
  <aux:Ordenador>
    <aux:cpfAgenPolitico>78118425304</aux:cpfAgenPolitico>
    <aux:codigoUnidOrcamentaria>010100</aux:codigoUnidOrcamentaria>
    <aux:numeroAtoQueNomeOrdenador>
      <gen:numero>000001</gen:numero>
      <gen:ano>2019</gen:ano>
    </aux:numeroAtoQueNomeOrdenador>
    <aux:dataInicOuFimVigencia>2019-02-02</aux:dataInicOuFimVigencia>
    <aux:tipoDataVigencia>1</aux:tipoDataVigencia>
  </aux:Ordenador>
  <aux:Gestor>
    <aux:cpfAgenPolitico>00363746366</aux:cpfAgenPolitico>
    <aux:codigoUnidOrcamentaria>010100</aux:codigoUnidOrcamentaria>
    <aux:numeroAtoQueNomeGestor>
      <gen:numero>000001</gen:numero>
      <gen:ano>2019</gen:ano>
    </aux:numeroAtoQueNomeGestor>
    <aux:tipoDataVigencia>2</aux:tipoDataVigencia>
    <aux:dataInicOuFimVigencia>2019-02-01</aux:dataInicOuFimVigencia>
  </aux:Gestor>
  <aux:Gestor>
    <aux:cpfAgenPolitico>78118425304</aux:cpfAgenPolitico>
    <aux:codigoUnidOrcamentaria>010100</aux:codigoUnidOrcamentaria>
    <aux:numeroAtoQueNomeGestor>
      <gen:numero>000001</gen:numero>
      <gen:ano>2019</gen:ano>
    </aux:numeroAtoQueNomeGestor>
    <aux:tipoDataVigencia>1</aux:tipoDataVigencia>
    <aux:dataInicOuFimVigencia>2019-02-02</aux:dataInicOuFimVigencia>
  </aux:Gestor>
</aux:CadastrosAuxiliares>
