<?xml version="1.0" encoding="utf-8"?>
<!--FIORILLI SOC. CIVIL LTDA - SOFTWARE-->
<!--ENVIADO POR: MARCELO-->
<!--VERSAO TCE-PI: 8.21.25.29-->
<!--VERSAO DIARIO RAZAO: 8.21.25.1673-->
<!--VERSAO EVENTOS: 1804-->
<emp:EmpenhoseRP xmlns:emp="http://www.tce.pi.gov.br/sagres2019/xml/empenhoseRP" xmlns:gen="http://www.tce.pi.gov.br/sagres2019/xml/genericos" xmlns:tab="http://www.tce.pi.gov.br/sagres2019/xml/tabelasInternas" xmlns:aux="http://www.tce.pi.gov.br/sagres2019/xml/cadastrosAuxiliares">
  <emp:PrestacaoContas>
    <aux:codigoUnidGestora>101017</aux:codigoUnidGestora>
    <aux:nomeUnidGestora>CAMARA MUNICIPAL DE AVELINO LOPES</aux:nomeUnidGestora>
    <aux:cpfContador>30912067349</aux:cpfContador>
    <aux:cpfGestor>78118425304</aux:cpfGestor>
    <aux:anoReferencia>2019</aux:anoReferencia>
    <aux:mesReferencia>02</aux:mesReferencia>
    <aux:versaoXml>0</aux:versaoXml>
    <aux:diaInicPresContas>01</aux:diaInicPresContas>
    <aux:diaFinaPresContas>28</aux:diaFinaPresContas>
  </emp:PrestacaoContas>
  <emp:Empenho>
    <emp:codigoUnidOrcamentaria>010100</emp:codigoUnidOrcamentaria>
    <emp:codigoFuncao>1</emp:codigoFuncao>
    <emp:codigoSubFuncao>31</emp:codigoSubFuncao>
    <emp:codigoPrograma>0001</emp:codigoPrograma>
    <emp:codigoAcao>2001</emp:codigoAcao>
    <emp:codigoCateEconomica>3</emp:codigoCateEconomica>
    <emp:codigoNatuDespesa>3</emp:codigoNatuDespesa>
    <emp:codigoModaAplicacao>90</emp:codigoModaAplicacao>
    <emp:codigoElemDespesa>39</emp:codigoElemDespesa>
    <emp:fonteRecurso>
      <gen:ioc>1</gen:ioc>
      <gen:tipoFontRecurso>001</gen:tipoFontRecurso>
      <gen:anoIngrFontRecurso>0000</gen:anoIngrFontRecurso>
    </emp:fonteRecurso>
    <emp:codigoSubeDespesa>3968</emp:codigoSubeDespesa>
    <emp:anoEmisEmpenho>2019</emp:anoEmisEmpenho>
    <emp:numeroEmpenho>0201001</emp:numeroEmpenho>
    <emp:dataEmisEmpenho>2019-02-01</emp:dataEmisEmpenho>
    <emp:tipoModaLicitacao>9</emp:tipoModaLicitacao>
    <emp:naProcLicitatorio>
      <gen:numero>000000</gen:numero>
      <gen:ano>0000</gen:ano>
    </emp:naProcLicitatorio>
    <emp:historicoEmpenho>VALOR EMPENHADO PARA PAGAMENTO DE DESPESAS COM PUBLICACOES NO DIARIO OFICIAL DOS MUNICIPIOS DO PIAUI.</emp:historicoEmpenho>
    <emp:cpfOrdeDespesa>00363746366</emp:cpfOrdeDespesa>
    <emp:cpfCnpjCredor>07989781000138</emp:cpfCnpjCredor>
    <emp:codigoAplicacao>100</emp:codigoAplicacao>
    <emp:tipoEmpenho>1</emp:tipoEmpenho>
    <emp:valorEmpenho>0000000000998.00</emp:valorEmpenho>
  </emp:Empenho>
  <emp:Empenho>
    <emp:codigoUnidOrcamentaria>010100</emp:codigoUnidOrcamentaria>
    <emp:codigoFuncao>1</emp:codigoFuncao>
    <emp:codigoSubFuncao>31</emp:codigoSubFuncao>
    <emp:codigoPrograma>0001</emp:codigoPrograma>
    <emp:codigoAcao>2001</emp:codigoAcao>
    <emp:codigoCateEconomica>3</emp:codigoCateEconomica>
    <emp:codigoNatuDespesa>1</emp:codigoNatuDespesa>
    <emp:codigoModaAplicacao>90</emp:codigoModaAplicacao>
    <emp:codigoElemDespesa>11</emp:codigoElemDespesa>
    <emp:fonteRecurso>
      <gen:ioc>1</gen:ioc>
      <gen:tipoFontRecurso>001</gen:tipoFontRecurso>
      <gen:anoIngrFontRecurso>0000</gen:anoIngrFontRecurso>
    </emp:fonteRecurso>
    <emp:codigoSubeDespesa>1101</emp:codigoSubeDespesa>
    <emp:anoEmisEmpenho>2019</emp:anoEmisEmpenho>
    <emp:numeroEmpenho>0201002</emp:numeroEmpenho>
    <emp:dataEmisEmpenho>2019-02-01</emp:dataEmisEmpenho>
    <emp:tipoModaLicitacao>9</emp:tipoModaLicitacao>
    <emp:naProcLicitatorio>
      <gen:numero>000000</gen:numero>
      <gen:ano>0000</gen:ano>
    </emp:naProcLicitatorio>
    <emp:historicoEmpenho>VALOR QUE SE EMPENHA REFERENTE A DESPESAS COM FOLHA DE PAGAMENTO DOS FUNCIONARIOS EFETIVOS DESTA CAMARA MUNICIPAL, COMPETENCIA 02 2019.</emp:historicoEmpenho>
    <emp:cpfOrdeDespesa>00363746366</emp:cpfOrdeDespesa>
    <emp:cpfCnpjCredor>00000000000000</emp:cpfCnpjCredor>
    <emp:codigoAplicacao>100</emp:codigoAplicacao>
    <emp:tipoEmpenho>1</emp:tipoEmpenho>
    <emp:valorEmpenho>0000000002177.86</emp:valorEmpenho>
  </emp:Empenho>
  <emp:Empenho>
    <emp:codigoUnidOrcamentaria>010100</emp:codigoUnidOrcamentaria>
    <emp:codigoFuncao>1</emp:codigoFuncao>
    <emp:codigoSubFuncao>31</emp:codigoSubFuncao>
    <emp:codigoPrograma>0001</emp:codigoPrograma>
    <emp:codigoAcao>2001</emp:codigoAcao>
    <emp:codigoCateEconomica>3</emp:codigoCateEconomica>
    <emp:codigoNatuDespesa>1</emp:codigoNatuDespesa>
    <emp:codigoModaAplicacao>90</emp:codigoModaAplicacao>
    <emp:codigoElemDespesa>11</emp:codigoElemDespesa>
    <emp:fonteRecurso>
      <gen:ioc>1</gen:ioc>
      <gen:tipoFontRecurso>001</gen:tipoFontRecurso>
      <gen:anoIngrFontRecurso>0000</gen:anoIngrFontRecurso>
    </emp:fonteRecurso>
    <emp:codigoSubeDespesa>1101</emp:codigoSubeDespesa>
    <emp:anoEmisEmpenho>2019</emp:anoEmisEmpenho>
    <emp:numeroEmpenho>0201003</emp:numeroEmpenho>
    <emp:dataEmisEmpenho>2019-02-01</emp:dataEmisEmpenho>
    <emp:tipoModaLicitacao>9</emp:tipoModaLicitacao>
    <emp:naProcLicitatorio>
      <gen:numero>000000</gen:numero>
      <gen:ano>0000</gen:ano>
    </emp:naProcLicitatorio>
    <emp:historicoEmpenho>VALOR QUE SE EMPENHA PARA PAGAMENTO DE SUBSIDIOS DE VEREADORES DA CAMARA DE AVELINO LOPES, MES DE FEVEREIRO DE 2019.</emp:historicoEmpenho>
    <emp:cpfOrdeDespesa>00363746366</emp:cpfOrdeDespesa>
    <emp:cpfCnpjCredor>00000000000000</emp:cpfCnpjCredor>
    <emp:codigoAplicacao>100</emp:codigoAplicacao>
    <emp:tipoEmpenho>1</emp:tipoEmpenho>
    <emp:valorEmpenho>0000000040500.00</emp:valorEmpenho>
  </emp:Empenho>
  <emp:Empenho>
    <emp:codigoUnidOrcamentaria>010100</emp:codigoUnidOrcamentaria>
    <emp:codigoFuncao>1</emp:codigoFuncao>
    <emp:codigoSubFuncao>31</emp:codigoSubFuncao>
    <emp:codigoPrograma>0001</emp:codigoPrograma>
    <emp:codigoAcao>2001</emp:codigoAcao>
    <emp:codigoCateEconomica>3</emp:codigoCateEconomica>
    <emp:codigoNatuDespesa>3</emp:codigoNatuDespesa>
    <emp:codigoModaAplicacao>90</emp:codigoModaAplicacao>
    <emp:codigoElemDespesa>14</emp:codigoElemDespesa>
    <emp:fonteRecurso>
      <gen:ioc>1</gen:ioc>
      <gen:tipoFontRecurso>001</gen:tipoFontRecurso>
      <gen:anoIngrFontRecurso>0000</gen:anoIngrFontRecurso>
    </emp:fonteRecurso>
    <emp:codigoSubeDespesa>1401</emp:codigoSubeDespesa>
    <emp:anoEmisEmpenho>2019</emp:anoEmisEmpenho>
    <emp:numeroEmpenho>0220001</emp:numeroEmpenho>
    <emp:dataEmisEmpenho>2019-02-20</emp:dataEmisEmpenho>
    <emp:tipoModaLicitacao>9</emp:tipoModaLicitacao>
    <emp:naProcLicitatorio>
      <gen:numero>000000</gen:numero>
      <gen:ano>0000</gen:ano>
    </emp:naProcLicitatorio>
    <emp:historicoEmpenho>VALOR EMPENHADO PARA PAGAMENTO DE DESPESAS COM DIARIAS DE VIAGEM A VEREADOR SECRETARIO NA CIDADE DE CORRETEPI TRATANDO DE ASSUNTOS RELATIVOS A CAMARA DE AVELINO LOPESPI, JUNTO AO BANCO DO NORDESTE DO BRASIL.</emp:historicoEmpenho>
    <emp:cpfOrdeDespesa>78118425304</emp:cpfOrdeDespesa>
    <emp:cpfCnpjCredor>18487722890</emp:cpfCnpjCredor>
    <emp:codigoAplicacao>100</emp:codigoAplicacao>
    <emp:tipoEmpenho>1</emp:tipoEmpenho>
    <emp:valorEmpenho>0000000001397.20</emp:valorEmpenho>
  </emp:Empenho>
  <emp:Empenho>
    <emp:codigoUnidOrcamentaria>010100</emp:codigoUnidOrcamentaria>
    <emp:codigoFuncao>1</emp:codigoFuncao>
    <emp:codigoSubFuncao>31</emp:codigoSubFuncao>
    <emp:codigoPrograma>0001</emp:codigoPrograma>
    <emp:codigoAcao>2001</emp:codigoAcao>
    <emp:codigoCateEconomica>3</emp:codigoCateEconomica>
    <emp:codigoNatuDespesa>3</emp:codigoNatuDespesa>
    <emp:codigoModaAplicacao>90</emp:codigoModaAplicacao>
    <emp:codigoElemDespesa>36</emp:codigoElemDespesa>
    <emp:fonteRecurso>
      <gen:ioc>1</gen:ioc>
      <gen:tipoFontRecurso>001</gen:tipoFontRecurso>
      <gen:anoIngrFontRecurso>0000</gen:anoIngrFontRecurso>
    </emp:fonteRecurso>
    <emp:codigoSubeDespesa>3606</emp:codigoSubeDespesa>
    <emp:anoEmisEmpenho>2019</emp:anoEmisEmpenho>
    <emp:numeroEmpenho>0220003</emp:numeroEmpenho>
    <emp:dataEmisEmpenho>2019-02-20</emp:dataEmisEmpenho>
    <emp:tipoModaLicitacao>9</emp:tipoModaLicitacao>
    <emp:naProcLicitatorio>
      <gen:numero>000000</gen:numero>
      <gen:ano>0000</gen:ano>
    </emp:naProcLicitatorio>
    <emp:historicoEmpenho>VALOR EMPENHADO PARA PAGAMENTO DE DESPESAS COM MANUTENCAO DE EQUIPAMENTOS DE INFORMATICA E FORNECIMENTO DE SINAL DE INTERNET PARA CAMARA DE AVELINO LOPES PI.</emp:historicoEmpenho>
    <emp:cpfOrdeDespesa>78118425304</emp:cpfOrdeDespesa>
    <emp:cpfCnpjCredor>01453379363</emp:cpfCnpjCredor>
    <emp:codigoAplicacao>100</emp:codigoAplicacao>
    <emp:tipoEmpenho>1</emp:tipoEmpenho>
    <emp:valorEmpenho>0000000000300.00</emp:valorEmpenho>
  </emp:Empenho>
  <emp:Empenho>
    <emp:codigoUnidOrcamentaria>010100</emp:codigoUnidOrcamentaria>
    <emp:codigoFuncao>1</emp:codigoFuncao>
    <emp:codigoSubFuncao>31</emp:codigoSubFuncao>
    <emp:codigoPrograma>0001</emp:codigoPrograma>
    <emp:codigoAcao>2001</emp:codigoAcao>
    <emp:codigoCateEconomica>3</emp:codigoCateEconomica>
    <emp:codigoNatuDespesa>3</emp:codigoNatuDespesa>
    <emp:codigoModaAplicacao>90</emp:codigoModaAplicacao>
    <emp:codigoElemDespesa>36</emp:codigoElemDespesa>
    <emp:fonteRecurso>
      <gen:ioc>1</gen:ioc>
      <gen:tipoFontRecurso>001</gen:tipoFontRecurso>
      <gen:anoIngrFontRecurso>0000</gen:anoIngrFontRecurso>
    </emp:fonteRecurso>
    <emp:codigoSubeDespesa>3606</emp:codigoSubeDespesa>
    <emp:anoEmisEmpenho>2019</emp:anoEmisEmpenho>
    <emp:numeroEmpenho>0220004</emp:numeroEmpenho>
    <emp:dataEmisEmpenho>2019-02-20</emp:dataEmisEmpenho>
    <emp:tipoModaLicitacao>9</emp:tipoModaLicitacao>
    <emp:naProcLicitatorio>
      <gen:numero>000000</gen:numero>
      <gen:ano>0000</gen:ano>
    </emp:naProcLicitatorio>
    <emp:historicoEmpenho>VALOR EMPENHADO PARA PAGAMENTO DE DESPESAS COM SERVICOS PRESTADOS COMO SECRETARIA DA CAMARA DE AVELINO LOPESPI.</emp:historicoEmpenho>
    <emp:cpfOrdeDespesa>78118425304</emp:cpfOrdeDespesa>
    <emp:cpfCnpjCredor>01913624331</emp:cpfCnpjCredor>
    <emp:codigoAplicacao>100</emp:codigoAplicacao>
    <emp:tipoEmpenho>1</emp:tipoEmpenho>
    <emp:valorEmpenho>0000000001100.00</emp:valorEmpenho>
  </emp:Empenho>
  <emp:Empenho>
    <emp:codigoUnidOrcamentaria>010100</emp:codigoUnidOrcamentaria>
    <emp:codigoFuncao>1</emp:codigoFuncao>
    <emp:codigoSubFuncao>31</emp:codigoSubFuncao>
    <emp:codigoPrograma>0001</emp:codigoPrograma>
    <emp:codigoAcao>2001</emp:codigoAcao>
    <emp:codigoCateEconomica>3</emp:codigoCateEconomica>
    <emp:codigoNatuDespesa>3</emp:codigoNatuDespesa>
    <emp:codigoModaAplicacao>90</emp:codigoModaAplicacao>
    <emp:codigoElemDespesa>36</emp:codigoElemDespesa>
    <emp:fonteRecurso>
      <gen:ioc>1</gen:ioc>
      <gen:tipoFontRecurso>001</gen:tipoFontRecurso>
      <gen:anoIngrFontRecurso>0000</gen:anoIngrFontRecurso>
    </emp:fonteRecurso>
    <emp:codigoSubeDespesa>3627</emp:codigoSubeDespesa>
    <emp:anoEmisEmpenho>2019</emp:anoEmisEmpenho>
    <emp:numeroEmpenho>0220005</emp:numeroEmpenho>
    <emp:dataEmisEmpenho>2019-02-20</emp:dataEmisEmpenho>
    <emp:tipoModaLicitacao>9</emp:tipoModaLicitacao>
    <emp:naProcLicitatorio>
      <gen:numero>000000</gen:numero>
      <gen:ano>0000</gen:ano>
    </emp:naProcLicitatorio>
    <emp:historicoEmpenho>VALOR EMPENHADO PARA PAGAMENTO DE DESPESAS COM VIGIA DA CAMARA DE AVELINO LOPESPI.</emp:historicoEmpenho>
    <emp:cpfOrdeDespesa>78118425304</emp:cpfOrdeDespesa>
    <emp:cpfCnpjCredor>09083854396</emp:cpfCnpjCredor>
    <emp:codigoAplicacao>100</emp:codigoAplicacao>
    <emp:tipoEmpenho>1</emp:tipoEmpenho>
    <emp:valorEmpenho>0000000000998.00</emp:valorEmpenho>
  </emp:Empenho>
  <emp:Empenho>
    <emp:codigoUnidOrcamentaria>010100</emp:codigoUnidOrcamentaria>
    <emp:codigoFuncao>1</emp:codigoFuncao>
    <emp:codigoSubFuncao>31</emp:codigoSubFuncao>
    <emp:codigoPrograma>0001</emp:codigoPrograma>
    <emp:codigoAcao>2001</emp:codigoAcao>
    <emp:codigoCateEconomica>3</emp:codigoCateEconomica>
    <emp:codigoNatuDespesa>3</emp:codigoNatuDespesa>
    <emp:codigoModaAplicacao>90</emp:codigoModaAplicacao>
    <emp:codigoElemDespesa>14</emp:codigoElemDespesa>
    <emp:fonteRecurso>
      <gen:ioc>1</gen:ioc>
      <gen:tipoFontRecurso>001</gen:tipoFontRecurso>
      <gen:anoIngrFontRecurso>0000</gen:anoIngrFontRecurso>
    </emp:fonteRecurso>
    <emp:codigoSubeDespesa>1401</emp:codigoSubeDespesa>
    <emp:anoEmisEmpenho>2019</emp:anoEmisEmpenho>
    <emp:numeroEmpenho>0221001</emp:numeroEmpenho>
    <emp:dataEmisEmpenho>2019-02-21</emp:dataEmisEmpenho>
    <emp:tipoModaLicitacao>9</emp:tipoModaLicitacao>
    <emp:naProcLicitatorio>
      <gen:numero>000000</gen:numero>
      <gen:ano>0000</gen:ano>
    </emp:naProcLicitatorio>
    <emp:historicoEmpenho>VALOR EMPENHADO PARA PAGAMENTO DE DESPESAS COM DIARIAS DE VIAGEM A VEREADOR TESOUREIRO A CIDADE DE CURIMATAPI TRATANDO DE ASSUNTOS RELATIVOS A CAMARA DE AVELINO LOPES PI, JUNTO AO BANCO DO BRASIL.</emp:historicoEmpenho>
    <emp:cpfOrdeDespesa>78118425304</emp:cpfOrdeDespesa>
    <emp:cpfCnpjCredor>82423784368</emp:cpfCnpjCredor>
    <emp:codigoAplicacao>100</emp:codigoAplicacao>
    <emp:tipoEmpenho>1</emp:tipoEmpenho>
    <emp:valorEmpenho>0000000000698.60</emp:valorEmpenho>
  </emp:Empenho>
  <emp:Empenho>
    <emp:codigoUnidOrcamentaria>010100</emp:codigoUnidOrcamentaria>
    <emp:codigoFuncao>1</emp:codigoFuncao>
    <emp:codigoSubFuncao>31</emp:codigoSubFuncao>
    <emp:codigoPrograma>0001</emp:codigoPrograma>
    <emp:codigoAcao>2001</emp:codigoAcao>
    <emp:codigoCateEconomica>3</emp:codigoCateEconomica>
    <emp:codigoNatuDespesa>3</emp:codigoNatuDespesa>
    <emp:codigoModaAplicacao>90</emp:codigoModaAplicacao>
    <emp:codigoElemDespesa>30</emp:codigoElemDespesa>
    <emp:fonteRecurso>
      <gen:ioc>1</gen:ioc>
      <gen:tipoFontRecurso>001</gen:tipoFontRecurso>
      <gen:anoIngrFontRecurso>0000</gen:anoIngrFontRecurso>
    </emp:fonteRecurso>
    <emp:codigoSubeDespesa>3016</emp:codigoSubeDespesa>
    <emp:anoEmisEmpenho>2019</emp:anoEmisEmpenho>
    <emp:numeroEmpenho>0222001</emp:numeroEmpenho>
    <emp:dataEmisEmpenho>2019-02-22</emp:dataEmisEmpenho>
    <emp:tipoModaLicitacao>9</emp:tipoModaLicitacao>
    <emp:naProcLicitatorio>
      <gen:numero>000000</gen:numero>
      <gen:ano>0000</gen:ano>
    </emp:naProcLicitatorio>
    <emp:historicoEmpenho>VALOR EMPENHADO PARA PAGEMENTO DE DESPESAS COM AQUISICAO DE MATERIAIS DE EXPEDIENTE E LIMPEZA PARA CAMARA DE AVELINO LOPES PI</emp:historicoEmpenho>
    <emp:cpfOrdeDespesa>78118425304</emp:cpfOrdeDespesa>
    <emp:cpfCnpjCredor>06882414000178</emp:cpfCnpjCredor>
    <emp:codigoAplicacao>100</emp:codigoAplicacao>
    <emp:tipoEmpenho>1</emp:tipoEmpenho>
    <emp:valorEmpenho>0000000002621.00</emp:valorEmpenho>
  </emp:Empenho>
  <emp:Empenho>
    <emp:codigoUnidOrcamentaria>010100</emp:codigoUnidOrcamentaria>
    <emp:codigoFuncao>1</emp:codigoFuncao>
    <emp:codigoSubFuncao>31</emp:codigoSubFuncao>
    <emp:codigoPrograma>0001</emp:codigoPrograma>
    <emp:codigoAcao>2001</emp:codigoAcao>
    <emp:codigoCateEconomica>3</emp:codigoCateEconomica>
    <emp:codigoNatuDespesa>3</emp:codigoNatuDespesa>
    <emp:codigoModaAplicacao>90</emp:codigoModaAplicacao>
    <emp:codigoElemDespesa>39</emp:codigoElemDespesa>
    <emp:fonteRecurso>
      <gen:ioc>1</gen:ioc>
      <gen:tipoFontRecurso>001</gen:tipoFontRecurso>
      <gen:anoIngrFontRecurso>0000</gen:anoIngrFontRecurso>
    </emp:fonteRecurso>
    <emp:codigoSubeDespesa>3905</emp:codigoSubeDespesa>
    <emp:anoEmisEmpenho>2019</emp:anoEmisEmpenho>
    <emp:numeroEmpenho>0222002</emp:numeroEmpenho>
    <emp:dataEmisEmpenho>2019-02-22</emp:dataEmisEmpenho>
    <emp:tipoModaLicitacao>9</emp:tipoModaLicitacao>
    <emp:naProcLicitatorio>
      <gen:numero>000000</gen:numero>
      <gen:ano>0000</gen:ano>
    </emp:naProcLicitatorio>
    <emp:historicoEmpenho>VALOR EMPENHADO PARA PAGAMENTO DE DESPESAS COM ALUGUEL DE SOFTWARE DE CONTABILIDADE PUBLICA INTEGRADO NO PATRIMONIO E COMPRAS. (PARCELA 1 12).</emp:historicoEmpenho>
    <emp:cpfOrdeDespesa>78118425304</emp:cpfOrdeDespesa>
    <emp:cpfCnpjCredor>12378206000139</emp:cpfCnpjCredor>
    <emp:codigoAplicacao>100</emp:codigoAplicacao>
    <emp:tipoEmpenho>3</emp:tipoEmpenho>
    <emp:valorEmpenho>0000000005280.00</emp:valorEmpenho>
  </emp:Empenho>
  <emp:Empenho>
    <emp:codigoUnidOrcamentaria>010100</emp:codigoUnidOrcamentaria>
    <emp:codigoFuncao>1</emp:codigoFuncao>
    <emp:codigoSubFuncao>31</emp:codigoSubFuncao>
    <emp:codigoPrograma>0001</emp:codigoPrograma>
    <emp:codigoAcao>2001</emp:codigoAcao>
    <emp:codigoCateEconomica>3</emp:codigoCateEconomica>
    <emp:codigoNatuDespesa>3</emp:codigoNatuDespesa>
    <emp:codigoModaAplicacao>90</emp:codigoModaAplicacao>
    <emp:codigoElemDespesa>36</emp:codigoElemDespesa>
    <emp:fonteRecurso>
      <gen:ioc>1</gen:ioc>
      <gen:tipoFontRecurso>001</gen:tipoFontRecurso>
      <gen:anoIngrFontRecurso>0000</gen:anoIngrFontRecurso>
    </emp:fonteRecurso>
    <emp:codigoSubeDespesa>3622</emp:codigoSubeDespesa>
    <emp:anoEmisEmpenho>2019</emp:anoEmisEmpenho>
    <emp:numeroEmpenho>0224001</emp:numeroEmpenho>
    <emp:dataEmisEmpenho>2019-02-24</emp:dataEmisEmpenho>
    <emp:tipoModaLicitacao>9</emp:tipoModaLicitacao>
    <emp:naProcLicitatorio>
      <gen:numero>000000</gen:numero>
      <gen:ano>0000</gen:ano>
    </emp:naProcLicitatorio>
    <emp:historicoEmpenho>VALOR EMPENHADO PARA PAGAMENTO DE DESPESAS COM SERVICOS PRESTADOS NA LIMPEZA DA CAMARA DE AVELINO LOPES PI.</emp:historicoEmpenho>
    <emp:cpfOrdeDespesa>78118425304</emp:cpfOrdeDespesa>
    <emp:cpfCnpjCredor>07559198317</emp:cpfCnpjCredor>
    <emp:codigoAplicacao>100</emp:codigoAplicacao>
    <emp:tipoEmpenho>1</emp:tipoEmpenho>
    <emp:valorEmpenho>0000000000500.00</emp:valorEmpenho>
  </emp:Empenho>
  <emp:Empenho>
    <emp:codigoUnidOrcamentaria>010100</emp:codigoUnidOrcamentaria>
    <emp:codigoFuncao>1</emp:codigoFuncao>
    <emp:codigoSubFuncao>31</emp:codigoSubFuncao>
    <emp:codigoPrograma>0001</emp:codigoPrograma>
    <emp:codigoAcao>2001</emp:codigoAcao>
    <emp:codigoCateEconomica>3</emp:codigoCateEconomica>
    <emp:codigoNatuDespesa>3</emp:codigoNatuDespesa>
    <emp:codigoModaAplicacao>90</emp:codigoModaAplicacao>
    <emp:codigoElemDespesa>14</emp:codigoElemDespesa>
    <emp:fonteRecurso>
      <gen:ioc>1</gen:ioc>
      <gen:tipoFontRecurso>001</gen:tipoFontRecurso>
      <gen:anoIngrFontRecurso>0000</gen:anoIngrFontRecurso>
    </emp:fonteRecurso>
    <emp:codigoSubeDespesa>1401</emp:codigoSubeDespesa>
    <emp:anoEmisEmpenho>2019</emp:anoEmisEmpenho>
    <emp:numeroEmpenho>0225001</emp:numeroEmpenho>
    <emp:dataEmisEmpenho>2019-02-25</emp:dataEmisEmpenho>
    <emp:tipoModaLicitacao>9</emp:tipoModaLicitacao>
    <emp:naProcLicitatorio>
      <gen:numero>000000</gen:numero>
      <gen:ano>0000</gen:ano>
    </emp:naProcLicitatorio>
    <emp:historicoEmpenho>VALOR EMPENHADO PARA PAGAMENTO DE DESPESAS COM DIARIAS DE VIAGEM A VEREADOR PRESIDENTE A CIDADE DE CURIMATAPI TRATANDO DE ASSUNTOS RELATIVOS A CAMARA DE AVELINO LOPESPI, JUNTO AO ESCRITORIO DE CONTABILIDADE E BANCO DO BRASIL.</emp:historicoEmpenho>
    <emp:cpfOrdeDespesa>78118425304</emp:cpfOrdeDespesa>
    <emp:cpfCnpjCredor>78118425304</emp:cpfCnpjCredor>
    <emp:codigoAplicacao>100</emp:codigoAplicacao>
    <emp:tipoEmpenho>1</emp:tipoEmpenho>
    <emp:valorEmpenho>0000000001397.20</emp:valorEmpenho>
  </emp:Empenho>
  <emp:Empenho>
    <emp:codigoUnidOrcamentaria>010100</emp:codigoUnidOrcamentaria>
    <emp:codigoFuncao>1</emp:codigoFuncao>
    <emp:codigoSubFuncao>31</emp:codigoSubFuncao>
    <emp:codigoPrograma>0001</emp:codigoPrograma>
    <emp:codigoAcao>2001</emp:codigoAcao>
    <emp:codigoCateEconomica>3</emp:codigoCateEconomica>
    <emp:codigoNatuDespesa>1</emp:codigoNatuDespesa>
    <emp:codigoModaAplicacao>90</emp:codigoModaAplicacao>
    <emp:codigoElemDespesa>13</emp:codigoElemDespesa>
    <emp:fonteRecurso>
      <gen:ioc>1</gen:ioc>
      <gen:tipoFontRecurso>001</gen:tipoFontRecurso>
      <gen:anoIngrFontRecurso>0000</gen:anoIngrFontRecurso>
    </emp:fonteRecurso>
    <emp:codigoSubeDespesa>1302</emp:codigoSubeDespesa>
    <emp:anoEmisEmpenho>2019</emp:anoEmisEmpenho>
    <emp:numeroEmpenho>0226001</emp:numeroEmpenho>
    <emp:dataEmisEmpenho>2019-02-26</emp:dataEmisEmpenho>
    <emp:tipoModaLicitacao>9</emp:tipoModaLicitacao>
    <emp:naProcLicitatorio>
      <gen:numero>000000</gen:numero>
      <gen:ano>0000</gen:ano>
    </emp:naProcLicitatorio>
    <emp:historicoEmpenho>VALOR EMPENHADO PARA PAGEMENTO DE CONTRIBUICOES PATRONAIS INSS, SOBRE FOLHA DE JANEIRO 2019.</emp:historicoEmpenho>
    <emp:cpfOrdeDespesa>78118425304</emp:cpfOrdeDespesa>
    <emp:cpfCnpjCredor>29979036000140</emp:cpfCnpjCredor>
    <emp:codigoAplicacao>100</emp:codigoAplicacao>
    <emp:tipoEmpenho>1</emp:tipoEmpenho>
    <emp:valorEmpenho>0000000000322.29</emp:valorEmpenho>
  </emp:Empenho>
  <emp:Empenho>
    <emp:codigoUnidOrcamentaria>010100</emp:codigoUnidOrcamentaria>
    <emp:codigoFuncao>1</emp:codigoFuncao>
    <emp:codigoSubFuncao>31</emp:codigoSubFuncao>
    <emp:codigoPrograma>0001</emp:codigoPrograma>
    <emp:codigoAcao>2001</emp:codigoAcao>
    <emp:codigoCateEconomica>3</emp:codigoCateEconomica>
    <emp:codigoNatuDespesa>3</emp:codigoNatuDespesa>
    <emp:codigoModaAplicacao>90</emp:codigoModaAplicacao>
    <emp:codigoElemDespesa>39</emp:codigoElemDespesa>
    <emp:fonteRecurso>
      <gen:ioc>1</gen:ioc>
      <gen:tipoFontRecurso>001</gen:tipoFontRecurso>
      <gen:anoIngrFontRecurso>0000</gen:anoIngrFontRecurso>
    </emp:fonteRecurso>
    <emp:codigoSubeDespesa>3927</emp:codigoSubeDespesa>
    <emp:anoEmisEmpenho>2019</emp:anoEmisEmpenho>
    <emp:numeroEmpenho>0228001</emp:numeroEmpenho>
    <emp:dataEmisEmpenho>2019-02-28</emp:dataEmisEmpenho>
    <emp:tipoModaLicitacao>9</emp:tipoModaLicitacao>
    <emp:naProcLicitatorio>
      <gen:numero>000000</gen:numero>
      <gen:ano>0000</gen:ano>
    </emp:naProcLicitatorio>
    <emp:historicoEmpenho>VALOR EMPENHADO PARA PAGAMENTO DE DESPESAS COM FORNECIMENTO DE ALIMENTACAO A VEREADORES DE AVELINO LOPES PI.</emp:historicoEmpenho>
    <emp:cpfOrdeDespesa>78118425304</emp:cpfOrdeDespesa>
    <emp:cpfCnpjCredor>24123769000165</emp:cpfCnpjCredor>
    <emp:codigoAplicacao>100</emp:codigoAplicacao>
    <emp:tipoEmpenho>1</emp:tipoEmpenho>
    <emp:valorEmpenho>0000000000500.00</emp:valorEmpenho>
  </emp:Empenho>
  <emp:Retencao>
    <emp:codigoUnidOrcamentaria>010100</emp:codigoUnidOrcamentaria>
    <emp:anoEmisEmpenho>2019</emp:anoEmisEmpenho>
    <emp:numeroEmpenho>0131001</emp:numeroEmpenho>
    <emp:numeroDocuLiquidacao>0000001</emp:numeroDocuLiquidacao>
    <emp:tipoRetencao>5</emp:tipoRetencao>
    <emp:tipoOrigRetencao>2</emp:tipoOrigRetencao>
    <emp:cpfCnpjCredor>29979036000140</emp:cpfCnpjCredor>
    <emp:valorRetencao>0000000000126.84</emp:valorRetencao>
  </emp:Retencao>
  <emp:Retencao>
    <emp:codigoUnidOrcamentaria>010100</emp:codigoUnidOrcamentaria>
    <emp:anoEmisEmpenho>2019</emp:anoEmisEmpenho>
    <emp:numeroEmpenho>0201002</emp:numeroEmpenho>
    <emp:numeroDocuLiquidacao>0000001</emp:numeroDocuLiquidacao>
    <emp:tipoRetencao>5</emp:tipoRetencao>
    <emp:tipoOrigRetencao>2</emp:tipoOrigRetencao>
    <emp:cpfCnpjCredor>29979036000140</emp:cpfCnpjCredor>
    <emp:valorRetencao>0000000000159.68</emp:valorRetencao>
  </emp:Retencao>
  <emp:Retencao>
    <emp:codigoUnidOrcamentaria>010100</emp:codigoUnidOrcamentaria>
    <emp:anoEmisEmpenho>2019</emp:anoEmisEmpenho>
    <emp:numeroEmpenho>0201003</emp:numeroEmpenho>
    <emp:numeroDocuLiquidacao>0000001</emp:numeroDocuLiquidacao>
    <emp:tipoRetencao>5</emp:tipoRetencao>
    <emp:tipoOrigRetencao>2</emp:tipoOrigRetencao>
    <emp:cpfCnpjCredor>00000000144940</emp:cpfCnpjCredor>
    <emp:valorRetencao>0000000008907.35</emp:valorRetencao>
  </emp:Retencao>
  <emp:Retencao>
    <emp:codigoUnidOrcamentaria>010100</emp:codigoUnidOrcamentaria>
    <emp:anoEmisEmpenho>2019</emp:anoEmisEmpenho>
    <emp:numeroEmpenho>0201003</emp:numeroEmpenho>
    <emp:numeroDocuLiquidacao>0000001</emp:numeroDocuLiquidacao>
    <emp:tipoRetencao>5</emp:tipoRetencao>
    <emp:tipoOrigRetencao>2</emp:tipoOrigRetencao>
    <emp:cpfCnpjCredor>06554281000100</emp:cpfCnpjCredor>
    <emp:valorRetencao>0000000004053.76</emp:valorRetencao>
  </emp:Retencao>
  <emp:Retencao>
    <emp:codigoUnidOrcamentaria>010100</emp:codigoUnidOrcamentaria>
    <emp:anoEmisEmpenho>2019</emp:anoEmisEmpenho>
    <emp:numeroEmpenho>0201003</emp:numeroEmpenho>
    <emp:numeroDocuLiquidacao>0000001</emp:numeroDocuLiquidacao>
    <emp:tipoRetencao>5</emp:tipoRetencao>
    <emp:tipoOrigRetencao>2</emp:tipoOrigRetencao>
    <emp:cpfCnpjCredor>29979036000140</emp:cpfCnpjCredor>
    <emp:valorRetencao>0000000004455.00</emp:valorRetencao>
  </emp:Retencao>
</emp:EmpenhoseRP>
